path,artifact_family,event_id,extension,bytes,sha256
sources/README.md,README.md,,md,949,1a5eb476cb8d8636cf0648e92f5b1232141bda4a21f532c181caa6c07accf61a
sources/archived_htmls/china-pboc-crypto-ban-2021/binance-pboc-update-2021-10-24.html,archived_htmls,china-pboc-crypto-ban-2021,html,132991,eab5dfa958bc428daae595a895a464e3e015aaffa8da5b05c7e91efc9d61b74b
sources/archived_htmls/china-pboc-crypto-ban-2021/pbc-notice-20210924.html,archived_htmls,china-pboc-crypto-ban-2021,html,50055,a5c7da7da584c23c3e880f394b445cea75f0ad11aee41f79b10d2da4b2884a84
sources/asset_layer_scan/_summary.json,asset_layer_scan,,json,369504,ba33514f08fc050e16ad7c7872cb5e9e2e177c076ff01913493ed536dfd936f9
sources/asset_layer_scan/aeza-group-ofac-2025.json,asset_layer_scan,aeza-group-ofac-2025,json,882,e75c197c1aaf434662f9e18f2616294ae1b2f62977decd0332fd79bd7b2ce01d
sources/asset_layer_scan/chatex-ofac-2021.json,asset_layer_scan,chatex-ofac-2021,json,6999,5148ffe7837f1f92209648ef10b8a5c23e68dcc4f230578561ba96b2364a17a1
sources/asset_layer_scan/cryptex-ofac-2024.json,asset_layer_scan,cryptex-ofac-2024,json,877,d478847e8d2dafaddcfa91f9899cb5a80b088b19d260d35f72b728a483cd6022
sources/asset_layer_scan/dprk-usdt-network-ofac-2025.json,asset_layer_scan,dprk-usdt-network-ofac-2025,json,41584,ad709a3418a336ec7992b3efe340cf6fefd2e8170cec19077b3675d41633e5fd
sources/asset_layer_scan/funnull-cdn-ofac-2025.json,asset_layer_scan,funnull-cdn-ofac-2025,json,2058,f52072d602a932e77ddd23c653f420e661e9c93cb350ebfc45d93d11fcb49d3e
sources/asset_layer_scan/grinex-garantex-successor-ofac-2025.json,asset_layer_scan,grinex-garantex-successor-ofac-2025,json,8792,9a76db395d2e350755c6a0ba2a5f96174737eec951b585f84a5d0a7bfdfe69f5
sources/asset_layer_scan/lockbit-affiliates-ofac-2024.json,asset_layer_scan,lockbit-affiliates-ofac-2024,json,1281,2c98c8bea43bcc00e824cb5d6b29b411284fc6ed2abb6fe7f06613b54e1e33d1
sources/asset_layer_scan/russia-election-interference-ofac-2020.json,asset_layer_scan,russia-election-interference-ofac-2020,json,2471,264fcf76717b086318c86201e30cb72e273436ba2669dad005e6109830a88107
sources/asset_layer_scan/russian-cyber-theft-ofac-2020.json,asset_layer_scan,russian-cyber-theft-ofac-2020,json,2444,3ac34f24b5ef153182e8896be4cd2d40a1b725d24a6a1d8a526325fb8c5bc498
sources/asset_layer_scan/semenov-ofac-2023.json,asset_layer_scan,semenov-ofac-2023,json,9332,db619be4aab61b770dd55d5112b0d0cd67d567c78751d5c806e7126a9d0d9d99
sources/asset_layer_scan/suex-ofac-2021.json,asset_layer_scan,suex-ofac-2021,json,4693,b2a8fe7167e6a25ce76ece60c9495e232ebb7ba95b72ee57dd80cc2db03efe19
sources/asset_layer_scan/tether-dprk-precommit-freeze-2025.json,asset_layer_scan,tether-dprk-precommit-freeze-2025,json,1718,a0f69bba7d56d216d4517d8e39a0d2d0fa0ddec3cb21bf3e4168fcbb8d1b0478
sources/asset_layer_scan/tether-retroactive-sweep-2023.json,asset_layer_scan,tether-retroactive-sweep-2023,json,15222,32539cd3a21e5b1afacc06ffade46a96af82c2669681fa08220334a8c8c3914a
sources/asset_layer_scan/tornado-cash-ofac-2022.json,asset_layer_scan,tornado-cash-ofac-2022,json,40851,75692722081bd276f20b7a6933923a5dea094633105dfb786686e36451f9d80a
sources/asset_layer_scan/tornado-cash-ofac-delisting-2025.json,asset_layer_scan,tornado-cash-ofac-delisting-2025,json,110038,82d3c0e5f3d9239754c385f4905988a359b6174bcad6e5348e572982134f593c
sources/asset_layer_scan/tornado-cash-ofac-redesignation-2022.json,asset_layer_scan,tornado-cash-ofac-redesignation-2022,json,103377,e36ac1841787f98eebe3cf6920ca69573d19bf855dbd93772b63773512c71311
sources/china_russia_cis_frames/triage_manifest.json,china_russia_cis_frames,,json,25195,d5483af3e11d1b9d8b6f5180c255a37814755634f0931fb0d5e9f604805ed551
sources/china_russia_cis_frames/triage_manifest.md,china_russia_cis_frames,,md,6208,b7dee6de2329e7d79007f992918770e7db10f76f2399fb34982a40e8d6fde8ed
sources/corporate_policy/triage_manifest.json,corporate_policy,,json,23303,2f00a8ecefb7d5346917d8806903fa1b818685de3bdc7c54e237fea94b379f94
sources/corporate_policy/triage_manifest.md,corporate_policy,,md,13808,ec14206f3fe26ff5345b30877d6d65b600cac35b52771cec588db0ce0edfa59d
sources/defi_wallet_appstore_l3l4/triage_manifest.json,defi_wallet_appstore_l3l4,,json,29484,de9f59a8bab2e5879bb24cbcdf3c49414b82c53c50d7f9143f8bdf27dfc36317
sources/defi_wallet_appstore_l3l4/triage_manifest.md,defi_wallet_appstore_l3l4,,md,13955,f6432924efbf9eaaec17c478bdcdfceaf09283b43470dc293bf9ad71ec5c6a63
sources/external_retrieval_receipts.yaml,external_retrieval_receipts.yaml,,yaml,1991,5a22615dfa307a885db769b3e8934649a58cb4f1c6a66db440323d046f04eab8
sources/federal_enforcement/triage_manifest.json,federal_enforcement,,json,19419,a1a88e724d7d2ef01c67c49a7acb39d5bb079952ec41a385d68488c0c7dfd7ec
sources/federal_enforcement/triage_manifest.md,federal_enforcement,,md,9978,d3633f20a50c2dc792423c53be2d07dd1a34148787c4935cec8a369e594ed155
sources/historical_baseline_2013_2016/triage_manifest.json,historical_baseline_2013_2016,,json,34844,f18e51a234ddb6d713750ae0e3b440aba22f94822422881b1d4877f630100841
sources/historical_baseline_2013_2016/triage_manifest.md,historical_baseline_2013_2016,,md,16391,2d21a4b2cab58eb02c1c281e1e523eca1fb477497be64df8773e41901cf8838d
sources/http_captures/README.md,http_captures,README.md,md,1205,23dafdd79ef17b545e1f46c69076e0a7c637a03411e44d662420d3e50c89cce0
sources/http_captures/_shared/l3-rpc-filter-list/docs.flashbots.net__flashbots-protect-quick-start__362faba1ef.html,http_captures,,html,28043,b937ed96974815d638d2db412ad674d417ae71f0295f625c8cec839638307282
sources/http_captures/_shared/l3-rpc-filter-list/docs.flashbots.net__flashbots-protect-quick-start__362faba1ef.json,http_captures,,json,1356,6e16ea8ffd02fb8c26b3da8abe5541517f3470969f705fe5aebd84f0017a7953
sources/http_captures/_shared/l3-rpc-filter-list/manifest.json,http_captures,,json,4010,5c8c1db2fd0d411c555dabc120d3e4ed091a3fcd51f22e252d39125d6b218771
sources/http_captures/_shared/l3-rpc-filter-list/mevblocker.io__capture__befb963244.html,http_captures,,html,79046,f580083a67f052d2d8301dc1975c6f1f369474d25a10f0587ef081f70379cc67
sources/http_captures/_shared/l3-rpc-filter-list/mevblocker.io__capture__befb963244.json,http_captures,,json,1196,aab2d74e7ac857467a8262ca336b50b1d4466cd798b3207d7b0720bf7d9c3c18
sources/http_captures/_shared/l3-rpc-filter-list/web.archive.org__web-20221110000000-https-protect.flashbots.net__5b81675d05.html,http_captures,,html,17407,abe47db763a9d981950dc8e175a1947d2368af7296e00d33e422858fa164eb91
sources/http_captures/_shared/l3-rpc-filter-list/web.archive.org__web-20221110000000-https-protect.flashbots.net__5b81675d05.json,http_captures,,json,3745,3acfb57a3c0e9317f0100b17e68020ec75110e92c953e73778baae42091dea7c
sources/http_captures/_shared/l3-rpc-filter-list/web.archive.org__web-20230101000000-https-protect.flashbots.net__a49e4f491d.html,http_captures,,html,17408,9d1177026d363b7599bdbfa4f66c2b33b5da7944283071b4d31ed8f31194257b
sources/http_captures/_shared/l3-rpc-filter-list/web.archive.org__web-20230101000000-https-protect.flashbots.net__a49e4f491d.json,http_captures,,json,3749,743e3a98bea3ebe2a8de3299381f9c2b652569f645a611fb9a41f5471f89bb6a
sources/http_captures/_shared/l3-rpc-filter-list/web.archive.org__web-20230215000000-https-docs.flashbots.net-flashbots-protect-overview__12a715a422.html,http_captures,,html,24635,38c0a61cb1a6c766ef72565562b37b3ccb65d581ed6915e9c74d70ee2fe511df
sources/http_captures/_shared/l3-rpc-filter-list/web.archive.org__web-20230215000000-https-docs.flashbots.net-flashbots-protect-overview__12a715a422.json,http_captures,,json,3902,7b4b7c98cadf8eeaba0e216831b9bf0476fb2525a9006603f3a827a228e44d14
sources/http_captures/_shared/l3-rpc-filter-list/web.archive.org__web-20230330192344-https-mevblocker.io__108a4c0809.html,http_captures,,html,74197,fe655af5ce72a5a7608347825552a519008effb2102987df525aeac9aa8a73af
sources/http_captures/_shared/l3-rpc-filter-list/web.archive.org__web-20230330192344-https-mevblocker.io__108a4c0809.json,http_captures,,json,3496,74e55b19adfdfa695894522b268a6b04815d0385c9378cc79df4fc0ca9b59947
sources/http_captures/_shared/l3-rpc-filter-list/web.archive.org__web-20230601000000-mevblocker.io__4075c0b91c.html,http_captures,,html,161376,975e55b3b3430b1089fbd3d2d8027efdf6d4e0d3cd15a1c8e8a976e71cd9c45f
sources/http_captures/_shared/l3-rpc-filter-list/web.archive.org__web-20230601000000-mevblocker.io__4075c0b91c.json,http_captures,,json,1494,56e63cc606753d2960fed95691cc2174ddd0babcae5fd594001174ed5d29a4e0
sources/http_captures/_shared/l3-rpc-filter-list/web.archive.org__web-20240130093338-https-mevblocker.io__9ddac997cc.html,http_captures,,html,89224,25c4585c911220a0ae2ccc659e48077b48837344fa85d5a225f6d14cdfe5284a
sources/http_captures/_shared/l3-rpc-filter-list/web.archive.org__web-20240130093338-https-mevblocker.io__9ddac997cc.json,http_captures,,json,3523,1bebc3031fc9e061dd689a8d10f2b8aa5b96d03eaf499a528c1f513937300218
sources/http_captures/_shared/l3-rpc-filter-list/web.archive.org__web-20240601000000-mevblocker.io__891f24a262.html,http_captures,,html,161377,b9e24a409dc083bf914f8b471d86c54ea1db351c09bb8cb8884bb409c7b4df13
sources/http_captures/_shared/l3-rpc-filter-list/web.archive.org__web-20240601000000-mevblocker.io__891f24a262.json,http_captures,,json,1494,5afcd9e2e7e789578f5fd3ed93eddba3dbee78ebbe3ef3d12374f14a34761497
sources/http_captures/_shared/l3-rpc-filter-list/web.archive.org__web-20250111000329-https-mevblocker.io__363dde40a9.html,http_captures,,html,26247,44e9bf14f79a97741de8a82dbb609c67f49a4a4b70079e4dd52bf357e63175b6
sources/http_captures/_shared/l3-rpc-filter-list/web.archive.org__web-20250111000329-https-mevblocker.io__363dde40a9.json,http_captures,,json,3837,5b8cd8cd6581873a04fe2b6ec5144349eec677a02be36eeba8850c1e09e8f5d5
sources/http_captures/_shared/l3-rpc-filter-list/web.archive.org__web-20250601000000-mevblocker.io__8282802587.html,http_captures,,html,161358,0d2b4d7e23011413f484943f6b9e1a28f4cf613f047e7e31d9c4daec7941bda3
sources/http_captures/_shared/l3-rpc-filter-list/web.archive.org__web-20250601000000-mevblocker.io__8282802587.json,http_captures,,json,1494,af46600c2a26779a21ed7179740108642a800d75ea5a92643dfc8d1b2afe1b50
sources/http_captures/_shared/offramp-cex-analytics/manifest.json,http_captures,,json,3683,dc22921eac6c3e1e820f0dfb027b00aa0206942071dcf488e28f4c07667aea36
sources/http_captures/_shared/offramp-cex-analytics/www.chainalysis.com__blog-tag-sanctions__e1dc7b49e0.html,http_captures,,html,226846,3e1256b8b50e6ac640e8bac70fc39002fb6f3b617ecfc4c5b08bab5be8e50fb7
sources/http_captures/_shared/offramp-cex-analytics/www.chainalysis.com__blog-tag-sanctions__e1dc7b49e0.json,http_captures,,json,1736,f861dde4d56b6cebaf6b4d67f86bc6bc81b5364d7c1fd0ffa18c07918db74d2c
sources/http_captures/_shared/offramp-cex-analytics/www.elliptic.co__resources__27112e30dc.html,http_captures,,html,315172,91743178595b02163d79610dbdc330922531fcbfec50476b77857a7d18e6681a
sources/http_captures/_shared/offramp-cex-analytics/www.elliptic.co__resources__27112e30dc.json,http_captures,,json,3454,c0b398afdc666cc973349f01c29c66522c0113c58712e789f0430793e5d8ae4d
sources/http_captures/_shared/offramp-cex-analytics/www.trmlabs.com__resources-blog__b34814ebf6.html,http_captures,,html,152130,f62bbdf351fab8b7ae5f209d1cc7930ab0432b07dc807783203d440fbf704b1a
sources/http_captures/_shared/offramp-cex-analytics/www.trmlabs.com__resources-blog__b34814ebf6.json,http_captures,,json,1967,552edc27459699fcaff9876f029e0632dfe8824655bf51f33f9d2c8b6049c256
sources/http_captures/aeza-group-ofac-2025/asset-layer-check/usdtbanlist.com__address-TU4tDFRvcKhAZ1jdihojmBWZqvJhQCnJ4F.html,http_captures,aeza-group-ofac-2025,html,55472,e256728ea510f7b63a7ddf10549b9b1ca10cebdd470536e87ea66109f49e9a36
sources/http_captures/aeza-group-ofac-2025/ofac-recent-actions/manifest.json,http_captures,aeza-group-ofac-2025,json,2097,20dee676ee4929202140e5dacad7b7e956d68d1a6177f3e579f8e25d65029c04
sources/http_captures/aeza-group-ofac-2025/ofac-recent-actions/ofac.treasury.gov__recent-actions-20250701__4afdb9fe8c.html,http_captures,aeza-group-ofac-2025,html,43611,af4c4f34b9a24535fa556b3e8b853f4a4fa6af44b57bde133edd57cbb2476e22
sources/http_captures/aeza-group-ofac-2025/ofac-recent-actions/ofac.treasury.gov__recent-actions-20250701__4afdb9fe8c.json,http_captures,aeza-group-ofac-2025,json,1775,b5e71c3671bf369bafd8b2ef848db6ecd7fcc9cecc2061058ee8cde6bb69ec8f
sources/http_captures/alphabay-hansa-doj-2017/primary/manifest.json,http_captures,alphabay-hansa-doj-2017,json,3981,0e40b7d615f181e297c0368f2d9beb8564bc4da210a591bb423270f597148000
sources/http_captures/alphabay-hansa-doj-2017/primary/www.fbi.gov__news-stories-alphabay-takedown__675e2f71fc.html,http_captures,alphabay-hansa-doj-2017,html,81732,89078288ae4abe8f80852eb1fe2d3bb15d6781611a51fcf396fdb7f205281970
sources/http_captures/alphabay-hansa-doj-2017/primary/www.fbi.gov__news-stories-alphabay-takedown__675e2f71fc.json,http_captures,alphabay-hansa-doj-2017,json,1846,3d042b54a9b448f04a3d89f43f294d7a19da5d4e85704a3ee56b07f1fba43754
sources/http_captures/alphabay-hansa-doj-2017/primary/www.justice.gov__opa-pr-alphabay-largest-online-dark-market-shut-down__afe1f984e7.html,http_captures,alphabay-hansa-doj-2017,html,2928,4f90921a411efba76eb17c1320af8c9ee1950288c76b7583a6b1c8ac329d7638
sources/http_captures/alphabay-hansa-doj-2017/primary/www.justice.gov__opa-pr-alphabay-largest-online-dark-market-shut-down__afe1f984e7.json,http_captures,alphabay-hansa-doj-2017,json,1821,1718ea76674cc8cc84d33c509efa279cdeaf6b49e868177ea8a564e93a7e2085
sources/http_captures/binance-4framework-2023/primary/home.treasury.gov__news-press-releases-jy1925__4346771bca.html,http_captures,binance-4framework-2023,html,132412,ed854249a4a3e2fafbeb93d8e310f7e21456ee7bad51680c6a764b490647c234
sources/http_captures/binance-4framework-2023/primary/home.treasury.gov__news-press-releases-jy1925__4346771bca.json,http_captures,binance-4framework-2023,json,2020,3022a49ca5020367e8577ffacfa442f7ecea51d2d1997602ddd7057212613f81
sources/http_captures/binance-4framework-2023/primary/manifest.json,http_captures,binance-4framework-2023,json,240,4fa9f16b395df20bfa55ea58743eb842e0c83db42f63a25511de3b2ee78b018b
sources/http_captures/binance-4framework-2023/primary/www.justice.gov__archives-opa-pr-binance-and-ceo-plead-guilty-federal-charges-4b-resolution__1d3bf7f1b0.html,http_captures,binance-4framework-2023,html,2847,fe6c94a854a7600c6a431a88677f4566b02413935b8111aa421c8e0e29c2bafe
sources/http_captures/binance-4framework-2023/primary/www.justice.gov__archives-opa-pr-binance-and-ceo-plead-guilty-federal-charges-4b-resolution__1d3bf7f1b0.json,http_captures,binance-4framework-2023,json,1897,0a324f813ab76868d05bf8f8910a29d19957e9f5c51f915f8a41d41a921789b2
sources/http_captures/bitzlato-doj-2023/backfill-1.3/manifest.json,http_captures,bitzlato-doj-2023,json,4552,e37fec581c6237c55e53660af2cbbdf6d14a97babedf01484072b4a56ca69d79
sources/http_captures/bitzlato-doj-2023/backfill-1.3/www.fincen.gov__news-news-releases-fincen-identifies-virtual-currency-exchange-bitzlato-primary-money-laundering__c4a9bf0d08.html,http_captures,bitzlato-doj-2023,html,35293,bf2c40b29895e11a97510321b0a33003b56802ad3349fac1357f4b927cf143e6
sources/http_captures/bitzlato-doj-2023/backfill-1.3/www.fincen.gov__news-news-releases-fincen-identifies-virtual-currency-exchange-bitzlato-primary-money-laundering__c4a9bf0d08.json,http_captures,bitzlato-doj-2023,json,2047,102dd2e388d506809905efbddcf57c9d0f19079a55e5a1689491c146fc97fe0f
sources/http_captures/bitzlato-doj-2023/backfill-1.3/www.justice.gov__opa-pr-founder-and-majority-owner-cryptocurrency-exchange-charged-processing-over-700-million__a42e944c97.html,http_captures,bitzlato-doj-2023,html,2956,f329a65084549262222dbcdba541f48123bff56247cbe0f932e3e025f70f1318
sources/http_captures/bitzlato-doj-2023/backfill-1.3/www.justice.gov__opa-pr-founder-and-majority-owner-cryptocurrency-exchange-charged-processing-over-700-million__a42e944c97.json,http_captures,bitzlato-doj-2023,json,1960,caac9759b372e6802d65feb92d47c5c56315d8a49061c3d35a7cacfc819afce8
sources/http_captures/blender-ofac-2022/frontend-wayback/manifest.json,http_captures,blender-ofac-2022,json,4825,f06e8df961ba2d9b6586b0a3abca95076d19e01a6ed4f32020504da358fd7aaa
sources/http_captures/blender-ofac-2022/frontend-wayback/web.archive.org__web-20220516113713-http-blender.io__240e6c7838.html,http_captures,blender-ofac-2022,html,11536,e5e5eaae392f6c13af512e1000be2270a5b983fe5ca84457a3a0507a2cb31ad0
sources/http_captures/blender-ofac-2022/frontend-wayback/web.archive.org__web-20220516113713-http-blender.io__240e6c7838.json,http_captures,blender-ofac-2022,json,2991,28b34ad97263caf098d31c2a85bacf6b672fcfbb06774d20d2b7ca49f1695554
sources/http_captures/blender-ofac-2022/frontend-wayback/web.archive.org__web-2023-blender.io__c01cea4bf2.html,http_captures,blender-ofac-2022,html,161356,ffd3392db8b6782c65f007dade4e4568a825bd95d098097d24219f999689bef9
sources/http_captures/blender-ofac-2022/frontend-wayback/web.archive.org__web-2023-blender.io__c01cea4bf2.json,http_captures,blender-ofac-2022,json,1450,b58b0688ab9fec71df1d66e6dee1198268ad734c13e8df7c89d7523b85b621e2
sources/http_captures/blender-ofac-2022/frontend-wayback/web.archive.org__web-20231001000000-http-blender.io__b5255fe809.html,http_captures,blender-ofac-2022,html,11532,eb2ad5df5b9b6712022bd5ad0eab33838957fc84690a246facbb7ddd5ade5053
sources/http_captures/blender-ofac-2022/frontend-wayback/web.archive.org__web-20231001000000-http-blender.io__b5255fe809.json,http_captures,blender-ofac-2022,json,2989,872483056d13d6bb7e752a27df0d74e6290c5b681f992614c333b0e6d2d1bccf
sources/http_captures/blender-ofac-2022/ofac-recent-actions/manifest.json,http_captures,blender-ofac-2022,json,2035,ef74eb2692946f766ad88b9e54d7cfc67abe0843551667c9928cda13391682e2
sources/http_captures/blender-ofac-2022/ofac-recent-actions/ofac.treasury.gov__recent-actions-20220506__7887ae4d27.html,http_captures,blender-ofac-2022,html,44277,088245cfd0563f12865e84bf51db27dffdd2de2eadb742d278b3f901ca55f3ee
sources/http_captures/blender-ofac-2022/ofac-recent-actions/ofac.treasury.gov__recent-actions-20220506__7887ae4d27.json,http_captures,blender-ofac-2022,json,1713,6f4480e9410bef585c794a13416896a8e91cde4cf360b0f7d30104dc1f4eda9f
sources/http_captures/blender-ofac-2022/press-release/home.treasury.gov__news-press-releases-jy0768__25ddcdc9ec.html,http_captures,blender-ofac-2022,html,127048,52cf5226e2f155aff279a140d5fc7555f1c0faddec59f77ecba48df5a70c35b4
sources/http_captures/blender-ofac-2022/press-release/home.treasury.gov__news-press-releases-jy0768__25ddcdc9ec.json,http_captures,blender-ofac-2022,json,1938,c74a3f4f080f8984a1ae3cf20106d8aa9508bc7174d3c70589aec516e9e295db
sources/http_captures/blender-ofac-2022/press-release/manifest.json,http_captures,blender-ofac-2022,json,2275,b27805f9071b5e8a7a11d9b4a5df8121b87907a26b47ed550768903746d6c905
sources/http_captures/blockfi-sec-lending-2022/primary/manifest.json,http_captures,blockfi-sec-lending-2022,json,3366,aa498f093810ac2d5e0f6752c930ec60c55fb384cb48c7c470a96d63ae38ab72
sources/http_captures/blockfi-sec-lending-2022/primary/www.sec.gov__litigation-admin-2022-33-11029.pdf__19ddea27cd.bin,http_captures,blockfi-sec-lending-2022,bin,359120,1f0a57b3706af2a0f94c4ff3fb5e86db2c2cc8f82eab20093350b82304888a3e
sources/http_captures/blockfi-sec-lending-2022/primary/www.sec.gov__litigation-admin-2022-33-11029.pdf__19ddea27cd.json,http_captures,blockfi-sec-lending-2022,json,1299,b001eb150bcd67d8eb4b2409f6e806a198a68cfa485bcc8785d30f108dd2e26f
sources/http_captures/blockfi-sec-lending-2022/primary/www.sec.gov__newsroom-press-releases-2022-26__ae4da616fa.html,http_captures,blockfi-sec-lending-2022,html,65725,805ea579d1452e64855b30ea674d7e83f960dc40c996dec5b469c24c781bfa01
sources/http_captures/blockfi-sec-lending-2022/primary/www.sec.gov__newsroom-press-releases-2022-26__ae4da616fa.json,http_captures,blockfi-sec-lending-2022,json,1737,91349453b0dc61b6323dc6c2bf5909697e1694f20b284404f9a932ebf71f8e89
sources/http_captures/btc-e-doj-2017/primary/manifest.json,http_captures,btc-e-doj-2017,json,2148,8376f5d83f6151b25b9ee62560ed41980d4fa34afeddae7742214e882ba9afd1
sources/http_captures/btc-e-doj-2017/primary/www.justice.gov__archives-opa-pr-russian-national-and-bitcoin-exchange-charged-21-count-indictment-operating-alleged__9c617c841b.html,http_captures,btc-e-doj-2017,html,2937,510ff33edce09e1fda4ddadc38bf0092933ef779ad9bde0c665419f685651a85
sources/http_captures/btc-e-doj-2017/primary/www.justice.gov__archives-opa-pr-russian-national-and-bitcoin-exchange-charged-21-count-indictment-operating-alleged__9c617c841b.json,http_captures,btc-e-doj-2017,json,1979,48a2e3ca46819218b48d98d34926309c1243151157b63803a34a256bccbd3fd2
sources/http_captures/canada-convoy-freeze-2022/primary/canadagazette.gc.ca__rp-pr-p2-2022-2022-02-16-x1-html-sor-dors21-eng.html__798548451d.html,http_captures,canada-convoy-freeze-2022,html,3741,fac09fbd776f03ca74a2a6fbafe17f46caa346a89980ca75e44b1aca40dd9d02
sources/http_captures/canada-convoy-freeze-2022/primary/canadagazette.gc.ca__rp-pr-p2-2022-2022-02-16-x1-html-sor-dors21-eng.html__798548451d.json,http_captures,canada-convoy-freeze-2022,json,1189,2a0d5c1e8e8fabcbe3e3757c37322147a34108dca44f705c3bac28a6032524ae
sources/http_captures/canada-convoy-freeze-2022/primary/manifest.json,http_captures,canada-convoy-freeze-2022,json,1342,b2cde6216b9d6a62a83dfc3ceec27bfc981e3e102409bea06df2ec8c0e65070c
sources/http_captures/cftc-v-ooki-dao-2022/primary/manifest.json,http_captures,cftc-v-ooki-dao-2022,json,3388,7edb2fcc0b16cb796f2e8fa9d2d5ee5053c97d542bd35ad9c0a3493c0e2f73d1
sources/http_captures/cftc-v-ooki-dao-2022/primary/www.cftc.gov__PressRoom-PressReleases-8590-22__bd77d22b3b.html,http_captures,cftc-v-ooki-dao-2022,html,43226,a241fc6b6dc9ff3a73c8a9a39fe49032c591a62ca4c84841521b532c26f0ed3d
sources/http_captures/cftc-v-ooki-dao-2022/primary/www.cftc.gov__PressRoom-PressReleases-8590-22__bd77d22b3b.json,http_captures,cftc-v-ooki-dao-2022,json,3159,ffc5ae84e69990be38980e86d8160a1d5b886988716e2785a8766c9227c35642
sources/http_captures/chatex-entry-update-ofac-2024/ofac-recent-actions/manifest.json,http_captures,chatex-entry-update-ofac-2024,json,2162,5c7de3ffc1da2607ec9d4609444ccd8652e178aaa9cad6af75e63dba8afc625d
sources/http_captures/chatex-entry-update-ofac-2024/ofac-recent-actions/ofac.treasury.gov__recent-actions-20240111__79b6213634.html,http_captures,chatex-entry-update-ofac-2024,html,48391,707f480c4c8fb886b83d9a4d4236fb45e95f829aae13009b35c6120d05103ada
sources/http_captures/chatex-entry-update-ofac-2024/ofac-recent-actions/ofac.treasury.gov__recent-actions-20240111__79b6213634.json,http_captures,chatex-entry-update-ofac-2024,json,1840,bf34f23b089c0779333512e3c246745ffd73ff7cf2779ff8f1d00347685cb445
sources/http_captures/chatex-ofac-2021/asset-layer-check/usdtbanlist.com__address-0x48549a34ae37b12f6a30566245176994e17c6b4a.html,http_captures,chatex-ofac-2021,html,55825,5128721f23611c3f33f29ee5b3e84acffb318a27c1de2e797e1ecbfc1ba1a88d
sources/http_captures/chatex-ofac-2021/asset-layer-check/usdtbanlist.com__address-0x5512d943ed1f7c8a43f3435c85f7ab68b30121b0.html,http_captures,chatex-ofac-2021,html,55782,a625d6db1b3d05e1f31e36d29feb85c024b00143506fdb1c9d279ec9762cd6f6
sources/http_captures/chatex-ofac-2021/asset-layer-check/usdtbanlist.com__address-0x67d40EE1A85bf4a4Bb7Ffae16De985e8427B6b45.html,http_captures,chatex-ofac-2021,html,57058,307d2114e16ee087eb53d9c0cf5b72e19d064338dc6da708abb08fb92a3cc7e7
sources/http_captures/chatex-ofac-2021/asset-layer-check/usdtbanlist.com__address-0x6acdfba02d390b97ac2b2d42a63e85293bcc160e.html,http_captures,chatex-ofac-2021,html,55729,5b740656c0ecd18079af3f092ed6b05ab93593d8c0b1cb4694ff1ed6fac582d8
sources/http_captures/chatex-ofac-2021/asset-layer-check/usdtbanlist.com__address-0x6f1ca141a28907f78ebaa64fb83a9088b02a8352.html,http_captures,chatex-ofac-2021,html,57058,dd37dbf628f1947f8b88964e4c88d457a9c3e7bb2366c44ee5726910db0f20ad
sources/http_captures/chatex-ofac-2021/asset-layer-check/usdtbanlist.com__address-0xc455f7fd3e0e12afd51fba5c106909934d8a0e4a.html,http_captures,chatex-ofac-2021,html,55782,7970328c0955c79c1d2615811c9903790e454975eb61b1f481395fe70d60687d
sources/http_captures/chatex-ofac-2021/frontend-wayback/manifest.json,http_captures,chatex-ofac-2021,json,6651,d9dea28ba4187bc2be3a19716d94153977a534800cb2f994fcc01b8662d389ca
sources/http_captures/chatex-ofac-2021/frontend-wayback/web.archive.org__web-20211117175945-https-chatex.com__918765a11d.html,http_captures,chatex-ofac-2021,html,16074,6bc86f40095c66b3a0161ce7716baa2a27c49973d64fde7bb8832e90fbf94a77
sources/http_captures/chatex-ofac-2021/frontend-wayback/web.archive.org__web-20211117175945-https-chatex.com__918765a11d.json,http_captures,chatex-ofac-2021,json,3056,311f0273bb4bc8011f28d896b419ba7a1a4243e1929e55f67b9eccb513372f55
sources/http_captures/chatex-ofac-2021/frontend-wayback/web.archive.org__web-20211202224324-https-chatex.com__6965640198.html,http_captures,chatex-ofac-2021,html,21063,6d83f3106f760999b1c959f6ebb946815169c65164fb853caf9783d145f564f8
sources/http_captures/chatex-ofac-2021/frontend-wayback/web.archive.org__web-20211202224324-https-chatex.com__6965640198.json,http_captures,chatex-ofac-2021,json,3157,e7e280ec421f42ec1e86e45ba77cd3dc5980bcc987b665d73368af3196cd6a36
sources/http_captures/chatex-ofac-2021/ofac-recent-actions/manifest.json,http_captures,chatex-ofac-2021,json,2026,46c8677ef9b011805e2e1d0f27ac850174929372bce38293558009334667f5db
sources/http_captures/chatex-ofac-2021/ofac-recent-actions/ofac.treasury.gov__recent-actions-20211108__a1d41cd3cf.html,http_captures,chatex-ofac-2021,html,46423,12b576be0cd5dbc1a0b763151d13a0c53e16e507cc02298dd27be47bca971942
sources/http_captures/chatex-ofac-2021/ofac-recent-actions/ofac.treasury.gov__recent-actions-20211108__a1d41cd3cf.json,http_captures,chatex-ofac-2021,json,1704,34f8971928e79fa73b009277940bfbe09a2709498ac76ac7071406e1ab24fcc3
sources/http_captures/china-pboc-crypto-ban-2021/exchange-announcements/manifest.json,http_captures,china-pboc-crypto-ban-2021,json,4353,a83392d8b850e5c5c4e8ec800fd203b6baab67c171dcde07a49a8a163d3bca11
sources/http_captures/china-pboc-crypto-ban-2021/exchange-announcements/support.binance.com__hc-en-us-articles-115001414292-China-PBoC-Update__6ce4f10c86.html,http_captures,china-pboc-crypto-ban-2021,html,0,e3b0c44298fc1c149afbf4c8996fb92427ae41e4649b934ca495991b7852b855
sources/http_captures/china-pboc-crypto-ban-2021/exchange-announcements/support.binance.com__hc-en-us-articles-115001414292-China-PBoC-Update__6ce4f10c86.json,http_captures,china-pboc-crypto-ban-2021,json,1500,1b672b1f0dbf0a9ae0ae55fbafaf622480ff0f365356a2b7791bb085f429a3c2
sources/http_captures/china-pboc-crypto-ban-2021/exchange-announcements/www.binance.com__en-support-announcement-115001414292__34300e81b2.html,http_captures,china-pboc-crypto-ban-2021,html,0,e3b0c44298fc1c149afbf4c8996fb92427ae41e4649b934ca495991b7852b855
sources/http_captures/china-pboc-crypto-ban-2021/exchange-announcements/www.binance.com__en-support-announcement-115001414292__34300e81b2.json,http_captures,china-pboc-crypto-ban-2021,json,1436,557537af654af8effbe4b9a997adec107e1e0737c37691e16e7ded61d6e561fd
sources/http_captures/china-pboc-crypto-ban-2021/exchange-announcements/www.huobi.com__support-en-us-detail-54886961978434__1d0e101edc.html,http_captures,china-pboc-crypto-ban-2021,html,151059,833dd244f7b1f75665dbec8115c4cca7eef923c49680fe5a2fdb2c7374b5a1a4
sources/http_captures/china-pboc-crypto-ban-2021/exchange-announcements/www.huobi.com__support-en-us-detail-54886961978434__1d0e101edc.json,http_captures,china-pboc-crypto-ban-2021,json,1360,1055d6e65f897c7da76a141b62df5bc2add97801a3784f82e1d97832f41e5c27
sources/http_captures/china-pboc-crypto-ban-2021/exchange-announcements/www.scmp.com__business-article-3152241-binance-halt-peer-peer-trading-service-china-severing-final-link-market__858b1edd34.html,http_captures,china-pboc-crypto-ban-2021,html,832564,df269c5406d20bae152e57121479d411a296707aee19e47d461c6337d0baf429
sources/http_captures/china-pboc-crypto-ban-2021/exchange-announcements/www.scmp.com__business-article-3152241-binance-halt-peer-peer-trading-service-china-severing-final-link-market__858b1edd34.json,http_captures,china-pboc-crypto-ban-2021,json,2302,886481865271b919f8d62b92a1c1e3478c65b21d47e8dd743115ea166491e682
sources/http_captures/china-pboc-crypto-ban-2021/trigger-sources/manifest.json,http_captures,china-pboc-crypto-ban-2021,json,454,f3cdbf2df44d80f37449eb018a9ec8603c741b50a1d3fd90db75fdf60f622ddd
sources/http_captures/chipmixer-doj-2023/doj-press-release/manifest.json,http_captures,chipmixer-doj-2023,json,2197,b854ed1b6538fd8d235719a3d06175a4913b6a1cc098e1ca697485e62e9784bc
sources/http_captures/chipmixer-doj-2023/doj-press-release/www.justice.gov__usao-edpa-pr-platform-used-launder-ransomware-proceeds-seized-coordinated-international-operation__778427a127.html,http_captures,chipmixer-doj-2023,html,2933,bf9db0c3926262d81d1c79dacf2ee916719cf42412d5666937c5138cb09f2e65
sources/http_captures/chipmixer-doj-2023/doj-press-release/www.justice.gov__usao-edpa-pr-platform-used-launder-ransomware-proceeds-seized-coordinated-international-operation__778427a127.json,http_captures,chipmixer-doj-2023,json,1980,cb4f6ae6978c9def1860b8771b9a8e2ee1ad772c3bce7e422250a252eef6b5bf
sources/http_captures/chipmixer-doj-2023/frontend-wayback/manifest.json,http_captures,chipmixer-doj-2023,json,8014,37cb2cdb1837b31878700611cb3f9afd06f2f8b1aea2a33ef1d00578ff561aae
sources/http_captures/chipmixer-doj-2023/frontend-wayback/web.archive.org__web-20230314171941-https-chipmixer.com__ab048b5f9a.html,http_captures,chipmixer-doj-2023,html,11818,2e2844e7df71fd71a4b0c1d257adc370ceb9865dd95e8c9a08102e1584c144e0
sources/http_captures/chipmixer-doj-2023/frontend-wayback/web.archive.org__web-20230314171941-https-chipmixer.com__ab048b5f9a.json,http_captures,chipmixer-doj-2023,json,3908,2dcbefe70ba169cba05804d128e085cb840426551137eb5bb2dee597f61abe28
sources/http_captures/chipmixer-doj-2023/frontend-wayback/web.archive.org__web-20230315170606-https-chipmixer.com__4c13a2baa9.html,http_captures,chipmixer-doj-2023,html,1761048,280d29cf15a4a644dc174f059f031e3e067cd56d0bd52b5de305ccdb022eb2bd
sources/http_captures/chipmixer-doj-2023/frontend-wayback/web.archive.org__web-20230315170606-https-chipmixer.com__4c13a2baa9.json,http_captures,chipmixer-doj-2023,json,3596,3b1aa9e7c9f9f43fd71c0a0c75e047185b994930be53f64d977d8d1c6333b901
sources/http_captures/circle-usdc-tornado-2022/primary/manifest.json,http_captures,circle-usdc-tornado-2022,json,2482,70c36823accc4b2232ec260f41b383f4401111158fd59f762c210a44a50a1b59
sources/http_captures/circle-usdc-tornado-2022/primary/www.circle.com__blog-ofacs-designation-of-tornado-cash-protocols-privacy-and-a-call-to-action__f24a980b38.html,http_captures,circle-usdc-tornado-2022,html,256020,fe0c8bbff7b5e96a1c9d94884be7798891926a86beee059268d1377d8ee2e435
sources/http_captures/circle-usdc-tornado-2022/primary/www.circle.com__blog-ofacs-designation-of-tornado-cash-protocols-privacy-and-a-call-to-action__f24a980b38.json,http_captures,circle-usdc-tornado-2022,json,2269,dbe842dec5d05fecf40be430a95552510ed4fa9f73fac26bc85767dcdd1ca076
sources/http_captures/coinbase-india-exit-2022/primary/blog.coinbase.com__where-coinbase-operates-and-how-we-comply-around-the-world-d2f6bbf53d36__2f3902d770.html,http_captures,coinbase-india-exit-2022,html,472423,e6a793e115b6bfb11a6b75fbbc86c7cf7179e94ea13503cf4733c0fd23967fc4
sources/http_captures/coinbase-india-exit-2022/primary/blog.coinbase.com__where-coinbase-operates-and-how-we-comply-around-the-world-d2f6bbf53d36__2f3902d770.json,http_captures,coinbase-india-exit-2022,json,13418,b3a81aef8c1e934afac22bac71888ceff2e51451c6a324d5495ca5639d4efcc8
sources/http_captures/coinbase-india-exit-2022/primary/manifest.json,http_captures,coinbase-india-exit-2022,json,13643,ca9209e1986d7220f26151fad4588c771966499623082cac49fd074cb45aa14e
sources/http_captures/coinbase-irs-john-doe-summons-2016/platform-response/manifest.json,http_captures,coinbase-irs-john-doe-summons-2016,json,2160,c0d0d283df475f8d774e920e9b659e7748ca3bc7d9e85e4665d738aee29e3880
sources/http_captures/coinbase-irs-john-doe-summons-2016/platform-response/web.archive.org__web-20161122192010-https-blog.coinbase.com-2016-11-18-protecting-customer-privacy__f1d311d433.html,http_captures,coinbase-irs-john-doe-summons-2016,html,25682,cf1de3e7afb33b6e935ac6c2829b91ffe53f2b35df07d4d6e63044d6e41bfeee
sources/http_captures/coinbase-irs-john-doe-summons-2016/platform-response/web.archive.org__web-20161122192010-https-blog.coinbase.com-2016-11-18-protecting-customer-privacy__f1d311d433.json,http_captures,coinbase-irs-john-doe-summons-2016,json,4043,a1ea79f648f4b1abfb7d7616ab4ca14dc449c80727a240c0899e1dd068374d08
sources/http_captures/coinbase-irs-john-doe-summons-2016/platform-response/web.archive.org__web-20171208022732-https-blog.coinbase.com-coinbase-obtains-partial-victory-over-irs-dac041db59a3__ebe8f1f247.html,http_captures,coinbase-irs-john-doe-summons-2016,html,141775,1cd0ba786f37af3d61b6b920237c3cfd692206a8b908441c91ee49e318a9ae1c
sources/http_captures/coinbase-irs-john-doe-summons-2016/platform-response/web.archive.org__web-20171208022732-https-blog.coinbase.com-coinbase-obtains-partial-victory-over-irs-dac041db59a3__ebe8f1f247.json,http_captures,coinbase-irs-john-doe-summons-2016,json,1955,28d07966a070a9c50e240acf4897a12af7ee1f5cd5370fb64725371948c34d7c
sources/http_captures/coinbase-irs-john-doe-summons-2016/primary/manifest.json,http_captures,coinbase-irs-john-doe-summons-2016,json,5432,b8339939e9951e02fe51de54eb81bf46ad337c60723be7fedf79b5cddba21958
sources/http_captures/coinbase-irs-john-doe-summons-2016/primary/web.archive.org__web-20161130232748-https-www.justice.gov-opa-pr-court-authorizes-service-john-doe-summons-seeking-identities-us-taxpayers-who-have-used__4d794ca699.html,http_captures,coinbase-irs-john-doe-summons-2016,html,63593,56a6392a45575f333467a199dcaa15db3a743f787022d6b6648fc84d4b19e335
sources/http_captures/coinbase-irs-john-doe-summons-2016/primary/web.archive.org__web-20161130232748-https-www.justice.gov-opa-pr-court-authorizes-service-john-doe-summons-seeking-identities-us-taxpayers-who-have-used__4d794ca699.json,http_captures,coinbase-irs-john-doe-summons-2016,json,5123,6699096e759a2cebac548dbcbbdf38ce074f7af13e878cd71dd2530ba4b87ac1
sources/http_captures/coinbase-irs-john-doe-summons-2016/primary/www.justice.gov__opa-pr-court-authorizes-service-john-doe-summons-seeking-identities-us-taxpayers-who-have-used__55518cad06.html,http_captures,coinbase-irs-john-doe-summons-2016,html,3082,a513884b358ba15a001ca99fbc53366262a02904c73b7aed0eaca5cfed9a77f4
sources/http_captures/coinbase-irs-john-doe-summons-2016/primary/www.justice.gov__opa-pr-court-authorizes-service-john-doe-summons-seeking-identities-us-taxpayers-who-have-used__55518cad06.json,http_captures,coinbase-irs-john-doe-summons-2016,json,2011,5575a707cad07b9df312e981371853b594a89715860aa335dd588d806b1478c1
sources/http_captures/cryptex-ofac-2024/asset-layer-check/manifest.json,http_captures,cryptex-ofac-2024,json,2107,7eeb26ad65ec28a051bcc7d0146013337659c2482e662e2f92388938629cb845
sources/http_captures/cryptex-ofac-2024/asset-layer-check/usdtbanlist.com__address-0x0931cA4D13BB4ba75D9B7132AB690265D749a5E7__169bb88c26.html,http_captures,cryptex-ofac-2024,html,55786,145f410f6a396bd596c3dda51ea5040b505b08b5712f23edf8744fe438c48faa
sources/http_captures/cryptex-ofac-2024/asset-layer-check/usdtbanlist.com__address-0x0931cA4D13BB4ba75D9B7132AB690265D749a5E7__169bb88c26.json,http_captures,cryptex-ofac-2024,json,1784,5a1ec3becfebccfe5d36944767dcf211397206369a1cb589dfb34d613f5dd687
sources/http_captures/cryptex-ofac-2024/asset-layer-check/usdtbanlist.com__address-TTUDyVhhpCC1xJoPmWzdjLAzeoPwbSABdr.html,http_captures,cryptex-ofac-2024,html,52789,fcabacd285697808aa10ed9de3cbe9030acb295aa8e1c3a30cbbbdd2d4b50cf0
sources/http_captures/cryptex-ofac-2024/frontend-wayback/manifest.json,http_captures,cryptex-ofac-2024,json,3487,c8a6cc06a30cbe2115df63eb892ce62713f0bb6c9a997deb23d75b6816d7439a
sources/http_captures/cryptex-ofac-2024/frontend-wayback/web.archive.org__web-20240930052144-https-cryptex.net__a56bfd9215.html,http_captures,cryptex-ofac-2024,html,12649,6d119a270bf818b6ee49a3bc21985f352843d24ede2a378bdf1e6198c91170c7
sources/http_captures/cryptex-ofac-2024/frontend-wayback/web.archive.org__web-20240930052144-https-cryptex.net__a56bfd9215.json,http_captures,cryptex-ofac-2024,json,3092,2147494cb54f47b074ab2c362f2352ecfcfff5b5db676297a5275671bcf20e40
sources/http_captures/cryptex-ofac-2024/ofac-recent-actions/manifest.json,http_captures,cryptex-ofac-2024,json,2031,e1c5b95728e55d428c26e444144073eea07319b8b71501ab045c4ef04dc8bfe4
sources/http_captures/cryptex-ofac-2024/ofac-recent-actions/ofac.treasury.gov__recent-actions-20240926__a282f3595b.html,http_captures,cryptex-ofac-2024,html,39435,332252f994d819817902ba10b7f79c002be38acf830ea5249cd2b3b09b02da76
sources/http_captures/cryptex-ofac-2024/ofac-recent-actions/ofac.treasury.gov__recent-actions-20240926__a282f3595b.json,http_captures,cryptex-ofac-2024,json,1709,74e4b67762eefe8259cbb809a0c66b4e39afde449155fa3f3733aa54e6c5cbe3
sources/http_captures/dprk-usdt-network-ofac-2025/asset-layer-check/manifest.json,http_captures,dprk-usdt-network-ofac-2025,json,3812,76eca5638c686dcc6b9f60a0b2952ebb1360fabd290aa2e6cc1c60e714f3ab61
sources/http_captures/dprk-usdt-network-ofac-2025/asset-layer-check/usdtbanlist.com__address-TA3941uFAvmVibSkQ6fMJXxmaSNovX86mz.html,http_captures,dprk-usdt-network-ofac-2025,html,52767,cafb787b2670c058c665f16dcd880fa6ac2c70d4093ac87960f55223b772d55c
sources/http_captures/dprk-usdt-network-ofac-2025/asset-layer-check/usdtbanlist.com__address-TA3941uFAvmVibSkQ6fMJXxmaSNovX86mz__a69f3029ba.html,http_captures,dprk-usdt-network-ofac-2025,html,54043,5d6317eb4970c6d1f570dc8b37892db66664fd3fab838a1ce879341facf32e50
sources/http_captures/dprk-usdt-network-ofac-2025/asset-layer-check/usdtbanlist.com__address-TA3941uFAvmVibSkQ6fMJXxmaSNovX86mz__a69f3029ba.json,http_captures,dprk-usdt-network-ofac-2025,json,1753,93b34af2240e4abbabd8a1e1b733f68d2bbe92fc6f8a54019dde0a874fbc6fe9
sources/http_captures/dprk-usdt-network-ofac-2025/asset-layer-check/usdtbanlist.com__address-TA39q3p75XRSWYAEaSF7dANtyksoa3sLge.html,http_captures,dprk-usdt-network-ofac-2025,html,52748,dad2b3d4b028e7f94019bf1e9f29f803838ebbbe27f125921f024d0da7589167
sources/http_captures/dprk-usdt-network-ofac-2025/asset-layer-check/usdtbanlist.com__address-TBATDh41qMQ1yeVYecneEvhpfayYmkAQWS.html,http_captures,dprk-usdt-network-ofac-2025,html,52765,883a6e9a547071024a8a18ebd3ed5d6d53c33084feb30734bde5a421a814a5e7
sources/http_captures/dprk-usdt-network-ofac-2025/asset-layer-check/usdtbanlist.com__address-TBWRDpQsW1ZVPGGaBAwVLNb7iqmVBuM1nj.html,http_captures,dprk-usdt-network-ofac-2025,html,51362,07377173e1e5994a81600a805ff837b583c8679f77f9761d76eb7e8fa9ac5996
sources/http_captures/dprk-usdt-network-ofac-2025/asset-layer-check/usdtbanlist.com__address-TBYRhsZR7Mdn9ezpGVLwZiNVnGm8wZGLAD.html,http_captures,dprk-usdt-network-ofac-2025,html,52748,74ce7164fded8060cdc4d2e776c1ac1c7947486b1bf96765143266aa905076c3
sources/http_captures/dprk-usdt-network-ofac-2025/asset-layer-check/usdtbanlist.com__address-TBZefVsyQpzzxc2WSCLbZBECvxVdzGqdtC.html,http_captures,dprk-usdt-network-ofac-2025,html,52705,ef6ad89b3c68578332d6f28131a8cfe73cfc185b5145a79f1a6547c581e15aee
sources/http_captures/dprk-usdt-network-ofac-2025/asset-layer-check/usdtbanlist.com__address-TBwghbQMsBC5xcUxE7ZpYXhfDMXZAfiFv6.html,http_captures,dprk-usdt-network-ofac-2025,html,52705,932bcfeb65a1d41e711a1249f2c8eda2940d7b50a8aea0f97a45c7aeef13a646
sources/http_captures/dprk-usdt-network-ofac-2025/asset-layer-check/usdtbanlist.com__address-TC5UNu3LGrjjVCuLNDdVgjm4oL5cQAyFRZ.html,http_captures,dprk-usdt-network-ofac-2025,html,52748,29490148a3bda35adb50ea7da91ed2e087b2c8e9770594222691c3be637624c1
sources/http_captures/dprk-usdt-network-ofac-2025/asset-layer-check/usdtbanlist.com__address-TCA7AfTSuDmgYk2VaezfPuZF4Z4X8wxwcQ.html,http_captures,dprk-usdt-network-ofac-2025,html,51319,48148de558889bec89c0fba7595ed4b1f624fac9818df0e7835b71a582161385
sources/http_captures/dprk-usdt-network-ofac-2025/asset-layer-check/usdtbanlist.com__address-TDNKsLvsY2iSznyghddXz7ZDRc4X3191Z8.html,http_captures,dprk-usdt-network-ofac-2025,html,51319,d4f8cf9340e495b745f7debd5dfe6fcde99fe3edde09405c2921269cbf3efd99
sources/http_captures/dprk-usdt-network-ofac-2025/asset-layer-check/usdtbanlist.com__address-TE3mCcPULjPUE7ykX7RArDPAhyahoy3d2j.html,http_captures,dprk-usdt-network-ofac-2025,html,54043,71d3ed86a4ad21873fe0e9eccfe6c4645c19ccfac8d5e5740ccf628540aa4396
sources/http_captures/dprk-usdt-network-ofac-2025/asset-layer-check/usdtbanlist.com__address-TF4J8Gp7zbS8NA3HLuxsLdx7Ebzr6weCGn.html,http_captures,dprk-usdt-network-ofac-2025,html,52705,b35c5c446c5dd8d48f6d735d4172421dbcfa927ab47076852421f9b1dc973b59
sources/http_captures/dprk-usdt-network-ofac-2025/asset-layer-check/usdtbanlist.com__address-TFdHux43bs21qRsygv5WQWfgtbQeT6nXey.html,http_captures,dprk-usdt-network-ofac-2025,html,52750,99ec29d172b9019171f640b5ce428972956324ea1319d9bb1c5e8d706b07dc24
sources/http_captures/dprk-usdt-network-ofac-2025/asset-layer-check/usdtbanlist.com__address-TFrH3dcpnR3tADrAcfyJwiK4brsgf3B7PG.html,http_captures,dprk-usdt-network-ofac-2025,html,51350,b0eb96d0bc2d044496cc0a0e19e0ef5c97080531b95e9db63c916825e7811480
sources/http_captures/dprk-usdt-network-ofac-2025/asset-layer-check/usdtbanlist.com__address-TFurWgnyNMq9bhLrLoT9FGnrLfAL2BtR5R.html,http_captures,dprk-usdt-network-ofac-2025,html,52748,b02ff4aff826bd3d3e68125e74a25ce9536b651cafb9bab75fdf09d1b728cb32
sources/http_captures/dprk-usdt-network-ofac-2025/asset-layer-check/usdtbanlist.com__address-TGDaYNWFXi9HJ7NacfETF15vhUH7eRhKzt.html,http_captures,dprk-usdt-network-ofac-2025,html,52767,561108f9dd092bb03a6e16534b90988a7394eafc41fb37f810e25769e79ef593
sources/http_captures/dprk-usdt-network-ofac-2025/asset-layer-check/usdtbanlist.com__address-TGKgLatirRpTugS6wgCUKerjLbzWKXAVqx.html,http_captures,dprk-usdt-network-ofac-2025,html,53981,fc2fc51be6690f4d9440999c96bb4fe1216c0b156a2d9545bfceb9ec551ad246
sources/http_captures/dprk-usdt-network-ofac-2025/asset-layer-check/usdtbanlist.com__address-TGMFaAXH15oaW8MpcNHLid6NbMKWaaNPdC.html,http_captures,dprk-usdt-network-ofac-2025,html,52705,c3825c769178a7562b7bf95da0f3d01148a3cbb9ccdeb8f0e03f59fa86a8c9a9
sources/http_captures/dprk-usdt-network-ofac-2025/asset-layer-check/usdtbanlist.com__address-TGRZZsD8gxahF5oE6C7K8LLRHqQzoPa5bX.html,http_captures,dprk-usdt-network-ofac-2025,html,52748,328de16b575d43d1cc7946a2f5c322e067daede5ca9f8d3bfe2849870d7774f8
sources/http_captures/dprk-usdt-network-ofac-2025/asset-layer-check/usdtbanlist.com__address-TGdpkwNVFjw2DnbHBCFKLvCygPVPz9w4iM.html,http_captures,dprk-usdt-network-ofac-2025,html,51300,176f30b6ea0f7357f9e0f2a4b4877a2eb70a2e7ef806042dc468a75999fc270f
sources/http_captures/dprk-usdt-network-ofac-2025/asset-layer-check/usdtbanlist.com__address-TGpNzk9noyvCCdnFPuSg5cqptPs16LjXZq.html,http_captures,dprk-usdt-network-ofac-2025,html,52705,de8ea9715901dcd281fb7171585cb9033469f6d39d6e09626a8b9ab0aceaab94
sources/http_captures/dprk-usdt-network-ofac-2025/asset-layer-check/usdtbanlist.com__address-THEQTsqPhRDDfgcfBW5npH5Lr9PZhpthrf.html,http_captures,dprk-usdt-network-ofac-2025,html,53981,d60d505ce7675c33045b88d28c8ec94baf6f951682d10d9b55bd9bbb8f2ccb4b
sources/http_captures/dprk-usdt-network-ofac-2025/asset-layer-check/usdtbanlist.com__address-THHb5iMAbZgQYY19h6uY66y5xt6e11gcZC.html,http_captures,dprk-usdt-network-ofac-2025,html,52767,447fe0d31664cb909bd544f21dd2f08a7fc4de3646be19087fa09b2983052a21
sources/http_captures/dprk-usdt-network-ofac-2025/asset-layer-check/usdtbanlist.com__address-THUqqeevBQS3EYordDJKwp8DLFknesnfCD.html,http_captures,dprk-usdt-network-ofac-2025,html,52705,b7d7ca2c933ffe9a25d62c0d6f28baf775ba6db05856ad5f387dd2c4fa4f686e
sources/http_captures/dprk-usdt-network-ofac-2025/asset-layer-check/usdtbanlist.com__address-THob8vRrpDybXeqZDj8ukQhMjJVJ5nCbTW.html,http_captures,dprk-usdt-network-ofac-2025,html,52595,d15edd02504f272d69a9c7b9e1c82d5208f2f0b48cab24de22838edcd65dfacd
sources/http_captures/dprk-usdt-network-ofac-2025/asset-layer-check/usdtbanlist.com__address-TJ812KESWjzJZGEWBPFCu74Js5zQS7jN5A.html,http_captures,dprk-usdt-network-ofac-2025,html,52767,8865343a3fcb90b16b9cd7db0ed026d0a90425e6a84addf7901a0c6695b083fa
sources/http_captures/dprk-usdt-network-ofac-2025/asset-layer-check/usdtbanlist.com__address-TJBg9SxwiUUoqJGk18vK9avxkuV8GrKMK7.html,http_captures,dprk-usdt-network-ofac-2025,html,52767,da5fde40b6fda94b9772c7a6afe74998dc6b9e811a226622c2b76166bba3151c
sources/http_captures/dprk-usdt-network-ofac-2025/asset-layer-check/usdtbanlist.com__address-TLRMHPjLGXsVpD9RVzSfat6zDiVDrd4b4w.html,http_captures,dprk-usdt-network-ofac-2025,html,51257,7d64d59f095aba0068722a943d50c3413d3d818a60ac0993c7be3b3ad94e05e4
sources/http_captures/dprk-usdt-network-ofac-2025/asset-layer-check/usdtbanlist.com__address-TMECKT19hfumcK3KqQKbhxkn1ohyeR58xu.html,http_captures,dprk-usdt-network-ofac-2025,html,54043,8de67db67da9c4934641651892141ed9ed856d0207c4c6f70b6de8f0963ded7e
sources/http_captures/dprk-usdt-network-ofac-2025/asset-layer-check/usdtbanlist.com__address-TMgnRWb9xFMtktny9Lzty21QYLLQD93ft6.html,http_captures,dprk-usdt-network-ofac-2025,html,53981,f0cb7995dd718b5cdb54331323f8fa6b0b01428823eed37b9cca0635d6b551f9
sources/http_captures/dprk-usdt-network-ofac-2025/asset-layer-check/usdtbanlist.com__address-TMiSGhXXVsvJzqwGbwAsGiFxWg2eALZoM5.html,http_captures,dprk-usdt-network-ofac-2025,html,52810,4e6482798aa94f5d3029cc2c8172e7746892213fcd7d8bb8adcd07ba2fb6413e
sources/http_captures/dprk-usdt-network-ofac-2025/asset-layer-check/usdtbanlist.com__address-TPF9UQhqpV18BPWg5xo6MeB3h8t4iEg9gP.html,http_captures,dprk-usdt-network-ofac-2025,html,52810,f57df0743dccedccd9df7081ea371d0bcd46cd10f99f1f5d3e2cca1e7545e516
sources/http_captures/dprk-usdt-network-ofac-2025/asset-layer-check/usdtbanlist.com__address-TPPR7e8hGC57dexrE2jy1f94wtuGyVP6Dp.html,http_captures,dprk-usdt-network-ofac-2025,html,52533,342ee6fc6b35a6c7fbc323e8776a6ff1f5fb646846c5e0baf8c1ede345dfa908
sources/http_captures/dprk-usdt-network-ofac-2025/asset-layer-check/usdtbanlist.com__address-TPcUZYthDfxNsHQnZZGBM1BDNBeNSjfPZE.html,http_captures,dprk-usdt-network-ofac-2025,html,52810,762ac2d2024d5e4380f1df054ad3903707d2077ac9e8531c9c137ba44d17659c
sources/http_captures/dprk-usdt-network-ofac-2025/asset-layer-check/usdtbanlist.com__address-TPo3JyryRcQ3uhBWexeYhtkpMitsUwY4uB.html,http_captures,dprk-usdt-network-ofac-2025,html,52705,fd9017d01fc47e3974f76e8de7b43bc6bbfe68b96fdcc1a9788634c4dfe891da
sources/http_captures/dprk-usdt-network-ofac-2025/asset-layer-check/usdtbanlist.com__address-TQKQ4ntejdYYJpuYkFz8oCSDoXW6RKRDdY.html,http_captures,dprk-usdt-network-ofac-2025,html,52750,398db4a5883b06a66424a3c820d841f7b9e768c9e4aaea21a178ba91b89a4810
sources/http_captures/dprk-usdt-network-ofac-2025/asset-layer-check/usdtbanlist.com__address-TQthYM5nLqwAEr6DScC8tRtw29ncEB53mK.html,http_captures,dprk-usdt-network-ofac-2025,html,51257,ca9d368a3126fe22b2cc9c3309a487dccfdc5c166d104d01538c7d240f19ddf3
sources/http_captures/dprk-usdt-network-ofac-2025/asset-layer-check/usdtbanlist.com__address-TR18rEj7gWjKBJLYrowyfnvjWLTTsXGngK.html,http_captures,dprk-usdt-network-ofac-2025,html,52705,d64310626535d16600a892f11fcdaba33490e44b55574de9239f4c752fd88716
sources/http_captures/dprk-usdt-network-ofac-2025/asset-layer-check/usdtbanlist.com__address-TRkGqvaobVp4XDNmSceRo5hDcJYDTFmYjd.html,http_captures,dprk-usdt-network-ofac-2025,html,52748,e0022e093684c762e3dcec23e4812222dc1363e71516b9028d8b80b04e8070a1
sources/http_captures/dprk-usdt-network-ofac-2025/asset-layer-check/usdtbanlist.com__address-TTUqoT6EAmiM1xLvwVwxhjvjaoEUGtKDdZ.html,http_captures,dprk-usdt-network-ofac-2025,html,52748,e6e2a72f681d4313a42b8513882ea09501479e363bb51062f0d53073b1e0d1cf
sources/http_captures/dprk-usdt-network-ofac-2025/asset-layer-check/usdtbanlist.com__address-TTct1DezYvriNWU7Wi3mygLoskkaw61mra.html,http_captures,dprk-usdt-network-ofac-2025,html,52748,03293d458148a04df3fad026b952c91f17f227f209bb293502039c0cf98cdbe6
sources/http_captures/dprk-usdt-network-ofac-2025/asset-layer-check/usdtbanlist.com__address-TTzMs5AR66jr9mQMkWfCHVwd3AiLLYPepQ.html,http_captures,dprk-usdt-network-ofac-2025,html,51300,5d12de726db61377c084678f7d85e4acd8936cb0a10dba452526cb7cf69f2a3a
sources/http_captures/dprk-usdt-network-ofac-2025/asset-layer-check/usdtbanlist.com__address-TUKsuPVb8kgJVFp5x528KC5HisUVdzxami.html,http_captures,dprk-usdt-network-ofac-2025,html,51300,007b89a3412892915bba9436f1d423b3c3ef991e7467640dcb534c81d4e91dc8
sources/http_captures/dprk-usdt-network-ofac-2025/asset-layer-check/usdtbanlist.com__address-TVDsEFm19zLV8HeXdt6G75rLroxnp6uqpV.html,http_captures,dprk-usdt-network-ofac-2025,html,52705,488060ceb05e0becc4b211fcd25b09ef6313751ffbadc80ea4be1e5d783699eb
sources/http_captures/dprk-usdt-network-ofac-2025/asset-layer-check/usdtbanlist.com__address-TVu2SiQrWSnfwk8quAeDxfiaLy6FHzYkMA.html,http_captures,dprk-usdt-network-ofac-2025,html,52705,0e399cb111a831a7beb59c741086c785fc13d64b8d23b8323b3e74e8d9e501a4
sources/http_captures/dprk-usdt-network-ofac-2025/asset-layer-check/usdtbanlist.com__address-TVyiDQ25H6Rx6PcNV1WyjGasGSa8ehj1Uv.html,http_captures,dprk-usdt-network-ofac-2025,html,52750,34e2792e7a5e5b3f3b798f7d58c28fd14ca4a00b8d01ec2aef800f649b5e9094
sources/http_captures/dprk-usdt-network-ofac-2025/asset-layer-check/usdtbanlist.com__address-TW3RgbhYkFEFnmRJ9mE9b83T9XYSMkjwuD.html,http_captures,dprk-usdt-network-ofac-2025,html,51317,51ee3423c1072d56a6cc33952691d5f5981ddf1e636207bca1a5592c780c1a9b
sources/http_captures/dprk-usdt-network-ofac-2025/asset-layer-check/usdtbanlist.com__address-TWwv8FQiES3yHGig7y3zJWYuPaZfSV3vmY.html,http_captures,dprk-usdt-network-ofac-2025,html,52748,444ce63a465a737c1a7ae40673be6d6267aed36aef912d8610b3c624c01a3c93
sources/http_captures/dprk-usdt-network-ofac-2025/asset-layer-check/usdtbanlist.com__address-TXFUYHVJMDyKikutvCG6qNgTUS5pxtZhHs.html,http_captures,dprk-usdt-network-ofac-2025,html,52748,50ac788be83b99c929d76c1097b9f788d46896f99f075754446eb22aa9d5db5b
sources/http_captures/dprk-usdt-network-ofac-2025/asset-layer-check/usdtbanlist.com__address-TXc4kRiMEcdXRxWpSKkD5qKaARExN4uxPq.html,http_captures,dprk-usdt-network-ofac-2025,html,51257,661cfd7d79ef5b35cbe541f1facd71e2441fe5c5b315e760a713fa375df14591
sources/http_captures/dprk-usdt-network-ofac-2025/asset-layer-check/usdtbanlist.com__address-TYD6a4PAAfAgegEdDf9oZUnW4DFmS8jeFT.html,http_captures,dprk-usdt-network-ofac-2025,html,52705,c9c34d85cc5e632823f75d8ee0945c67992cafbf888ef49c0648bd171b89e671
sources/http_captures/dprk-usdt-network-ofac-2025/asset-layer-check/usdtbanlist.com__address-TYK29mbyvVxLaLUKdFSTRADMwoxaVbVZQg.html,http_captures,dprk-usdt-network-ofac-2025,html,52705,ca5313f52a41954a0df8b7e3344f0806560ca7be00935efb84b67c524b20fb8d
sources/http_captures/dprk-usdt-network-ofac-2025/asset-layer-check/usdtbanlist.com__address-TYxwUhoLPF7AgfG9GaXFEp8CQi8K8KG1m3.html,http_captures,dprk-usdt-network-ofac-2025,html,52767,9accd0e6c66d1e8c89b09a842eebde676b22b13363c4f94c44da4aca1f931852
sources/http_captures/dprk-usdt-network-ofac-2025/asset-layer-check/usdtbanlist.com__address-TYxwUhoLPF7AgfG9GaXFEp8CQi8K8KG1m3__f1f6804eff.html,http_captures,dprk-usdt-network-ofac-2025,html,52810,200f60acba98b02da2d51134a4d5b8b731d571ebde3c95bea99402e52462300b
sources/http_captures/dprk-usdt-network-ofac-2025/asset-layer-check/usdtbanlist.com__address-TYxwUhoLPF7AgfG9GaXFEp8CQi8K8KG1m3__f1f6804eff.json,http_captures,dprk-usdt-network-ofac-2025,json,1753,4f5ef420a76ebc4ab60bdac76d0953fc0fad9a0e52fb85a7ca4985544508ae77
sources/http_captures/dprk-usdt-network-ofac-2025/ofac-recent-actions/manifest.json,http_captures,dprk-usdt-network-ofac-2025,json,2158,d4198faaf1f1321aeb7ee7e8905ae42750c0d71d9f0dc0fe056fb0eeb1b99c86
sources/http_captures/dprk-usdt-network-ofac-2025/ofac-recent-actions/ofac.treasury.gov__recent-actions-20251104__f087ecdd9f.html,http_captures,dprk-usdt-network-ofac-2025,html,50557,bb2182e7e64bdcbf5af219ac2475a0ccd8981024d9681675fa9c748dc4694ad7
sources/http_captures/dprk-usdt-network-ofac-2025/ofac-recent-actions/ofac.treasury.gov__recent-actions-20251104__f087ecdd9f.json,http_captures,dprk-usdt-network-ofac-2025,json,1836,3040e08d9331455ebacf14ca05922ad0f1c8a94024fd65873efe63152a0a819f
sources/http_captures/eu-12th-russia-sanctions-2023/primary/eur-lex.europa.eu__eli-reg-2023-2878-oj__9901ec8fd4.html,http_captures,eu-12th-russia-sanctions-2023,html,2732993,aa4399798ed8607a097ada66115d43cc2a6e79f0c85fcf2f1a23222d1df6cd7b
sources/http_captures/eu-12th-russia-sanctions-2023/primary/eur-lex.europa.eu__eli-reg-2023-2878-oj__9901ec8fd4.json,http_captures,eu-12th-russia-sanctions-2023,json,1894,90e478240d33c6f444909223348949e101cee5eb71ca15544456bcd5fe14a51a
sources/http_captures/eu-12th-russia-sanctions-2023/primary/manifest.json,http_captures,eu-12th-russia-sanctions-2023,json,2111,c48d730bf72e82915ec3b1723d0b9ce369c318e84765189e15257db2b8d8d415
sources/http_captures/eu-mica-2023/primary/eur-lex.europa.eu__eli-reg-2023-1114-oj__2fcc7e5369.html,http_captures,eu-mica-2023,html,1948117,07e4a5574cc57713ecd12cb3d214843d916a5efc8919e67afc744ef5d35129a1
sources/http_captures/eu-mica-2023/primary/eur-lex.europa.eu__eli-reg-2023-1114-oj__2fcc7e5369.json,http_captures,eu-mica-2023,json,1863,9a871dee9744e430a4c43b7673b88739acd6c0e199e3568bbfc4977cf5383d0e
sources/http_captures/eu-mica-2023/primary/manifest.json,http_captures,eu-mica-2023,json,2080,cc1d8f7f88130826738c45df8c57948cd4764a7ee3ac8cbe3c5b484226341b85
sources/http_captures/funnull-cdn-ofac-2025/asset-layer-check/usdtbanlist.com__address-0xd5ED34b52AC4ab84d8FA8A231a3218bbF01Ed510.html,http_captures,funnull-cdn-ofac-2025,html,55816,f08903f1350623e05457f8a561321c8aa3c88ccd71ec04d522c72a00e473a890
sources/http_captures/funnull-cdn-ofac-2025/asset-layer-check/usdtbanlist.com__address-TNmRfnSUXZoWWzxcDDbf95eGQYXt1mJDt8.html,http_captures,funnull-cdn-ofac-2025,html,54251,8e1729352a755bc5c63efc300f58068bed63e03aa533c507ab7acb408266e9d2
sources/http_captures/funnull-cdn-ofac-2025/ofac-recent-actions/manifest.json,http_captures,funnull-cdn-ofac-2025,json,2013,e22b054e988b7d7820054a32810c3dc775845ec5fc6b37d44c1ddab439f4f7f5
sources/http_captures/funnull-cdn-ofac-2025/ofac-recent-actions/ofac.treasury.gov__recent-actions-20250529__bf3d7f6173.html,http_captures,funnull-cdn-ofac-2025,html,39606,4c139e31ffb1c6979e073bd9329234447d50085c09f87dea2879f54555537fe5
sources/http_captures/funnull-cdn-ofac-2025/ofac-recent-actions/ofac.treasury.gov__recent-actions-20250529__bf3d7f6173.json,http_captures,funnull-cdn-ofac-2025,json,1691,db1427433bd0eaa2765353a563b6be98cbc7fac63cf87bf90e03c18a1ec6ba3b
sources/http_captures/garantex-ofac-2022/backfill-1.3/home.treasury.gov__news-press-releases-jy0701__1d13c92377.html,http_captures,garantex-ofac-2022,html,134619,0dfef579a81b5d191a82e76f2be1fedec10dbf1192665d69584501cee46f22cd
sources/http_captures/garantex-ofac-2022/backfill-1.3/home.treasury.gov__news-press-releases-jy0701__1d13c92377.json,http_captures,garantex-ofac-2022,json,1978,acb96697bf046bec217961e0eeaace3f4181a9bc69a91a8f64c93a7dff7b8099
sources/http_captures/garantex-ofac-2022/backfill-1.3/manifest.json,http_captures,garantex-ofac-2022,json,4268,00e5271d1059b57a972e415f9ba9910f8616897be78a31f29efddd9113bde651
sources/http_captures/garantex-ofac-2022/backfill-1.3/ofac.treasury.gov__recent-actions-20220405__594c05f6bc.html,http_captures,garantex-ofac-2022,html,47817,540aea9310913b96971bd7351997b4acdc869ca53b9f5c1b94914c3385d3dcc1
sources/http_captures/garantex-ofac-2022/backfill-1.3/ofac.treasury.gov__recent-actions-20220405__594c05f6bc.json,http_captures,garantex-ofac-2022,json,1695,b15379b69f72cd0b6003cad2dd01a5124d928d404a4858181ce6be485374251e
sources/http_captures/grinex-garantex-successor-ofac-2025/asset-layer-check/usdtbanlist.com__address-TAYhjpL8pPs8T84FSM329nffQpc6jD8GBM.html,http_captures,grinex-garantex-successor-ofac-2025,html,54022,b035c13a23c2cce841cfb8ed9dd83e72e4f3c2c0afc2ee1c5df901a6ecbca9f9
sources/http_captures/grinex-garantex-successor-ofac-2025/asset-layer-check/usdtbanlist.com__address-TC8axQvzJEVR3NKN6mZnJtGy7537GEmh38.html,http_captures,grinex-garantex-successor-ofac-2025,html,52789,b3627756930222c327cea84fb956fc38a271ab7970c1375d98abb431a08511ad
sources/http_captures/grinex-garantex-successor-ofac-2025/asset-layer-check/usdtbanlist.com__address-TCFD8N3vM5b4Gr5f1kkajQsodRVNyyAq1d.html,http_captures,grinex-garantex-successor-ofac-2025,html,54022,7af18d8a30bbe67829d679bfe9eee84f9c11c8672ae8a660d00249ee00218309
sources/http_captures/grinex-garantex-successor-ofac-2025/asset-layer-check/usdtbanlist.com__address-TEcuHDQthTmULe8fFLUccBPpjfXaTmJuuD.html,http_captures,grinex-garantex-successor-ofac-2025,html,52789,8fefebb2f63b187bcbba62c237b37971a0235c0478d2fb1d25039f5808c2c36d
sources/http_captures/grinex-garantex-successor-ofac-2025/asset-layer-check/usdtbanlist.com__address-TFwjPScaJRCbSWVAywE1S1WgaUgSnyYUbD.html,http_captures,grinex-garantex-successor-ofac-2025,html,54022,2286b2f3999045bf4e50528fb8c0171cccc2f6703119272935fc17745f53dc3d
sources/http_captures/grinex-garantex-successor-ofac-2025/asset-layer-check/usdtbanlist.com__address-TGckaiamj5NzaYx6Qp6Zu7kahuHArzUo99.html,http_captures,grinex-garantex-successor-ofac-2025,html,52746,4011f771f413e0ea885108eced343180a0ed6efc0fed3455d4c8962a84394509
sources/http_captures/grinex-garantex-successor-ofac-2025/asset-layer-check/usdtbanlist.com__address-TJkBr9TZ1xBeJoF7RNWqyEMbYqVJ6fXXHR.html,http_captures,grinex-garantex-successor-ofac-2025,html,52789,88fc00e19edd7f4f9f8201db3c54222a619001ea15c7421f56b70aad08e0a46e
sources/http_captures/grinex-garantex-successor-ofac-2025/asset-layer-check/usdtbanlist.com__address-TL1k1U6SHohxBqb68kCodxHc9y2LXoDSep.html,http_captures,grinex-garantex-successor-ofac-2025,html,52746,4a62dfb63efd7c8c024b781e8668bd435371f3bb10efff5d03515b9fb8618035
sources/http_captures/grinex-garantex-successor-ofac-2025/asset-layer-check/usdtbanlist.com__address-TMuCgBejD5RsNANZdjGtaM3YyKGNgDoy7N.html,http_captures,grinex-garantex-successor-ofac-2025,html,52799,d9573fd1c1ae0976d4033cc6d12dfff3dc74a5c0450e94e322b6f5c78971758b
sources/http_captures/grinex-garantex-successor-ofac-2025/asset-layer-check/usdtbanlist.com__address-TNDjh6WGLYyWmkh8vfu42bXVHUqFNQ3rDq.html,http_captures,grinex-garantex-successor-ofac-2025,html,52746,297ccf5fa1e47004b784a490a99548f0d71a54520f110ebc314ba9c4615e7446
sources/http_captures/grinex-garantex-successor-ofac-2025/asset-layer-check/usdtbanlist.com__address-TNZxGWCwvsHr6JxQxzoeDXV597Yf7Zb7nV.html,http_captures,grinex-garantex-successor-ofac-2025,html,52746,a0491cd38210b9538b910c0b1aa75eb548a74b5015510f7becf56d5218bbe81c
sources/http_captures/grinex-garantex-successor-ofac-2025/ofac-recent-actions/manifest.json,http_captures,grinex-garantex-successor-ofac-2025,json,2135,bbde52e73314d24e3198a8ac267b3f51ba3b577e3e64c130cd1479a82e15305b
sources/http_captures/grinex-garantex-successor-ofac-2025/ofac-recent-actions/ofac.treasury.gov__recent-actions-20250814__4cb08c46f7.html,http_captures,grinex-garantex-successor-ofac-2025,html,49633,60cd8ebfaa899001aefcfdaf456c1ace5e356d2c677390ac53f53017dbe7b2ce
sources/http_captures/grinex-garantex-successor-ofac-2025/ofac-recent-actions/ofac.treasury.gov__recent-actions-20250814__4cb08c46f7.json,http_captures,grinex-garantex-successor-ofac-2025,json,1813,128aa196d6f665156ff4955b0f335c69976e7e0a555db7cf92352f0a5496c5be
sources/http_captures/hydra-doj-2022/doj-press-release/manifest.json,http_captures,hydra-doj-2022,json,2156,85a962b8a651d95eed80b0e78e62f80585f676dc9a5aef456b80fcdbeeb669c5
sources/http_captures/hydra-doj-2022/doj-press-release/www.justice.gov__archives-opa-pr-justice-department-investigation-leads-takedown-darknet-cryptocurrency-exchange__b53b192404.html,http_captures,hydra-doj-2022,html,2932,04412881444d534db3586f344013b86fa9482a492a22a930a1511c451c2e3819
sources/http_captures/hydra-doj-2022/doj-press-release/www.justice.gov__archives-opa-pr-justice-department-investigation-leads-takedown-darknet-cryptocurrency-exchange__b53b192404.json,http_captures,hydra-doj-2022,json,1987,6d6c120fc6fe51aec994388f28cc583a1e5b4a146fa362f1d4805f0054dd667b
sources/http_captures/hydra-ofac-2022/backfill-1.3/home.treasury.gov__news-press-releases-jy0701__1d13c92377.html,http_captures,hydra-ofac-2022,html,134618,c89cf47b10bfcbc59e21337ede7ffbe862daadee7544b32f927aab1778d0e398
sources/http_captures/hydra-ofac-2022/backfill-1.3/home.treasury.gov__news-press-releases-jy0701__1d13c92377.json,http_captures,hydra-ofac-2022,json,1971,5846c6ac27e4ebc503904eac928f8fc5e0b91b9e52a4472d7eac66abb5c0b704
sources/http_captures/hydra-ofac-2022/backfill-1.3/manifest.json,http_captures,hydra-ofac-2022,json,4257,f312b0db9d6ec2c1b34edae09f89c4c56a133bc6898ebd685fb18b56ad9f5059
sources/http_captures/hydra-ofac-2022/backfill-1.3/ofac.treasury.gov__recent-actions-20220405__594c05f6bc.html,http_captures,hydra-ofac-2022,html,47817,ec142cf1769df2bcd14d092b808673b0c5f2d3d643d0cc4590d76aafc3cb87ec
sources/http_captures/hydra-ofac-2022/backfill-1.3/ofac.treasury.gov__recent-actions-20220405__594c05f6bc.json,http_captures,hydra-ofac-2022,json,1691,0e57908950de492c64d68d6749cb4dc83e41985f467174c4d2cb0ab24517fabf
sources/http_captures/india-rbi-crypto-ban-2018/rbi-circular/manifest.json,http_captures,india-rbi-crypto-ban-2018,json,2295,b3bb32e56fea182713663724ecf0e16095e15ba00b20c0e95d068dd251dd0e60
sources/http_captures/india-rbi-crypto-ban-2018/rbi-circular/rbidocs.rbi.org.in__rdocs-notification-PDFs-NOTI15465B741A10B0E45E896C62A9C83AB938F.PDF__be75532d01.html,http_captures,india-rbi-crypto-ban-2018,html,45284,d06e4b01c74822b7a395308abc8820016abf95f64c12dca5b4c02ed58c228fd9
sources/http_captures/india-rbi-crypto-ban-2018/rbi-circular/rbidocs.rbi.org.in__rdocs-notification-PDFs-NOTI15465B741A10B0E45E896C62A9C83AB938F.PDF__be75532d01.json,http_captures,india-rbi-crypto-ban-2018,json,1980,42266b3c49dd6fc968e2637f63cf880f760555ddf820ec93c6449ce3d39d1b4b
sources/http_captures/iran-ransomware-ofac-2018/frontend-wayback/manifest.json,http_captures,iran-ransomware-ofac-2018,json,3624,91e225d04c7dab630429e52c8b43f6b11cef378468f32d8a39f7ca9f34d1de73
sources/http_captures/iran-ransomware-ofac-2018/frontend-wayback/web.archive.org__web-20181123094507-http-enexchanger.com__cf3a7b8821.html,http_captures,iran-ransomware-ofac-2018,html,150957,dcb7c6e97a55aba3e84245fe4bbff63e4255e33eff0e2feb5f682cab834dd1a7
sources/http_captures/iran-ransomware-ofac-2018/frontend-wayback/web.archive.org__web-20181123094507-http-enexchanger.com__cf3a7b8821.json,http_captures,iran-ransomware-ofac-2018,json,1631,f1315d4f7c9afdf6628fcc69d72fe054004e48256b344f29e9dea605f36e0720
sources/http_captures/iran-ransomware-ofac-2018/frontend-wayback/web.archive.org__web-20181212063124-http-www.enexchanger.com__b9cb6763bc.html,http_captures,iran-ransomware-ofac-2018,html,150973,85842344f112567e6cb7de348a9b3343957a448154d327b14e50eb14966450f2
sources/http_captures/iran-ransomware-ofac-2018/frontend-wayback/web.archive.org__web-20181212063124-http-www.enexchanger.com__b9cb6763bc.json,http_captures,iran-ransomware-ofac-2018,json,1647,99fbbeacc4187e7f6cc0b67b5870a520a10acda68676074da8adbdd89072ab99
sources/http_captures/iran-ransomware-ofac-2018/ofac-recent-actions/manifest.json,http_captures,iran-ransomware-ofac-2018,json,2063,b89d1379f9e0501f45519b4af2c7146a2002174527457b72ac031a445cc995d7
sources/http_captures/iran-ransomware-ofac-2018/ofac-recent-actions/ofac.treasury.gov__recent-actions-20181128__d39d4e5882.html,http_captures,iran-ransomware-ofac-2018,html,40106,cd4dc480fb0a3659458f82d30e107a61fb1059f933464d43472c228fe4bc4c40
sources/http_captures/iran-ransomware-ofac-2018/ofac-recent-actions/ofac.treasury.gov__recent-actions-20181128__d39d4e5882.json,http_captures,iran-ransomware-ofac-2018,json,1741,56623783a4b8837b5d6f8d3085aa087cbb09fa5c917bbe5320d83833f42d69a1
sources/http_captures/irgc-ransomware-ofac-2022/ofac-recent-actions/manifest.json,http_captures,irgc-ransomware-ofac-2022,json,2047,cf7391c664b44c39cd5dae02097b61ad22702596c529b5369db68772c60cbfcd
sources/http_captures/irgc-ransomware-ofac-2022/ofac-recent-actions/ofac.treasury.gov__recent-actions-20220914__66d8577259.html,http_captures,irgc-ransomware-ofac-2022,html,43521,07f9e6b2bc857376834c2188f539a03aeb009ef55a20e7e313d34cdc8d0c7b2d
sources/http_captures/irgc-ransomware-ofac-2022/ofac-recent-actions/ofac.treasury.gov__recent-actions-20220914__66d8577259.json,http_captures,irgc-ransomware-ofac-2022,json,1725,eaf9c316962d46b401390ed3a73414a377369c87dff3941fc88313c9ae82bce4
sources/http_captures/korea-travel-rule-2022/primary/manifest.json,http_captures,korea-travel-rule-2022,json,1254,d6bd3aaaae8dc8a265cad38fbfe94f83a9a9fdef373c936b16e76e862b6ad8bb
sources/http_captures/korea-travel-rule-2022/primary/www.fsc.go.kr__eng-pr010101__a21609a3b9.html,http_captures,korea-travel-rule-2022,html,76225,3cd314107092a3609e78b723dc98e4ba7ce140bbb683b5be94a4459c8bb5cbe4
sources/http_captures/korea-travel-rule-2022/primary/www.fsc.go.kr__eng-pr010101__a21609a3b9.json,http_captures,korea-travel-rule-2022,json,1085,da5cf698aa29620f0286678e239203ba0b8a92ce66a33b094efda6fd0d3fa353
sources/http_captures/kraken-sec-staking-2023/primary/blog.kraken.com__news-settlement__d26530fc20.html,http_captures,kraken-sec-staking-2023,html,87039,5ee3db50eb12a5d305663c016587b0b3be2c94fbb4e6da470b31101dbeddf41e
sources/http_captures/kraken-sec-staking-2023/primary/blog.kraken.com__news-settlement__d26530fc20.json,http_captures,kraken-sec-staking-2023,json,1602,d960974debba9ad4a5d35835c1bc1331068c4ffb2c3a77065ca949c847357710
sources/http_captures/kraken-sec-staking-2023/primary/manifest.json,http_captures,kraken-sec-staking-2023,json,3741,abfdc7180c0e6611c7f449de78dba4b45c8437c4d8e84ad818166ebde7ee0fce
sources/http_captures/kraken-sec-staking-2023/primary/www.sec.gov__newsroom-press-releases-2023-25__60bb01826e.html,http_captures,kraken-sec-staking-2023,html,65261,dbcde40b85e3ff9d67c56327cfa5144cb2177688e67541bf1c706097719c3bb2
sources/http_captures/kraken-sec-staking-2023/primary/www.sec.gov__newsroom-press-releases-2023-25__60bb01826e.json,http_captures,kraken-sec-staking-2023,json,1797,5e89eb21c25e336b3eb387e75e40e42f212cb62aa47ef086fd9ed6852b87109d
sources/http_captures/lazarus-entity-ofac-2019/ofac-recent-actions/manifest.json,http_captures,lazarus-entity-ofac-2019,json,1940,d096fb856963a47b3efe3cd30b4fc97430916c5ca0f5f3723f0682ea6a0414b6
sources/http_captures/lazarus-entity-ofac-2019/ofac-recent-actions/ofac.treasury.gov__recent-actions-20190913__1d08e1f7ab.html,http_captures,lazarus-entity-ofac-2019,html,39384,7c57efc7805c34000026f6ee9374609f5e69212a7655743e20cfcbc5c5c5440b
sources/http_captures/lazarus-entity-ofac-2019/ofac-recent-actions/ofac.treasury.gov__recent-actions-20190913__1d08e1f7ab.json,http_captures,lazarus-entity-ofac-2019,json,1731,53f84480e3c22b1c35bb0c3beb42a0a4a54055e39426e16a3b1e2c8d7120fc3c
sources/http_captures/lazarus-laundering-ofac-2020/ofac-recent-actions/manifest.json,http_captures,lazarus-laundering-ofac-2020,json,2086,211f1229d1ffc3a5dce0b3aa7bb82639951048573126f26e9a737012b6950c5a
sources/http_captures/lazarus-laundering-ofac-2020/ofac-recent-actions/ofac.treasury.gov__recent-actions-20200302__65d2ac091f.html,http_captures,lazarus-laundering-ofac-2020,html,43230,52785ac24ed108c94962601d6957ba440702bc7eafc4b816dc02a41246b927b3
sources/http_captures/lazarus-laundering-ofac-2020/ofac-recent-actions/ofac.treasury.gov__recent-actions-20200302__65d2ac091f.json,http_captures,lazarus-laundering-ofac-2020,json,1764,ac525812cb4041a8b5e08a1c27427be5d12ea5f0c1a7ca9c697559e559f29fbd
sources/http_captures/lockbit-affiliates-ofac-2024/asset-layer-check/usdtbanlist.com__address-0xf3701f445b6bdafedbca97d1e477357839e4120d.html,http_captures,lockbit-affiliates-ofac-2024,html,55829,1a004d4c1d397b1a2d0e7dcd2b2bdd08c1b8cc5338619f755e0059a639690acf
sources/http_captures/lockbit-affiliates-ofac-2024/ofac-recent-actions/manifest.json,http_captures,lockbit-affiliates-ofac-2024,json,2024,4358238e04e4873e7ca68bce860d96c1f9f6e9f1ae9b9cee005c4d59560f4206
sources/http_captures/lockbit-affiliates-ofac-2024/ofac-recent-actions/ofac.treasury.gov__recent-actions-20240220__ece0e9f7ef.html,http_captures,lockbit-affiliates-ofac-2024,html,41885,c01b2472ae47003d8af55e03b97c445166bb1e359cc5861617035241ce0b2bbe
sources/http_captures/lockbit-affiliates-ofac-2024/ofac-recent-actions/ofac.treasury.gov__recent-actions-20240220__ece0e9f7ef.json,http_captures,lockbit-affiliates-ofac-2024,json,1702,f19ee6d863ce2356b5d240e717ca61d0abbdb4b6d240b2d9d1d94bc2343cc4ab
sources/http_captures/lockbit-leader-ofac-2024/ofac-recent-actions/manifest.json,http_captures,lockbit-leader-ofac-2024,json,2019,dde9e94971e2adcd42e4f9e33537cd99e410fc658c7131d836e1271d57e31c6c
sources/http_captures/lockbit-leader-ofac-2024/ofac-recent-actions/ofac.treasury.gov__recent-actions-20240507__04a826f9a2.html,http_captures,lockbit-leader-ofac-2024,html,38741,ad9801e6a24a935db2ad1619e78e79d6cccb851c98bf312cbaf774e3f992d07e
sources/http_captures/lockbit-leader-ofac-2024/ofac-recent-actions/ofac.treasury.gov__recent-actions-20240507__04a826f9a2.json,http_captures,lockbit-leader-ofac-2024,json,1697,6fd63c23e83001963b00a63827329e05458c663dbcc2230ac1bc1a01d9af02cd
sources/http_captures/matveev-ofac-2023/ofac-recent-actions/manifest.json,http_captures,matveev-ofac-2023,json,2005,3774c702cea9790e8e532e8e1579beeb211c59da3d148a4aafc86d3a13389eca
sources/http_captures/matveev-ofac-2023/ofac-recent-actions/ofac.treasury.gov__recent-actions-20230516__215bc3f851.html,http_captures,matveev-ofac-2023,html,38633,b6786db721a64066b90f9d3e975cf7ca67440ab122ec338efd67a53850327b1c
sources/http_captures/matveev-ofac-2023/ofac-recent-actions/ofac.treasury.gov__recent-actions-20230516__215bc3f851.json,http_captures,matveev-ofac-2023,json,1683,d7b2d25284a8cc4cc7860297aa4e097d00f8a3b3d746d19b03e2a12d76d4d773
sources/http_captures/nigeria-cbn-crypto-ban-2021/cbn-circular/manifest.json,http_captures,nigeria-cbn-crypto-ban-2021,json,3017,afdda2e87a72483bbc749d939230926347c2be4ac88cfc2f1b1608f8f0528a08
sources/http_captures/nigeria-cbn-crypto-ban-2021/cbn-circular/web.archive.org__web-20210206000000-cbn.gov.ng-Out-2021-CCD-Letter-20on-20Crypto.pdf__2011f1b9f7.html,http_captures,nigeria-cbn-crypto-ban-2021,html,154679,711f689c4e6c1996a8d46aba16dae4f322d8b226a76c177cbc181f9a740aa0b1
sources/http_captures/nigeria-cbn-crypto-ban-2021/cbn-circular/web.archive.org__web-20210206000000-cbn.gov.ng-Out-2021-CCD-Letter-20on-20Crypto.pdf__2011f1b9f7.json,http_captures,nigeria-cbn-crypto-ban-2021,json,1654,a924885f33fe63eea56035a6f0415d8366b82715d1ea29cca32f3d495eb63fce
sources/http_captures/nigeria-cbn-crypto-ban-2021/cbn-circular/web.archive.org__web-20210208014230-https-www.cbn.gov.ng-Out-2021-CCD-Letter-20on-20Crypto.pdf__7b84a24e69.html,http_captures,nigeria-cbn-crypto-ban-2021,html,9528,2e556124d8d4dfe65ac1747ef31d9732dd13f09fdc60506baa8e2cd7df232a19
sources/http_captures/nigeria-cbn-crypto-ban-2021/cbn-circular/web.archive.org__web-20210208014230-https-www.cbn.gov.ng-Out-2021-CCD-Letter-20on-20Crypto.pdf__7b84a24e69.json,http_captures,nigeria-cbn-crypto-ban-2021,json,2812,a587e0cb203afbab705f7139b6e0bb2e2d9865ea1dd02518f64f82560600b143
sources/http_captures/nydfs-bitlicense-2015-06/primary/manifest.json,http_captures,nydfs-bitlicense-2015-06,json,2820,9187578268414b829bb9866cfd188cf03c8a2394fa2ede66381869ad48a2959a
sources/http_captures/nydfs-bitlicense-2015-06/primary/web.archive.org__web-2015-dfs.ny.gov-legal-regulations-adoptions-dfsp200t.pdf__0078a706e4.html,http_captures,nydfs-bitlicense-2015-06,html,145163,99f33bcdfbded61726f1e9f9d4cfb9e1dc49b0b84afcdbff49a515e591a98836
sources/http_captures/nydfs-bitlicense-2015-06/primary/web.archive.org__web-2015-dfs.ny.gov-legal-regulations-adoptions-dfsp200t.pdf__0078a706e4.json,http_captures,nydfs-bitlicense-2015-06,json,1599,8cb408e7849eacc956bc789e30e2cf04963bc1352ac36083f5b1f5132c5c0f02
sources/http_captures/nydfs-bitlicense-2015-06/primary/web.archive.org__web-20150604135045-http-www.dfs.ny.gov-legal-regulations-adoptions-dfsp200t.pdf__7978129838.html,http_captures,nydfs-bitlicense-2015-06,html,11226,29a6135cfaa79e3f97309b3b5ae5f1d233cc22f0c3b5d7d2b3291adf16b997f1
sources/http_captures/nydfs-bitlicense-2015-06/primary/web.archive.org__web-20150604135045-http-www.dfs.ny.gov-legal-regulations-adoptions-dfsp200t.pdf__7978129838.json,http_captures,nydfs-bitlicense-2015-06,json,2615,fee2b7cf0d4e9670cb8f20348078441564fc596adf50d475daab1b8219117636
sources/http_captures/nydfs-bitlicense-2015-06/primary/web.archive.org__web-20150624000000-dfs.ny.gov-legal-regulations-adoptions-dfsp200t.pdf__9a07403df3.html,http_captures,nydfs-bitlicense-2015-06,html,145162,08601a80a242f9f171eca6713c45aedeeb53005993f8ac43069969370073fdc1
sources/http_captures/nydfs-bitlicense-2015-06/primary/web.archive.org__web-20150624000000-dfs.ny.gov-legal-regulations-adoptions-dfsp200t.pdf__9a07403df3.json,http_captures,nydfs-bitlicense-2015-06,json,1639,2dbaf4ca76244a8d828feea69c8db7210775ea07a6f061f4c5fe06768df7061a
sources/http_captures/nydfs-bitlicense-2015-06/primary/web.archive.org__web-20150624185700-http-www.dfs.ny.gov-legal-regulations-adoptions-dfsp200t.pdf__9cdd3b05ce.html,http_captures,nydfs-bitlicense-2015-06,html,10949,7d4466c1677c5a2a66fc5b3fcffbe18a15e4940518c0c392d39d4890b085c2ae
sources/http_captures/nydfs-bitlicense-2015-06/primary/web.archive.org__web-20150624185700-http-www.dfs.ny.gov-legal-regulations-adoptions-dfsp200t.pdf__9cdd3b05ce.json,http_captures,nydfs-bitlicense-2015-06,json,2801,0c083e3187b60cc941e56e45e117f46e1724271115854e095a10900813c61bc7
sources/http_captures/nydfs-bitlicense-2015-06/primary/www.dfs.ny.gov__virtual_currency_businesses__5189ee98fc.html,http_captures,nydfs-bitlicense-2015-06,html,87053,940ca14140db1a229fa29f8a3653e3a03879d8efe448667c62769dbdb5c08955
sources/http_captures/nydfs-bitlicense-2015-06/primary/www.dfs.ny.gov__virtual_currency_businesses__5189ee98fc.json,http_captures,nydfs-bitlicense-2015-06,json,2057,23bde32ef7f5d8f263ed2b2159ad30a42c30cf52f6932ce9fd8c364ba51db147
sources/http_captures/nydfs-bitlicense-2015-06/secondary/manifest.json,http_captures,nydfs-bitlicense-2015-06,json,8016,eed2ac7a20d1c90e0f6f75fc11a51a53522e90cfa656a03c8aa60add426837fd
sources/http_captures/nydfs-bitlicense-2015-06/secondary/web.archive.org__web-2015-blog.kraken.com-post-253-farewell-new-york__eba3d3d3d6.html,http_captures,nydfs-bitlicense-2015-06,html,145163,efe42aa2de90259a554e10d9498e3fbea19de6ffdb93bf026023caf804aa175d
sources/http_captures/nydfs-bitlicense-2015-06/secondary/web.archive.org__web-2015-blog.kraken.com-post-253-farewell-new-york__eba3d3d3d6.json,http_captures,nydfs-bitlicense-2015-06,json,1567,43034cfac0a685a9e6d2d53aa14f6244af6a8582b8309616fd08343a7e2e0805
sources/http_captures/nydfs-bitlicense-2015-06/secondary/web.archive.org__web-2015-shapeshift.io-blog__b25d6b6e12.html,http_captures,nydfs-bitlicense-2015-06,html,145162,b5ff3c42220c530740ebe78be3c60c96a17d8a40723e36dae1b3c99ab7c0fef1
sources/http_captures/nydfs-bitlicense-2015-06/secondary/web.archive.org__web-2015-shapeshift.io-blog__b25d6b6e12.json,http_captures,nydfs-bitlicense-2015-06,json,1471,b0819c22f5df2be6e934866943996374a4616fd9bd774de712bffb582d16d034
sources/http_captures/nydfs-bitlicense-2015-06/secondary/web.archive.org__web-2015-www.bitfinex.com__143858a1c9.html,http_captures,nydfs-bitlicense-2015-06,html,145162,663275c6d3d1c7f023c4961507deafab5d6976b0f0248c15be05f7e88b071b3f
sources/http_captures/nydfs-bitlicense-2015-06/secondary/web.archive.org__web-2015-www.bitfinex.com__143858a1c9.json,http_captures,nydfs-bitlicense-2015-06,json,1465,cb8395f01189beb13e8bc3052965d7a4adf2c7d4e4b40522a338487e729b9f16
sources/http_captures/nydfs-bitlicense-2015-06/secondary/web.archive.org__web-20150626040443-http-shapeshift.io-blog__bcfb1cd55c.html,http_captures,nydfs-bitlicense-2015-06,html,79776,313dd02f8f36e73df73d7ad7f2ead045cc059d48fd6178db460a4d83dce6abf4
sources/http_captures/nydfs-bitlicense-2015-06/secondary/web.archive.org__web-20150626040443-http-shapeshift.io-blog__bcfb1cd55c.json,http_captures,nydfs-bitlicense-2015-06,json,3742,0d2e394706b6b11bb0b845b325154b4ebddb09a4cd34e36929320a87f7f13d36
sources/http_captures/nydfs-bitlicense-2015-06/secondary/web.archive.org__web-20150810000000-https-blog.kraken.com-post-253-farewell-new-york__d8055ca470.html,http_captures,nydfs-bitlicense-2015-06,html,142516,dff65ad51adc9d64da224948155bd4959c1303139045e037a721d5a853d97192
sources/http_captures/nydfs-bitlicense-2015-06/secondary/web.archive.org__web-20150810000000-https-blog.kraken.com-post-253-farewell-new-york__d8055ca470.json,http_captures,nydfs-bitlicense-2015-06,json,3784,ee7f5801597a79402ba92a6550543785d455b36b7e419a2ed8c4f0ce20f79560
sources/http_captures/pertsev-nl-arrest-2022/primary/manifest.json,http_captures,pertsev-nl-arrest-2022,json,2762,07524622cc8c76cd053bca2bde928b667c4b0949eb748092938de6255d2ba1f9
sources/http_captures/pertsev-nl-arrest-2022/primary/www.fiod.nl__arrest-of-suspected-developer-of-tornado-cash__85a8894c8d.html,http_captures,pertsev-nl-arrest-2022,html,72109,213fa9ac504b216e4522420e3a8308b9983d521acdb2d7342d147931c5f279cb
sources/http_captures/pertsev-nl-arrest-2022/primary/www.fiod.nl__arrest-of-suspected-developer-of-tornado-cash__85a8894c8d.json,http_captures,pertsev-nl-arrest-2022,json,2573,593a0d8dfa982251924ae32e7ffd7bf45fed2674965491019f9da5f8705f39f3
sources/http_captures/powell-unlicensed-bitcoin-exchange-2014/primary/www.justice.gov__usao-cdil-pr-mclean-county-man__wayback_20141210__primary.html,http_captures,powell-unlicensed-bitcoin-exchange-2014,html,56073,b78a3318ac70cd09fe1a0b1ba5458d7c2ba6ba8a10892b337724d1b3f2b7cef1
sources/http_captures/ripple-fincen-xrp-2015/primary/manifest.json,http_captures,ripple-fincen-xrp-2015,json,4478,e6f02f82467c52d14744f9d80cb7d703cc56780a0131d64645d5a1f8ad34f580
sources/http_captures/ripple-fincen-xrp-2015/primary/www.fincen.gov__news-news-releases-fincen-fines-ripple-labs-inc-first-civil-enforcement-action-against-virtual__5fd00ced6f.html,http_captures,ripple-fincen-xrp-2015,html,36354,d2d4e482f4de604c69a45dab779b29cb72933f8bdd6b77124255d8582e202f8c
sources/http_captures/ripple-fincen-xrp-2015/primary/www.fincen.gov__news-news-releases-fincen-fines-ripple-labs-inc-first-civil-enforcement-action-against-virtual__5fd00ced6f.json,http_captures,ripple-fincen-xrp-2015,json,1992,6b5c721887f1c96398ba5337e46e211a50f876110454f4d274da2d6f7cb481ad
sources/http_captures/ripple-fincen-xrp-2015/primary/www.justice.gov__usao-ndca-pr-ripple-labs-inc-resolves-criminal-investigation__b6061d36f1.html,http_captures,ripple-fincen-xrp-2015,html,2919,066ed416eec851a73a57a8d20af7152539cee1b7728844f62e96114b19dcfb8e
sources/http_captures/ripple-fincen-xrp-2015/primary/www.justice.gov__usao-ndca-pr-ripple-labs-inc-resolves-criminal-investigation__b6061d36f1.json,http_captures,ripple-fincen-xrp-2015,json,1843,a107700f142eda0f9de7adcbcc858fe4f71f938d17369907848cf982d530f0fa
sources/http_captures/russia-election-interference-ofac-2020/asset-layer-check/usdtbanlist.com__address-0x8576acc5c05d6ce88f4e49bf65bdf0c62f91353c.html,http_captures,russia-election-interference-ofac-2020,html,55784,eb18a808c950839bcd99569230708f68b0fbe8f85c8950deb587d45f9ce44c7b
sources/http_captures/russia-election-interference-ofac-2020/asset-layer-check/usdtbanlist.com__address-0x901bb9583b24d97e995513c6778dc6888ab6870e.html,http_captures,russia-election-interference-ofac-2020,html,55784,20837c17edd081b5988efb870b1db757d483892ac6a03348b16f27b37fa5f17d
sources/http_captures/russia-election-interference-ofac-2020/ofac-recent-actions/manifest.json,http_captures,russia-election-interference-ofac-2020,json,2124,55e1ca967210850862cef6a2cde2d43b586fcac647a1f7187c8ad507e53ef075
sources/http_captures/russia-election-interference-ofac-2020/ofac-recent-actions/ofac.treasury.gov__recent-actions-20200910__733f4c16cb.html,http_captures,russia-election-interference-ofac-2020,html,41778,a29b443ab573d519e2fceb7c7b2b51e60f3ed9d6322b04f8f9e985ad2355d4ef
sources/http_captures/russia-election-interference-ofac-2020/ofac-recent-actions/ofac.treasury.gov__recent-actions-20200910__733f4c16cb.json,http_captures,russia-election-interference-ofac-2020,json,1802,8cd4cef8fd6b00f88de9eed0161d6e20bd94ab54e392fd5430e3d7a5e28dae19
sources/http_captures/russian-cyber-theft-ofac-2020/asset-layer-check/usdtbanlist.com__address-0x7F367cC41522cE07553e823bf3be79A889DEbe1B.html,http_captures,russian-cyber-theft-ofac-2020,html,57060,e70b6cff009eeed8e85496ba730d07734a2664a5d95a6d7863bd81dc3fd83815
sources/http_captures/russian-cyber-theft-ofac-2020/asset-layer-check/usdtbanlist.com__address-0xd882cfc20f52f2599d84b8e8d58c7fb62cfe344b.html,http_captures,russian-cyber-theft-ofac-2020,html,55827,3242f21ffc6d0052323d94b6ba90e0de379d38f91f87a0890dc66aa5c19cf259
sources/http_captures/russian-cyber-theft-ofac-2020/ofac-recent-actions/manifest.json,http_captures,russian-cyber-theft-ofac-2020,json,2027,fae1091b05caadf47843d62018d64ed7277558820ac8cf3e863754c6a502f304
sources/http_captures/russian-cyber-theft-ofac-2020/ofac-recent-actions/ofac.treasury.gov__recent-actions-20200916__183a1e9b84.html,http_captures,russian-cyber-theft-ofac-2020,html,39562,0683b60f1923123a2ee05c76a9fbad6b2e46665acaefc93366f8d2f0eb522cbd
sources/http_captures/russian-cyber-theft-ofac-2020/ofac-recent-actions/ofac.treasury.gov__recent-actions-20200916__183a1e9b84.json,http_captures,russian-cyber-theft-ofac-2020,json,1705,9ed59a0d2f316dee5a4c2694a312ca7db4df7c3c0839167cf45c6cc485732952
sources/http_captures/russian-cybercrime-infra-ofac-2025/ofac-recent-actions/manifest.json,http_captures,russian-cybercrime-infra-ofac-2025,json,2131,3545db9ca27d3955d711203b7878993b900ba066c69bad5748406c01b21c54c4
sources/http_captures/russian-cybercrime-infra-ofac-2025/ofac-recent-actions/ofac.treasury.gov__recent-actions-20251119__70ef558d9d.html,http_captures,russian-cybercrime-infra-ofac-2025,html,44830,46e63807771652434207876bb2ff300d532b707b8b26197c50570a3146372b46
sources/http_captures/russian-cybercrime-infra-ofac-2025/ofac-recent-actions/ofac.treasury.gov__recent-actions-20251119__70ef558d9d.json,http_captures,russian-cybercrime-infra-ofac-2025,json,1809,ea5e635c1b2c98a0449f93c1a3adf194364b50b259bc03c8fe601d90875cfe22
sources/http_captures/samourai-doj-2024/doj-press-release/manifest.json,http_captures,samourai-doj-2024,json,2195,f8f91e389e6407c9c2debfd742bc6d8d05c5f430bb31d6017d47e65bbcb3d5f0
sources/http_captures/samourai-doj-2024/doj-press-release/www.justice.gov__usao-sdny-pr-founders-and-ceo-cryptocurrency-mixing-service-arrested-and-charged-money-laundering__9bf8c90adc.html,http_captures,samourai-doj-2024,html,2934,4c0bb4581d4e022a235ec932d484403bea011d5379d4686eed71d7138f4fd833
sources/http_captures/samourai-doj-2024/doj-press-release/www.justice.gov__usao-sdny-pr-founders-and-ceo-cryptocurrency-mixing-service-arrested-and-charged-money-laundering__9bf8c90adc.json,http_captures,samourai-doj-2024,json,1978,88c90ef55ffff0c28f8944820a05e4feffb18b4c08bfb89279b7351c26b4b897
sources/http_captures/samourai-doj-2024/frontend-wayback/manifest.json,http_captures,samourai-doj-2024,json,7321,901ac59154286a9faa5cd008f94941819f6952904f2809571ca30fa3b25c3f51
sources/http_captures/samourai-doj-2024/frontend-wayback/web.archive.org__web-20240420204321-https-www.samouraiwallet.com__ab4c6f88eb.html,http_captures,samourai-doj-2024,html,32986,10b358ebf1fa5fd1768a464d367281d6c55e2a8f97496c0254b84af212607c38
sources/http_captures/samourai-doj-2024/frontend-wayback/web.archive.org__web-20240420204321-https-www.samouraiwallet.com__ab4c6f88eb.json,http_captures,samourai-doj-2024,json,3333,278056a71147dd70f1289dadad561b35141c7bb0429f0fb7b9168a6845935150
sources/http_captures/samourai-doj-2024/frontend-wayback/web.archive.org__web-20240424193938-https-samouraiwallet.com__5a0a26a311.html,http_captures,samourai-doj-2024,html,272637,ee99adbaa188036ca0ad5929e509c229acb2b804c55b24cb81f6ec2978502f2d
sources/http_captures/samourai-doj-2024/frontend-wayback/web.archive.org__web-20240424193938-https-samouraiwallet.com__5a0a26a311.json,http_captures,samourai-doj-2024,json,3542,ec5d5e930af610db079b05d6ec1eb52469db0362761bae846a5b6009eabb2d97
sources/http_captures/sec-beaxy-platform-shutdown-2023/primary/manifest.json,http_captures,sec-beaxy-platform-shutdown-2023,json,3519,527497034c75e613e3df2ff3cd02c920bf51e784c57a3efe55cbc20c418629fe
sources/http_captures/sec-beaxy-platform-shutdown-2023/primary/www.sec.gov__files-litigation-complaints-2023-comp-pr2023-64.pdf__34db79071e.bin,http_captures,sec-beaxy-platform-shutdown-2023,bin,224388,e46031492fe74d5513616cbfd9b0a06311a9067d3af69ef11981aeee9eeaed33
sources/http_captures/sec-beaxy-platform-shutdown-2023/primary/www.sec.gov__files-litigation-complaints-2023-comp-pr2023-64.pdf__34db79071e.json,http_captures,sec-beaxy-platform-shutdown-2023,json,1378,bd9342277cb7d3bc553d0d21b331e7c01edc475458435b4bc033914d5f937617
sources/http_captures/sec-beaxy-platform-shutdown-2023/primary/www.sec.gov__newsroom-press-releases-2023-64__47268803d6.html,http_captures,sec-beaxy-platform-shutdown-2023,html,67359,67f588f1cdc68c76bfe1a131bcc7b00a8e1e98e67ca8565f087d62e3a7cee7bb
sources/http_captures/sec-beaxy-platform-shutdown-2023/primary/www.sec.gov__newsroom-press-releases-2023-64__47268803d6.json,http_captures,sec-beaxy-platform-shutdown-2023,json,1807,8beb325d8607f61237c98abaa7eaad59658a24fff2bd656191320c1a9052a4ec
sources/http_captures/sec-v-binance-2023/platform-response/economictimes.indiatimes.com__tech-technology-binance-us-suspends-usd-deposits-pausing-fiat-withdrawal-channels-articleshow-100864787.cms__72a26e1a4a.html,http_captures,sec-v-binance-2023,html,613469,f2eb659cacdbca534d25960d5866928800e49734d672ad659ec528c8c1c8fe02
sources/http_captures/sec-v-binance-2023/platform-response/economictimes.indiatimes.com__tech-technology-binance-us-suspends-usd-deposits-pausing-fiat-withdrawal-channels-articleshow-100864787.cms__72a26e1a4a.json,http_captures,sec-v-binance-2023,json,3257,c487120a93b8da9aff203b0d4eca38ddc4f43e95da93f82e55da67476fd771d2
sources/http_captures/sec-v-binance-2023/platform-response/manifest.json,http_captures,sec-v-binance-2023,json,8004,006d884c4c7da21ab34edc9483f766d14f94b4f31c422c11679b9f8238cae7a4
sources/http_captures/sec-v-binance-2023/platform-response/support.binance.us__en-articles-9843567-binance-us-will-remove-select-usd-advanced-trading-pairs__852a151d2b.html,http_captures,sec-v-binance-2023,html,84916,3a20f9c26f640caba0b9e3ec228a43abc60793521137dbec563d310af8431ecb
sources/http_captures/sec-v-binance-2023/platform-response/support.binance.us__en-articles-9843567-binance-us-will-remove-select-usd-advanced-trading-pairs__852a151d2b.json,http_captures,sec-v-binance-2023,json,4941,95be227b1b4f87f82b1d67180575268f8e70b8219b4cec4d65a8ece23e47f584
sources/http_captures/sec-v-binance-2023/platform-response/support.binance.us__en-articles-9843568-binance-us-will-remove-10-trading-pairs-has-paused-otc-trading-updated__0e03a1e712.html,http_captures,sec-v-binance-2023,html,88493,e6d1292db455dc6a8680637449cc8a05dbf11c63618da8770937b88bcdc588e6
sources/http_captures/sec-v-binance-2023/platform-response/support.binance.us__en-articles-9843568-binance-us-will-remove-10-trading-pairs-has-paused-otc-trading-updated__0e03a1e712.json,http_captures,sec-v-binance-2023,json,5015,755dd37e94e8b6a5613e980088e6df88588099b48a152391aec721e6f83f6c07
sources/http_captures/sec-v-binance-2023/platform-response/www.theguardian.com__business-2023-jun-09-binanceus-prepares-to-suspend-us-dollar-deposits-and-withdrawals-from-exchange__57c8dce343.html,http_captures,sec-v-binance-2023,html,321637,c29283b567f98d5a4f2d5ecd3ed1e188c4baa391269023c347aa85f4cf794189
sources/http_captures/sec-v-binance-2023/platform-response/www.theguardian.com__business-2023-jun-09-binanceus-prepares-to-suspend-us-dollar-deposits-and-withdrawals-from-exchange__57c8dce343.json,http_captures,sec-v-binance-2023,json,4361,5e56cff074ea8258e410aed53a3bda0c7bfa8b09c4d680f533e498a27e0b24e3
sources/http_captures/sec-v-binance-2023/primary/manifest.json,http_captures,sec-v-binance-2023,json,1963,7d11ee267dc0da606bd2428ce410cc0fe1ff3a64142d2888a7efda545e6fe062
sources/http_captures/sec-v-binance-2023/primary/www.sec.gov__news-press-release-2023-101__a38c3e222c.html,http_captures,sec-v-binance-2023,html,69334,f1aeedd40346f555c3f35fd5efe781d1d1e2cbe3751c8f1e79f49481ca826665
sources/http_captures/sec-v-binance-2023/primary/www.sec.gov__news-press-release-2023-101__a38c3e222c.json,http_captures,sec-v-binance-2023,json,1750,e679160015b5fa6c685c62a83236c2fbc8f2939e372b4c1b983c0a3506356179
sources/http_captures/sec-v-bittrex-2023/platform-response/manifest.json,http_captures,sec-v-bittrex-2023,json,4127,a004607d3be93839b5f763195790054ad0f62372ed4d7bf50628f18133228457
sources/http_captures/sec-v-bittrex-2023/platform-response/web.archive.org__web-20230331224349-https-bittrex.zendesk.com-hc-en-us-articles-10080271948701__061683ac94.html,http_captures,sec-v-bittrex-2023,html,53700,a75e689c3b0a2b1355c813fb1e64e7a84dbb66aef318c12b0d76f2363f63001b
sources/http_captures/sec-v-bittrex-2023/platform-response/web.archive.org__web-20230331224349-https-bittrex.zendesk.com-hc-en-us-articles-10080271948701__061683ac94.json,http_captures,sec-v-bittrex-2023,json,3822,19b6177b6a645246720291eeaa1541d64cb71ee1adb94cc6f0c65bf524299ec9
sources/http_captures/sec-v-bittrex-2023/platform-response/web.archive.org__web-20230401230357-https-bittrex.com__36cff035c3.html,http_captures,sec-v-bittrex-2023,html,69826,79af4c0fce77e3b0202b68df72b651be95b5b7a369adc15c538645cb855037a6
sources/http_captures/sec-v-bittrex-2023/platform-response/web.archive.org__web-20230401230357-https-bittrex.com__36cff035c3.json,http_captures,sec-v-bittrex-2023,json,3852,d087e5cdaf16085f37b83a887009a5ef9ebf2d4b8f26092b873b3d70a7ad0614
sources/http_captures/sec-v-bittrex-2023/primary/manifest.json,http_captures,sec-v-bittrex-2023,json,1514,7744558a62cdd1c79e638bd7c3e4ab2c7a37bef9025114d468f5fa91e3ab4a91
sources/http_captures/sec-v-bittrex-2023/primary/www.sec.gov__litigation-complaints-2023-comp-pr2023-78.pdf__7d9d537543.bin,http_captures,sec-v-bittrex-2023,bin,1074868,289268cccf208638f62642fa5e7c36ee18b79eae19dd051c74c78068540cb2aa
sources/http_captures/sec-v-bittrex-2023/primary/www.sec.gov__litigation-complaints-2023-comp-pr2023-78.pdf__7d9d537543.json,http_captures,sec-v-bittrex-2023,json,1333,92a60bbc9b805e1a0572bc9ca74ac2752e074f72c8789fab2162d26e86680fea
sources/http_captures/sec-v-bittrex-2023/primary/www.sec.gov__news-press-release-2023-78__8f8cebb461.html,http_captures,sec-v-bittrex-2023,html,66497,0972b223df1e70a3ed0e7878a412f78b44d5d178097da04938d37aef9505568a
sources/http_captures/sec-v-bittrex-2023/primary/www.sec.gov__news-press-release-2023-78__8f8cebb461.json,http_captures,sec-v-bittrex-2023,json,1742,56d5c4170b71b0d6ddcf45d65b2c0f3a72df56de17071c7d7da852f0a09c00a8
sources/http_captures/sec-v-coinbase-2023/platform-response/manifest.json,http_captures,sec-v-coinbase-2023,json,13382,04331f72ac3b45026a6fc43017047802629627959fae9d433dabf57bfa52740f
sources/http_captures/sec-v-coinbase-2023/platform-response/www.coinbase.com__en-br-legal-sec-enforcement-docket__5a2c7c37de.html,http_captures,sec-v-coinbase-2023,html,1447519,5c7837ebabfbe5554817e14790b1de0c95abda49bb286b9839b910ebfa6d3bdc
sources/http_captures/sec-v-coinbase-2023/platform-response/www.coinbase.com__en-br-legal-sec-enforcement-docket__5a2c7c37de.json,http_captures,sec-v-coinbase-2023,json,11290,e3917119a2c924b1b054f26646b856cf1480cad49227f740fbac898fbd84f127
sources/http_captures/sec-v-coinbase-2023/platform-response/www.coinbase.com__en-ca-blog-why-we-stand-by-staking__c655f5d8a8.html,http_captures,sec-v-coinbase-2023,html,370636,90b5347eccdde2b60faa6097865251cc86e387e6ff04dbedf59f0dddd7d752cb
sources/http_captures/sec-v-coinbase-2023/platform-response/www.coinbase.com__en-ca-blog-why-we-stand-by-staking__c655f5d8a8.json,http_captures,sec-v-coinbase-2023,json,11260,b0eeadbc74a9488039060c1620c7fde769420fa5dacd7598d799b96be508da2f
sources/http_captures/sec-v-coinbase-2023/platform-response/www.sec.gov__Archives-edgar-data-1679788-000167978823000106-coin-20230630.htm__fc0eb009da.html,http_captures,sec-v-coinbase-2023,html,2855750,9ebcd65594f67d94e777a94f3427915d1161f72c2b28a24451592835de770f1b
sources/http_captures/sec-v-coinbase-2023/platform-response/www.sec.gov__Archives-edgar-data-1679788-000167978823000106-coin-20230630.htm__fc0eb009da.json,http_captures,sec-v-coinbase-2023,json,1615,7ed7bd6c4537c32b4697a6bb545c0f1bc244e1cd731a43e1b4ed21f2f65336cb
sources/http_captures/sec-v-coinbase-2023/primary/manifest.json,http_captures,sec-v-coinbase-2023,json,1928,d792b7c6ed8dbc0012e4fe7392de82bb955b9f3a64f8ea6120e3d4d4b5177f5d
sources/http_captures/sec-v-coinbase-2023/primary/www.sec.gov__news-press-release-2023-102__783dc1be7f.html,http_captures,sec-v-coinbase-2023,html,66116,63c2b4104f2509b022f0154b51f5a2444139d54d1292b3b35d06b7dbe6abc747
sources/http_captures/sec-v-coinbase-2023/primary/www.sec.gov__news-press-release-2023-102__783dc1be7f.json,http_captures,sec-v-coinbase-2023,json,1715,3a2c540a22f695b9bea691d92d0af00566851df7664f998daf0f758b6e715d1d
sources/http_captures/sec-v-uniswap-wells-notice-2024/primary/blog.uniswap.org__fighting-for-defi__2b28cd4e31.html,http_captures,sec-v-uniswap-wells-notice-2024,html,190917,19c7774af50f60cb0acf14edd8a3784ca199301e257bd6e3fd436c2960913638
sources/http_captures/sec-v-uniswap-wells-notice-2024/primary/blog.uniswap.org__fighting-for-defi__2b28cd4e31.json,http_captures,sec-v-uniswap-wells-notice-2024,json,2105,18b4cc6bdc94683d0eff0419bb53d7ce0ca30800eabaa291870f38bbed7ed124
sources/http_captures/sec-v-uniswap-wells-notice-2024/primary/manifest.json,http_captures,sec-v-uniswap-wells-notice-2024,json,1873,a8c440bc86d44854b35ee7f9108d7b495ed4fdc36652194ed138c3de31e2c162
sources/http_captures/sec-v-uniswap-wells-notice-2024/primary/www.sec.gov__newsroom-press-releases__17015ee9c7.html,http_captures,sec-v-uniswap-wells-notice-2024,html,95466,0723d2cb0d308353d4a0584a49bedf28fe6c0ebe9179d2b758c5651fabb2374a
sources/http_captures/sec-v-uniswap-wells-notice-2024/primary/www.sec.gov__newsroom-press-releases__17015ee9c7.json,http_captures,sec-v-uniswap-wells-notice-2024,json,1656,58b04f605de97587a54984858b859f9a846bad8db88bc33961d432028d1af8c5
sources/http_captures/semenov-ofac-2023/asset-layer-check/usdtbanlist.com__address-0x43fa21d92141BA9db43052492E0DeEE5aa5f0A93.html,http_captures,semenov-ofac-2023,html,55827,f61b000c0d33c7d2c8094af44eb65f8ece4829b9831c16ae107c916c3a1718e0
sources/http_captures/semenov-ofac-2023/asset-layer-check/usdtbanlist.com__address-0x5a7a51bfb49f190e5a6060a5bc6052ac14a3b59f.html,http_captures,semenov-ofac-2023,html,55784,0f3a4cec2ccdaf155d4a933b0fa87bbfa3d64f236634e3f1212c40dd5c3d6f0a
sources/http_captures/semenov-ofac-2023/asset-layer-check/usdtbanlist.com__address-0x5f48c2a71b2cc96e3f0ccae4e39318ff0dc375b2.html,http_captures,semenov-ofac-2023,html,55784,6833d7cd624f27e6ddbdaff5a7d4f382bf2cce21d6426c879c8c918c51e9af70
sources/http_captures/semenov-ofac-2023/asset-layer-check/usdtbanlist.com__address-0x6be0ae71e6c41f2f9d0d1a3b8d0f75e6f6a0b46e.html,http_captures,semenov-ofac-2023,html,55784,78fcf696b3e00c93e59332098378b37b6a09444cb359c397c983d8edd6303e38
sources/http_captures/semenov-ofac-2023/asset-layer-check/usdtbanlist.com__address-0x797d7ae72ebddcdea2a346c1834e04d1f8df102b.html,http_captures,semenov-ofac-2023,html,55827,038c11bbec71fb52ca5f92e730ad911250444fed2f259f855ddd16eb8eb91ad1
sources/http_captures/semenov-ofac-2023/asset-layer-check/usdtbanlist.com__address-0x931546D9e66836AbF687d2bc64B30407bAc8C568.html,http_captures,semenov-ofac-2023,html,57120,6d31a1681fa9597bca47bde02be0ff06f87e61e9ecff830e1ee98b232600404b
sources/http_captures/semenov-ofac-2023/asset-layer-check/usdtbanlist.com__address-0xdcbEfFBECcE100cCE9E4b153C4e15cB885643193.html,http_captures,semenov-ofac-2023,html,55796,97e7b3eb0f6a9761d6e46e76f38aaffebd81f30bb363c47b53443019461d95e2
sources/http_captures/semenov-ofac-2023/asset-layer-check/usdtbanlist.com__address-0xed6e0a7e4ac94d976eebfb82ccf777a3c6bad921.html,http_captures,semenov-ofac-2023,html,55863,c9a1ccba057347d4b23b7e66e8c83dbdc1bd03d91c4253382a592737a07dd377
sources/http_captures/semenov-ofac-2023/ofac-recent-actions/manifest.json,http_captures,semenov-ofac-2023,json,2176,e4d71e23e0123ac2f286ce4bb6425129e55181419870f9a54cae5a6234447659
sources/http_captures/semenov-ofac-2023/ofac-recent-actions/ofac.treasury.gov__recent-actions-20230823__371ac1b7ba.html,http_captures,semenov-ofac-2023,html,43281,e737ce9ccd1c0df53d103f6bd89836357112eddc8cf1df504d522a4189cce02a
sources/http_captures/semenov-ofac-2023/ofac-recent-actions/ofac.treasury.gov__recent-actions-20230823__371ac1b7ba.json,http_captures,semenov-ofac-2023,json,1854,1e91c2f5c43e2a86dfbc44bf3ef9c144ec064a227520928f1c5a8d619d49d50f
sources/http_captures/sichuan-silence-ofac-2024/ofac-recent-actions/manifest.json,http_captures,sichuan-silence-ofac-2024,json,2019,6e152e2d956acea22c8f6a8adba4bec67b1ac8fc12f876230323ed0c965eaff2
sources/http_captures/sichuan-silence-ofac-2024/ofac-recent-actions/ofac.treasury.gov__recent-actions-20241210__856b917cb9.html,http_captures,sichuan-silence-ofac-2024,html,38964,959ccd0526adb6bd66d8d75daedf3b1701ee7f818f8f6220ef3d7f427bcc1437
sources/http_captures/sichuan-silence-ofac-2024/ofac-recent-actions/ofac.treasury.gov__recent-actions-20241210__856b917cb9.json,http_captures,sichuan-silence-ofac-2024,json,1697,2bf51a2a62a1066dc542c24fd29d50011c5e9486e9284ad25398a4cc10f087b3
sources/http_captures/silk-road-doj-seizure-2013/primary/manifest.json,http_captures,silk-road-doj-seizure-2013,json,2176,904a9a2bdb1b0e69053fed036ed8ed52be0edc456f8d494fc1137078deb6d4b8
sources/http_captures/silk-road-doj-seizure-2013/primary/www.justice.gov__usao-sdny-pr-manhattan-us-attorney-announces-seizure-additional-28-million-worth-bitcoins-belonging__53580512e8.html,http_captures,silk-road-doj-seizure-2013,html,3062,dfb6515605619b7582aa3a4964ad88dc2c9eefc322224c73004e641e8e17c104
sources/http_captures/silk-road-doj-seizure-2013/primary/www.justice.gov__usao-sdny-pr-manhattan-us-attorney-announces-seizure-additional-28-million-worth-bitcoins-belonging__53580512e8.json,http_captures,silk-road-doj-seizure-2013,json,2007,9bdceb93d475347f5e3089ad889751d31301623ea2c720cbf82e6edf83977924
sources/http_captures/silk-road-doj-seizure-2013/wayback_doj_press_snapshot/manifest.json,http_captures,silk-road-doj-seizure-2013,json,3998,090362e228545d50b32c85944213a887e656e65636ac144a6828ad593df831e3
sources/http_captures/silk-road-doj-seizure-2013/wayback_doj_press_snapshot/web.archive.org__web-20131005034400-http-www.justice.gov-usao-nys-pressreleases-October13-SilkRoadSeizurePR.php__8bd95fcf2e.html,http_captures,silk-road-doj-seizure-2013,html,51983,15991a51631d63b80e58e271b4ea3c0457d1f3fc073ef38344b7c5c154e5ea61
sources/http_captures/silk-road-doj-seizure-2013/wayback_doj_press_snapshot/web.archive.org__web-20131005034400-http-www.justice.gov-usao-nys-pressreleases-October13-SilkRoadSeizurePR.php__8bd95fcf2e.json,http_captures,silk-road-doj-seizure-2013,json,3753,6e8a2632ecc610e6a8098ec6f3454042d855b73706762d1ca79f2757d982fd4f
sources/http_captures/silk-road-doj-seizure-2013/wayback_seizure_banner/manifest.json,http_captures,silk-road-doj-seizure-2013,json,4149,ec7972b90e7b18d0d1acd9dd6a090b4e28d407c32aae346084904e7dd2222bf1
sources/http_captures/silk-road-doj-seizure-2013/wayback_seizure_banner/web.archive.org__web-20131003130000-http-silkroadmarket.org__dc22e516cd.html,http_captures,silk-road-doj-seizure-2013,html,34950,52dbf3406dac80addb1f9b9d3235a7307cac655d05b5d1911c8db350ae4ecdb6
sources/http_captures/silk-road-doj-seizure-2013/wayback_seizure_banner/web.archive.org__web-20131003130000-http-silkroadmarket.org__dc22e516cd.json,http_captures,silk-road-doj-seizure-2013,json,3876,c8dae5acf8be0a81d7ad4c97e64962ba54b0583ed78e23320b290fdd06873cf8
sources/http_captures/sinbad-ofac-2023/frontend-wayback/manifest.json,http_captures,sinbad-ofac-2023,json,7335,21e025fb78e089feb39d9206e633bac3e16a2e257b1cc5f199b94f30c658e8f5
sources/http_captures/sinbad-ofac-2023/frontend-wayback/web.archive.org__web-20231129232541-http-sinbad.io__a971040b77.html,http_captures,sinbad-ofac-2023,html,275379,c97c13e8e6f23839ea53e5bc2f8f7b3a69894fb6c72c4ee34f6174e1a2566ba4
sources/http_captures/sinbad-ofac-2023/frontend-wayback/web.archive.org__web-20231129232541-http-sinbad.io__a971040b77.json,http_captures,sinbad-ofac-2023,json,3408,8c00aa4157236f7a192cde04eadf7e7d79e50dfd30108612b4bb609ea7bda3b8
sources/http_captures/sinbad-ofac-2023/frontend-wayback/web.archive.org__web-20231209124309-https-sinbad.io__65c801905c.html,http_captures,sinbad-ofac-2023,html,275980,f9528eab19a8bf734e03bd9419677740b07408c22c9cbcde31a665e8ba4c83fb
sources/http_captures/sinbad-ofac-2023/frontend-wayback/web.archive.org__web-20231209124309-https-sinbad.io__65c801905c.json,http_captures,sinbad-ofac-2023,json,3473,823dee991101ea631421655a4fe664892d33170337cfa2eff7e3a458ce5eda7f
sources/http_captures/sinbad-ofac-2023/ofac-recent-actions/manifest.json,http_captures,sinbad-ofac-2023,json,2101,95f43d037e654ec235d45a07dc775390a428c545ececff238147f5e9113ad034
sources/http_captures/sinbad-ofac-2023/ofac-recent-actions/ofac.treasury.gov__recent-actions-20231129__1876f9adb5.html,http_captures,sinbad-ofac-2023,html,53452,ec3e5d7d3d5c0e7e5bc70c4241ccbcb57d329294be09724fdd736cd5ba3af850
sources/http_captures/sinbad-ofac-2023/ofac-recent-actions/ofac.treasury.gov__recent-actions-20231129__1876f9adb5.json,http_captures,sinbad-ofac-2023,json,1779,2e3c9552e0dfc23dd41349c1ebc0a845c7ef08cbe15f27a3f7bd1285688580d7
sources/http_captures/storm-semenov-doj-2023/primary/manifest.json,http_captures,storm-semenov-doj-2023,json,2104,2c6e76ee86593a668a69c340c47d0a4d11c2b1fa97c87ac92fe681d928d64dd8
sources/http_captures/storm-semenov-doj-2023/primary/www.justice.gov__usao-sdny-pr-tornado-cash-founders-charged-money-laundering-and-sanctions-violations__6b7b0d611f.html,http_captures,storm-semenov-doj-2023,html,2879,67150f102ecdf7f6cfc3ff9a0cfd1b8c97f6bba41c9ac65250dd637652e0ff34
sources/http_captures/storm-semenov-doj-2023/primary/www.justice.gov__usao-sdny-pr-tornado-cash-founders-charged-money-laundering-and-sanctions-violations__6b7b0d611f.json,http_captures,storm-semenov-doj-2023,json,1935,c8eda61a20f457778a681b86bab41cfea00c0b5e89fc35c1003c741962336c2c
sources/http_captures/suex-ofac-2021/asset-layer-check/usdtbanlist.com__address-0x19aa5fe80d33a56d56c78e82ea5e50e5d80b4dff.html,http_captures,suex-ofac-2021,html,55827,e946a8a44c3614815c900592d087e55c382e967d681383737473c72702df1cce
sources/http_captures/suex-ofac-2021/asset-layer-check/usdtbanlist.com__address-0x2f389ce8bd8ff92de3402ffce4691d17fc4f6535.html,http_captures,suex-ofac-2021,html,55784,9c3e87bbfa586aab9cd7210d967df191258b6b8e5e292170358cf440dba07a0e
sources/http_captures/suex-ofac-2021/asset-layer-check/usdtbanlist.com__address-0x308ed4b7b49797e1a98d3818bff6fe5385410370.html,http_captures,suex-ofac-2021,html,55784,e91dea9353743a06a2507275a3166b9626e40f318265eddce634240fc9833a11
sources/http_captures/suex-ofac-2021/asset-layer-check/usdtbanlist.com__address-0xe7aa314c77f4233c18c6cc84384a9247c0cf367b.html,http_captures,suex-ofac-2021,html,55827,c999a1e2e70be9470cfb7148fb087ccfdafb0721ce7bd2a1d86d22001aa15532
sources/http_captures/suex-ofac-2021/frontend-wayback/manifest.json,http_captures,suex-ofac-2021,json,7635,eed947b635c2fc5f62c364e565b2ce3d728cb1fe619dc94858dcc0e58251b465
sources/http_captures/suex-ofac-2021/frontend-wayback/web.archive.org__web-20210922000151-https-suex.io__8815f4636a.html,http_captures,suex-ofac-2021,html,21414,badaa19bd92ce63bdbeaeea803be9f3fdddb2fb6bf931e46c2a5bcb3422d819d
sources/http_captures/suex-ofac-2021/frontend-wayback/web.archive.org__web-20210922000151-https-suex.io__8815f4636a.json,http_captures,suex-ofac-2021,json,3644,093bafe701e8cd0c6edce48a3e69937946e59b9f3ccfb1fa9960c374e224de71
sources/http_captures/suex-ofac-2021/frontend-wayback/web.archive.org__web-20210926203825-https-suex.io__254492f512.html,http_captures,suex-ofac-2021,html,21416,5af7f3e4e4923ef33d22866314e406bda4665f356b42ca9fc6c9aa7b9ba6f743
sources/http_captures/suex-ofac-2021/frontend-wayback/web.archive.org__web-20210926203825-https-suex.io__254492f512.json,http_captures,suex-ofac-2021,json,3497,16bf286e3b75685616f09a1f11f2903df81174c46f88e24413606becd7f18a31
sources/http_captures/suex-ofac-2021/ofac-recent-actions/manifest.json,http_captures,suex-ofac-2021,json,2039,9d764f5f707d2913befc0507345f79148fc3e66991a45957562086dd15112d93
sources/http_captures/suex-ofac-2021/ofac-recent-actions/ofac.treasury.gov__recent-actions-20210921__f3281d8050.html,http_captures,suex-ofac-2021,html,41317,f97fd4561d582baeb726de448689d8297d45a7d12a7df59b1dcae7dcf0f02b45
sources/http_captures/suex-ofac-2021/ofac-recent-actions/ofac.treasury.gov__recent-actions-20210921__f3281d8050.json,http_captures,suex-ofac-2021,json,1717,930da289b573e44590fcf338412d8697d3f3246e5c16a5211e1f5a0924455ef1
sources/http_captures/teraexchange-cftc-bitcoin-swap-2015/primary/manifest.json,http_captures,teraexchange-cftc-bitcoin-swap-2015,json,2151,59c70a310939df9dfe2929f9a4741ef2e918886f3ba44203bd8bfe88a08f63c2
sources/http_captures/teraexchange-cftc-bitcoin-swap-2015/primary/www.cftc.gov__PressRoom-PressReleases-7240-15__5082f96e2b.html,http_captures,teraexchange-cftc-bitcoin-swap-2015,html,39630,158a1dbcad61e5cefa74c75e4f2779b13aa831e8657f4e2203ae7b28bb583d78
sources/http_captures/teraexchange-cftc-bitcoin-swap-2015/primary/www.cftc.gov__PressRoom-PressReleases-7240-15__5082f96e2b.json,http_captures,teraexchange-cftc-bitcoin-swap-2015,json,3126,5d3d5a355f525e565bfcf2ed453f5ac6cce682f1636e8eff24ea665c764b7cc2
sources/http_captures/teraexchange-cftc-bitcoin-swap-2015/primary/www.cftc.gov__PressRoom-PressReleases-pr7240-15.html__afedb0e86d.html,http_captures,teraexchange-cftc-bitcoin-swap-2015,html,39630,71adaa4b0f9ac44f8f430944e528679ae1268496400689ee9ec528dcda9b754d
sources/http_captures/teraexchange-cftc-bitcoin-swap-2015/primary/www.cftc.gov__PressRoom-PressReleases-pr7240-15.html__afedb0e86d.json,http_captures,teraexchange-cftc-bitcoin-swap-2015,json,3154,7185f752cd9e992b47b69b48e80c4ab0bf06ed158c007f275da75e0cae4bf3ab
sources/http_captures/teraexchange-cftc-bitcoin-swap-2015/primary/www.cftc.gov__idc-groups-public-lrenforcementactions-documents-legalpleading-enfteraexchangeorder92415.pdf__be2f47b647.bin,http_captures,teraexchange-cftc-bitcoin-swap-2015,bin,3812448,101633f08b454df506f01ae226361c48cb6a58f2e9e74efca05cca917c88e9c2
sources/http_captures/teraexchange-cftc-bitcoin-swap-2015/primary/www.cftc.gov__idc-groups-public-lrenforcementactions-documents-legalpleading-enfteraexchangeorder92415.pdf__be2f47b647.json,http_captures,teraexchange-cftc-bitcoin-swap-2015,json,1954,7028c85995d8d8ec986c5b6bdabd9b6dc1968b8480d7d3ec76251c03bb1910dd
sources/http_captures/tether-doj-pig-butchering-freeze-2023/primary/manifest.json,http_captures,tether-doj-pig-butchering-freeze-2023,json,2198,3536c7ba88905779f8d68da0edf71c3b042768f5a4ac16cf1c1cc6395140b627
sources/http_captures/tether-doj-pig-butchering-freeze-2023/primary/tether.to__en-tether-freezes-225-million-linked-to-international-human-trafficking-syndicate__ae3e393bc3.html,http_captures,tether-doj-pig-butchering-freeze-2023,html,117433,c37819595db98b24face1d35241c4c62a5fe0dc3fa6606450e17c25c6505c114
sources/http_captures/tether-doj-pig-butchering-freeze-2023/primary/tether.to__en-tether-freezes-225-million-linked-to-international-human-trafficking-syndicate__ae3e393bc3.json,http_captures,tether-doj-pig-butchering-freeze-2023,json,1718,7529ffa507a45419d3ebc9857eb678765e3d5d2bf0ab990297961c4dba3f9129
sources/http_captures/tether-doj-pig-butchering-freeze-2023/primary/www.justice.gov__usao-edva-pr-united-states-files-civil-forfeiture-complaint-seeking-recovery-over-112-million-crypto__3f4a45e92b.html,http_captures,tether-doj-pig-butchering-freeze-2023,html,2937,be9f63130d3a946049f43e8cb2d8a2a4bbeb0b21fcff76600646f9a141a7d9f0
sources/http_captures/tether-doj-pig-butchering-freeze-2023/primary/www.justice.gov__usao-edva-pr-united-states-files-civil-forfeiture-complaint-seeking-recovery-over-112-million-crypto__3f4a45e92b.json,http_captures,tether-doj-pig-butchering-freeze-2023,json,2029,8307c4fb1c71051bc5cf58a0f31c4e017ccb28c894da2b3a5ed14f8568e9de6b
sources/http_captures/tether-dprk-precommit-freeze-2025/asset-layer-check/usdtbanlist.com__address-TA3941uFAvmVibSkQ6fMJXxmaSNovX86mz.html,http_captures,tether-dprk-precommit-freeze-2025,html,54043,9693637837c03abf0930becfc8fb729d21ce611b0432a1726cefe07224e0b224
sources/http_captures/tether-dprk-precommit-freeze-2025/asset-layer-check/usdtbanlist.com__address-TYxwUhoLPF7AgfG9GaXFEp8CQi8K8KG1m3.html,http_captures,tether-dprk-precommit-freeze-2025,html,54043,7ea9b72ed2a5121907e52793ecb8036bfb0dc5770c27654e04c4b444c4652ce1
sources/http_captures/tether-retroactive-sweep-2023/asset-layer-check/usdtbanlist.com__address-0x19aa5fe80d33a56d56c78e82ea5e50e5d80b4dff.html,http_captures,tether-retroactive-sweep-2023,html,57060,99200cf8b32989b78d81393b359c0e08a0a10c1727dfbb9e445334510b16afe5
sources/http_captures/tether-retroactive-sweep-2023/asset-layer-check/usdtbanlist.com__address-0x2f389ce8bd8ff92de3402ffce4691d17fc4f6535.html,http_captures,tether-retroactive-sweep-2023,html,55784,9c3e87bbfa586aab9cd7210d967df191258b6b8e5e292170358cf440dba07a0e
sources/http_captures/tether-retroactive-sweep-2023/asset-layer-check/usdtbanlist.com__address-0x308ed4b7b49797e1a98d3818bff6fe5385410370.html,http_captures,tether-retroactive-sweep-2023,html,55827,b1ddaa930a3a7d5a3aaca9b7f0f99f8129cb09aa4f6182bf0a7a2245d2ca4261
sources/http_captures/tether-retroactive-sweep-2023/asset-layer-check/usdtbanlist.com__address-0x48549a34ae37b12f6a30566245176994e17c6b4a.html,http_captures,tether-retroactive-sweep-2023,html,55782,918b64cfc53e09b4e09f13d96f58bb3d70df70c1d0ce7d4ec1c608cdfdde8b6f
sources/http_captures/tether-retroactive-sweep-2023/asset-layer-check/usdtbanlist.com__address-0x5512d943ed1f7c8a43f3435c85f7ab68b30121b0.html,http_captures,tether-retroactive-sweep-2023,html,55825,0761382429898382b8867cfa326bfd49ed3997424bc2b360431d5fc2b0db817b
sources/http_captures/tether-retroactive-sweep-2023/asset-layer-check/usdtbanlist.com__address-0x67d40EE1A85bf4a4Bb7Ffae16De985e8427B6b45.html,http_captures,tether-retroactive-sweep-2023,html,55825,d28dcfcfdbe472611edd65baab2806488eeb82f42e60f78ae3369ee003c1c3f3
sources/http_captures/tether-retroactive-sweep-2023/asset-layer-check/usdtbanlist.com__address-0x6f1ca141a28907f78ebaa64fb83a9088b02a8352.html,http_captures,tether-retroactive-sweep-2023,html,55825,227343e35d9f12084103db8d5f486989addfca1462bd13e2c1a76099d9e693aa
sources/http_captures/tether-retroactive-sweep-2023/asset-layer-check/usdtbanlist.com__address-0x7F367cC41522cE07553e823bf3be79A889DEbe1B.html,http_captures,tether-retroactive-sweep-2023,html,55827,d0cc1665e4edc42befb174816e4364e0ff28fcffdafcf60658a6807d49176d6e
sources/http_captures/tether-retroactive-sweep-2023/asset-layer-check/usdtbanlist.com__address-0x8576acc5c05d6ce88f4e49bf65bdf0c62f91353c.html,http_captures,tether-retroactive-sweep-2023,html,55784,eb18a808c950839bcd99569230708f68b0fbe8f85c8950deb587d45f9ce44c7b
sources/http_captures/tether-retroactive-sweep-2023/asset-layer-check/usdtbanlist.com__address-0x901bb9583b24d97e995513c6778dc6888ab6870e.html,http_captures,tether-retroactive-sweep-2023,html,55784,6a28a75557d60d25a1a69e0471809a584f8b46768fd21e8b70ded82cfe1b7761
sources/http_captures/tether-retroactive-sweep-2023/asset-layer-check/usdtbanlist.com__address-0xc455f7fd3e0e12afd51fba5c106909934d8a0e4a.html,http_captures,tether-retroactive-sweep-2023,html,55825,a2c38e7e8c2635f7bef8b81cb77b724b3166f904de0f51ad8cc9f442f18714b3
sources/http_captures/tether-retroactive-sweep-2023/asset-layer-check/usdtbanlist.com__address-0xd882cfc20f52f2599d84b8e8d58c7fb62cfe344b.html,http_captures,tether-retroactive-sweep-2023,html,55827,3242f21ffc6d0052323d94b6ba90e0de379d38f91f87a0890dc66aa5c19cf259
sources/http_captures/tether-retroactive-sweep-2023/asset-layer-check/usdtbanlist.com__address-0xe7aa314c77f4233c18c6cc84384a9247c0cf367b.html,http_captures,tether-retroactive-sweep-2023,html,55827,c999a1e2e70be9470cfb7148fb087ccfdafb0721ce7bd2a1d86d22001aa15532
sources/http_captures/tornado-cash-ofac-2022/asset-layer-check/usdtbanlist.com__address-0x03893a7c7463AE47D46bc7f091665f1893656003.html,http_captures,tornado-cash-ofac-2022,html,56934,420e519b168ee32388de70d97ef2044a1e7c8c32bef6823ea8541be2edf014b5
sources/http_captures/tornado-cash-ofac-2022/asset-layer-check/usdtbanlist.com__address-0x07687e702b410Fa43f4cB4Af7FA097918ffD2730.html,http_captures,tornado-cash-ofac-2022,html,55701,db56fdedd1199f2de536e97b8970a125b25869bcc91519edfcd68004d6d28fa8
sources/http_captures/tornado-cash-ofac-2022/asset-layer-check/usdtbanlist.com__address-0x0836222F2B2B24A3F36f98668Ed8F0B38D1a872f.html,http_captures,tornado-cash-ofac-2022,html,55721,829e904951bf6d4ffcabe39d5bb454b47cd07ee78f7b612d0f10ade4a1319f01
sources/http_captures/tornado-cash-ofac-2022/asset-layer-check/usdtbanlist.com__address-0x1356c899D8C9467C7f71C195612F8A395aBf2f0a.html,http_captures,tornado-cash-ofac-2022,html,56934,42489c6768c589b23590c94050579ee279c40d532ea7e3e3572f678d73806e84
sources/http_captures/tornado-cash-ofac-2022/asset-layer-check/usdtbanlist.com__address-0x169AD27A470D064DEDE56a2D3ff727986b15D52B.html,http_captures,tornado-cash-ofac-2022,html,56950,209f8f63a3fd6163f40da5bad37cf9f525a79fd127d0be9b5401061ffedcc6ae
sources/http_captures/tornado-cash-ofac-2022/asset-layer-check/usdtbanlist.com__address-0x178169B423a011fff22B9e3F3abeA13414dDD0F1.html,http_captures,tornado-cash-ofac-2022,html,55701,f3c88925da6fc2b1a7a3c9c8b088e7424e8abb4545d0c1669456f9017ad92368
sources/http_captures/tornado-cash-ofac-2022/asset-layer-check/usdtbanlist.com__address-0x22aaA7720ddd5388A3c0A3333430953C68f1849b.html,http_captures,tornado-cash-ofac-2022,html,55701,eb352f77c1b9ce68b5e2a9e9d6a81153316727a34e26790b503268fb7906e70a
sources/http_captures/tornado-cash-ofac-2022/asset-layer-check/usdtbanlist.com__address-0x23773E65ed146A459791799d01336DB287f25334.html,http_captures,tornado-cash-ofac-2022,html,55658,9cab379466909ff10e18226bee89647df24015185efea14d409d748fb6521cfe
sources/http_captures/tornado-cash-ofac-2022/asset-layer-check/usdtbanlist.com__address-0x2717c5e28cf931547B621a5dddb772Ab6A35B701.html,http_captures,tornado-cash-ofac-2022,html,55701,6e635daa43e5b37d0fc73489306e29326369c436f2c5f9388b9d6069609e3519
sources/http_captures/tornado-cash-ofac-2022/asset-layer-check/usdtbanlist.com__address-0x4736dCf1b7A3d580672CcE6E7c65cd5cc9cFBa9D.html,http_captures,tornado-cash-ofac-2022,html,55721,14778da9e25fa088708c27525017e4e019fbd97f2e120131ba792e4ef93bfcb5
sources/http_captures/tornado-cash-ofac-2022/asset-layer-check/usdtbanlist.com__address-0x47CE0C6eD5B0Ce3d3A51fdb1C52DC66a7c3c2936.html,http_captures,tornado-cash-ofac-2022,html,55701,0d1f00977744620d0ad79362f0cc3ef36e6666905d8e9267eeb2b152d23ec937
sources/http_captures/tornado-cash-ofac-2022/asset-layer-check/usdtbanlist.com__address-0x527653eA119F3E6a1F5BD18fbF4714081D7B31ce.html,http_captures,tornado-cash-ofac-2022,html,55701,0620cd96b7a7472bca4d23be6ffb1f5761d235497eecfaf407ba7e870195a241
sources/http_captures/tornado-cash-ofac-2022/asset-layer-check/usdtbanlist.com__address-0x58E8dCC13BE9780fC42E8723D8EaD4CF46943dF2.html,http_captures,tornado-cash-ofac-2022,html,55658,61bc3b117f8d1fb700b4d4093c428085f79c3f2eb7e8d81de798657605eabc80
sources/http_captures/tornado-cash-ofac-2022/asset-layer-check/usdtbanlist.com__address-0x610B717796ad172B316836AC95a2ffad065CeaB4.html,http_captures,tornado-cash-ofac-2022,html,55701,1450d86376f26123f5166fbd69a3e3c6c037a7cdb588bae53aba52c83b29931e
sources/http_captures/tornado-cash-ofac-2022/asset-layer-check/usdtbanlist.com__address-0x722122dF12D4e14e13Ac3b6895a86e84145b6967.html,http_captures,tornado-cash-ofac-2022,html,55658,6c0ecf80753c2ee1a204ec227fcb4a9d9c19d9d5be449e3c792022cfee6699b9
sources/http_captures/tornado-cash-ofac-2022/asset-layer-check/usdtbanlist.com__address-0x8589427373D6D84E98730D7795D8f6f8731FDA16.html,http_captures,tornado-cash-ofac-2022,html,55701,ceac61e76360392f4fefa9e5eb7f818e8d57bbd07b21a1410492dc99d68f7267
sources/http_captures/tornado-cash-ofac-2022/asset-layer-check/usdtbanlist.com__address-0x905b63Fff465B9fFBF41DeA908CEb12478ec7601.html,http_captures,tornado-cash-ofac-2022,html,54921,f3826f300b98791c1d2ca761d91d85a21e43968756eb6a1c1042f9252134119e
sources/http_captures/tornado-cash-ofac-2022/asset-layer-check/usdtbanlist.com__address-0x910Cbd523D972eb0a6f4cAe4618aD62622b39DbF.html,http_captures,tornado-cash-ofac-2022,html,55701,cab810ed953fdd828a86acc03f8f0e6d5f92e493eaf968c975c6a5b509e15018
sources/http_captures/tornado-cash-ofac-2022/asset-layer-check/usdtbanlist.com__address-0x94A1B5CdB22c43faab4AbEb5c74999895464Ddaf.html,http_captures,tornado-cash-ofac-2022,html,55701,952da69d380fad684fbeee69c3f968a445965ccd7fb855abb556c22932ad3de5
sources/http_captures/tornado-cash-ofac-2022/asset-layer-check/usdtbanlist.com__address-0x9AD122c22B14202B4490eDAf288FDb3C7cb3ff5E.html,http_captures,tornado-cash-ofac-2022,html,55701,6d35c90f006608c78851129a97fbc91be91d4b145d579b21d9f34aaa850c3325
sources/http_captures/tornado-cash-ofac-2022/asset-layer-check/usdtbanlist.com__address-0xA60C772958a3eD56c1F15dD055bA37AC8e523a0D.html,http_captures,tornado-cash-ofac-2022,html,55658,388a81b2e82243b5bdb3f94a5a78d88220e902b0a9259fb34eeecffe1d5b319b
sources/http_captures/tornado-cash-ofac-2022/asset-layer-check/usdtbanlist.com__address-0xBA214C1c1928a32Bffe790263E38B4Af9bFCD659.html,http_captures,tornado-cash-ofac-2022,html,55701,e0c6e4d8ae7005b674a15f1a2c5c9f2ddeb2e37e0199d387f6f0099288a38c6b
sources/http_captures/tornado-cash-ofac-2022/asset-layer-check/usdtbanlist.com__address-0xCa0840578f57fE71599D29375e16783424023357.html,http_captures,tornado-cash-ofac-2022,html,55701,524e2ca1adf0d501a2dedccae4cf6de5d40c6822a8d3934952f337b8c8ba08e0
sources/http_captures/tornado-cash-ofac-2022/asset-layer-check/usdtbanlist.com__address-0xD21be7248e0197Ee08E0c20D4a96DEBdaC3D20Af.html,http_captures,tornado-cash-ofac-2022,html,55701,d7b6db658867848ad71ce92bc874429305cf0c416f859181168a82a7fec6a574
sources/http_captures/tornado-cash-ofac-2022/asset-layer-check/usdtbanlist.com__address-0xD4B88Df4D29F5CedD6857912842cff3b20C8Cfa3.html,http_captures,tornado-cash-ofac-2022,html,55701,126befa4710a4aadd17ec73a71310e84462bbda7214fadc140207782c19f5d5d
sources/http_captures/tornado-cash-ofac-2022/asset-layer-check/usdtbanlist.com__address-0xD691F27f38B395864Ea86CfC7253969B409c362d.html,http_captures,tornado-cash-ofac-2022,html,55701,6ed3d04a512893d6019eb8a3a91fc2e19e04c24ccef9c06142bccc9edb287386
sources/http_captures/tornado-cash-ofac-2022/asset-layer-check/usdtbanlist.com__address-0xDD4c48C0B24039969fC16D1cdF626eaB821d3384.html,http_captures,tornado-cash-ofac-2022,html,55725,18da43e1b5e02fd755c7e6e2275a27416449756e765fde65e48d7e05bc3f2e84
sources/http_captures/tornado-cash-ofac-2022/asset-layer-check/usdtbanlist.com__address-0xF60dD140cFf0706bAE9Cd734Ac3ae76AD9eBC32A.html,http_captures,tornado-cash-ofac-2022,html,55701,c62d105c2f4658671e4e0ad6af44bcce627c25cf97948320b3f31a576fe6c0f6
sources/http_captures/tornado-cash-ofac-2022/asset-layer-check/usdtbanlist.com__address-0xF67721A2D8F736E75a49FdD7FAd2e31D8676542a.html,http_captures,tornado-cash-ofac-2022,html,55701,59d98ebcd883469b9a7b5b6c6975547214d39282d22ab015b76f919ef5d0379c
sources/http_captures/tornado-cash-ofac-2022/asset-layer-check/usdtbanlist.com__address-0xFD8610d20aA15b7B2E3Be39B396a1bC3516c7144.html,http_captures,tornado-cash-ofac-2022,html,55701,d6eb3fe05179c3c6fa420622a4101aea80cfd84c13429761e3f332bc84dc6026
sources/http_captures/tornado-cash-ofac-2022/asset-layer-check/usdtbanlist.com__address-0xaEaaC358560e11f52454D997AAFF2c5731B6f8a6.html,http_captures,tornado-cash-ofac-2022,html,56934,cd638ba972b25b522dba5afc7c72505d5ba1236e488a103a075bce7a47974771
sources/http_captures/tornado-cash-ofac-2022/asset-layer-check/usdtbanlist.com__address-0xb1C8094B234DcE6e03f10a5b673c1d8C69739A00.html,http_captures,tornado-cash-ofac-2022,html,56934,13b4b98b3c8fc885b29f37f281de00f0d39384c88e014c1299f9db25690d1338
sources/http_captures/tornado-cash-ofac-2022/asset-layer-check/usdtbanlist.com__address-0xb541fc07bC7619fD4062A54d96268525cBC6FfEF.html,http_captures,tornado-cash-ofac-2022,html,55701,f1e54ac5c476ccea35c7fadb16e62d73594fc1e05c3b84d48257152f0f7e168a
sources/http_captures/tornado-cash-ofac-2022/asset-layer-check/usdtbanlist.com__address-0xbB93e510BbCD0B7beb5A853875f9eC60275CF498.html,http_captures,tornado-cash-ofac-2022,html,55701,520426ed9300184478e306640ebfeec4aa1235f28c374dd4e691e596e4588649
sources/http_captures/tornado-cash-ofac-2022/asset-layer-check/usdtbanlist.com__address-0xd96f2B1c14Db8458374d9Aca76E26c3D18364307.html,http_captures,tornado-cash-ofac-2022,html,55717,d7902abb570a6f7f76bf6f338c5f19fc298c3ed7d113e262277eacd05b0a09f6
sources/http_captures/tornado-cash-ofac-2022/backfill-1.3/dydx.exchange__blog-tornado-cash-update__83f9281763.html,http_captures,tornado-cash-ofac-2022,html,102147,1d19ee8f5269e300567286d4fc4f263f8158934cd2d4ef05047dcf54781624dd
sources/http_captures/tornado-cash-ofac-2022/backfill-1.3/dydx.exchange__blog-tornado-cash-update__83f9281763.json,http_captures,tornado-cash-ofac-2022,json,1216,9accb70f4669e5268924dcf53bc3bd76e76390e66892a3e2b6e6c963f6b8a1b5
sources/http_captures/tornado-cash-ofac-2022/backfill-1.3/dydx.exchange__blog-tornado-outage__4d80cd1762.html,http_captures,tornado-cash-ofac-2022,html,122420,36962450314fb0560074887dffe194a9a7b5b98363ba47e982c4102192d4a904
sources/http_captures/tornado-cash-ofac-2022/backfill-1.3/dydx.exchange__blog-tornado-outage__4d80cd1762.json,http_captures,tornado-cash-ofac-2022,json,1186,6c0f5e02ece1af5418c9415e76e8bfe0f80a619e6250601b9059362d25d32444
sources/http_captures/tornado-cash-ofac-2022/backfill-1.3/github.com__tornadocash-tornado-core__9430a15343.html,http_captures,tornado-cash-ofac-2022,html,347301,9036173422a3031172e9e81999fbf39f801b75e2b4ad245298cb25a0bb268209
sources/http_captures/tornado-cash-ofac-2022/backfill-1.3/github.com__tornadocash-tornado-core__9430a15343.json,http_captures,tornado-cash-ofac-2022,json,5199,b7df505f42bca80ccdb0dadf87697adf5731a883758787f33a2bf81fece26f13
sources/http_captures/tornado-cash-ofac-2022/backfill-1.3/github.com__tornadocash__7f33190afd.html,http_captures,tornado-cash-ofac-2022,html,277297,c79b19d9b75040f9a6cee65ca8411eff4a450281d3137db08fe9042364931c57
sources/http_captures/tornado-cash-ofac-2022/backfill-1.3/github.com__tornadocash__7f33190afd.json,http_captures,tornado-cash-ofac-2022,json,5090,d2e79861843c6825bc9794b8d4fe9060ec920a0b78af5d10ee9067225048a701
sources/http_captures/tornado-cash-ofac-2022/backfill-1.3/manifest.json,http_captures,tornado-cash-ofac-2022,json,18215,af1f271af0f1cfcf8738780e3a5dd47bf18d528bf5e52d581bc39a176de5fb95
sources/http_captures/tornado-cash-ofac-2022/backfill-1.3/usdtbanlist.com__address-0x8589427373d6d84e98730d7795d8f6f8731fda16__1862a2f7aa.html,http_captures,tornado-cash-ofac-2022,html,55701,b37912e4c65777c8c934d2ffcd793506aff9665de6a2f78ab2fdfa3e71a65785
sources/http_captures/tornado-cash-ofac-2022/backfill-1.3/usdtbanlist.com__address-0x8589427373d6d84e98730d7795d8f6f8731fda16__1862a2f7aa.json,http_captures,tornado-cash-ofac-2022,json,1770,af1a32f7d8f9ec6c3c76910e5e31a03bb191a4b1a2ea468d8de2eeb46d5a09a1
sources/http_captures/tornado-cash-ofac-2022/backfill-1.3/www.circle.com__blog-ofacs-designation-of-tornado-cash-protocols-privacy-and-a-call-to-action__f24a980b38.html,http_captures,tornado-cash-ofac-2022,html,256020,fe0c8bbff7b5e96a1c9d94884be7798891926a86beee059268d1377d8ee2e435
sources/http_captures/tornado-cash-ofac-2022/backfill-1.3/www.circle.com__blog-ofacs-designation-of-tornado-cash-protocols-privacy-and-a-call-to-action__f24a980b38.json,http_captures,tornado-cash-ofac-2022,json,2275,8e7b4021173c8772c39301e05b3e315af8581ccede07c91d02eb3d7dd821ed5a
sources/http_captures/tornado-cash-ofac-2022/l1-relay-dashboards/censorship.pics__capture__5bc3a85424.html,http_captures,tornado-cash-ofac-2022,html,7255,9de85e492e8742bd9870c72cc00c9acfc26044fdcc1b6d1b88a69dda3c0fb5bd
sources/http_captures/tornado-cash-ofac-2022/l1-relay-dashboards/censorship.pics__capture__5bc3a85424.json,http_captures,tornado-cash-ofac-2022,json,1401,5e657bb21a4da33a061fb14ad770b03c17bb0a676adb4d07593ba217288db709
sources/http_captures/tornado-cash-ofac-2022/l1-relay-dashboards/manifest.json,http_captures,tornado-cash-ofac-2022,json,3257,a8889e1c1e5c281256a4daaa6ebe3fb4b19018bcdf23548165226ad95a9f13e3
sources/http_captures/tornado-cash-ofac-2022/l1-relay-dashboards/www.relayscan.io__capture__1a79bf8cec.html,http_captures,tornado-cash-ofac-2022,html,37502,dc39f55922c657cd3caf22cdd77287f707ddec63ec0510091532f5fadc7aa827
sources/http_captures/tornado-cash-ofac-2022/l1-relay-dashboards/www.relayscan.io__capture__1a79bf8cec.json,http_captures,tornado-cash-ofac-2022,json,1409,53a7683da2c0d57a390c21748616f83c83c1e2d50bb7419dad70c43ca987ddfa
sources/http_captures/tornado-cash-ofac-2022/ofac-recent-actions/manifest.json,http_captures,tornado-cash-ofac-2022,json,2008,c9147d5e0ecae6fe965a770f1d7ef8094778415813c033d669911b43730fcb45
sources/http_captures/tornado-cash-ofac-2022/ofac-recent-actions/ofac.treasury.gov__recent-actions-20220808__298acbc03a.html,http_captures,tornado-cash-ofac-2022,html,41722,ae648b941c311222db9899ba95ed4711ef1f8083fe5bf5c89fb5805b0268bc79
sources/http_captures/tornado-cash-ofac-2022/ofac-recent-actions/ofac.treasury.gov__recent-actions-20220808__298acbc03a.json,http_captures,tornado-cash-ofac-2022,json,1686,c15019da2b088a0b24a2542936ebc94b3dc8c47d809226ac141808d558dcbfc5
sources/http_captures/tornado-cash-ofac-delisting-2025/2026-04-21-docs-anchor/manifest.json,http_captures,tornado-cash-ofac-delisting-2025,json,475,09abbb2d670e8668a35c175ffb893e2e3ad7061b3ed26005912a607619a14ad7
sources/http_captures/tornado-cash-ofac-delisting-2025/2026-04-21-frontends/app.tornado.cash__capture.html,http_captures,tornado-cash-ofac-delisting-2025,html,6396,7b7a330aff8657dc258a60f91aad4766c1a742e3603f394f1e484482ee95e216
sources/http_captures/tornado-cash-ofac-delisting-2025/2026-04-21-frontends/app.tornado.cash__capture.json,http_captures,tornado-cash-ofac-delisting-2025,json,2066,4130f59064f5b7f2d9c2a446fc1ab5746596324576f7d895f9666efe64fe8669
sources/http_captures/tornado-cash-ofac-delisting-2025/2026-04-21-frontends/github.com__tornadocash-tornado-core.html,http_captures,tornado-cash-ofac-delisting-2025,html,347474,9dfb20ec4f14bc6ec03a7f424b768707c6a93b2a67aa63a377480797f4eaf062
sources/http_captures/tornado-cash-ofac-delisting-2025/2026-04-21-frontends/github.com__tornadocash-tornado-core.json,http_captures,tornado-cash-ofac-delisting-2025,json,5207,3cf9cb28741418b1551f0faf2d995b40a3d8b2242be6fb8f7e1d097222e813be
sources/http_captures/tornado-cash-ofac-delisting-2025/2026-04-21-frontends/github.com__tornadocash.html,http_captures,tornado-cash-ofac-delisting-2025,html,276898,90ac552dc9197aaa68cda4801786c8aa5ed127796e19b8c72b70476476dc1b94
sources/http_captures/tornado-cash-ofac-delisting-2025/2026-04-21-frontends/github.com__tornadocash.json,http_captures,tornado-cash-ofac-delisting-2025,json,5102,7f2d1f4df800633c47d80884431a72d6e6a72e9419a5e96148deecba78018bc1
sources/http_captures/tornado-cash-ofac-delisting-2025/2026-04-21-frontends/manifest.json,http_captures,tornado-cash-ofac-delisting-2025,json,15107,90c7774c0238975c487730c13e32524d8f9cf9b52299ce9da7cd032c57f4b63c
sources/http_captures/tornado-cash-ofac-delisting-2025/2026-04-21-frontends/tornadocash.eth.limo__capture.html,http_captures,tornado-cash-ofac-delisting-2025,html,6396,7b7a330aff8657dc258a60f91aad4766c1a742e3603f394f1e484482ee95e216
sources/http_captures/tornado-cash-ofac-delisting-2025/2026-04-21-frontends/tornadocash.eth.limo__capture.json,http_captures,tornado-cash-ofac-delisting-2025,json,2080,8dd01d3292cb70d2e7f8fa324079b65e4b59a9c515aaf6da24d7aa5e4836f3ac
sources/http_captures/tornado-cash-ofac-delisting-2025/2026-04-21-gitea-anchor/manifest.json,http_captures,tornado-cash-ofac-delisting-2025,json,473,93e8722b4f5bcef0f4ee81fcde41af00436f49b74b16deaf2ce47d44b081ebad
sources/http_captures/tornado-cash-ofac-delisting-2025/asset-layer-check/usdtbanlist.com__address-0x01e2919679362dFBC9ee1644Ba9C6da6D6245BB1.html,http_captures,tornado-cash-ofac-delisting-2025,html,55703,34f53484c97c138a84f32ee552e500b5e6e65ffabb24ba094f118e47c5585b12
sources/http_captures/tornado-cash-ofac-delisting-2025/asset-layer-check/usdtbanlist.com__address-0x03893a7c7463AE47D46bc7f091665f1893656003.html,http_captures,tornado-cash-ofac-delisting-2025,html,56934,420e519b168ee32388de70d97ef2044a1e7c8c32bef6823ea8541be2edf014b5
sources/http_captures/tornado-cash-ofac-delisting-2025/asset-layer-check/usdtbanlist.com__address-0x05E0b5B40B7b66098C2161A5EE11C5740A3A7C45.html,http_captures,tornado-cash-ofac-delisting-2025,html,55703,3a5a512a037fbf8bb3c9d79d0a12bec356382d47dc4716ec0dbb02d78e3b4512
sources/http_captures/tornado-cash-ofac-delisting-2025/asset-layer-check/usdtbanlist.com__address-0x07687e702b410Fa43f4cB4Af7FA097918ffD2730.html,http_captures,tornado-cash-ofac-delisting-2025,html,55701,db56fdedd1199f2de536e97b8970a125b25869bcc91519edfcd68004d6d28fa8
sources/http_captures/tornado-cash-ofac-delisting-2025/asset-layer-check/usdtbanlist.com__address-0x0836222F2B2B24A3F36f98668Ed8F0B38D1a872f.html,http_captures,tornado-cash-ofac-delisting-2025,html,56954,c5d069d2e5dc4e800498caa987bbacf510958509c943058f67812d5b25187d81
sources/http_captures/tornado-cash-ofac-delisting-2025/asset-layer-check/usdtbanlist.com__address-0x09193888b3f38C82dEdfda55259A82C0E7De875E.html,http_captures,tornado-cash-ofac-delisting-2025,html,55703,7a264103002cd834bcd12bb7ff8f3ca7d3d487a30ef7eaf82483cb8cecbdb8a8
sources/http_captures/tornado-cash-ofac-delisting-2025/asset-layer-check/usdtbanlist.com__address-0x0E3A09dDA6B20aFbB34aC7cD4A6881493f3E7bf7.html,http_captures,tornado-cash-ofac-delisting-2025,html,55703,7a2f9118e28d5b812e68ab5955f9a51bd145475f9be2800f146edba61f2b38cb
sources/http_captures/tornado-cash-ofac-delisting-2025/asset-layer-check/usdtbanlist.com__address-0x1356c899D8C9467C7f71C195612F8A395aBf2f0a.html,http_captures,tornado-cash-ofac-delisting-2025,html,55701,e37fcf303a2e48cfe00d99ba418156ad86c15880b9b37da1cf1a793b6df9786f
sources/http_captures/tornado-cash-ofac-delisting-2025/asset-layer-check/usdtbanlist.com__address-0x169AD27A470D064DEDE56a2D3ff727986b15D52B.html,http_captures,tornado-cash-ofac-delisting-2025,html,55717,9301ca57ea534fcb47ca355824a3176daf11d397ca92312d79e9cde5c99df2d7
sources/http_captures/tornado-cash-ofac-delisting-2025/asset-layer-check/usdtbanlist.com__address-0x178169B423a011fff22B9e3F3abeA13414dDD0F1.html,http_captures,tornado-cash-ofac-delisting-2025,html,55701,f3c88925da6fc2b1a7a3c9c8b088e7424e8abb4545d0c1669456f9017ad92368
sources/http_captures/tornado-cash-ofac-delisting-2025/asset-layer-check/usdtbanlist.com__address-0x179f48c78f57a3a78f0608cc9197b8972921d1d2.html,http_captures,tornado-cash-ofac-delisting-2025,html,55703,c968724df8b948181de1f4af210ddf3e7e7558166312920291bc0ea3733e1c27
sources/http_captures/tornado-cash-ofac-delisting-2025/asset-layer-check/usdtbanlist.com__address-0x1E34A77868E19A6647b1f2F47B51ed72dEDE95DD.html,http_captures,tornado-cash-ofac-delisting-2025,html,55703,a12028f5c6f85daf9b76fb6da4e689f6784fc5690d957569ac6c73c26dc7d3d7
sources/http_captures/tornado-cash-ofac-delisting-2025/asset-layer-check/usdtbanlist.com__address-0x22aaA7720ddd5388A3c0A3333430953C68f1849b.html,http_captures,tornado-cash-ofac-delisting-2025,html,55701,eb352f77c1b9ce68b5e2a9e9d6a81153316727a34e26790b503268fb7906e70a
sources/http_captures/tornado-cash-ofac-delisting-2025/asset-layer-check/usdtbanlist.com__address-0x23173fE8b96A4Ad8d2E17fB83EA5dcccdCa1Ae52.html,http_captures,tornado-cash-ofac-delisting-2025,html,55703,a3e95dcc04edd99cc0514434aedaeaaf56e52fbcc59a105060f7309849979347
sources/http_captures/tornado-cash-ofac-delisting-2025/asset-layer-check/usdtbanlist.com__address-0x23773E65ed146A459791799d01336DB287f25334.html,http_captures,tornado-cash-ofac-delisting-2025,html,55701,88769f00d177457d36177301cc55583c22715f495fa60c360b9bcdf609fbcf78
sources/http_captures/tornado-cash-ofac-delisting-2025/asset-layer-check/usdtbanlist.com__address-0x242654336ca2205714071898f67E254EB49ACdCe.html,http_captures,tornado-cash-ofac-delisting-2025,html,56936,8191186e2b59f2e922da872fa9d31cd52c198bee07c1bc84f4f3b7ebfc4e55ae
sources/http_captures/tornado-cash-ofac-delisting-2025/asset-layer-check/usdtbanlist.com__address-0x2573BAc39EBe2901B4389CD468F2872cF7767FAF.html,http_captures,tornado-cash-ofac-delisting-2025,html,56936,51dbcfda4ea985afd52ab2cddc8015021f3181f05381a37001067659f7eaa72f
sources/http_captures/tornado-cash-ofac-delisting-2025/asset-layer-check/usdtbanlist.com__address-0x26903a5a198D571422b2b4EA08b56a37cbD68c89.html,http_captures,tornado-cash-ofac-delisting-2025,html,56936,62a074eeac9438207f1c45a51e39778b1e1ac183418854a4f50bc812f1905f7a
sources/http_captures/tornado-cash-ofac-delisting-2025/asset-layer-check/usdtbanlist.com__address-0x2717c5e28cf931547B621a5dddb772Ab6A35B701.html,http_captures,tornado-cash-ofac-delisting-2025,html,55701,14945d8eceea88a955ebcd524b6fd0f98ad0bcae3f54f012e67315725290351e
sources/http_captures/tornado-cash-ofac-delisting-2025/asset-layer-check/usdtbanlist.com__address-0x2FC93484614a34f26F7970CBB94615bA109BB4bf.html,http_captures,tornado-cash-ofac-delisting-2025,html,55703,e38134d1052994c850d342c93256a53b80dd8e978925149a53678c16ce6b7301
sources/http_captures/tornado-cash-ofac-delisting-2025/asset-layer-check/usdtbanlist.com__address-0x2f50508a8a3d323b91336fa3ea6ae50e55f32185.html,http_captures,tornado-cash-ofac-delisting-2025,html,55703,52b589008d75c3f3a4b0711dbfd274f44fe3d9d71711cd7ad1942266f906f25b
sources/http_captures/tornado-cash-ofac-delisting-2025/asset-layer-check/usdtbanlist.com__address-0x330bdFADE01eE9bF63C209Ee33102DD334618e0a.html,http_captures,tornado-cash-ofac-delisting-2025,html,56936,87552b99e86e260af1a1af7d2a9ba0f8191aec4cd1c818d876022268bae97a08
sources/http_captures/tornado-cash-ofac-delisting-2025/asset-layer-check/usdtbanlist.com__address-0x3aac1cC67c2ec5Db4eA850957b967Ba153aD6279.html,http_captures,tornado-cash-ofac-delisting-2025,html,55703,f9235a533375ed9bcd45b3de43cd0a3f5969c2a5d05844c7021ce7f1a05fa273
sources/http_captures/tornado-cash-ofac-delisting-2025/asset-layer-check/usdtbanlist.com__address-0x3efa30704d2b8bbac821307230376556cf8cc39e.html,http_captures,tornado-cash-ofac-delisting-2025,html,55703,49d2832e565fc49e8e4af7013a82fa2790a6cf166410a485f2900fd059075022
sources/http_captures/tornado-cash-ofac-delisting-2025/asset-layer-check/usdtbanlist.com__address-0x407CcEeaA7c95d2FE2250Bf9F2c105aA7AAFB512.html,http_captures,tornado-cash-ofac-delisting-2025,html,55703,22b3ae52591ea549dcccdbe2c3379ba760f8adb1b749a7ef13a24463c7b04542
sources/http_captures/tornado-cash-ofac-delisting-2025/asset-layer-check/usdtbanlist.com__address-0x43fa21d92141BA9db43052492E0DeEE5aa5f0A93.html,http_captures,tornado-cash-ofac-delisting-2025,html,55827,f61b000c0d33c7d2c8094af44eb65f8ece4829b9831c16ae107c916c3a1718e0
sources/http_captures/tornado-cash-ofac-delisting-2025/asset-layer-check/usdtbanlist.com__address-0x4736dCf1b7A3d580672CcE6E7c65cd5cc9cFBa9D.html,http_captures,tornado-cash-ofac-delisting-2025,html,55721,82d1892f2b777e37589f8da3d56d496c0c3ba586fcb2fe9d5eeecd81dcdc8308
sources/http_captures/tornado-cash-ofac-delisting-2025/asset-layer-check/usdtbanlist.com__address-0x47CE0C6eD5B0Ce3d3A51fdb1C52DC66a7c3c2936.html,http_captures,tornado-cash-ofac-delisting-2025,html,55701,0d1f00977744620d0ad79362f0cc3ef36e6666905d8e9267eeb2b152d23ec937
sources/http_captures/tornado-cash-ofac-delisting-2025/asset-layer-check/usdtbanlist.com__address-0x527653eA119F3E6a1F5BD18fbF4714081D7B31ce.html,http_captures,tornado-cash-ofac-delisting-2025,html,55701,0620cd96b7a7472bca4d23be6ffb1f5761d235497eecfaf407ba7e870195a241
sources/http_captures/tornado-cash-ofac-delisting-2025/asset-layer-check/usdtbanlist.com__address-0x538Ab61E8A9fc1b2f93b3dd9011d662d89bE6FE6.html,http_captures,tornado-cash-ofac-delisting-2025,html,55703,9d3cba438bc7f258b45ce073f56822ea0d524e9c0e02f41eaf8b6d9eac24f979
sources/http_captures/tornado-cash-ofac-delisting-2025/asset-layer-check/usdtbanlist.com__address-0x57b2B8c82F065de8Ef5573f9730fC1449B403C9f.html,http_captures,tornado-cash-ofac-delisting-2025,html,55703,2579d0db0fe2b308e161c88735e931fafb9fa50f17712f8366197b2f7e203c4f
sources/http_captures/tornado-cash-ofac-delisting-2025/asset-layer-check/usdtbanlist.com__address-0x58E8dCC13BE9780fC42E8723D8EaD4CF46943dF2.html,http_captures,tornado-cash-ofac-delisting-2025,html,55701,d83b4cb64b4a9cb1c9fa9008a336c0d545489e263c41675878f54ddbc112b6e3
sources/http_captures/tornado-cash-ofac-delisting-2025/asset-layer-check/usdtbanlist.com__address-0x5a7a51bfb49f190e5a6060a5bc6052ac14a3b59f.html,http_captures,tornado-cash-ofac-delisting-2025,html,57060,d18473468e5167c42c9468a2a808190a741b53127aa05098c35a8078c05b1d2c
sources/http_captures/tornado-cash-ofac-delisting-2025/asset-layer-check/usdtbanlist.com__address-0x5cab7692D4E94096462119ab7bF57319726Eed2A.html,http_captures,tornado-cash-ofac-delisting-2025,html,56936,d8bc579a30f17ab729ce7d51d2639822023a42dc77ff6afae3023ad9795f5f97
sources/http_captures/tornado-cash-ofac-delisting-2025/asset-layer-check/usdtbanlist.com__address-0x5efda50f22d34F262c29268506C5Fa42cB56A1Ce.html,http_captures,tornado-cash-ofac-delisting-2025,html,55703,d6893ae23390e33756d726860366701477d93d2aea8e007ef765385c6829957e
sources/http_captures/tornado-cash-ofac-delisting-2025/asset-layer-check/usdtbanlist.com__address-0x5f48c2a71b2cc96e3f0ccae4e39318ff0dc375b2.html,http_captures,tornado-cash-ofac-delisting-2025,html,55784,6833d7cd624f27e6ddbdaff5a7d4f382bf2cce21d6426c879c8c918c51e9af70
sources/http_captures/tornado-cash-ofac-delisting-2025/asset-layer-check/usdtbanlist.com__address-0x5f6c97C6AD7bdd0AE7E0Dd4ca33A4ED3fDabD4D7.html,http_captures,tornado-cash-ofac-delisting-2025,html,55703,22ade1081b79926fee25c264cda7c70b664bd2c812322de75f61336c2a77f8ac
sources/http_captures/tornado-cash-ofac-delisting-2025/asset-layer-check/usdtbanlist.com__address-0x610B717796ad172B316836AC95a2ffad065CeaB4.html,http_captures,tornado-cash-ofac-delisting-2025,html,55701,270ed149a81b8171617235a78c42303fa19005bb1b04a2fd6fcd87a543e0b8cf
sources/http_captures/tornado-cash-ofac-delisting-2025/asset-layer-check/usdtbanlist.com__address-0x653477c392c16b0765603074f157314Cc4f40c32.html,http_captures,tornado-cash-ofac-delisting-2025,html,55703,c44bb18d9abd074d07e733bf94093c3f9676ff33d5569bb1c04c163e08f1f4f5
sources/http_captures/tornado-cash-ofac-delisting-2025/asset-layer-check/usdtbanlist.com__address-0x6Bf694a291DF3FeC1f7e69701E3ab6c592435Ae7.html,http_captures,tornado-cash-ofac-delisting-2025,html,55703,a53b4939cf17fe812a2dee8d0f2d867197d4239e1b17e4e642c27f48dadf378d
sources/http_captures/tornado-cash-ofac-delisting-2025/asset-layer-check/usdtbanlist.com__address-0x6be0ae71e6c41f2f9d0d1a3b8d0f75e6f6a0b46e.html,http_captures,tornado-cash-ofac-delisting-2025,html,55784,78fcf696b3e00c93e59332098378b37b6a09444cb359c397c983d8edd6303e38
sources/http_captures/tornado-cash-ofac-delisting-2025/asset-layer-check/usdtbanlist.com__address-0x722122dF12D4e14e13Ac3b6895a86e84145b6967.html,http_captures,tornado-cash-ofac-delisting-2025,html,55701,5b5d22fa38e36bcd16b3cb97e914e056c25bc7a89060270d9e6e69fd9c44fde6
sources/http_captures/tornado-cash-ofac-delisting-2025/asset-layer-check/usdtbanlist.com__address-0x723B78e67497E85279CB204544566F4dC5d2acA0.html,http_captures,tornado-cash-ofac-delisting-2025,html,55703,58e1534219eece032170258ae7a83b4c688b5a31322f4cf9140b79f31df355bc
sources/http_captures/tornado-cash-ofac-delisting-2025/asset-layer-check/usdtbanlist.com__address-0x743494b60097A2230018079c02fe21a7B687EAA5.html,http_captures,tornado-cash-ofac-delisting-2025,html,56936,46ad289e24f95673053151f110d7708c6a5fa3b7d8ea28c61dee9c41aae37a8a
sources/http_captures/tornado-cash-ofac-delisting-2025/asset-layer-check/usdtbanlist.com__address-0x746aebc06d2ae31b71ac51429a19d54e797878e9.html,http_captures,tornado-cash-ofac-delisting-2025,html,55703,8759504d6e4ec432a0e137f8fc4dbe77798ff7afd8dfde5901c4354bfa8f2028
sources/http_captures/tornado-cash-ofac-delisting-2025/asset-layer-check/usdtbanlist.com__address-0x756C4628E57F7e7f8a459EC2752968360Cf4D1AA.html,http_captures,tornado-cash-ofac-delisting-2025,html,55703,0ad11ee776faf1a7d0a527e87717278a3eb149a9a00d7f36d431c32c571e7dd6
sources/http_captures/tornado-cash-ofac-delisting-2025/asset-layer-check/usdtbanlist.com__address-0x76D85B4C0Fc497EeCc38902397aC608000A06607.html,http_captures,tornado-cash-ofac-delisting-2025,html,55703,61d0eb06c9d848f76c78521bfe341a1200af8925d9eeae825dadda295d5d724c
sources/http_captures/tornado-cash-ofac-delisting-2025/asset-layer-check/usdtbanlist.com__address-0x776198CCF446DFa168347089d7338879273172cF.html,http_captures,tornado-cash-ofac-delisting-2025,html,55660,3abc535cda4b65717537773078b36288f1ebfcadf9f9b0d58bbae5dc22e61e1e
sources/http_captures/tornado-cash-ofac-delisting-2025/asset-layer-check/usdtbanlist.com__address-0x77777feddddffc19ff86db637967013e6c6a116c.html,http_captures,tornado-cash-ofac-delisting-2025,html,55703,4bc78efcab302f9d9d9ef406c88eeb0f2bd1b066034a0caa6e7b1dedcf4dfa18
sources/http_captures/tornado-cash-ofac-delisting-2025/asset-layer-check/usdtbanlist.com__address-0x797d7ae72ebddcdea2a346c1834e04d1f8df102b.html,http_captures,tornado-cash-ofac-delisting-2025,html,57060,9b9891ac795ce8bf0aa4a207cbac3515ecff1be8761a6ccc21acd58b36685635
sources/http_captures/tornado-cash-ofac-delisting-2025/asset-layer-check/usdtbanlist.com__address-0x8281Aa6795aDE17C8973e1aedcA380258Bc124F9.html,http_captures,tornado-cash-ofac-delisting-2025,html,56936,ed0de8a5d365e8e154b360e872d8a2bd85045555c6a3573c2a9ea51e7289cfd3
sources/http_captures/tornado-cash-ofac-delisting-2025/asset-layer-check/usdtbanlist.com__address-0x833481186f16Cece3f1Eeea1a694c42034c3a0dB.html,http_captures,tornado-cash-ofac-delisting-2025,html,55703,96e7778137c0293c05b7b6c392111ead391860fdb4e2a6511e29b3be614ae1b6
sources/http_captures/tornado-cash-ofac-delisting-2025/asset-layer-check/usdtbanlist.com__address-0x84443CFd09A48AF6eF360C6976C5392aC5023a1F.html,http_captures,tornado-cash-ofac-delisting-2025,html,55703,2dcb2689f78bbdf2f6eb2fc792a211cd46e8050c795d2cba37162337e81610fc
sources/http_captures/tornado-cash-ofac-delisting-2025/asset-layer-check/usdtbanlist.com__address-0x8589427373D6D84E98730D7795D8f6f8731FDA16.html,http_captures,tornado-cash-ofac-delisting-2025,html,55701,ceac61e76360392f4fefa9e5eb7f818e8d57bbd07b21a1410492dc99d68f7267
sources/http_captures/tornado-cash-ofac-delisting-2025/asset-layer-check/usdtbanlist.com__address-0x88fd245fEdeC4A936e700f9173454D1931B4C307.html,http_captures,tornado-cash-ofac-delisting-2025,html,55703,a4539ef2c68aac7837bbbd45583e5d9429adc9b83eb43e0dd9dfd4a4410bfbe6
sources/http_captures/tornado-cash-ofac-delisting-2025/asset-layer-check/usdtbanlist.com__address-0x910Cbd523D972eb0a6f4cAe4618aD62622b39DbF.html,http_captures,tornado-cash-ofac-delisting-2025,html,55701,75146ba6b125ba767f6e64f3cb1dd94d2346b9d63472cc0a2a0cabd56e86afa0
sources/http_captures/tornado-cash-ofac-delisting-2025/asset-layer-check/usdtbanlist.com__address-0x931546D9e66836AbF687d2bc64B30407bAc8C568.html,http_captures,tornado-cash-ofac-delisting-2025,html,55844,43808c4906a9e03fe7925882e1f611cced1dcb930a95d48fbcb0bf2d30e256e8
sources/http_captures/tornado-cash-ofac-delisting-2025/asset-layer-check/usdtbanlist.com__address-0x94A1B5CdB22c43faab4AbEb5c74999895464Ddaf.html,http_captures,tornado-cash-ofac-delisting-2025,html,55701,c516535f08face0e3ac019c48e663dc6757c44f9b16c37cd581634c2bf737eea
sources/http_captures/tornado-cash-ofac-delisting-2025/asset-layer-check/usdtbanlist.com__address-0x94Be88213a387E992Dd87DE56950a9aef34b9448.html,http_captures,tornado-cash-ofac-delisting-2025,html,55703,f6f267b10a8cdb5237085a3c7b10679c51cc792f8e3b3c3611a6d50a37152760
sources/http_captures/tornado-cash-ofac-delisting-2025/asset-layer-check/usdtbanlist.com__address-0x94C92F096437ab9958fC0A37F09348f30389Ae79.html,http_captures,tornado-cash-ofac-delisting-2025,html,55703,2c0d97e00f8ebde6eeaa0387bbd513c2fa4884e1c0c7359576174c5e6857a919
sources/http_captures/tornado-cash-ofac-delisting-2025/asset-layer-check/usdtbanlist.com__address-0x9AD122c22B14202B4490eDAf288FDb3C7cb3ff5E.html,http_captures,tornado-cash-ofac-delisting-2025,html,55701,6d35c90f006608c78851129a97fbc91be91d4b145d579b21d9f34aaa850c3325
sources/http_captures/tornado-cash-ofac-delisting-2025/asset-layer-check/usdtbanlist.com__address-0xA60C772958a3eD56c1F15dD055bA37AC8e523a0D.html,http_captures,tornado-cash-ofac-delisting-2025,html,56934,6bcf0c6368ac8f17b3cf8086666385f57d4b9e84d1909a1c19de7fd9da9eeaae
sources/http_captures/tornado-cash-ofac-delisting-2025/asset-layer-check/usdtbanlist.com__address-0xB20c66C4DE72433F3cE747b58B86830c459CA911.html,http_captures,tornado-cash-ofac-delisting-2025,html,56936,b91e5895bcc74bbe4f9fada343421d9f581b869f137a956e5a59867ef56ac821
sources/http_captures/tornado-cash-ofac-delisting-2025/asset-layer-check/usdtbanlist.com__address-0xBA214C1c1928a32Bffe790263E38B4Af9bFCD659.html,http_captures,tornado-cash-ofac-delisting-2025,html,55701,e0c6e4d8ae7005b674a15f1a2c5c9f2ddeb2e37e0199d387f6f0099288a38c6b
sources/http_captures/tornado-cash-ofac-delisting-2025/asset-layer-check/usdtbanlist.com__address-0xCC84179FFD19A1627E79F8648d09e095252Bc418.html,http_captures,tornado-cash-ofac-delisting-2025,html,55703,a9c14e5ab467f963b84faa18065fd76456cbe537762be40ff4d486c2bd097394
sources/http_captures/tornado-cash-ofac-delisting-2025/asset-layer-check/usdtbanlist.com__address-0xCEe71753C9820f063b38FDbE4cFDAf1d3D928A80.html,http_captures,tornado-cash-ofac-delisting-2025,html,55660,ffe4c25df5842f0e1799e9a4a4b5c3013c708ee9ae6782e65b146c06b49bba47
sources/http_captures/tornado-cash-ofac-delisting-2025/asset-layer-check/usdtbanlist.com__address-0xD21be7248e0197Ee08E0c20D4a96DEBdaC3D20Af.html,http_captures,tornado-cash-ofac-delisting-2025,html,55701,5166f810bb55569e04fb4dd3dbc0dc7d614beb321b1300d23ba96d3942751b24
sources/http_captures/tornado-cash-ofac-delisting-2025/asset-layer-check/usdtbanlist.com__address-0xD4B88Df4D29F5CedD6857912842cff3b20C8Cfa3.html,http_captures,tornado-cash-ofac-delisting-2025,html,55701,126befa4710a4aadd17ec73a71310e84462bbda7214fadc140207782c19f5d5d
sources/http_captures/tornado-cash-ofac-delisting-2025/asset-layer-check/usdtbanlist.com__address-0xD5d6f8D9e784d0e26222ad3834500801a68D027D.html,http_captures,tornado-cash-ofac-delisting-2025,html,55703,0a5153091de8f3943603da5915f11743afd9b6b22da642d20e0dfc3d527f23e9
sources/http_captures/tornado-cash-ofac-delisting-2025/asset-layer-check/usdtbanlist.com__address-0xD691F27f38B395864Ea86CfC7253969B409c362d.html,http_captures,tornado-cash-ofac-delisting-2025,html,55701,6ed3d04a512893d6019eb8a3a91fc2e19e04c24ccef9c06142bccc9edb287386
sources/http_captures/tornado-cash-ofac-delisting-2025/asset-layer-check/usdtbanlist.com__address-0xD692Fd2D0b2Fbd2e52CFa5B5b9424bC981C30696.html,http_captures,tornado-cash-ofac-delisting-2025,html,55703,6b5b5c0e91c814e9517acfef243ad216357b3888df915edc3151885385f059ec
sources/http_captures/tornado-cash-ofac-delisting-2025/asset-layer-check/usdtbanlist.com__address-0xD82ed8786D7c69DC7e052F7A542AB047971E73d2.html,http_captures,tornado-cash-ofac-delisting-2025,html,55703,2a43bd07c34b5d77b142a8b0877a9f93e7e8fcbf0b8841f5420027ccd645dc92
sources/http_captures/tornado-cash-ofac-delisting-2025/asset-layer-check/usdtbanlist.com__address-0xDD4c48C0B24039969fC16D1cdF626eaB821d3384.html,http_captures,tornado-cash-ofac-delisting-2025,html,55725,6f32d14fefd4e503673e8526296989901711ede9d5acd7b1be3bccdcabb89a54
sources/http_captures/tornado-cash-ofac-delisting-2025/asset-layer-check/usdtbanlist.com__address-0xDF3A408c53E5078af6e8fb2A85088D46Ee09A61b.html,http_captures,tornado-cash-ofac-delisting-2025,html,55660,69eeb18b4531a3b41ce67dbae9727186fffeb7f6f7d297bd49c3fe65d8baee54
sources/http_captures/tornado-cash-ofac-delisting-2025/asset-layer-check/usdtbanlist.com__address-0xF60dD140cFf0706bAE9Cd734Ac3ae76AD9eBC32A.html,http_captures,tornado-cash-ofac-delisting-2025,html,55701,97ae92e4355bd6f6c749f49bfdc032ec62e8907c4258ce6c4567888dfde5937d
sources/http_captures/tornado-cash-ofac-delisting-2025/asset-layer-check/usdtbanlist.com__address-0xF67721A2D8F736E75a49FdD7FAd2e31D8676542a.html,http_captures,tornado-cash-ofac-delisting-2025,html,56934,4996dd4e126bd6234129c859bc5b6295c1cf31848789940f43e86aed53a0bbcf
sources/http_captures/tornado-cash-ofac-delisting-2025/asset-layer-check/usdtbanlist.com__address-0xFD8610d20aA15b7B2E3Be39B396a1bC3516c7144.html,http_captures,tornado-cash-ofac-delisting-2025,html,55701,da83e71f68c756127877e59d1a1efb2bf1878113524acf2db279767b08f2cd04
sources/http_captures/tornado-cash-ofac-delisting-2025/asset-layer-check/usdtbanlist.com__address-0xa5C2254e4253490C54cef0a4347fddb8f75A4998.html,http_captures,tornado-cash-ofac-delisting-2025,html,55703,7fb9a3e481bfe0187e83b7d765e6b50bdb122bb55a115f767e9c0d104b01ab18
sources/http_captures/tornado-cash-ofac-delisting-2025/asset-layer-check/usdtbanlist.com__address-0xaEaaC358560e11f52454D997AAFF2c5731B6f8a6.html,http_captures,tornado-cash-ofac-delisting-2025,html,55658,1417c9d0e73967ab3dd513f245e25297dba2d4892941aa5c4d378096ad00179c
sources/http_captures/tornado-cash-ofac-delisting-2025/asset-layer-check/usdtbanlist.com__address-0xaf4c0B70B2Ea9FB7487C7CbB37aDa259579fe040.html,http_captures,tornado-cash-ofac-delisting-2025,html,55703,9085bb2683a4d0436e24cb81fc12b6972512bbef7d31000ca039b16a19de0091
sources/http_captures/tornado-cash-ofac-delisting-2025/asset-layer-check/usdtbanlist.com__address-0xaf8d1839c3c67cf571aa74B5c12398d4901147B3.html,http_captures,tornado-cash-ofac-delisting-2025,html,55703,99be946533b1da8d27bbf986dd9d56892f15e220338b955bf567d81a6906ec90
sources/http_captures/tornado-cash-ofac-delisting-2025/asset-layer-check/usdtbanlist.com__address-0xb04E030140b30C27bcdfaafFFA98C57d80eDa7B4.html,http_captures,tornado-cash-ofac-delisting-2025,html,55660,fd3fb43dede5f1d89d5a45c88442f7e6bf9bf1a69e3dc910cd7c0b016d78ccf2
sources/http_captures/tornado-cash-ofac-delisting-2025/asset-layer-check/usdtbanlist.com__address-0xb1C8094B234DcE6e03f10a5b673c1d8C69739A00.html,http_captures,tornado-cash-ofac-delisting-2025,html,55701,d58920e9d8dddd8755dced35b3efd616f0d4103f32fb2c5ea27c6dc4c9591d01
sources/http_captures/tornado-cash-ofac-delisting-2025/asset-layer-check/usdtbanlist.com__address-0xb541fc07bC7619fD4062A54d96268525cBC6FfEF.html,http_captures,tornado-cash-ofac-delisting-2025,html,55701,f1e54ac5c476ccea35c7fadb16e62d73594fc1e05c3b84d48257152f0f7e168a
sources/http_captures/tornado-cash-ofac-delisting-2025/asset-layer-check/usdtbanlist.com__address-0xbB93e510BbCD0B7beb5A853875f9eC60275CF498.html,http_captures,tornado-cash-ofac-delisting-2025,html,55701,d3504dd4ba9eec30811c8cc9bd1a6d30665be16ae314e1c75bb09211b465a2b4
sources/http_captures/tornado-cash-ofac-delisting-2025/asset-layer-check/usdtbanlist.com__address-0xca0840578f57fe71599d29375e16783424023357.html,http_captures,tornado-cash-ofac-delisting-2025,html,55701,f45f7724b77f567fddb637191e07384fe5964efda4b8da15b229cebd6ae4b7b6
sources/http_captures/tornado-cash-ofac-delisting-2025/asset-layer-check/usdtbanlist.com__address-0xd8D7DE3349ccaA0Fde6298fe6D7b7d0d34586193.html,http_captures,tornado-cash-ofac-delisting-2025,html,55703,eb5f0db82800faf73a86602b34d0749e985effa1a4dbd9d347e43c3df5b8afe0
sources/http_captures/tornado-cash-ofac-delisting-2025/asset-layer-check/usdtbanlist.com__address-0xd96f2B1c14Db8458374d9Aca76E26c3D18364307.html,http_captures,tornado-cash-ofac-delisting-2025,html,55717,d7902abb570a6f7f76bf6f338c5f19fc298c3ed7d113e262277eacd05b0a09f6
sources/http_captures/tornado-cash-ofac-delisting-2025/asset-layer-check/usdtbanlist.com__address-0xdcbEfFBECcE100cCE9E4b153C4e15cB885643193.html,http_captures,tornado-cash-ofac-delisting-2025,html,55839,e9a789cfbe0cbfe754df9fcb0c0711388939bf63ea193983d401cc36dc0729dc
sources/http_captures/tornado-cash-ofac-delisting-2025/asset-layer-check/usdtbanlist.com__address-0xdf231d99Ff8b6c6CBF4E9B9a945CBAcEF9339178.html,http_captures,tornado-cash-ofac-delisting-2025,html,55703,c422b2d5b3929136c91fa81dbb37322add82d643c3d1612211fa874af107b9d0
sources/http_captures/tornado-cash-ofac-delisting-2025/asset-layer-check/usdtbanlist.com__address-0xeDC5d01286f99A066559F60a585406f3878a033e.html,http_captures,tornado-cash-ofac-delisting-2025,html,55703,601c902703de3cce83253a7095cfa3ca9a4ac9394917fd5b01048481943de4b8
sources/http_captures/tornado-cash-ofac-delisting-2025/asset-layer-check/usdtbanlist.com__address-0xed6e0a7e4ac94d976eebfb82ccf777a3c6bad921.html,http_captures,tornado-cash-ofac-delisting-2025,html,55863,c9a1ccba057347d4b23b7e66e8c83dbdc1bd03d91c4253382a592737a07dd377
sources/http_captures/tornado-cash-ofac-delisting-2025/asset-layer-check/usdtbanlist.com__address-0xf4B067dD14e95Bab89Be928c07Cb22E3c94E0DAA.html,http_captures,tornado-cash-ofac-delisting-2025,html,55703,0f46cbed5b5d0b0eca1dc6a75ae59ba3f4ab0a3b562fcf93540be45034a62d92
sources/http_captures/tornado-cash-ofac-delisting-2025/asset-layer-check/usdtbanlist.com__address-0xffbac21a641dcfe4552920138d90f3638b3c9fba.html,http_captures,tornado-cash-ofac-delisting-2025,html,55703,352d72b03de2c5d20b863ba04fdc27507cb42e07981a914d01ce9e6afd905348
sources/http_captures/tornado-cash-ofac-delisting-2025/backfill-1.3/app.tornado.cash__capture__b2ee302b2f.html,http_captures,tornado-cash-ofac-delisting-2025,html,6396,7b7a330aff8657dc258a60f91aad4766c1a742e3603f394f1e484482ee95e216
sources/http_captures/tornado-cash-ofac-delisting-2025/backfill-1.3/app.tornado.cash__capture__b2ee302b2f.json,http_captures,tornado-cash-ofac-delisting-2025,json,2074,12497f5b76f36882b95e58e41e29db9de736f0cdb4c209fa64751976483c5625
sources/http_captures/tornado-cash-ofac-delisting-2025/backfill-1.3/github.com__tornadocash-tornado-core__9430a15343.html,http_captures,tornado-cash-ofac-delisting-2025,html,347300,eae716bb77d0dc187b11c4c5348b725397a02bfeb143c4110c077841076c8900
sources/http_captures/tornado-cash-ofac-delisting-2025/backfill-1.3/github.com__tornadocash-tornado-core__9430a15343.json,http_captures,tornado-cash-ofac-delisting-2025,json,5218,c60585d2bc5139b401d43b1ea7a9b04e258c3ffdff994f0df8a669d913b81fe7
sources/http_captures/tornado-cash-ofac-delisting-2025/backfill-1.3/github.com__tornadocash__7f33190afd.html,http_captures,tornado-cash-ofac-delisting-2025,html,277301,d690ed08734c1942dc9dd4325efe07066922cd3accab06d99273cc835a0afc7a
sources/http_captures/tornado-cash-ofac-delisting-2025/backfill-1.3/github.com__tornadocash__7f33190afd.json,http_captures,tornado-cash-ofac-delisting-2025,json,5114,eb5440fe5d965f92981aa5af59da232d3fd4cd2890b408f936df5dcb077957e3
sources/http_captures/tornado-cash-ofac-delisting-2025/backfill-1.3/manifest.json,http_captures,tornado-cash-ofac-delisting-2025,json,17582,702bcee1320d5ffd6a096cc5f51afdfd929c18e6c2548436653ee895648754ad
sources/http_captures/tornado-cash-ofac-delisting-2025/backfill-1.3/tornadocash.eth.limo__capture__158c013abd.html,http_captures,tornado-cash-ofac-delisting-2025,html,6396,7b7a330aff8657dc258a60f91aad4766c1a742e3603f394f1e484482ee95e216
sources/http_captures/tornado-cash-ofac-delisting-2025/backfill-1.3/tornadocash.eth.limo__capture__158c013abd.json,http_captures,tornado-cash-ofac-delisting-2025,json,2088,9f239b32af880b5f3c2a4f4080a724df8c4f6cf86994802dce23b40569e34a15
sources/http_captures/tornado-cash-ofac-delisting-2025/backfill-1.3/usdtbanlist.com__address-0x47CE0C6eD5B0Ce3d3A51fdb1C52DC66a7c3c2936__a06f6feca5.html,http_captures,tornado-cash-ofac-delisting-2025,html,55701,796e56678deaefeb73773354336dcb4f75b0770e7ebc3c45f3e9dedc1fd73363
sources/http_captures/tornado-cash-ofac-delisting-2025/backfill-1.3/usdtbanlist.com__address-0x47CE0C6eD5B0Ce3d3A51fdb1C52DC66a7c3c2936__a06f6feca5.json,http_captures,tornado-cash-ofac-delisting-2025,json,1790,eb0de887d826b0beefae4adfccd6461a19ae3c970a15c6964d65266114b8c7fc
sources/http_captures/tornado-cash-ofac-delisting-2025/l3-wayback-brackets/manifest.json,http_captures,tornado-cash-ofac-delisting-2025,json,8962,caa95b57fdd7f254c1bbd2df32e92999fced92b8e92ea27c71586e147931bcf5
sources/http_captures/tornado-cash-ofac-delisting-2025/l3-wayback-brackets/web.archive.org__web-20250313180739-https-docs.flashbots.net-flashbots-protect-overview__cb454aae12.html,http_captures,tornado-cash-ofac-delisting-2025,html,32917,1592ba0b485a20ed697c29f09c3031c309d362381177a97613157b138989d410
sources/http_captures/tornado-cash-ofac-delisting-2025/l3-wayback-brackets/web.archive.org__web-20250313180739-https-docs.flashbots.net-flashbots-protect-overview__cb454aae12.json,http_captures,tornado-cash-ofac-delisting-2025,json,4053,8dadb44d6e218f9031bc73babf7836e428904ec7e5f85ecc385359317f47359a
sources/http_captures/tornado-cash-ofac-delisting-2025/l3-wayback-brackets/web.archive.org__web-20250405045312-https-docs.flashbots.net-flashbots-protect-overview__2fe331d183.html,http_captures,tornado-cash-ofac-delisting-2025,html,32917,b258da6dc24ea8b8ee351803a52e9cd92ca59b579c9a6876f2dcd68b1bcdf9c9
sources/http_captures/tornado-cash-ofac-delisting-2025/l3-wayback-brackets/web.archive.org__web-20250405045312-https-docs.flashbots.net-flashbots-protect-overview__2fe331d183.json,http_captures,tornado-cash-ofac-delisting-2025,json,4055,5fea59eb5bdf65a3c41f45d7e54fa5c905dd8e62f095f2161dacbc0d880f2e5b
sources/http_captures/tornado-cash-ofac-delisting-2025/ofac-recent-actions/manifest.json,http_captures,tornado-cash-ofac-delisting-2025,json,2081,67c6eee8065c25009c64ee67388da4566f6eaaebc88b205c4b874bd3f714c5ce
sources/http_captures/tornado-cash-ofac-delisting-2025/ofac-recent-actions/ofac.treasury.gov__recent-actions-20250321__a54f76a3e2.html,http_captures,tornado-cash-ofac-delisting-2025,html,48414,bb3a6660863f0ebadbe7a8f1b072a0f999b433579886106c5097311c1e1764e4
sources/http_captures/tornado-cash-ofac-delisting-2025/ofac-recent-actions/ofac.treasury.gov__recent-actions-20250321__a54f76a3e2.json,http_captures,tornado-cash-ofac-delisting-2025,json,1759,f7648056956c887db60bd3046c4b83924b44e35765d6c1264bdcf9bc5e16c5d1
sources/http_captures/tornado-cash-ofac-redesignation-2022/asset-layer-check/usdtbanlist.com__address-0x01e2919679362dFBC9ee1644Ba9C6da6D6245BB1.html,http_captures,tornado-cash-ofac-redesignation-2022,html,55703,34f53484c97c138a84f32ee552e500b5e6e65ffabb24ba094f118e47c5585b12
sources/http_captures/tornado-cash-ofac-redesignation-2022/asset-layer-check/usdtbanlist.com__address-0x03893a7c7463AE47D46bc7f091665f1893656003.html,http_captures,tornado-cash-ofac-redesignation-2022,html,55701,ed91b9397650b2f38222a19d550d77fa32e1d51f42062a947db7de8d0697af6b
sources/http_captures/tornado-cash-ofac-redesignation-2022/asset-layer-check/usdtbanlist.com__address-0x05E0b5B40B7b66098C2161A5EE11C5740A3A7C45.html,http_captures,tornado-cash-ofac-redesignation-2022,html,55703,3a5a512a037fbf8bb3c9d79d0a12bec356382d47dc4716ec0dbb02d78e3b4512
sources/http_captures/tornado-cash-ofac-redesignation-2022/asset-layer-check/usdtbanlist.com__address-0x07687e702b410Fa43f4cB4Af7FA097918ffD2730.html,http_captures,tornado-cash-ofac-redesignation-2022,html,55701,db56fdedd1199f2de536e97b8970a125b25869bcc91519edfcd68004d6d28fa8
sources/http_captures/tornado-cash-ofac-redesignation-2022/asset-layer-check/usdtbanlist.com__address-0x0836222F2B2B24A3F36f98668Ed8F0B38D1a872f.html,http_captures,tornado-cash-ofac-redesignation-2022,html,55721,829e904951bf6d4ffcabe39d5bb454b47cd07ee78f7b612d0f10ade4a1319f01
sources/http_captures/tornado-cash-ofac-redesignation-2022/asset-layer-check/usdtbanlist.com__address-0x09193888b3f38C82dEdfda55259A82C0E7De875E.html,http_captures,tornado-cash-ofac-redesignation-2022,html,55703,12fb8f7b0bbee671385ac37b0fdde97d8c8e51fad189f188ab35c01986e22681
sources/http_captures/tornado-cash-ofac-redesignation-2022/asset-layer-check/usdtbanlist.com__address-0x0E3A09dDA6B20aFbB34aC7cD4A6881493f3E7bf7.html,http_captures,tornado-cash-ofac-redesignation-2022,html,55703,9fada9e1546d5764c172ebcc9aa45207c069cff88c9e9bfa9418902c417c5c93
sources/http_captures/tornado-cash-ofac-redesignation-2022/asset-layer-check/usdtbanlist.com__address-0x1356c899D8C9467C7f71C195612F8A395aBf2f0a.html,http_captures,tornado-cash-ofac-redesignation-2022,html,55701,e37fcf303a2e48cfe00d99ba418156ad86c15880b9b37da1cf1a793b6df9786f
sources/http_captures/tornado-cash-ofac-redesignation-2022/asset-layer-check/usdtbanlist.com__address-0x169AD27A470D064DEDE56a2D3ff727986b15D52B.html,http_captures,tornado-cash-ofac-redesignation-2022,html,55717,9301ca57ea534fcb47ca355824a3176daf11d397ca92312d79e9cde5c99df2d7
sources/http_captures/tornado-cash-ofac-redesignation-2022/asset-layer-check/usdtbanlist.com__address-0x178169B423a011fff22B9e3F3abeA13414dDD0F1.html,http_captures,tornado-cash-ofac-redesignation-2022,html,55701,3d7eebda6bda7502b29775d1dd00bf9ecf5061d563043500d7532926695fe479
sources/http_captures/tornado-cash-ofac-redesignation-2022/asset-layer-check/usdtbanlist.com__address-0x179f48c78f57a3a78f0608cc9197b8972921d1d2.html,http_captures,tornado-cash-ofac-redesignation-2022,html,56936,b32c21038050160ac40a5885ae122a59a00f095a035c0f42228c165c862d6743
sources/http_captures/tornado-cash-ofac-redesignation-2022/asset-layer-check/usdtbanlist.com__address-0x1E34A77868E19A6647b1f2F47B51ed72dEDE95DD.html,http_captures,tornado-cash-ofac-redesignation-2022,html,55703,a12028f5c6f85daf9b76fb6da4e689f6784fc5690d957569ac6c73c26dc7d3d7
sources/http_captures/tornado-cash-ofac-redesignation-2022/asset-layer-check/usdtbanlist.com__address-0x22aaA7720ddd5388A3c0A3333430953C68f1849b.html,http_captures,tornado-cash-ofac-redesignation-2022,html,55701,eb352f77c1b9ce68b5e2a9e9d6a81153316727a34e26790b503268fb7906e70a
sources/http_captures/tornado-cash-ofac-redesignation-2022/asset-layer-check/usdtbanlist.com__address-0x23173fE8b96A4Ad8d2E17fB83EA5dcccdCa1Ae52.html,http_captures,tornado-cash-ofac-redesignation-2022,html,56936,2b887cfbf107aa47b442e5f6e3c98a284a8012792c1ec4fc638776e510f46287
sources/http_captures/tornado-cash-ofac-redesignation-2022/asset-layer-check/usdtbanlist.com__address-0x23773E65ed146A459791799d01336DB287f25334.html,http_captures,tornado-cash-ofac-redesignation-2022,html,55701,88769f00d177457d36177301cc55583c22715f495fa60c360b9bcdf609fbcf78
sources/http_captures/tornado-cash-ofac-redesignation-2022/asset-layer-check/usdtbanlist.com__address-0x242654336ca2205714071898f67E254EB49ACdCe.html,http_captures,tornado-cash-ofac-redesignation-2022,html,55703,93cc3cba9264e8f2ce51bc763f2dc52b6bedc5766373f2a7ea77ee5133c76984
sources/http_captures/tornado-cash-ofac-redesignation-2022/asset-layer-check/usdtbanlist.com__address-0x2573BAc39EBe2901B4389CD468F2872cF7767FAF.html,http_captures,tornado-cash-ofac-redesignation-2022,html,55703,6b8b1fea1b501ccc0c00a27d9948e0fe0913e66d16be36a6898e700a89754f3a
sources/http_captures/tornado-cash-ofac-redesignation-2022/asset-layer-check/usdtbanlist.com__address-0x26903a5a198D571422b2b4EA08b56a37cbD68c89.html,http_captures,tornado-cash-ofac-redesignation-2022,html,55703,3b8c1957ac75211618925177f0ce1fc937bbdd3a5015e704ef74280d52d48bf0
sources/http_captures/tornado-cash-ofac-redesignation-2022/asset-layer-check/usdtbanlist.com__address-0x2717c5e28cf931547B621a5dddb772Ab6A35B701.html,http_captures,tornado-cash-ofac-redesignation-2022,html,55701,6e635daa43e5b37d0fc73489306e29326369c436f2c5f9388b9d6069609e3519
sources/http_captures/tornado-cash-ofac-redesignation-2022/asset-layer-check/usdtbanlist.com__address-0x2FC93484614a34f26F7970CBB94615bA109BB4bf.html,http_captures,tornado-cash-ofac-redesignation-2022,html,55703,d9d7f1a56a3c576fee5eff911446bc24c2c278a276c3940bcd1df6a684bc90c1
sources/http_captures/tornado-cash-ofac-redesignation-2022/asset-layer-check/usdtbanlist.com__address-0x2f50508a8a3d323b91336fa3ea6ae50e55f32185.html,http_captures,tornado-cash-ofac-redesignation-2022,html,55703,fd2f2df8209124d917a33916fdf00dfd03232bf563125a0934178bd11fe1fa31
sources/http_captures/tornado-cash-ofac-redesignation-2022/asset-layer-check/usdtbanlist.com__address-0x330bdFADE01eE9bF63C209Ee33102DD334618e0a.html,http_captures,tornado-cash-ofac-redesignation-2022,html,55703,cf4ec2e63358db73e18ed3d89674b0b6f788af2d4af91bb4a9e83befd88b45a8
sources/http_captures/tornado-cash-ofac-redesignation-2022/asset-layer-check/usdtbanlist.com__address-0x3aac1cC67c2ec5Db4eA850957b967Ba153aD6279.html,http_captures,tornado-cash-ofac-redesignation-2022,html,55703,f9235a533375ed9bcd45b3de43cd0a3f5969c2a5d05844c7021ce7f1a05fa273
sources/http_captures/tornado-cash-ofac-redesignation-2022/asset-layer-check/usdtbanlist.com__address-0x3efa30704d2b8bbac821307230376556cf8cc39e.html,http_captures,tornado-cash-ofac-redesignation-2022,html,55703,2d30e7dc2ca73d31697b48dd55f554cce400e68f77efd98578529c57c1511e0c
sources/http_captures/tornado-cash-ofac-redesignation-2022/asset-layer-check/usdtbanlist.com__address-0x407CcEeaA7c95d2FE2250Bf9F2c105aA7AAFB512.html,http_captures,tornado-cash-ofac-redesignation-2022,html,55703,22b3ae52591ea549dcccdbe2c3379ba760f8adb1b749a7ef13a24463c7b04542
sources/http_captures/tornado-cash-ofac-redesignation-2022/asset-layer-check/usdtbanlist.com__address-0x4736dCf1b7A3d580672CcE6E7c65cd5cc9cFBa9D.html,http_captures,tornado-cash-ofac-redesignation-2022,html,55721,82d1892f2b777e37589f8da3d56d496c0c3ba586fcb2fe9d5eeecd81dcdc8308
sources/http_captures/tornado-cash-ofac-redesignation-2022/asset-layer-check/usdtbanlist.com__address-0x47CE0C6eD5B0Ce3d3A51fdb1C52DC66a7c3c2936.html,http_captures,tornado-cash-ofac-redesignation-2022,html,55701,0d1f00977744620d0ad79362f0cc3ef36e6666905d8e9267eeb2b152d23ec937
sources/http_captures/tornado-cash-ofac-redesignation-2022/asset-layer-check/usdtbanlist.com__address-0x527653eA119F3E6a1F5BD18fbF4714081D7B31ce.html,http_captures,tornado-cash-ofac-redesignation-2022,html,55701,54b3a4ec4908655d967f29526c437eb817eee4e53ffe9700117a52aa6d518c53
sources/http_captures/tornado-cash-ofac-redesignation-2022/asset-layer-check/usdtbanlist.com__address-0x538Ab61E8A9fc1b2f93b3dd9011d662d89bE6FE6.html,http_captures,tornado-cash-ofac-redesignation-2022,html,55703,8b7d0992884558ff50f0467f64a652e7cdcb39a78eed1e29ec0e5841acb371d5
sources/http_captures/tornado-cash-ofac-redesignation-2022/asset-layer-check/usdtbanlist.com__address-0x57b2B8c82F065de8Ef5573f9730fC1449B403C9f.html,http_captures,tornado-cash-ofac-redesignation-2022,html,56936,be686fba88f3f5bb022dec8c4bc3ae085422823443c6f69c0b38b92881577099
sources/http_captures/tornado-cash-ofac-redesignation-2022/asset-layer-check/usdtbanlist.com__address-0x58E8dCC13BE9780fC42E8723D8EaD4CF46943dF2.html,http_captures,tornado-cash-ofac-redesignation-2022,html,55701,0afa7ee05eb4c69b3145bd27bcaaf6a0d8716be3816a852218493ebf3aeb6dbd
sources/http_captures/tornado-cash-ofac-redesignation-2022/asset-layer-check/usdtbanlist.com__address-0x5cab7692D4E94096462119ab7bF57319726Eed2A.html,http_captures,tornado-cash-ofac-redesignation-2022,html,55703,4d256ae6c2cfd10f142135b857a9c9201d0bb68da83d669e0b7af2fe8a158363
sources/http_captures/tornado-cash-ofac-redesignation-2022/asset-layer-check/usdtbanlist.com__address-0x5efda50f22d34F262c29268506C5Fa42cB56A1Ce.html,http_captures,tornado-cash-ofac-redesignation-2022,html,55703,5307d9bdbedb10ca7aa601f0f9ba7867f76600bd64e78b09970096fa80e269ac
sources/http_captures/tornado-cash-ofac-redesignation-2022/asset-layer-check/usdtbanlist.com__address-0x5f6c97C6AD7bdd0AE7E0Dd4ca33A4ED3fDabD4D7.html,http_captures,tornado-cash-ofac-redesignation-2022,html,55703,9c3fc44a82e74a0538bef0bc21ee08116f3290f2110a7bd4bafe1889eb224143
sources/http_captures/tornado-cash-ofac-redesignation-2022/asset-layer-check/usdtbanlist.com__address-0x610B717796ad172B316836AC95a2ffad065CeaB4.html,http_captures,tornado-cash-ofac-redesignation-2022,html,55701,1450d86376f26123f5166fbd69a3e3c6c037a7cdb588bae53aba52c83b29931e
sources/http_captures/tornado-cash-ofac-redesignation-2022/asset-layer-check/usdtbanlist.com__address-0x653477c392c16b0765603074f157314Cc4f40c32.html,http_captures,tornado-cash-ofac-redesignation-2022,html,55703,c44bb18d9abd074d07e733bf94093c3f9676ff33d5569bb1c04c163e08f1f4f5
sources/http_captures/tornado-cash-ofac-redesignation-2022/asset-layer-check/usdtbanlist.com__address-0x6Bf694a291DF3FeC1f7e69701E3ab6c592435Ae7.html,http_captures,tornado-cash-ofac-redesignation-2022,html,55703,a53b4939cf17fe812a2dee8d0f2d867197d4239e1b17e4e642c27f48dadf378d
sources/http_captures/tornado-cash-ofac-redesignation-2022/asset-layer-check/usdtbanlist.com__address-0x722122dF12D4e14e13Ac3b6895a86e84145b6967.html,http_captures,tornado-cash-ofac-redesignation-2022,html,55701,7cd6fd578a6b35ad8f1aff825ba23a1b1f734c5cf80bd32a6bcd0be450db6919
sources/http_captures/tornado-cash-ofac-redesignation-2022/asset-layer-check/usdtbanlist.com__address-0x723B78e67497E85279CB204544566F4dC5d2acA0.html,http_captures,tornado-cash-ofac-redesignation-2022,html,55703,58e1534219eece032170258ae7a83b4c688b5a31322f4cf9140b79f31df355bc
sources/http_captures/tornado-cash-ofac-redesignation-2022/asset-layer-check/usdtbanlist.com__address-0x743494b60097A2230018079c02fe21a7B687EAA5.html,http_captures,tornado-cash-ofac-redesignation-2022,html,56936,46ad289e24f95673053151f110d7708c6a5fa3b7d8ea28c61dee9c41aae37a8a
sources/http_captures/tornado-cash-ofac-redesignation-2022/asset-layer-check/usdtbanlist.com__address-0x746aebc06d2ae31b71ac51429a19d54e797878e9.html,http_captures,tornado-cash-ofac-redesignation-2022,html,55703,9d43fc3c9a399d76e04b829f3dc4d848a36030b72626c1a510579f5ae74072af
sources/http_captures/tornado-cash-ofac-redesignation-2022/asset-layer-check/usdtbanlist.com__address-0x756C4628E57F7e7f8a459EC2752968360Cf4D1AA.html,http_captures,tornado-cash-ofac-redesignation-2022,html,55703,0ad11ee776faf1a7d0a527e87717278a3eb149a9a00d7f36d431c32c571e7dd6
sources/http_captures/tornado-cash-ofac-redesignation-2022/asset-layer-check/usdtbanlist.com__address-0x76D85B4C0Fc497EeCc38902397aC608000A06607.html,http_captures,tornado-cash-ofac-redesignation-2022,html,55703,7a2b277ba3d3fdfebe3a327eba5892f1424ad798b7c3d0179b67a398946fe432
sources/http_captures/tornado-cash-ofac-redesignation-2022/asset-layer-check/usdtbanlist.com__address-0x776198CCF446DFa168347089d7338879273172cF.html,http_captures,tornado-cash-ofac-redesignation-2022,html,55703,6d2c9ac30251c744d8bd3f8e53397b4bcdecc7b7863db6b135e6caca08065f99
sources/http_captures/tornado-cash-ofac-redesignation-2022/asset-layer-check/usdtbanlist.com__address-0x77777feddddffc19ff86db637967013e6c6a116c.html,http_captures,tornado-cash-ofac-redesignation-2022,html,55703,4bc78efcab302f9d9d9ef406c88eeb0f2bd1b066034a0caa6e7b1dedcf4dfa18
sources/http_captures/tornado-cash-ofac-redesignation-2022/asset-layer-check/usdtbanlist.com__address-0x8281Aa6795aDE17C8973e1aedcA380258Bc124F9.html,http_captures,tornado-cash-ofac-redesignation-2022,html,56936,ed0de8a5d365e8e154b360e872d8a2bd85045555c6a3573c2a9ea51e7289cfd3
sources/http_captures/tornado-cash-ofac-redesignation-2022/asset-layer-check/usdtbanlist.com__address-0x833481186f16Cece3f1Eeea1a694c42034c3a0dB.html,http_captures,tornado-cash-ofac-redesignation-2022,html,55703,96e7778137c0293c05b7b6c392111ead391860fdb4e2a6511e29b3be614ae1b6
sources/http_captures/tornado-cash-ofac-redesignation-2022/asset-layer-check/usdtbanlist.com__address-0x84443CFd09A48AF6eF360C6976C5392aC5023a1F.html,http_captures,tornado-cash-ofac-redesignation-2022,html,55703,c30a184a132b2ee0364b862705cea5c60dc7a9c78d125fadab024129cb6419cf
sources/http_captures/tornado-cash-ofac-redesignation-2022/asset-layer-check/usdtbanlist.com__address-0x8589427373D6D84E98730D7795D8f6f8731FDA16.html,http_captures,tornado-cash-ofac-redesignation-2022,html,55701,ceac61e76360392f4fefa9e5eb7f818e8d57bbd07b21a1410492dc99d68f7267
sources/http_captures/tornado-cash-ofac-redesignation-2022/asset-layer-check/usdtbanlist.com__address-0x88fd245fEdeC4A936e700f9173454D1931B4C307.html,http_captures,tornado-cash-ofac-redesignation-2022,html,56936,1f8c76a807ca956d70e43e002c5fbf29fff140462c83edb7d2f2af46e47cd166
sources/http_captures/tornado-cash-ofac-redesignation-2022/asset-layer-check/usdtbanlist.com__address-0x905b63Fff465B9fFBF41DeA908CEb12478ec7601.html,http_captures,tornado-cash-ofac-redesignation-2022,html,54921,427bc5305a387ea370850bc58b3127d49389b5726110e10ed74cbbbcb640de7e
sources/http_captures/tornado-cash-ofac-redesignation-2022/asset-layer-check/usdtbanlist.com__address-0x910Cbd523D972eb0a6f4cAe4618aD62622b39DbF.html,http_captures,tornado-cash-ofac-redesignation-2022,html,55701,cab810ed953fdd828a86acc03f8f0e6d5f92e493eaf968c975c6a5b509e15018
sources/http_captures/tornado-cash-ofac-redesignation-2022/asset-layer-check/usdtbanlist.com__address-0x94A1B5CdB22c43faab4AbEb5c74999895464Ddaf.html,http_captures,tornado-cash-ofac-redesignation-2022,html,55658,249efc192642a38275b4373600fb44ac04cb04bb0f7465a5eeb2b9ab741c77bf
sources/http_captures/tornado-cash-ofac-redesignation-2022/asset-layer-check/usdtbanlist.com__address-0x94Be88213a387E992Dd87DE56950a9aef34b9448.html,http_captures,tornado-cash-ofac-redesignation-2022,html,56936,78f08d7ad0da47aa5af824a6a116cff09a7d117f17bbdd1c5eadba5fdd449165
sources/http_captures/tornado-cash-ofac-redesignation-2022/asset-layer-check/usdtbanlist.com__address-0x94C92F096437ab9958fC0A37F09348f30389Ae79.html,http_captures,tornado-cash-ofac-redesignation-2022,html,55703,2c0d97e00f8ebde6eeaa0387bbd513c2fa4884e1c0c7359576174c5e6857a919
sources/http_captures/tornado-cash-ofac-redesignation-2022/asset-layer-check/usdtbanlist.com__address-0x9AD122c22B14202B4490eDAf288FDb3C7cb3ff5E.html,http_captures,tornado-cash-ofac-redesignation-2022,html,55658,e151349480d97f741a428de8b43551bf9ab7facb1cc4553fd8b74464b3888a45
sources/http_captures/tornado-cash-ofac-redesignation-2022/asset-layer-check/usdtbanlist.com__address-0xA60C772958a3eD56c1F15dD055bA37AC8e523a0D.html,http_captures,tornado-cash-ofac-redesignation-2022,html,55701,b1fa627e812b43a36683204a8e863ed0c796fd6a9f413bb8c2286537b86be09e
sources/http_captures/tornado-cash-ofac-redesignation-2022/asset-layer-check/usdtbanlist.com__address-0xB20c66C4DE72433F3cE747b58B86830c459CA911.html,http_captures,tornado-cash-ofac-redesignation-2022,html,55703,109fd7163ef90b0daab50e0d0cd319e818d7a4131d96e762186d9b7069df1146
sources/http_captures/tornado-cash-ofac-redesignation-2022/asset-layer-check/usdtbanlist.com__address-0xBA214C1c1928a32Bffe790263E38B4Af9bFCD659.html,http_captures,tornado-cash-ofac-redesignation-2022,html,55658,4229088349a64d3b9b9d0e8cf1787fc08db26b627c89f9aae5f84acf62a55f5b
sources/http_captures/tornado-cash-ofac-redesignation-2022/asset-layer-check/usdtbanlist.com__address-0xCC84179FFD19A1627E79F8648d09e095252Bc418.html,http_captures,tornado-cash-ofac-redesignation-2022,html,55703,a9c14e5ab467f963b84faa18065fd76456cbe537762be40ff4d486c2bd097394
sources/http_captures/tornado-cash-ofac-redesignation-2022/asset-layer-check/usdtbanlist.com__address-0xCEe71753C9820f063b38FDbE4cFDAf1d3D928A80.html,http_captures,tornado-cash-ofac-redesignation-2022,html,55703,4d910dff7e4d541aeb3f4dff13763a98bb26ac42773d58495e764e6f89afc574
sources/http_captures/tornado-cash-ofac-redesignation-2022/asset-layer-check/usdtbanlist.com__address-0xCa0840578f57fE71599D29375e16783424023357.html,http_captures,tornado-cash-ofac-redesignation-2022,html,55701,524e2ca1adf0d501a2dedccae4cf6de5d40c6822a8d3934952f337b8c8ba08e0
sources/http_captures/tornado-cash-ofac-redesignation-2022/asset-layer-check/usdtbanlist.com__address-0xD21be7248e0197Ee08E0c20D4a96DEBdaC3D20Af.html,http_captures,tornado-cash-ofac-redesignation-2022,html,55701,d7b6db658867848ad71ce92bc874429305cf0c416f859181168a82a7fec6a574
sources/http_captures/tornado-cash-ofac-redesignation-2022/asset-layer-check/usdtbanlist.com__address-0xD4B88Df4D29F5CedD6857912842cff3b20C8Cfa3.html,http_captures,tornado-cash-ofac-redesignation-2022,html,55701,126befa4710a4aadd17ec73a71310e84462bbda7214fadc140207782c19f5d5d
sources/http_captures/tornado-cash-ofac-redesignation-2022/asset-layer-check/usdtbanlist.com__address-0xD5d6f8D9e784d0e26222ad3834500801a68D027D.html,http_captures,tornado-cash-ofac-redesignation-2022,html,55703,0a5153091de8f3943603da5915f11743afd9b6b22da642d20e0dfc3d527f23e9
sources/http_captures/tornado-cash-ofac-redesignation-2022/asset-layer-check/usdtbanlist.com__address-0xD691F27f38B395864Ea86CfC7253969B409c362d.html,http_captures,tornado-cash-ofac-redesignation-2022,html,55701,dbc3d42d034c1786a1994ac34fb3a6918549c36f40e40a0ddc7629b40f05375c
sources/http_captures/tornado-cash-ofac-redesignation-2022/asset-layer-check/usdtbanlist.com__address-0xD692Fd2D0b2Fbd2e52CFa5B5b9424bC981C30696.html,http_captures,tornado-cash-ofac-redesignation-2022,html,55703,6b5b5c0e91c814e9517acfef243ad216357b3888df915edc3151885385f059ec
sources/http_captures/tornado-cash-ofac-redesignation-2022/asset-layer-check/usdtbanlist.com__address-0xD82ed8786D7c69DC7e052F7A542AB047971E73d2.html,http_captures,tornado-cash-ofac-redesignation-2022,html,55703,4864bec5d8418424a697ce02824c37f5281901ed262d977f01015b752141cb18
sources/http_captures/tornado-cash-ofac-redesignation-2022/asset-layer-check/usdtbanlist.com__address-0xDD4c48C0B24039969fC16D1cdF626eaB821d3384.html,http_captures,tornado-cash-ofac-redesignation-2022,html,55725,18da43e1b5e02fd755c7e6e2275a27416449756e765fde65e48d7e05bc3f2e84
sources/http_captures/tornado-cash-ofac-redesignation-2022/asset-layer-check/usdtbanlist.com__address-0xDF3A408c53E5078af6e8fb2A85088D46Ee09A61b.html,http_captures,tornado-cash-ofac-redesignation-2022,html,55703,e783eccb7b78b93b89cc9f4a2e717748f1c4c553d76b51ff63f645c488df83d0
sources/http_captures/tornado-cash-ofac-redesignation-2022/asset-layer-check/usdtbanlist.com__address-0xF60dD140cFf0706bAE9Cd734Ac3ae76AD9eBC32A.html,http_captures,tornado-cash-ofac-redesignation-2022,html,55701,97ae92e4355bd6f6c749f49bfdc032ec62e8907c4258ce6c4567888dfde5937d
sources/http_captures/tornado-cash-ofac-redesignation-2022/asset-layer-check/usdtbanlist.com__address-0xF67721A2D8F736E75a49FdD7FAd2e31D8676542a.html,http_captures,tornado-cash-ofac-redesignation-2022,html,55701,43626dfcdc4d8d878fbcfc4831d606b7467121670fe4c9e64ec14abde7e7196f
sources/http_captures/tornado-cash-ofac-redesignation-2022/asset-layer-check/usdtbanlist.com__address-0xFD8610d20aA15b7B2E3Be39B396a1bC3516c7144.html,http_captures,tornado-cash-ofac-redesignation-2022,html,56934,9312c569eec9d1333cb5ff5856bf6a14851af802e69ad2574caeecd56825554b
sources/http_captures/tornado-cash-ofac-redesignation-2022/asset-layer-check/usdtbanlist.com__address-0xa5C2254e4253490C54cef0a4347fddb8f75A4998.html,http_captures,tornado-cash-ofac-redesignation-2022,html,55703,7fb9a3e481bfe0187e83b7d765e6b50bdb122bb55a115f767e9c0d104b01ab18
sources/http_captures/tornado-cash-ofac-redesignation-2022/asset-layer-check/usdtbanlist.com__address-0xaEaaC358560e11f52454D997AAFF2c5731B6f8a6.html,http_captures,tornado-cash-ofac-redesignation-2022,html,56934,cd638ba972b25b522dba5afc7c72505d5ba1236e488a103a075bce7a47974771
sources/http_captures/tornado-cash-ofac-redesignation-2022/asset-layer-check/usdtbanlist.com__address-0xaf4c0B70B2Ea9FB7487C7CbB37aDa259579fe040.html,http_captures,tornado-cash-ofac-redesignation-2022,html,55703,883c7e543ed974be088d3a1ab4360f69878e59b1385967a43e4ece21ea7005e8
sources/http_captures/tornado-cash-ofac-redesignation-2022/asset-layer-check/usdtbanlist.com__address-0xaf8d1839c3c67cf571aa74B5c12398d4901147B3.html,http_captures,tornado-cash-ofac-redesignation-2022,html,55660,568a677097fcb85ccaf4f7fe44af3314c80239d1d786d2bc4c5d646e3398265a
sources/http_captures/tornado-cash-ofac-redesignation-2022/asset-layer-check/usdtbanlist.com__address-0xb04E030140b30C27bcdfaafFFA98C57d80eDa7B4.html,http_captures,tornado-cash-ofac-redesignation-2022,html,55703,9fc9bf575a457d293b47fa3c5ac32d5bf97759b926e6a8f8baaeec4de895abaf
sources/http_captures/tornado-cash-ofac-redesignation-2022/asset-layer-check/usdtbanlist.com__address-0xb1C8094B234DcE6e03f10a5b673c1d8C69739A00.html,http_captures,tornado-cash-ofac-redesignation-2022,html,55701,d58920e9d8dddd8755dced35b3efd616f0d4103f32fb2c5ea27c6dc4c9591d01
sources/http_captures/tornado-cash-ofac-redesignation-2022/asset-layer-check/usdtbanlist.com__address-0xb541fc07bC7619fD4062A54d96268525cBC6FfEF.html,http_captures,tornado-cash-ofac-redesignation-2022,html,55701,9afdf962e293ccf9a60c67a85f780054e1f62ff4e3c152ac6940c132a5629412
sources/http_captures/tornado-cash-ofac-redesignation-2022/asset-layer-check/usdtbanlist.com__address-0xbB93e510BbCD0B7beb5A853875f9eC60275CF498.html,http_captures,tornado-cash-ofac-redesignation-2022,html,55701,d3504dd4ba9eec30811c8cc9bd1a6d30665be16ae314e1c75bb09211b465a2b4
sources/http_captures/tornado-cash-ofac-redesignation-2022/asset-layer-check/usdtbanlist.com__address-0xd8D7DE3349ccaA0Fde6298fe6D7b7d0d34586193.html,http_captures,tornado-cash-ofac-redesignation-2022,html,55703,eb5f0db82800faf73a86602b34d0749e985effa1a4dbd9d347e43c3df5b8afe0
sources/http_captures/tornado-cash-ofac-redesignation-2022/asset-layer-check/usdtbanlist.com__address-0xd96f2B1c14Db8458374d9Aca76E26c3D18364307.html,http_captures,tornado-cash-ofac-redesignation-2022,html,55717,416a5b4b799296cbe579a0f7032e454d8a026383fb4df4485196df77a607541b
sources/http_captures/tornado-cash-ofac-redesignation-2022/asset-layer-check/usdtbanlist.com__address-0xdf231d99Ff8b6c6CBF4E9B9a945CBAcEF9339178.html,http_captures,tornado-cash-ofac-redesignation-2022,html,55703,c422b2d5b3929136c91fa81dbb37322add82d643c3d1612211fa874af107b9d0
sources/http_captures/tornado-cash-ofac-redesignation-2022/asset-layer-check/usdtbanlist.com__address-0xeDC5d01286f99A066559F60a585406f3878a033e.html,http_captures,tornado-cash-ofac-redesignation-2022,html,55703,601c902703de3cce83253a7095cfa3ca9a4ac9394917fd5b01048481943de4b8
sources/http_captures/tornado-cash-ofac-redesignation-2022/asset-layer-check/usdtbanlist.com__address-0xf4B067dD14e95Bab89Be928c07Cb22E3c94E0DAA.html,http_captures,tornado-cash-ofac-redesignation-2022,html,56936,006d9534847014e16c5fde85d806c23422cd226c4d0eda0ca8bafa5ae7c7b313
sources/http_captures/tornado-cash-ofac-redesignation-2022/asset-layer-check/usdtbanlist.com__address-0xffbac21a641dcfe4552920138d90f3638b3c9fba.html,http_captures,tornado-cash-ofac-redesignation-2022,html,55703,723752de08483550aef134098b84e8b144aba65a7a14e6bb02758b1d4b3c812f
sources/http_captures/tornado-cash-ofac-redesignation-2022/ofac-recent-actions/manifest.json,http_captures,tornado-cash-ofac-redesignation-2022,json,2206,6c4a78eae5faab45c633a0ce6c8a597d5a4aa1ab9b10fcadb3251cbd96d086c2
sources/http_captures/tornado-cash-ofac-redesignation-2022/ofac-recent-actions/ofac.treasury.gov__recent-actions-20221108__29cc0b1876.html,http_captures,tornado-cash-ofac-redesignation-2022,html,59682,39f2b5333cd03c3a0bb3a91ef913a756efcb34b004c32bcfef75aaa23f4ac4e5
sources/http_captures/tornado-cash-ofac-redesignation-2022/ofac-recent-actions/ofac.treasury.gov__recent-actions-20221108__29cc0b1876.json,http_captures,tornado-cash-ofac-redesignation-2022,json,1884,f20de671bfd443fd98e5f5177bead518df8022d87454c2a56b3cc350df293af2
sources/http_captures/turkey-cbrt-crypto-ban-2021/cbrt-regulation/manifest.json,http_captures,turkey-cbrt-crypto-ban-2021,json,3876,410200c03e34854908b6edfcb477249a6c586e8bc79842f268a281e9e6dee6bb
sources/http_captures/turkey-cbrt-crypto-ban-2021/cbrt-regulation/web.archive.org__web-20210416100000-https-www.tcmb.gov.tr__effb7c7ee3.html,http_captures,turkey-cbrt-crypto-ban-2021,html,82735,43f6e1d01042f479c52a2f281c803e30271557de1b56b81820f08f7921a07360
sources/http_captures/turkey-cbrt-crypto-ban-2021/cbrt-regulation/web.archive.org__web-20210416100000-https-www.tcmb.gov.tr__effb7c7ee3.json,http_captures,turkey-cbrt-crypto-ban-2021,json,3603,43d86cd7301f6e5ff41c2e9692a686dc2ebc39e58cadb9666673ba234c6fc6e7
sources/http_captures/turkey-cbrt-crypto-ban-2021/cbrt-regulation/web.archive.org__web-20210418000000-tcmb.gov.tr__08d2341e44.html,http_captures,turkey-cbrt-crypto-ban-2021,html,154678,3016d05fdb8d6ed0b8005730e76f4119817fa40c9a13d48ff92fe5adef6b2d2f
sources/http_captures/turkey-cbrt-crypto-ban-2021/cbrt-regulation/web.archive.org__web-20210418000000-tcmb.gov.tr__08d2341e44.json,http_captures,turkey-cbrt-crypto-ban-2021,json,1512,ac2ea808c80ee3edfc04864549deb1ef8df1035e98808ef58762e3bff85861b8
sources/http_captures/uniswap-frontend-delisting-2021/company-blog/manifest.json,http_captures,uniswap-frontend-delisting-2021,json,1910,23be32fa69f8264266d8c76374914640e47e68c9b9a64824aefd32a4fa42520b
sources/http_captures/uniswap-frontend-delisting-2021/company-blog/uniswap.org__blog-token-list-update__35dabb622f.html,http_captures,uniswap-frontend-delisting-2021,html,7969,1596d5240abe3335ea96a85fd792f0ce38cf8fb263c62a7844c3fd7b39d15f57
sources/http_captures/uniswap-frontend-delisting-2021/company-blog/uniswap.org__blog-token-list-update__35dabb622f.json,http_captures,uniswap-frontend-delisting-2021,json,2069,a370404ee30d5d69c98471f2d0637c48a7372ecc56049f67250db2904b5abd63
sources/http_captures/uniswap-frontend-delisting-2021/company-blog/web.archive.org__web-20210727000000-uniswap.org-blog__6f674cafa7.html,http_captures,uniswap-frontend-delisting-2021,html,161356,62f41d278d3b66b1c146ae3575c0894f4fe764926cac7847f8ad2905e3c41360
sources/http_captures/uniswap-frontend-delisting-2021/company-blog/web.archive.org__web-20210727000000-uniswap.org-blog__6f674cafa7.json,http_captures,uniswap-frontend-delisting-2021,json,1534,37a40cabfc06fea0705634cff84ec15fd7048059754f0a13a4b298388050d55a
sources/http_captures/uniswap-frontend-delisting-2023/primary/blog.uniswap.org__capture__c164666676.html,http_captures,uniswap-frontend-delisting-2023,html,234544,f894f9c87ad84496a487fca0d0cefed890e99cfdc139ae22de189f6d3405b27c
sources/http_captures/uniswap-frontend-delisting-2023/primary/blog.uniswap.org__capture__c164666676.json,http_captures,uniswap-frontend-delisting-2023,json,1532,69f8f9d9950a3396e471a935ab92dde64258a2ebfe67ceabeb84117a49211dad
sources/http_captures/uniswap-frontend-delisting-2023/primary/manifest.json,http_captures,uniswap-frontend-delisting-2023,json,1725,dae39c6e9789c280c2fb3e651f4c05c140fec91d4bba0fec24a616e99ad8c574
sources/http_captures/uniswap-frontend-delisting-2023/token-lists-local/github.com__Uniswap-token-lists__12917a3e9f.html,http_captures,uniswap-frontend-delisting-2023,html,306433,7f74d95b70d4fde33a4aced832dd61be5827b156a6959e9e0a9b35863ddf605a
sources/http_captures/uniswap-frontend-delisting-2023/token-lists-local/github.com__Uniswap-token-lists__12917a3e9f.json,http_captures,uniswap-frontend-delisting-2023,json,5182,0939686915e38bf84c225841d0d762d224d435eb97ae30f90fb068f8dbbf8026
sources/http_captures/uniswap-frontend-delisting-2023/token-lists-local/manifest.json,http_captures,uniswap-frontend-delisting-2023,json,5375,57644d1830b57dcad0c3776ff51ee6fb5fca428055ec6c9476bc267314b42eb5
sources/http_captures/zservers-ofac-2025/ofac-recent-actions/manifest.json,http_captures,zservers-ofac-2025,json,2007,d48b7ed01bb9aad84b8a383b8b5ae32811d48fc17533ee0bd0f3e7ce904523fe
sources/http_captures/zservers-ofac-2025/ofac-recent-actions/ofac.treasury.gov__recent-actions-20250211__478b1f5c3d.html,http_captures,zservers-ofac-2025,html,39650,b00e6923a6af0d7887fd2a92d2ab3520939c451ebcc1bdfea43589dbcdd0879f
sources/http_captures/zservers-ofac-2025/ofac-recent-actions/ofac.treasury.gov__recent-actions-20250211__478b1f5c3d.json,http_captures,zservers-ofac-2025,json,1685,b81339d771db8593a007618b7bead411a747b285658ec60d183d795c6ef2721c
sources/l0_datasets/_summary.json,l0_datasets,,json,16081,c6a0a0b9ea310a5b471af890e6e6743fd4970f4065b9fbf8e2ce75b6e7b9fa1a
sources/l0_datasets/aeza-group-ofac-2025/aeza.net__ooni.json,l0_datasets,aeza-group-ofac-2025,json,808,900d9628df77748e28537e8145d59b9dd219cd571599dd578391fd16b88fe72e
sources/l0_datasets/aeza-group-ofac-2025/aeza.ru__ooni.json,l0_datasets,aeza-group-ofac-2025,json,804,dceb26e710c00af3722ce06a595c448385d87e9cb746bd3dc9043adf85afe793
sources/l0_datasets/aeza-group-ofac-2025/aezadns.com__ooni.json,l0_datasets,aeza-group-ofac-2025,json,821,c6cb42b1c4d5e0e0dad2c72194330449798262657c41a61437d9f9c34733a424
sources/l0_datasets/binance-4framework-2023/binance.com__ooni.json,l0_datasets,binance-4framework-2023,json,820,350b4c1a5750e8a48153341391b4a2ca4835a6131e7fa52a42535a392b35fc54
sources/l0_datasets/blender-ofac-2022/blender.io__ooni.json,l0_datasets,blender-ofac-2022,json,816,55cc8995e161f11af62674cf2fe98f4771d69f330003cfda1976a0b60dca1ea2
sources/l0_datasets/blender-ofac-2022/blender.to__ooni.json,l0_datasets,blender-ofac-2022,json,816,cae6dcd5d2faea9592c21a0f33bca142a59b99bc404001d3c1fd0ef954723328
sources/l0_datasets/btc-e-doj-2017/btc-e.com__ooni.json,l0_datasets,btc-e-doj-2017,json,813,3487a402ec136d407a95a03618295238a327c3fc298857c9066086d386f371dc
sources/l0_datasets/chatex-ofac-2021/chatex.com__ooni.json,l0_datasets,chatex-ofac-2021,json,817,af13da772b13b99d8887a0fd9140ec01bda26c5fbb92cf10112d3c05024f9737
sources/l0_datasets/china-pboc-crypto-ban-2021/huobi.com__ooni.json,l0_datasets,china-pboc-crypto-ban-2021,json,813,e2a8a89edda10f96bcddb2e7f73fcb83f4f0382f896f68272d7249178b832d63
sources/l0_datasets/chipmixer-doj-2023/chipmixer.com__ooni.json,l0_datasets,chipmixer-doj-2023,json,828,09628301ad6306606d0ee1dc3d8010a7f31ff959862f2a6d47e674770db12110
sources/l0_datasets/cryptex-ofac-2024/cryptex.net__ooni.json,l0_datasets,cryptex-ofac-2024,json,820,fa2fd884f60c93ab17674da0acb5ff056a0f2d1eb21771b3482b662ce286f4fb
sources/l0_datasets/funnull-cdn-ofac-2025/funnull.app__ooni.json,l0_datasets,funnull-cdn-ofac-2025,json,819,892320ba09f70ba9f8e3f5645ccb80d61bffb7db44609f1ff84c8087498cf34e
sources/l0_datasets/funnull-cdn-ofac-2025/funnull.buzz__ooni.json,l0_datasets,funnull-cdn-ofac-2025,json,824,b13ec7fd38a0f0bd1bd7f10417ad77d0788ce619c9f4e4bdf008220356e0c3c5
sources/l0_datasets/funnull-cdn-ofac-2025/funnull.com__ooni.json,l0_datasets,funnull-cdn-ofac-2025,json,820,0d696e5650cc4883913bd4802f974788ae9aae04a1d820a253b2ab5194196f50
sources/l0_datasets/funnull-cdn-ofac-2025/funnull.io__ooni.json,l0_datasets,funnull-cdn-ofac-2025,json,816,d213a3c3e46b438376a4063a522171219a89fa1be1083db6305ddf2ac871b46f
sources/l0_datasets/garantex-ofac-2022/garantex.io__ooni.json,l0_datasets,garantex-ofac-2022,json,820,429f3137fb136d6db40db86b91df6f21644c8ebc8f000c03d89950ddb24e41fe
sources/l0_datasets/samourai-doj-2024/samouraiwallet.com__ooni.json,l0_datasets,samourai-doj-2024,json,848,822a1a3bf719ca4a1f57a6a1871862ddc0ee9456149a7052ed827e13f2719ae1
sources/l0_datasets/samourai-doj-2024/whirlpool.samouraiwallet.com__ooni.json,l0_datasets,samourai-doj-2024,json,889,937035a9d35851f0d1718ac80998878f3ba7ce42f58f29869661d115a4f6d197
sources/l0_datasets/sinbad-ofac-2023/sinbad.io__ooni.json,l0_datasets,sinbad-ofac-2023,json,812,8b26e5d39feedb845ee87f87f83cc142415807cf2bb2ddcdeb0bebc7fd1170ca
sources/l0_datasets/suex-ofac-2021/suex.io__ooni.json,l0_datasets,suex-ofac-2021,json,804,a5cd105c075d9db0e284a5c2de50536d8529223d0812c722773b5453a403c52c
sources/l0_datasets/tornado-cash-ofac-2022/app.tornado.cash__ooni.json,l0_datasets,tornado-cash-ofac-2022,json,840,466da14db9bb73958bae6c9a4bf90748e72e843bd4f2e71ae7300122d01d35c9
sources/l0_datasets/tornado-cash-ofac-2022/tornado.cash__ooni.json,l0_datasets,tornado-cash-ofac-2022,json,824,c565484a02b9158cbbe32d400fc8ce1b591dd62f26072eef90abf5c2bc697520
sources/l0_datasets/tornado-cash-ofac-2022/tornadocash.eth.link__ooni.json,l0_datasets,tornado-cash-ofac-2022,json,856,4f649d841d0d3101db85cbb5023eb0213acdb9e88314bbf1606d588382b3aa81
sources/l1_datasets/tornado-cash-ofac-2022/builder_censorship_share.csv,l1_datasets,tornado-cash-ofac-2022,csv,94480,56520653de55b87f6aa675d4d7f9c33a28034cad294a182fbf55223f03dfb5ab
sources/l1_datasets/tornado-cash-ofac-2022/censorship_stats.csv,l1_datasets,tornado-cash-ofac-2022,csv,829,7552808867ed0f55c8163e42188540ed51f07e8fd612fa535bcdec87914eb789
sources/l1_datasets/tornado-cash-ofac-2022/relay_censorship_share.csv,l1_datasets,tornado-cash-ofac-2022,csv,90797,45c1db9ca70491743e2e33c313d7293eed791a82d0ea7313c5241eca9e8b4567
sources/non_us_state/triage_manifest.json,non_us_state,,json,26405,3fe9d0bcd87940ee37a52e3e7be44b7cbd6d45b8a5b46c01e9a7447ec801465d
sources/non_us_state/triage_manifest.md,non_us_state,,md,13805,da3c6c5a2adc9cbefdd6d223d2d15295c601a2be6290a6a9800df04967598e14
sources/ofac_sdn_diffs/opensanctions/ofac-recent-actions-crypto-candidates.json,ofac_sdn_diffs,,json,15495,9885fd10ddfdb25c73bf32cb55cc2b9c6aa4cdd9a96880b90849891a56d6e751
sources/ofac_sdn_diffs/opensanctions/ofac-recent-actions-triage.json,ofac_sdn_diffs,,json,33114,559404d7f4368fd79410868abb45d95f444cd604664ca83f97b13401106a81a6
sources/ofac_sdn_diffs/opensanctions/triage_recent_actions.py,ofac_sdn_diffs,,py,4005,d07dd6e5054333dbc0426ad17a888cc8b220e9c6b456b4bfa112b40a8659088a
sources/ofac_sdn_diffs/recent_actions_cache/20150401.html,ofac_sdn_diffs,,html,39177,252f231720e651ebacc8fe74597c7c984b3c16f93e326c333d7feb7963ab92a0
sources/ofac_sdn_diffs/recent_actions_cache/20151231.html,ofac_sdn_diffs,,html,38339,2a409127b692e65da52af0bd92f08fa551e173c131738b14bf9e568ba5d29425
sources/ofac_sdn_diffs/recent_actions_cache/20161229.html,ofac_sdn_diffs,,html,43169,b61213734574caeec3cf2c3f4bc1992fac2f95fa6647cbd6ad8e9c36ca24e810
sources/ofac_sdn_diffs/recent_actions_cache/20170208.html,ofac_sdn_diffs,,html,38642,64290c926e05f4692e0eb95ff4c3329c37e1e52feaa526c4cd86d257f712bf33
sources/ofac_sdn_diffs/recent_actions_cache/20170914.html,ofac_sdn_diffs,,html,48472,d3897b55c3f7a99b94f19d25baa50b90a80209b7e05f1a53d72734eb2dea18c0
sources/ofac_sdn_diffs/recent_actions_cache/20180315.html,ofac_sdn_diffs,,html,47149,14e9943451b332388796cda95019418b0c3fc203447a1cecd43c69ff8993c378
sources/ofac_sdn_diffs/recent_actions_cache/20180319.html,ofac_sdn_diffs,,html,41193,7e1bff15ecf7de52159d0b942e4c2356eb672a2fa4f14b559f2c7b2282871972
sources/ofac_sdn_diffs/recent_actions_cache/20180323.html,ofac_sdn_diffs,,html,41135,1766f5c89206d9d31a2b8e4452b77c441af8e0d679b9bfcb0a210159931482c6
sources/ofac_sdn_diffs/recent_actions_cache/20180611.html,ofac_sdn_diffs,,html,41443,cd416d1627853c7e9b1ee8143911931e34c01ff80eeb34b183759d178974904b
sources/ofac_sdn_diffs/recent_actions_cache/20180821.html,ofac_sdn_diffs,,html,40571,b20f09928a9e80c890bc5b8feefd795380e0d6f9d814403ff265c6d174c87399
sources/ofac_sdn_diffs/recent_actions_cache/20181128.html,ofac_sdn_diffs,,html,40107,b184c5a352f2dde95709e9a48feef5a78f04254537bdf64f49b4f1a5edf67ec8
sources/ofac_sdn_diffs/recent_actions_cache/20190913.html,ofac_sdn_diffs,,html,39391,3380d66207d0556372cc87db2712298873b9088752e34fbf0c65e9478f7f6de7
sources/ofac_sdn_diffs/recent_actions_cache/20190930.html,ofac_sdn_diffs,,html,44753,8cdf829d0bafff196c56b6a6db2fd067dadb280c70659f4dc027ff99c301d02d
sources/ofac_sdn_diffs/recent_actions_cache/20191205.html,ofac_sdn_diffs,,html,46139,38df153099acc6c5a37784233cc29f856fc2dde9e5fea5e877a2db4c1a12f332
sources/ofac_sdn_diffs/recent_actions_cache/20191213.html,ofac_sdn_diffs,,html,46316,1a1a3415014262021896ae0696e18444097bfade492b062e8ba9b83aadb81b37
sources/ofac_sdn_diffs/recent_actions_cache/20200302.html,ofac_sdn_diffs,,html,43230,c192f3d812bcb4bdfaab009b221529695795ac5c64aa720b30058467f6b802bc
sources/ofac_sdn_diffs/recent_actions_cache/20200415.html,ofac_sdn_diffs,,html,39002,3c2247b046fd2aeffd26adde602b0a88282e62727bbea8aa73c444f1c44e3036
sources/ofac_sdn_diffs/recent_actions_cache/20200616.html,ofac_sdn_diffs,,html,38882,785215209e10fb72f8e93f59a3bb99fc5e60524f1f2eb84bf53fa4ee4042c703
sources/ofac_sdn_diffs/recent_actions_cache/20200910.html,ofac_sdn_diffs,,html,41780,644e55e71314a473eea89adc40a37886d10d288c2bfb8e05bf2b497bbd836d3f
sources/ofac_sdn_diffs/recent_actions_cache/20200916.html,ofac_sdn_diffs,,html,39562,c02ebd5603315985c5130b004e88020463fc8a153404df6504db33b13dc39fbb
sources/ofac_sdn_diffs/recent_actions_cache/20200917.html,ofac_sdn_diffs,,html,53312,2705bcdbf4090c1ae6e3afd4f9d7a4f27d51712e53b1da789afc621bd7b9bd80
sources/ofac_sdn_diffs/recent_actions_cache/20201001.html,ofac_sdn_diffs,,html,39047,d4e4d0cb138d8bb96bef45c41dc68b4d0640de47d80534ae09d197daf83870de
sources/ofac_sdn_diffs/recent_actions_cache/20210302.html,ofac_sdn_diffs,,html,45373,bf5e924dbe739c963124374218b3efad0731c87535a2fc263bbbd15f5c8e9858
sources/ofac_sdn_diffs/recent_actions_cache/20210921.html,ofac_sdn_diffs,,html,41316,43f9cdd772b22ee7d92361a275027a47af7dd2f163afae1ccf8c910f9049f52b
sources/ofac_sdn_diffs/recent_actions_cache/20211015.html,ofac_sdn_diffs,,html,39491,14fca4d17bf8336a7accb61284f1980e33a33deb49ddf6cefd30ba930dee1937
sources/ofac_sdn_diffs/recent_actions_cache/20211108.html,ofac_sdn_diffs,,html,46424,15385425b1994554ab25295305e9c41256a3fc93af3a02a55300f57dc58cac9f
sources/ofac_sdn_diffs/recent_actions_cache/20220331.html,ofac_sdn_diffs,,html,51340,ef3956b74b1d869740e11a0d0ff8306ce63c6d9c9439a2a37ca1bd2a6a66f6ea
sources/ofac_sdn_diffs/recent_actions_cache/20220405.html,ofac_sdn_diffs,,html,47817,e267b52ff1b0dec9ab718c160f0d6ee3404f8db836e9dd465af48e9f869800bf
sources/ofac_sdn_diffs/recent_actions_cache/20220506.html,ofac_sdn_diffs,,html,44277,c02b4cc764803a4f08e47bbae179ad4b26db5423c5537b005c62553823348902
sources/ofac_sdn_diffs/recent_actions_cache/20220808.html,ofac_sdn_diffs,,html,41721,98061dfd24bac8fe3163a7c72d6752d8fc438eb9011896ad085204dd5cc0f20e
sources/ofac_sdn_diffs/recent_actions_cache/20220902.html,ofac_sdn_diffs,,html,40603,3a9e5a683f111555e8937b290fad0d81419ee85af26665782d3ece409ae316c2
sources/ofac_sdn_diffs/recent_actions_cache/20220909.html,ofac_sdn_diffs,,html,39696,2c6786b5fa7b7500e39e143bb2ff329e2cf6a28e1ac92298a7f61dd1fe28c2a0
sources/ofac_sdn_diffs/recent_actions_cache/20220914.html,ofac_sdn_diffs,,html,43521,82239b90cc2c7f8e7045f1b1ecd95283a4a1be5c5c7195caa34ca0c284677da7
sources/ofac_sdn_diffs/recent_actions_cache/20220922.html,ofac_sdn_diffs,,html,41776,a7b0d63ae95ef00530401ea84cc13df48ebb287e5a61a868de2b08ffc7c38f3a
sources/ofac_sdn_diffs/recent_actions_cache/20221108.html,ofac_sdn_diffs,,html,59682,ff4f64f823b48afdc21626fd5f53cf73ab307c2234f3daa1ac6f8161c26085d4
sources/ofac_sdn_diffs/recent_actions_cache/20230209.html,ofac_sdn_diffs,,html,45146,891bf606719a597c4659dca7b4a701f14cb7783d8f8843ce6a8cd69aa3de68e2
sources/ofac_sdn_diffs/recent_actions_cache/20230405.html,ofac_sdn_diffs,,html,39068,7f0c0eb0d189c4264daadaf090172d139980a686382392e7e162725be0943d20
sources/ofac_sdn_diffs/recent_actions_cache/20230427.html,ofac_sdn_diffs,,html,81053,1196de489de6da6081cfa0fdbc79c6735e10d6d65fbcf07d38fb5b8f4cf9c02a
sources/ofac_sdn_diffs/recent_actions_cache/20230516.html,ofac_sdn_diffs,,html,38631,87472ef1d53721cf8dd1c1dd23873f5360e00a51e19077ccd8226b306f3ae477
sources/ofac_sdn_diffs/recent_actions_cache/20230823.html,ofac_sdn_diffs,,html,43281,d5e1eefd898bba131781a926cc5957b61660607fd7966b18f9140f5e513d659a
sources/ofac_sdn_diffs/recent_actions_cache/20230907.html,ofac_sdn_diffs,,html,42471,b0b83c4ae060f6a790a6aed0f97e334b1acd77f4d477e62a2d9a35a4e673134c
sources/ofac_sdn_diffs/recent_actions_cache/20231129.html,ofac_sdn_diffs,,html,53453,b1ea41b369d0fc14e2147d02a5d5be7eb27ce496c87cf607a4cb4e2fe45f635e
sources/ofac_sdn_diffs/recent_actions_cache/20231204.html,ofac_sdn_diffs,,html,40548,6f5849105187ac7fe32832115c07878480d04c312c63953aaa60eda751010ef1
sources/ofac_sdn_diffs/recent_actions_cache/20231207.html,ofac_sdn_diffs,,html,46151,9ed3aa3b2d26ca5bf0ff9486490ee54eed9ab9d023e8298537d8bb71a9028e87
sources/ofac_sdn_diffs/recent_actions_cache/20240111.html,ofac_sdn_diffs,,html,48390,f4e2908c430dbd474ab0756472b35634ede9b7f4edd913323a71fd077ff22f22
sources/ofac_sdn_diffs/recent_actions_cache/20240123.html,ofac_sdn_diffs,,html,40161,1fd5c3431505aae840b3e07f278479def1c960eefd088d5fc470b6baab7e77e8
sources/ofac_sdn_diffs/recent_actions_cache/20240220.html,ofac_sdn_diffs,,html,41885,8f4bb435ae4a60a36c69c5dcaf7bff2024003aded31ecda5031ca0da2c688b38
sources/ofac_sdn_diffs/recent_actions_cache/20240305.html,ofac_sdn_diffs,,html,42388,bb3efd9021fe3b525db6b7cb5bda57703daf605fc8722ed0c1ffb6cf230823e5
sources/ofac_sdn_diffs/recent_actions_cache/20240325.html,ofac_sdn_diffs,,html,50803,bda9bc395a8685b865ca7730245cd4991b8b9da9a633191d026e0af9ffd527c1
sources/ofac_sdn_diffs/recent_actions_cache/20240412.html,ofac_sdn_diffs,,html,42881,290e8919a01c7047cf0c9fccb7215223703eee08c0f8490b0058748ac8246412
sources/ofac_sdn_diffs/recent_actions_cache/20240507.html,ofac_sdn_diffs,,html,38740,5d592f90191d7be8f6ac5c0a4b5c1da246dc80cc64f45944eddb5411466f3d00
sources/ofac_sdn_diffs/recent_actions_cache/20240708.html,ofac_sdn_diffs,,html,40795,aa5c4e608140baf78e82385c4a339d998fd14b62477f451cbd9660a6747b6a98
sources/ofac_sdn_diffs/recent_actions_cache/20240719.html,ofac_sdn_diffs,,html,38691,97f29ad1c776e15ba698d62d5af27225cdd8b2efa9c8229512aa49466ca57773
sources/ofac_sdn_diffs/recent_actions_cache/20240916.html,ofac_sdn_diffs,,html,40573,286d33d2e02d09bc6ebe345e587ca81d1d418a316c02a3eabe7abfee7c43abee
sources/ofac_sdn_diffs/recent_actions_cache/20240926.html,ofac_sdn_diffs,,html,39435,74d679e45f60656594683e457fdb8d290ead5005151f7976a66434a7d6b44611
sources/ofac_sdn_diffs/recent_actions_cache/20241001.html,ofac_sdn_diffs,,html,47544,79b8d8fac78b424b17b8d2f7f76f92c591e2f93dceb7a14256100e7a25ccd99f
sources/ofac_sdn_diffs/recent_actions_cache/20241210.html,ofac_sdn_diffs,,html,38961,c6eed904d9768ab53ffbfff58be3b743fd444d7e689a9d18b5b294df2b9eae84
sources/ofac_sdn_diffs/recent_actions_cache/20241231.html,ofac_sdn_diffs,,html,40808,5d62b8f9818a42c096bb631c578dcd0e1d8c9498f569a3f09768d9dd31b0e404
sources/ofac_sdn_diffs/recent_actions_cache/20250103.html,ofac_sdn_diffs,,html,38611,2559a3a5b95e9f23d7071d74a3eba560bbed1201ba512e3b490c5ad66a701a02
sources/ofac_sdn_diffs/recent_actions_cache/20250116.html,ofac_sdn_diffs,,html,45777,d83076564129191d93a42ef8b6f6a7da99db8d37724c29ba6c9ace59aa6b3f54
sources/ofac_sdn_diffs/recent_actions_cache/20250117.html,ofac_sdn_diffs,,html,46258,d0a85b9c7d9752e636715a548134e7e0b94d36cfa519def0b5d4b27d063b4bca
sources/ofac_sdn_diffs/recent_actions_cache/20250211.html,ofac_sdn_diffs,,html,39648,75932f010e92cb33dbfbb4168d20b3f21f9cdd9b8663a0aed138a2c0b8c5d545
sources/ofac_sdn_diffs/recent_actions_cache/20250305.html,ofac_sdn_diffs,,html,46812,5e7931f4265bbb29bdcce316c2508dc5e2234ac45d1b082a586449eb28d4200f
sources/ofac_sdn_diffs/recent_actions_cache/20250321.html,ofac_sdn_diffs,,html,48413,ff886f0a1327ed261154c07a98eb61f32312c46d5b02c769eb735690220027ec
sources/ofac_sdn_diffs/recent_actions_cache/20250529.html,ofac_sdn_diffs,,html,39604,d9823008e805b24629d562d2f593ca8667c255bbb732803eb70c350eaef6f3e2
sources/ofac_sdn_diffs/recent_actions_cache/20250701.html,ofac_sdn_diffs,,html,43610,4fb331decd286b04de6b10d17eeb4a174f66907c383b05cd219303cc82276c4b
sources/ofac_sdn_diffs/recent_actions_cache/20250814.html,ofac_sdn_diffs,,html,49633,8115899d75ae4b414c1d365f949fd198f21627ddb1ab0f201d55edd087627621
sources/ofac_sdn_diffs/recent_actions_cache/20250908.html,ofac_sdn_diffs,,html,46142,017b055373ee394ac69ccfe23884de8f146769b20a0549f6bf7a7311cf30c7ef
sources/ofac_sdn_diffs/recent_actions_cache/20251104.html,ofac_sdn_diffs,,html,50557,2c0df27abf0bdb7976a7d8d1581887791219e6b67204d7f2b46ced59143fb014
sources/ofac_sdn_diffs/recent_actions_cache/20251112.html,ofac_sdn_diffs,,html,57023,265ea0de0ece4e18bd814c4b61298975d7216d05d6d74e6f6e0cf4b7ef6ca800
sources/ofac_sdn_diffs/recent_actions_cache/20251119.html,ofac_sdn_diffs,,html,44829,0a4e677adc0894413166204f9bcea5497f1ed140b5db267f53a1fdecd5ce5037
sources/ofac_sdn_diffs/recent_actions_cache/20251230.html,ofac_sdn_diffs,,html,43869,f705b23bc8378bbe298583698e58cdd34d88d2122ae4b475c4088bb66b514857
sources/ofac_sdn_diffs/recent_actions_cache/20260224.html,ofac_sdn_diffs,,html,45183,627cf98d63eea0c1df23468f8e1b075471438dde9f1b6685309744d73b380b6a
sources/ofac_sdn_diffs/recent_actions_cache/20260313.html,ofac_sdn_diffs,,html,41188,e72a113ab42ed5c7886295e569091e9eced93a32e33758648d0bc88a6b172647
sources/operator_census/candidates.yaml,operator_census,,yaml,6735,402364f07fbba070492fcb08633ed5697f6484d35a4fe5b921c286e9f15ca54d
sources/operator_commits/tornado-cash-ofac-2022/commit-92ab6b1.diff,operator_commits,,diff,4401,220a5d31560da244c79a2539f4784a394752b0985d4c444a5f61fc664cf9d4f6
sources/operator_commits/tornado-cash-ofac-2022/commit-92ab6b1.meta.txt,operator_commits,,txt,303,0c4fafa03fe45219b1f7e6d9c6487b05982922ae4104666cba79f098009946b9
sources/operator_commits/tornado-cash-ofac-2022/github-api/commit.response.json,operator_commits,,json,10593,5ed6923bcc1c9b3ed33599e20dd5df645930c3c343ffe0e883eb6f62140c99f5
sources/operator_commits/tornado-cash-ofac-2022/github-api/pr-90.response.json,operator_commits,,json,19346,affdc83394ae6abf0c5c549716bd2ae8909800e3466b8149294d394e13fcac41
sources/operator_commits/tornado-cash-ofac-2022/ofacblacklist-at-92ab6b1.go,operator_commits,,go,3275,86c81be4b409fc14aeed31abede8f3b74e7382d128ceec678a4c151ce9a959e7
sources/operator_commits/tornado-cash-ofac-delisting-2025/2437ecc426.diff,operator_commits,,diff,23881,61113286ed87fac777e474c648b60f0857a7825977f6fac7d682ce68db575eda
sources/operator_commits/tornado-cash-ofac-delisting-2025/commit-1e9c29c.diff,operator_commits,,diff,7683,d81946866c54585397923a138b16dfe39a11f3018867149081562579225875a0
sources/operator_commits/tornado-cash-ofac-delisting-2025/commit-1e9c29c.meta.txt,operator_commits,,txt,183,75c7c402e89b2f0ec46fe8baac4e6f9b64023c2f62580e5424eeaa10349393d3
sources/operator_commits/tornado-cash-ofac-delisting-2025/github-api/commit.response.json,operator_commits,,json,13733,63d666d38777830bd3c2962df0b96d6966c0e464de78bf0df82b2a5c653315bb
sources/operator_commits/tornado-cash-ofac-delisting-2025/github-api/pr-173.response.json,operator_commits,,json,18968,a800191f0391c2304542a60647bc3a0ca2db76a60fbc636d83d7bdfcd9bef9e3
sources/operator_commits/tornado-cash-ofac-delisting-2025/ofacblacklist-at-1e9c29c.go,operator_commits,,go,205,429579b63e4b00b580aa4588af966e0762a4d1b6eb88984888289c3d689638c3
sources/operator_commits/tornado-cash-ofac-delisting-2025/ofacblacklist-pre-1e9c29c.go,operator_commits,,go,7202,9f609132996f37febf1de1283a44b34b0e77fb80324dfc747231dfb16281c54a
sources/source_frame_triage/README.md,source_frame_triage,,md,1421,d9a6ed6dd0db2dd24f04d3632671d862880b9ef75230f8c483af761c1c423294
sources/source_frame_triage/corporate_policy_archives.csv,source_frame_triage,,csv,145,7d2b56b2ae673d7d29471b444d675ca96b19fa4c679be72b16fe6476ccb3caf4
sources/source_frame_triage/courtlistener_recap_companion_dockets.csv,source_frame_triage,,csv,145,7d2b56b2ae673d7d29471b444d675ca96b19fa4c679be72b16fe6476ccb3caf4
sources/source_frame_triage/eu_un_fatf_supranational.csv,source_frame_triage,,csv,145,7d2b56b2ae673d7d29471b444d675ca96b19fa4c679be72b16fe6476ccb3caf4
sources/source_frame_triage/non_us_regulators_fius.csv,source_frame_triage,,csv,145,7d2b56b2ae673d7d29471b444d675ca96b19fa4c679be72b16fe6476ccb3caf4
sources/source_frame_triage/ofac_sanctions_list_history.csv,source_frame_triage,,csv,145,7d2b56b2ae673d7d29471b444d675ca96b19fa4c679be72b16fe6476ccb3caf4
sources/source_frame_triage/us_federal_enforcement_archives.csv,source_frame_triage,,csv,1113,a0da4044d70c7583a71483bd8c5437a145b825f0c80519088a009762288674d1
sources/supranational/triage_manifest.json,supranational,,json,18738,e2a37ec6e3d231d211389908886e3c780ce7e8aa82ec108b84027d2a596ec239
sources/supranational/triage_manifest.md,supranational,,md,11750,535f2a8fd9566dbaff87ad9d69b5635a5ed879267283176416eea3c4afbf7460
