source_frame_id,discovery_month,temporal_tier,analysis_use,ledger_status,event_ids,candidate_ids,promoted_event_ids,triage_rows,source_files,notes
corporate_policy_crypto_2017_2026,2008-01,discovery_only_2008_2012,discovery_ledger_only,source_unavailable,,,,0,,
corporate_policy_crypto_2017_2026,2008-02,discovery_only_2008_2012,discovery_ledger_only,source_unavailable,,,,0,,
corporate_policy_crypto_2017_2026,2008-03,discovery_only_2008_2012,discovery_ledger_only,source_unavailable,,,,0,,
corporate_policy_crypto_2017_2026,2008-04,discovery_only_2008_2012,discovery_ledger_only,source_unavailable,,,,0,,
corporate_policy_crypto_2017_2026,2008-05,discovery_only_2008_2012,discovery_ledger_only,source_unavailable,,,,0,,
corporate_policy_crypto_2017_2026,2008-06,discovery_only_2008_2012,discovery_ledger_only,candidate_found,pecunix-bullion-transfer-2008,,,0,events/pecunix-bullion-transfer-2008.yaml,
corporate_policy_crypto_2017_2026,2008-07,discovery_only_2008_2012,discovery_ledger_only,source_unavailable,,,,0,,
corporate_policy_crypto_2017_2026,2008-08,discovery_only_2008_2012,discovery_ledger_only,source_unavailable,,,,0,,
corporate_policy_crypto_2017_2026,2008-09,discovery_only_2008_2012,discovery_ledger_only,source_unavailable,,,,0,,
corporate_policy_crypto_2017_2026,2008-10,discovery_only_2008_2012,discovery_ledger_only,source_unavailable,,,,0,,
corporate_policy_crypto_2017_2026,2008-11,discovery_only_2008_2012,discovery_ledger_only,source_unavailable,,,,0,,
corporate_policy_crypto_2017_2026,2008-12,discovery_only_2008_2012,discovery_ledger_only,source_unavailable,,,,0,,
corporate_policy_crypto_2017_2026,2009-01,discovery_only_2008_2012,discovery_ledger_only,source_unavailable,,,,0,,
corporate_policy_crypto_2017_2026,2009-02,discovery_only_2008_2012,discovery_ledger_only,source_unavailable,,,,0,,
corporate_policy_crypto_2017_2026,2009-03,discovery_only_2008_2012,discovery_ledger_only,source_unavailable,,,,0,,
corporate_policy_crypto_2017_2026,2009-04,discovery_only_2008_2012,discovery_ledger_only,source_unavailable,,,,0,,
corporate_policy_crypto_2017_2026,2009-05,discovery_only_2008_2012,discovery_ledger_only,source_unavailable,,,,0,,
corporate_policy_crypto_2017_2026,2009-06,discovery_only_2008_2012,discovery_ledger_only,source_unavailable,,,,0,,
corporate_policy_crypto_2017_2026,2009-07,discovery_only_2008_2012,discovery_ledger_only,source_unavailable,,,,0,,
corporate_policy_crypto_2017_2026,2009-08,discovery_only_2008_2012,discovery_ledger_only,source_unavailable,,,,0,,
corporate_policy_crypto_2017_2026,2009-09,discovery_only_2008_2012,discovery_ledger_only,source_unavailable,,,,0,,
corporate_policy_crypto_2017_2026,2009-10,discovery_only_2008_2012,discovery_ledger_only,source_unavailable,,,,0,,
corporate_policy_crypto_2017_2026,2009-11,discovery_only_2008_2012,discovery_ledger_only,source_unavailable,,,,0,,
corporate_policy_crypto_2017_2026,2009-12,discovery_only_2008_2012,discovery_ledger_only,source_unavailable,,,,0,,
corporate_policy_crypto_2017_2026,2010-01,discovery_only_2008_2012,discovery_ledger_only,source_unavailable,,,,0,,
corporate_policy_crypto_2017_2026,2010-02,discovery_only_2008_2012,discovery_ledger_only,source_unavailable,,,,0,,
corporate_policy_crypto_2017_2026,2010-03,discovery_only_2008_2012,discovery_ledger_only,source_unavailable,,,,0,,
corporate_policy_crypto_2017_2026,2010-04,discovery_only_2008_2012,discovery_ledger_only,source_unavailable,,,,0,,
corporate_policy_crypto_2017_2026,2010-05,discovery_only_2008_2012,discovery_ledger_only,source_unavailable,,,,0,,
corporate_policy_crypto_2017_2026,2010-06,discovery_only_2008_2012,discovery_ledger_only,source_unavailable,,,,0,,
corporate_policy_crypto_2017_2026,2010-07,discovery_only_2008_2012,discovery_ledger_only,source_unavailable,,,,0,,
corporate_policy_crypto_2017_2026,2010-08,discovery_only_2008_2012,discovery_ledger_only,source_unavailable,,,,0,,
corporate_policy_crypto_2017_2026,2010-09,discovery_only_2008_2012,discovery_ledger_only,source_unavailable,,,,0,,
corporate_policy_crypto_2017_2026,2010-10,discovery_only_2008_2012,discovery_ledger_only,source_unavailable,,,,0,,
corporate_policy_crypto_2017_2026,2010-11,discovery_only_2008_2012,discovery_ledger_only,source_unavailable,,,,0,,
corporate_policy_crypto_2017_2026,2010-12,discovery_only_2008_2012,discovery_ledger_only,candidate_found,"wikileaks-amazon-aws-eviction-2010-12,wikileaks-bank-of-america-block-2010-12,wikileaks-everydns-domain-termination-2010-12,wikileaks-mastercard-suspension-2010-12,wikileaks-paypal-freeze-2010-12,wikileaks-postfinance-account-closure-2010-12,wikileaks-visa-europe-suspension-2010-12,wikileaks-western-union-interdiction-2010-12",,,0,"events/wikileaks-amazon-aws-eviction-2010-12.yaml,events/wikileaks-bank-of-america-block-2010-12.yaml,events/wikileaks-everydns-domain-termination-2010-12.yaml,events/wikileaks-mastercard-suspension-2010-12.yaml,events/wikileaks-paypal-freeze-2010-12.yaml,events/wikileaks-postfinance-account-closure-2010-12.yaml,events/wikileaks-visa-europe-suspension-2010-12.yaml,events/wikileaks-western-union-interdiction-2010-12.yaml",
corporate_policy_crypto_2017_2026,2011-01,discovery_only_2008_2012,discovery_ledger_only,source_unavailable,,,,0,,
corporate_policy_crypto_2017_2026,2011-02,discovery_only_2008_2012,discovery_ledger_only,source_unavailable,,,,0,,
corporate_policy_crypto_2017_2026,2011-03,discovery_only_2008_2012,discovery_ledger_only,source_unavailable,,,,0,,
corporate_policy_crypto_2017_2026,2011-04,discovery_only_2008_2012,discovery_ledger_only,source_unavailable,,,,0,,
corporate_policy_crypto_2017_2026,2011-05,discovery_only_2008_2012,discovery_ledger_only,source_unavailable,,,,0,,
corporate_policy_crypto_2017_2026,2011-06,discovery_only_2008_2012,discovery_ledger_only,candidate_found,mtgox-june-2011-hack-trading-suspension,,,0,events/mtgox-june-2011-hack-trading-suspension.yaml,
corporate_policy_crypto_2017_2026,2011-07,discovery_only_2008_2012,discovery_ledger_only,source_unavailable,,,,0,,
corporate_policy_crypto_2017_2026,2011-08,discovery_only_2008_2012,discovery_ledger_only,source_unavailable,,,,0,,
corporate_policy_crypto_2017_2026,2011-09,discovery_only_2008_2012,discovery_ledger_only,source_unavailable,,,,0,,
corporate_policy_crypto_2017_2026,2011-10,discovery_only_2008_2012,discovery_ledger_only,source_unavailable,,,,0,,
corporate_policy_crypto_2017_2026,2011-11,discovery_only_2008_2012,discovery_ledger_only,source_unavailable,,,,0,,
corporate_policy_crypto_2017_2026,2011-12,discovery_only_2008_2012,discovery_ledger_only,source_unavailable,,,,0,,
corporate_policy_crypto_2017_2026,2012-01,discovery_only_2008_2012,discovery_ledger_only,source_unavailable,,,,0,,
corporate_policy_crypto_2017_2026,2012-02,discovery_only_2008_2012,discovery_ledger_only,source_unavailable,,,,0,,
corporate_policy_crypto_2017_2026,2012-03,discovery_only_2008_2012,discovery_ledger_only,source_unavailable,,,,0,,
corporate_policy_crypto_2017_2026,2012-04,discovery_only_2008_2012,discovery_ledger_only,source_unavailable,,,,0,,
corporate_policy_crypto_2017_2026,2012-05,discovery_only_2008_2012,discovery_ledger_only,candidate_found,bitcoinica-shutdown-2012-05,,,0,events/bitcoinica-shutdown-2012-05.yaml,
corporate_policy_crypto_2017_2026,2012-06,discovery_only_2008_2012,discovery_ledger_only,source_unavailable,,,,0,,
corporate_policy_crypto_2017_2026,2012-07,discovery_only_2008_2012,discovery_ledger_only,source_unavailable,,,,0,,
corporate_policy_crypto_2017_2026,2012-08,discovery_only_2008_2012,discovery_ledger_only,source_unavailable,,,,0,,
corporate_policy_crypto_2017_2026,2012-09,discovery_only_2008_2012,discovery_ledger_only,source_unavailable,,,,0,,
corporate_policy_crypto_2017_2026,2012-10,discovery_only_2008_2012,discovery_ledger_only,source_unavailable,,,,0,,
corporate_policy_crypto_2017_2026,2012-11,discovery_only_2008_2012,discovery_ledger_only,source_unavailable,,,,0,,
corporate_policy_crypto_2017_2026,2012-12,discovery_only_2008_2012,discovery_ledger_only,candidate_found,mtgox-mizuho-wire-pressure-2012,,,0,events/mtgox-mizuho-wire-pressure-2012.yaml,
corporate_policy_crypto_2017_2026,2013-01,historical_baseline_2013_2016,historical_baseline,source_unavailable,,,,0,,
corporate_policy_crypto_2017_2026,2013-02,historical_baseline_2013_2016,historical_baseline,source_unavailable,,,,0,,
corporate_policy_crypto_2017_2026,2013-03,historical_baseline_2013_2016,historical_baseline,source_unavailable,,,,0,,
corporate_policy_crypto_2017_2026,2013-04,historical_baseline_2013_2016,historical_baseline,source_unavailable,,,,0,,
corporate_policy_crypto_2017_2026,2013-05,historical_baseline_2013_2016,historical_baseline,source_unavailable,,,,0,,
corporate_policy_crypto_2017_2026,2013-06,historical_baseline_2013_2016,historical_baseline,candidate_found,mtgox-usd-withdrawal-suspension-2013-06,,,0,events/mtgox-usd-withdrawal-suspension-2013-06.yaml,
corporate_policy_crypto_2017_2026,2013-07,historical_baseline_2013_2016,historical_baseline,source_unavailable,,,,0,,
corporate_policy_crypto_2017_2026,2013-08,historical_baseline_2013_2016,historical_baseline,source_unavailable,,,,0,,
corporate_policy_crypto_2017_2026,2013-09,historical_baseline_2013_2016,historical_baseline,source_unavailable,,,,0,,
corporate_policy_crypto_2017_2026,2013-10,historical_baseline_2013_2016,historical_baseline,source_unavailable,,,,0,,
corporate_policy_crypto_2017_2026,2013-11,historical_baseline_2013_2016,historical_baseline,source_unavailable,,,,0,,
corporate_policy_crypto_2017_2026,2013-12,historical_baseline_2013_2016,historical_baseline,source_unavailable,,,,0,,
corporate_policy_crypto_2017_2026,2014-01,historical_baseline_2013_2016,historical_baseline,pending,,,,0,,
corporate_policy_crypto_2017_2026,2014-02,historical_baseline_2013_2016,historical_baseline,candidate_found,mtgox-bankruptcy-tokyo-2014,,,0,events/mtgox-bankruptcy-tokyo-2014.yaml,
corporate_policy_crypto_2017_2026,2014-03,historical_baseline_2013_2016,historical_baseline,pending,,,,0,,
corporate_policy_crypto_2017_2026,2014-04,historical_baseline_2013_2016,historical_baseline,pending,,,,0,,
corporate_policy_crypto_2017_2026,2014-05,historical_baseline_2013_2016,historical_baseline,pending,,,,0,,
corporate_policy_crypto_2017_2026,2014-06,historical_baseline_2013_2016,historical_baseline,pending,,,,0,,
corporate_policy_crypto_2017_2026,2014-07,historical_baseline_2013_2016,historical_baseline,pending,,,,0,,
corporate_policy_crypto_2017_2026,2014-08,historical_baseline_2013_2016,historical_baseline,pending,,,,0,,
corporate_policy_crypto_2017_2026,2014-09,historical_baseline_2013_2016,historical_baseline,pending,,,,0,,
corporate_policy_crypto_2017_2026,2014-10,historical_baseline_2013_2016,historical_baseline,pending,,,,0,,
corporate_policy_crypto_2017_2026,2014-11,historical_baseline_2013_2016,historical_baseline,pending,,,,0,,
corporate_policy_crypto_2017_2026,2014-12,historical_baseline_2013_2016,historical_baseline,pending,,,,0,,
corporate_policy_crypto_2017_2026,2015-01,historical_baseline_2013_2016,historical_baseline,pending,,,,0,,
corporate_policy_crypto_2017_2026,2015-02,historical_baseline_2013_2016,historical_baseline,pending,,,,0,,
corporate_policy_crypto_2017_2026,2015-03,historical_baseline_2013_2016,historical_baseline,pending,,,,0,,
corporate_policy_crypto_2017_2026,2015-04,historical_baseline_2013_2016,historical_baseline,pending,,,,0,,
corporate_policy_crypto_2017_2026,2015-05,historical_baseline_2013_2016,historical_baseline,pending,,,,0,,
corporate_policy_crypto_2017_2026,2015-06,historical_baseline_2013_2016,historical_baseline,pending,,,,0,,
corporate_policy_crypto_2017_2026,2015-07,historical_baseline_2013_2016,historical_baseline,pending,,,,0,,
corporate_policy_crypto_2017_2026,2015-08,historical_baseline_2013_2016,historical_baseline,pending,,,,0,,
corporate_policy_crypto_2017_2026,2015-09,historical_baseline_2013_2016,historical_baseline,pending,,,,0,,
corporate_policy_crypto_2017_2026,2015-10,historical_baseline_2013_2016,historical_baseline,pending,,,,0,,
corporate_policy_crypto_2017_2026,2015-11,historical_baseline_2013_2016,historical_baseline,pending,,,,0,,
corporate_policy_crypto_2017_2026,2015-12,historical_baseline_2013_2016,historical_baseline,pending,,,,0,,
corporate_policy_crypto_2017_2026,2016-01,historical_baseline_2013_2016,historical_baseline,pending,,,,0,,
corporate_policy_crypto_2017_2026,2016-02,historical_baseline_2013_2016,historical_baseline,pending,,,,0,,
corporate_policy_crypto_2017_2026,2016-03,historical_baseline_2013_2016,historical_baseline,pending,,,,0,,
corporate_policy_crypto_2017_2026,2016-04,historical_baseline_2013_2016,historical_baseline,pending,,,,0,,
corporate_policy_crypto_2017_2026,2016-05,historical_baseline_2013_2016,historical_baseline,pending,,,,0,,
corporate_policy_crypto_2017_2026,2016-06,historical_baseline_2013_2016,historical_baseline,pending,,,,0,,
corporate_policy_crypto_2017_2026,2016-07,historical_baseline_2013_2016,historical_baseline,pending,,,,0,,
corporate_policy_crypto_2017_2026,2016-08,historical_baseline_2013_2016,historical_baseline,pending,,,,0,,
corporate_policy_crypto_2017_2026,2016-09,historical_baseline_2013_2016,historical_baseline,pending,,,,0,,
corporate_policy_crypto_2017_2026,2016-10,historical_baseline_2013_2016,historical_baseline,pending,,,,0,,
corporate_policy_crypto_2017_2026,2016-11,historical_baseline_2013_2016,historical_baseline,pending,,,,0,,
corporate_policy_crypto_2017_2026,2016-12,historical_baseline_2013_2016,historical_baseline,pending,,,,0,,
corporate_policy_crypto_2017_2026,2017-01,comparable_main_2017_present,comparable_analysis,pending,,,,0,,
corporate_policy_crypto_2017_2026,2017-02,comparable_main_2017_present,comparable_analysis,pending,,,,0,,
corporate_policy_crypto_2017_2026,2017-03,comparable_main_2017_present,comparable_analysis,pending,,,,0,,
corporate_policy_crypto_2017_2026,2017-04,comparable_main_2017_present,comparable_analysis,pending,,,,0,,
corporate_policy_crypto_2017_2026,2017-05,comparable_main_2017_present,comparable_analysis,pending,,,,0,,
corporate_policy_crypto_2017_2026,2017-06,comparable_main_2017_present,comparable_analysis,pending,,,,0,,
corporate_policy_crypto_2017_2026,2017-07,comparable_main_2017_present,comparable_analysis,pending,,,,0,,
corporate_policy_crypto_2017_2026,2017-08,comparable_main_2017_present,comparable_analysis,pending,,,,0,,
corporate_policy_crypto_2017_2026,2017-09,comparable_main_2017_present,comparable_analysis,pending,,,,0,,
corporate_policy_crypto_2017_2026,2017-10,comparable_main_2017_present,comparable_analysis,pending,,,,0,,
corporate_policy_crypto_2017_2026,2017-11,comparable_main_2017_present,comparable_analysis,pending,,,,0,,
corporate_policy_crypto_2017_2026,2017-12,comparable_main_2017_present,comparable_analysis,pending,,,,0,,
corporate_policy_crypto_2017_2026,2018-01,comparable_main_2017_present,comparable_analysis,pending,,,,0,,
corporate_policy_crypto_2017_2026,2018-02,comparable_main_2017_present,comparable_analysis,pending,,,,0,,
corporate_policy_crypto_2017_2026,2018-03,comparable_main_2017_present,comparable_analysis,pending,,,,0,,
corporate_policy_crypto_2017_2026,2018-04,comparable_main_2017_present,comparable_analysis,pending,,,,0,,
corporate_policy_crypto_2017_2026,2018-05,comparable_main_2017_present,comparable_analysis,pending,,,,0,,
corporate_policy_crypto_2017_2026,2018-06,comparable_main_2017_present,comparable_analysis,pending,,,,0,,
corporate_policy_crypto_2017_2026,2018-07,comparable_main_2017_present,comparable_analysis,pending,,,,0,,
corporate_policy_crypto_2017_2026,2018-08,comparable_main_2017_present,comparable_analysis,pending,,,,0,,
corporate_policy_crypto_2017_2026,2018-09,comparable_main_2017_present,comparable_analysis,pending,,,,0,,
corporate_policy_crypto_2017_2026,2018-10,comparable_main_2017_present,comparable_analysis,pending,,,,0,,
corporate_policy_crypto_2017_2026,2018-11,comparable_main_2017_present,comparable_analysis,pending,,,,0,,
corporate_policy_crypto_2017_2026,2018-12,comparable_main_2017_present,comparable_analysis,pending,,,,0,,
corporate_policy_crypto_2017_2026,2019-01,comparable_main_2017_present,comparable_analysis,pending,,,,0,,
corporate_policy_crypto_2017_2026,2019-02,comparable_main_2017_present,comparable_analysis,pending,,,,0,,
corporate_policy_crypto_2017_2026,2019-03,comparable_main_2017_present,comparable_analysis,pending,,,,0,,
corporate_policy_crypto_2017_2026,2019-04,comparable_main_2017_present,comparable_analysis,pending,,,,0,,
corporate_policy_crypto_2017_2026,2019-05,comparable_main_2017_present,comparable_analysis,pending,,,,0,,
corporate_policy_crypto_2017_2026,2019-06,comparable_main_2017_present,comparable_analysis,pending,,,,0,,
corporate_policy_crypto_2017_2026,2019-07,comparable_main_2017_present,comparable_analysis,pending,,,,0,,
corporate_policy_crypto_2017_2026,2019-08,comparable_main_2017_present,comparable_analysis,pending,,,,0,,
corporate_policy_crypto_2017_2026,2019-09,comparable_main_2017_present,comparable_analysis,pending,,,,0,,
corporate_policy_crypto_2017_2026,2019-10,comparable_main_2017_present,comparable_analysis,pending,,,,0,,
corporate_policy_crypto_2017_2026,2019-11,comparable_main_2017_present,comparable_analysis,pending,,,,0,,
corporate_policy_crypto_2017_2026,2019-12,comparable_main_2017_present,comparable_analysis,pending,,,,0,,
corporate_policy_crypto_2017_2026,2020-01,comparable_main_2017_present,comparable_analysis,pending,,,,0,,
corporate_policy_crypto_2017_2026,2020-02,comparable_main_2017_present,comparable_analysis,pending,,,,0,,
corporate_policy_crypto_2017_2026,2020-03,comparable_main_2017_present,comparable_analysis,pending,,,,0,,
corporate_policy_crypto_2017_2026,2020-04,comparable_main_2017_present,comparable_analysis,pending,,,,0,,
corporate_policy_crypto_2017_2026,2020-05,comparable_main_2017_present,comparable_analysis,pending,,,,0,,
corporate_policy_crypto_2017_2026,2020-06,comparable_main_2017_present,comparable_analysis,pending,,,,0,,
corporate_policy_crypto_2017_2026,2020-07,comparable_main_2017_present,comparable_analysis,candidate_found,augur-v2-us-uk-geofence-2020-07,,,0,events/augur-v2-us-uk-geofence-2020-07.yaml,
corporate_policy_crypto_2017_2026,2020-08,comparable_main_2017_present,comparable_analysis,pending,,,,0,,
corporate_policy_crypto_2017_2026,2020-09,comparable_main_2017_present,comparable_analysis,pending,,,,0,,
corporate_policy_crypto_2017_2026,2020-10,comparable_main_2017_present,comparable_analysis,pending,,,,0,,
corporate_policy_crypto_2017_2026,2020-11,comparable_main_2017_present,comparable_analysis,pending,,,,0,,
corporate_policy_crypto_2017_2026,2020-12,comparable_main_2017_present,comparable_analysis,pending,,,,0,,
corporate_policy_crypto_2017_2026,2021-01,comparable_main_2017_present,comparable_analysis,candidate_found,kraken-uk-derivatives-exit-2021,,,0,events/kraken-uk-derivatives-exit-2021.yaml,
corporate_policy_crypto_2017_2026,2021-02,comparable_main_2017_present,comparable_analysis,pending,,,,0,,
corporate_policy_crypto_2017_2026,2021-03,comparable_main_2017_present,comparable_analysis,pending,,,,0,,
corporate_policy_crypto_2017_2026,2021-04,comparable_main_2017_present,comparable_analysis,pending,,,,0,,
corporate_policy_crypto_2017_2026,2021-05,comparable_main_2017_present,comparable_analysis,pending,,,,0,,
corporate_policy_crypto_2017_2026,2021-06,comparable_main_2017_present,comparable_analysis,pending,,,,0,,
corporate_policy_crypto_2017_2026,2021-07,comparable_main_2017_present,comparable_analysis,candidate_found,"uniswap-token-list-curation-default-2021,uniswap-tokenized-stocks-delisting-2021-07",,,0,"events/uniswap-token-list-curation-default-2021.yaml,events/uniswap-tokenized-stocks-delisting-2021-07.yaml",
corporate_policy_crypto_2017_2026,2021-08,comparable_main_2017_present,comparable_analysis,pending,,,,0,,
corporate_policy_crypto_2017_2026,2021-09,comparable_main_2017_present,comparable_analysis,candidate_found,1inch-us-geofence-2021-09,,,0,events/1inch-us-geofence-2021-09.yaml,
corporate_policy_crypto_2017_2026,2021-10,comparable_main_2017_present,comparable_analysis,pending,,,,0,,
corporate_policy_crypto_2017_2026,2021-11,comparable_main_2017_present,comparable_analysis,pending,,,,0,,
corporate_policy_crypto_2017_2026,2021-12,comparable_main_2017_present,comparable_analysis,pending,,,,0,,
corporate_policy_crypto_2017_2026,2022-01,comparable_main_2017_present,comparable_analysis,candidate_found,aave-arc-fireblocks-whitelist-2022-01,,,0,events/aave-arc-fireblocks-whitelist-2022-01.yaml,
corporate_policy_crypto_2017_2026,2022-02,comparable_main_2017_present,comparable_analysis,pending,,,,0,,
corporate_policy_crypto_2017_2026,2022-03,comparable_main_2017_present,comparable_analysis,candidate_found,"infura-metamask-donetsk-luhansk-block-2022-03,opensea-iran-cuba-sanctions-block-2022",,,0,"events/infura-metamask-donetsk-luhansk-block-2022-03.yaml,events/opensea-iran-cuba-sanctions-block-2022.yaml",
corporate_policy_crypto_2017_2026,2022-04,comparable_main_2017_present,comparable_analysis,candidate_found,"coinbase-india-exit-2022,tornado-cash-frontend-tornado-cash-eth-block-2022-04",,,0,"events/coinbase-india-exit-2022.yaml,events/tornado-cash-frontend-tornado-cash-eth-block-2022-04.yaml",
corporate_policy_crypto_2017_2026,2022-05,comparable_main_2017_present,comparable_analysis,candidate_found,bybit-singapore-exit-2022,,,0,events/bybit-singapore-exit-2022.yaml,
corporate_policy_crypto_2017_2026,2022-06,comparable_main_2017_present,comparable_analysis,pending,,,,0,,
corporate_policy_crypto_2017_2026,2022-07,comparable_main_2017_present,comparable_analysis,pending,,,,0,,
corporate_policy_crypto_2017_2026,2022-08,comparable_main_2017_present,comparable_analysis,candidate_found,"aave-tornado-frontend-block-2022-08,circle-usdc-tornado-2022,cloudflare-ethereum-gateway-tornado-block-2022-08,dydx-tornado-account-block-2022-08,ens-eth-domain-tornado-resolution-2022,etherscan-tornado-cash-ui-label-2022,infura-alchemy-tornado-rpc-block-2022,makerdao-emergency-shutdown-contingency-2022-08,metamask-eth-phishing-detect-tornado-additions-2022,tornado-cash-github-takedown-2022-08,tornado-cash-tornadocash-org-seizure-2022,trustwallet-sanctioned-token-ui-update-2022,uniswap-balancer-tornado-frontend-block-2022-08",,,0,"events/aave-tornado-frontend-block-2022-08.yaml,events/circle-usdc-tornado-2022.yaml,events/cloudflare-ethereum-gateway-tornado-block-2022-08.yaml,events/dydx-tornado-account-block-2022-08.yaml,events/ens-eth-domain-tornado-resolution-2022.yaml,events/etherscan-tornado-cash-ui-label-2022.yaml,events/infura-alchemy-tornado-rpc-block-2022.yaml,events/makerdao-emergency-shutdown-contingency-2022-08.yaml,events/metamask-eth-phishing-detect-tornado-additions-2022.yaml,events/tornado-cash-github-takedown-2022-08.yaml,events/tornado-cash-tornadocash-org-seizure-2022.yaml,events/trustwallet-sanctioned-token-ui-update-2022.yaml,events/uniswap-balancer-tornado-frontend-block-2022-08.yaml",
corporate_policy_crypto_2017_2026,2022-09,comparable_main_2017_present,comparable_analysis,pending,,,,0,,
corporate_policy_crypto_2017_2026,2022-10,comparable_main_2017_present,comparable_analysis,pending,,,,0,,
corporate_policy_crypto_2017_2026,2022-11,comparable_main_2017_present,comparable_analysis,candidate_found,consensys-metamask-infura-rpc-data-collection-2022-11,,,0,events/consensys-metamask-infura-rpc-data-collection-2022-11.yaml,
corporate_policy_crypto_2017_2026,2022-12,comparable_main_2017_present,comparable_analysis,candidate_found,ren-protocol-shutdown-alameda-ftx-2022-12,,,0,events/ren-protocol-shutdown-alameda-ftx-2022-12.yaml,
corporate_policy_crypto_2017_2026,2023-01,comparable_main_2017_present,comparable_analysis,candidate_found,"bitstamp-greece-portugal-exit-2023,coinbase-japan-exit-2023,kucoin-netherlands-exit-2023",,,0,"events/bitstamp-greece-portugal-exit-2023.yaml,events/coinbase-japan-exit-2023.yaml,events/kucoin-netherlands-exit-2023.yaml",
corporate_policy_crypto_2017_2026,2023-02,comparable_main_2017_present,comparable_analysis,candidate_found,paxos-busd-nydfs-minting-stop-2023,,,0,events/paxos-busd-nydfs-minting-stop-2023.yaml,
corporate_policy_crypto_2017_2026,2023-03,comparable_main_2017_present,comparable_analysis,candidate_found,circle-usdc-svb-policy-statement-2023,,,0,events/circle-usdc-svb-policy-statement-2023.yaml,
corporate_policy_crypto_2017_2026,2023-04,comparable_main_2017_present,comparable_analysis,pending,,,,0,,
corporate_policy_crypto_2017_2026,2023-05,comparable_main_2017_present,comparable_analysis,pending,,,,0,,
corporate_policy_crypto_2017_2026,2023-06,comparable_main_2017_present,comparable_analysis,candidate_found,"binance-privacy-coin-delisting-2023,binance-us-staking-end-2023,kucoin-canada-exit-2023",,,0,"events/binance-privacy-coin-delisting-2023.yaml,events/binance-us-staking-end-2023.yaml,events/kucoin-canada-exit-2023.yaml",
corporate_policy_crypto_2017_2026,2023-07,comparable_main_2017_present,comparable_analysis,candidate_found,uniswap-frontend-delisting-2023,,,0,events/uniswap-frontend-delisting-2023.yaml,
corporate_policy_crypto_2017_2026,2023-08,comparable_main_2017_present,comparable_analysis,pending,,,,0,,
corporate_policy_crypto_2017_2026,2023-09,comparable_main_2017_present,comparable_analysis,candidate_found,"binance-russia-exit-commex-2023,metamask-snaps-region-restrictions-2023-09",,,0,"events/binance-russia-exit-commex-2023.yaml,events/metamask-snaps-region-restrictions-2023-09.yaml",
corporate_policy_crypto_2017_2026,2023-10,comparable_main_2017_present,comparable_analysis,pending,,,,0,,
corporate_policy_crypto_2017_2026,2023-11,comparable_main_2017_present,comparable_analysis,candidate_found,tether-doj-pig-butchering-freeze-2023,,,0,events/tether-doj-pig-butchering-freeze-2023.yaml,
corporate_policy_crypto_2017_2026,2023-12,comparable_main_2017_present,comparable_analysis,candidate_found,"okx-monero-global-delisting-2024,okx-privacy-token-delist-2024,tether-retroactive-sweep-2023",,,0,"events/okx-monero-global-delisting-2024.yaml,events/okx-privacy-token-delist-2024.yaml,events/tether-retroactive-sweep-2023.yaml",
corporate_policy_crypto_2017_2026,2024-01,comparable_main_2017_present,comparable_analysis,candidate_found,"apple-india-crypto-exchange-removal-2024-01,google-play-india-crypto-exchange-removal-2024-01,huobi-htx-privacy-coin-delisting-2024,tether-tron-philippines-pdea-freeze-2024",,,0,"events/apple-india-crypto-exchange-removal-2024-01.yaml,events/google-play-india-crypto-exchange-removal-2024-01.yaml,events/huobi-htx-privacy-coin-delisting-2024.yaml,events/tether-tron-philippines-pdea-freeze-2024.yaml",
corporate_policy_crypto_2017_2026,2024-02,comparable_main_2017_present,comparable_analysis,candidate_found,binance-busd-wind-down-2024,,,0,events/binance-busd-wind-down-2024.yaml,
corporate_policy_crypto_2017_2026,2024-03,comparable_main_2017_present,comparable_analysis,pending,,,,0,,
corporate_policy_crypto_2017_2026,2024-04,comparable_main_2017_present,comparable_analysis,pending,,,,0,,
corporate_policy_crypto_2017_2026,2024-05,comparable_main_2017_present,comparable_analysis,pending,,,,0,,
corporate_policy_crypto_2017_2026,2024-06,comparable_main_2017_present,comparable_analysis,candidate_found,tether-pig-butchering-second-wave-2024,,,0,events/tether-pig-butchering-second-wave-2024.yaml,
corporate_policy_crypto_2017_2026,2024-07,comparable_main_2017_present,comparable_analysis,pending,,,,0,,
corporate_policy_crypto_2017_2026,2024-08,comparable_main_2017_present,comparable_analysis,pending,,,,0,,
corporate_policy_crypto_2017_2026,2024-09,comparable_main_2017_present,comparable_analysis,candidate_found,circle-usdc-cryptex-freeze-2024,,,0,events/circle-usdc-cryptex-freeze-2024.yaml,
corporate_policy_crypto_2017_2026,2024-10,comparable_main_2017_present,comparable_analysis,candidate_found,kraken-monero-eu-delisting-2024,,,0,events/kraken-monero-eu-delisting-2024.yaml,
corporate_policy_crypto_2017_2026,2024-11,comparable_main_2017_present,comparable_analysis,pending,,,,0,,
corporate_policy_crypto_2017_2026,2024-12,comparable_main_2017_present,comparable_analysis,candidate_found,pump-fun-uk-fca-geofence-2024-12,,,0,events/pump-fun-uk-fca-geofence-2024-12.yaml,
corporate_policy_crypto_2017_2026,2025-01,comparable_main_2017_present,comparable_analysis,pending,,,,0,,
corporate_policy_crypto_2017_2026,2025-02,comparable_main_2017_present,comparable_analysis,pending,,,,0,,
corporate_policy_crypto_2017_2026,2025-03,comparable_main_2017_present,comparable_analysis,pending,,,,0,,
corporate_policy_crypto_2017_2026,2025-04,comparable_main_2017_present,comparable_analysis,candidate_found,tether-dprk-precommit-freeze-2025,,,0,events/tether-dprk-precommit-freeze-2025.yaml,
corporate_policy_crypto_2017_2026,2025-05,comparable_main_2017_present,comparable_analysis,pending,,,,0,,
corporate_policy_crypto_2017_2026,2025-06,comparable_main_2017_present,comparable_analysis,pending,,,,0,,
corporate_policy_crypto_2017_2026,2025-07,comparable_main_2017_present,comparable_analysis,pending,,,,0,,
corporate_policy_crypto_2017_2026,2025-08,comparable_main_2017_present,comparable_analysis,pending,,,,0,,
corporate_policy_crypto_2017_2026,2025-09,comparable_main_2017_present,comparable_analysis,pending,,,,0,,
corporate_policy_crypto_2017_2026,2025-10,comparable_main_2017_present,comparable_analysis,pending,,,,0,,
corporate_policy_crypto_2017_2026,2025-11,comparable_main_2017_present,comparable_analysis,pending,,,,0,,
corporate_policy_crypto_2017_2026,2025-12,comparable_main_2017_present,comparable_analysis,pending,,,,0,,
corporate_policy_crypto_2017_2026,2026-01,comparable_main_2017_present,comparable_analysis,pending,,,,0,,
corporate_policy_crypto_2017_2026,2026-02,comparable_main_2017_present,comparable_analysis,pending,,,,0,,
corporate_policy_crypto_2017_2026,2026-03,comparable_main_2017_present,comparable_analysis,pending,,,,0,,
corporate_policy_crypto_2017_2026,2026-04,comparable_main_2017_present,comparable_analysis,pending,,,,0,,
corporate_policy_crypto_2017_2026,2026-05,comparable_main_2017_present,comparable_analysis,pending,,,,0,,
non_us_state_crypto_2017_2026,2008-01,discovery_only_2008_2012,discovery_ledger_only,source_unavailable,,,,0,,
non_us_state_crypto_2017_2026,2008-02,discovery_only_2008_2012,discovery_ledger_only,source_unavailable,,,,0,,
non_us_state_crypto_2017_2026,2008-03,discovery_only_2008_2012,discovery_ledger_only,source_unavailable,,,,0,,
non_us_state_crypto_2017_2026,2008-04,discovery_only_2008_2012,discovery_ledger_only,source_unavailable,,,,0,,
non_us_state_crypto_2017_2026,2008-05,discovery_only_2008_2012,discovery_ledger_only,source_unavailable,,,,0,,
non_us_state_crypto_2017_2026,2008-06,discovery_only_2008_2012,discovery_ledger_only,source_unavailable,,,,0,,
non_us_state_crypto_2017_2026,2008-07,discovery_only_2008_2012,discovery_ledger_only,source_unavailable,,,,0,,
non_us_state_crypto_2017_2026,2008-08,discovery_only_2008_2012,discovery_ledger_only,source_unavailable,,,,0,,
non_us_state_crypto_2017_2026,2008-09,discovery_only_2008_2012,discovery_ledger_only,source_unavailable,,,,0,,
non_us_state_crypto_2017_2026,2008-10,discovery_only_2008_2012,discovery_ledger_only,source_unavailable,,,,0,,
non_us_state_crypto_2017_2026,2008-11,discovery_only_2008_2012,discovery_ledger_only,source_unavailable,,,,0,,
non_us_state_crypto_2017_2026,2008-12,discovery_only_2008_2012,discovery_ledger_only,source_unavailable,,,,0,,
non_us_state_crypto_2017_2026,2009-01,discovery_only_2008_2012,discovery_ledger_only,source_unavailable,,,,0,,
non_us_state_crypto_2017_2026,2009-02,discovery_only_2008_2012,discovery_ledger_only,source_unavailable,,,,0,,
non_us_state_crypto_2017_2026,2009-03,discovery_only_2008_2012,discovery_ledger_only,source_unavailable,,,,0,,
non_us_state_crypto_2017_2026,2009-04,discovery_only_2008_2012,discovery_ledger_only,source_unavailable,,,,0,,
non_us_state_crypto_2017_2026,2009-05,discovery_only_2008_2012,discovery_ledger_only,source_unavailable,,,,0,,
non_us_state_crypto_2017_2026,2009-06,discovery_only_2008_2012,discovery_ledger_only,source_unavailable,,,,0,,
non_us_state_crypto_2017_2026,2009-07,discovery_only_2008_2012,discovery_ledger_only,source_unavailable,,,,0,,
non_us_state_crypto_2017_2026,2009-08,discovery_only_2008_2012,discovery_ledger_only,source_unavailable,,,,0,,
non_us_state_crypto_2017_2026,2009-09,discovery_only_2008_2012,discovery_ledger_only,source_unavailable,,,,0,,
non_us_state_crypto_2017_2026,2009-10,discovery_only_2008_2012,discovery_ledger_only,source_unavailable,,,,0,,
non_us_state_crypto_2017_2026,2009-11,discovery_only_2008_2012,discovery_ledger_only,source_unavailable,,,,0,,
non_us_state_crypto_2017_2026,2009-12,discovery_only_2008_2012,discovery_ledger_only,source_unavailable,,,,0,,
non_us_state_crypto_2017_2026,2010-01,discovery_only_2008_2012,discovery_ledger_only,source_unavailable,,,,0,,
non_us_state_crypto_2017_2026,2010-02,discovery_only_2008_2012,discovery_ledger_only,source_unavailable,,,,0,,
non_us_state_crypto_2017_2026,2010-03,discovery_only_2008_2012,discovery_ledger_only,source_unavailable,,,,0,,
non_us_state_crypto_2017_2026,2010-04,discovery_only_2008_2012,discovery_ledger_only,source_unavailable,,,,0,,
non_us_state_crypto_2017_2026,2010-05,discovery_only_2008_2012,discovery_ledger_only,source_unavailable,,,,0,,
non_us_state_crypto_2017_2026,2010-06,discovery_only_2008_2012,discovery_ledger_only,source_unavailable,,,,0,,
non_us_state_crypto_2017_2026,2010-07,discovery_only_2008_2012,discovery_ledger_only,source_unavailable,,,,0,,
non_us_state_crypto_2017_2026,2010-08,discovery_only_2008_2012,discovery_ledger_only,source_unavailable,,,,0,,
non_us_state_crypto_2017_2026,2010-09,discovery_only_2008_2012,discovery_ledger_only,source_unavailable,,,,0,,
non_us_state_crypto_2017_2026,2010-10,discovery_only_2008_2012,discovery_ledger_only,source_unavailable,,,,0,,
non_us_state_crypto_2017_2026,2010-11,discovery_only_2008_2012,discovery_ledger_only,source_unavailable,,,,0,,
non_us_state_crypto_2017_2026,2010-12,discovery_only_2008_2012,discovery_ledger_only,candidate_found,wikileaks-wau-holland-tax-status-challenge-2010-12,,,0,events/wikileaks-wau-holland-tax-status-challenge-2010-12.yaml,
non_us_state_crypto_2017_2026,2011-01,discovery_only_2008_2012,discovery_ledger_only,source_unavailable,,,,0,,
non_us_state_crypto_2017_2026,2011-02,discovery_only_2008_2012,discovery_ledger_only,source_unavailable,,,,0,,
non_us_state_crypto_2017_2026,2011-03,discovery_only_2008_2012,discovery_ledger_only,candidate_found,liberty-reserve-costa-rica-license-denial-2011-03,,,0,events/liberty-reserve-costa-rica-license-denial-2011-03.yaml,
non_us_state_crypto_2017_2026,2011-04,discovery_only_2008_2012,discovery_ledger_only,source_unavailable,,,,0,,
non_us_state_crypto_2017_2026,2011-05,discovery_only_2008_2012,discovery_ledger_only,source_unavailable,,,,0,,
non_us_state_crypto_2017_2026,2011-06,discovery_only_2008_2012,discovery_ledger_only,source_unavailable,,,,0,,
non_us_state_crypto_2017_2026,2011-07,discovery_only_2008_2012,discovery_ledger_only,source_unavailable,,,,0,,
non_us_state_crypto_2017_2026,2011-08,discovery_only_2008_2012,discovery_ledger_only,source_unavailable,,,,0,,
non_us_state_crypto_2017_2026,2011-09,discovery_only_2008_2012,discovery_ledger_only,source_unavailable,,,,0,,
non_us_state_crypto_2017_2026,2011-10,discovery_only_2008_2012,discovery_ledger_only,source_unavailable,,,,0,,
non_us_state_crypto_2017_2026,2011-11,discovery_only_2008_2012,discovery_ledger_only,source_unavailable,,,,0,,
non_us_state_crypto_2017_2026,2011-12,discovery_only_2008_2012,discovery_ledger_only,source_unavailable,,,,0,,
non_us_state_crypto_2017_2026,2012-01,discovery_only_2008_2012,discovery_ledger_only,source_unavailable,,,,0,,
non_us_state_crypto_2017_2026,2012-02,discovery_only_2008_2012,discovery_ledger_only,source_unavailable,,,,0,,
non_us_state_crypto_2017_2026,2012-03,discovery_only_2008_2012,discovery_ledger_only,source_unavailable,,,,0,,
non_us_state_crypto_2017_2026,2012-04,discovery_only_2008_2012,discovery_ledger_only,source_unavailable,,,,0,,
non_us_state_crypto_2017_2026,2012-05,discovery_only_2008_2012,discovery_ledger_only,source_unavailable,,,,0,,
non_us_state_crypto_2017_2026,2012-06,discovery_only_2008_2012,discovery_ledger_only,source_unavailable,,,,0,,
non_us_state_crypto_2017_2026,2012-07,discovery_only_2008_2012,discovery_ledger_only,source_unavailable,,,,0,,
non_us_state_crypto_2017_2026,2012-08,discovery_only_2008_2012,discovery_ledger_only,source_unavailable,,,,0,,
non_us_state_crypto_2017_2026,2012-09,discovery_only_2008_2012,discovery_ledger_only,source_unavailable,,,,0,,
non_us_state_crypto_2017_2026,2012-10,discovery_only_2008_2012,discovery_ledger_only,source_unavailable,,,,0,,
non_us_state_crypto_2017_2026,2012-11,discovery_only_2008_2012,discovery_ledger_only,source_unavailable,,,,0,,
non_us_state_crypto_2017_2026,2012-12,discovery_only_2008_2012,discovery_ledger_only,source_unavailable,,,,0,,
non_us_state_crypto_2017_2026,2013-01,historical_baseline_2013_2016,historical_baseline,pending,,,,0,,
non_us_state_crypto_2017_2026,2013-02,historical_baseline_2013_2016,historical_baseline,pending,,,,0,,
non_us_state_crypto_2017_2026,2013-03,historical_baseline_2013_2016,historical_baseline,pending,,,,0,,
non_us_state_crypto_2017_2026,2013-04,historical_baseline_2013_2016,historical_baseline,pending,,,,0,,
non_us_state_crypto_2017_2026,2013-05,historical_baseline_2013_2016,historical_baseline,pending,,,,0,,
non_us_state_crypto_2017_2026,2013-06,historical_baseline_2013_2016,historical_baseline,pending,,,,0,,
non_us_state_crypto_2017_2026,2013-07,historical_baseline_2013_2016,historical_baseline,candidate_found,thailand-bot-bitcoin-prohibition-2013,,,0,events/thailand-bot-bitcoin-prohibition-2013.yaml,
non_us_state_crypto_2017_2026,2013-08,historical_baseline_2013_2016,historical_baseline,pending,,,,0,,
non_us_state_crypto_2017_2026,2013-09,historical_baseline_2013_2016,historical_baseline,pending,,,,0,,
non_us_state_crypto_2017_2026,2013-10,historical_baseline_2013_2016,historical_baseline,pending,,,,0,,
non_us_state_crypto_2017_2026,2013-11,historical_baseline_2013_2016,historical_baseline,pending,,,,0,,
non_us_state_crypto_2017_2026,2013-12,historical_baseline_2013_2016,historical_baseline,candidate_found,china-pboc-crypto-ban-2013-12,,,0,events/china-pboc-crypto-ban-2013-12.yaml,
non_us_state_crypto_2017_2026,2014-01,historical_baseline_2013_2016,historical_baseline,candidate_found,russia-cbr-bitcoin-information-letter-2014,,,0,events/russia-cbr-bitcoin-information-letter-2014.yaml,
non_us_state_crypto_2017_2026,2014-02,historical_baseline_2013_2016,historical_baseline,candidate_found,"brazil-bcb-comunicado-25306-2014,indonesia-bi-bitcoin-warning-2014",,,0,"events/brazil-bcb-comunicado-25306-2014.yaml,events/indonesia-bi-bitcoin-warning-2014.yaml",
non_us_state_crypto_2017_2026,2014-03,historical_baseline_2013_2016,historical_baseline,candidate_found,"iceland-cbi-foreign-exchange-bitcoin-2014,uk-hmrc-bitcoin-vat-brief-09-14-2014",,,0,"events/iceland-cbi-foreign-exchange-bitcoin-2014.yaml,events/uk-hmrc-bitcoin-vat-brief-09-14-2014.yaml",
non_us_state_crypto_2017_2026,2014-04,historical_baseline_2013_2016,historical_baseline,pending,,,,0,,
non_us_state_crypto_2017_2026,2014-05,historical_baseline_2013_2016,historical_baseline,candidate_found,bolivia-bcb-crypto-prohibition-2014,,,0,events/bolivia-bcb-crypto-prohibition-2014.yaml,
non_us_state_crypto_2017_2026,2014-06,historical_baseline_2013_2016,historical_baseline,pending,,,,0,,
non_us_state_crypto_2017_2026,2014-07,historical_baseline_2013_2016,historical_baseline,candidate_found,argentina-uif-resolution-300-2014,,,0,events/argentina-uif-resolution-300-2014.yaml,
non_us_state_crypto_2017_2026,2014-08,historical_baseline_2013_2016,historical_baseline,pending,,,,0,,
non_us_state_crypto_2017_2026,2014-09,historical_baseline_2013_2016,historical_baseline,candidate_found,bangladesh-bb-bitcoin-warning-2014,,,0,events/bangladesh-bb-bitcoin-warning-2014.yaml,
non_us_state_crypto_2017_2026,2014-10,historical_baseline_2013_2016,historical_baseline,pending,,,,0,,
non_us_state_crypto_2017_2026,2014-11,historical_baseline_2013_2016,historical_baseline,pending,,,,0,,
non_us_state_crypto_2017_2026,2014-12,historical_baseline_2013_2016,historical_baseline,pending,,,,0,,
non_us_state_crypto_2017_2026,2015-01,historical_baseline_2013_2016,historical_baseline,pending,,,,0,,
non_us_state_crypto_2017_2026,2015-02,historical_baseline_2013_2016,historical_baseline,pending,,,,0,,
non_us_state_crypto_2017_2026,2015-03,historical_baseline_2013_2016,historical_baseline,pending,,,,0,,
non_us_state_crypto_2017_2026,2015-04,historical_baseline_2013_2016,historical_baseline,pending,,,,0,,
non_us_state_crypto_2017_2026,2015-05,historical_baseline_2013_2016,historical_baseline,pending,,,,0,,
non_us_state_crypto_2017_2026,2015-06,historical_baseline_2013_2016,historical_baseline,pending,,,,0,,
non_us_state_crypto_2017_2026,2015-07,historical_baseline_2013_2016,historical_baseline,pending,,,,0,,
non_us_state_crypto_2017_2026,2015-08,historical_baseline_2013_2016,historical_baseline,pending,,,,0,,
non_us_state_crypto_2017_2026,2015-09,historical_baseline_2013_2016,historical_baseline,pending,,,,0,,
non_us_state_crypto_2017_2026,2015-10,historical_baseline_2013_2016,historical_baseline,pending,,,,0,,
non_us_state_crypto_2017_2026,2015-11,historical_baseline_2013_2016,historical_baseline,pending,,,,0,,
non_us_state_crypto_2017_2026,2015-12,historical_baseline_2013_2016,historical_baseline,pending,,,,0,,
non_us_state_crypto_2017_2026,2016-01,historical_baseline_2013_2016,historical_baseline,pending,,,,0,,
non_us_state_crypto_2017_2026,2016-02,historical_baseline_2013_2016,historical_baseline,pending,,,,0,,
non_us_state_crypto_2017_2026,2016-03,historical_baseline_2013_2016,historical_baseline,pending,,,,0,,
non_us_state_crypto_2017_2026,2016-04,historical_baseline_2013_2016,historical_baseline,pending,,,,0,,
non_us_state_crypto_2017_2026,2016-05,historical_baseline_2013_2016,historical_baseline,pending,,,,0,,
non_us_state_crypto_2017_2026,2016-06,historical_baseline_2013_2016,historical_baseline,pending,,,,0,,
non_us_state_crypto_2017_2026,2016-07,historical_baseline_2013_2016,historical_baseline,pending,,,,0,,
non_us_state_crypto_2017_2026,2016-08,historical_baseline_2013_2016,historical_baseline,pending,,,,0,,
non_us_state_crypto_2017_2026,2016-09,historical_baseline_2013_2016,historical_baseline,pending,,,,0,,
non_us_state_crypto_2017_2026,2016-10,historical_baseline_2013_2016,historical_baseline,pending,,,,0,,
non_us_state_crypto_2017_2026,2016-11,historical_baseline_2013_2016,historical_baseline,pending,,,,0,,
non_us_state_crypto_2017_2026,2016-12,historical_baseline_2013_2016,historical_baseline,pending,,,,0,,
non_us_state_crypto_2017_2026,2017-01,comparable_main_2017_present,comparable_analysis,pending,,,,0,,
non_us_state_crypto_2017_2026,2017-02,comparable_main_2017_present,comparable_analysis,pending,,,,0,,
non_us_state_crypto_2017_2026,2017-03,comparable_main_2017_present,comparable_analysis,pending,,,,0,,
non_us_state_crypto_2017_2026,2017-04,comparable_main_2017_present,comparable_analysis,pending,,,,0,,
non_us_state_crypto_2017_2026,2017-05,comparable_main_2017_present,comparable_analysis,pending,,,,0,,
non_us_state_crypto_2017_2026,2017-06,comparable_main_2017_present,comparable_analysis,pending,,,,0,,
non_us_state_crypto_2017_2026,2017-07,comparable_main_2017_present,comparable_analysis,pending,,,,0,,
non_us_state_crypto_2017_2026,2017-08,comparable_main_2017_present,comparable_analysis,pending,,,,0,,
non_us_state_crypto_2017_2026,2017-09,comparable_main_2017_present,comparable_analysis,candidate_found,"china-ico-ban-2017-09,china-pboc-exchange-shutdown-2017-09,korea-fsc-ico-ban-2017",,,0,"events/china-ico-ban-2017-09.yaml,events/china-pboc-exchange-shutdown-2017-09.yaml,events/korea-fsc-ico-ban-2017.yaml",
non_us_state_crypto_2017_2026,2017-10,comparable_main_2017_present,comparable_analysis,pending,,,,0,,
non_us_state_crypto_2017_2026,2017-11,comparable_main_2017_present,comparable_analysis,pending,,,,0,,
non_us_state_crypto_2017_2026,2017-12,comparable_main_2017_present,comparable_analysis,candidate_found,korea-fsc-institutional-restriction-2017,,,0,events/korea-fsc-institutional-restriction-2017.yaml,
non_us_state_crypto_2017_2026,2018-01,comparable_main_2017_present,comparable_analysis,candidate_found,japan-fsa-coincheck-orders-2018,,,0,events/japan-fsa-coincheck-orders-2018.yaml,
non_us_state_crypto_2017_2026,2018-02,comparable_main_2017_present,comparable_analysis,candidate_found,switzerland-finma-tezos-zg-2018,,,0,events/switzerland-finma-tezos-zg-2018.yaml,
non_us_state_crypto_2017_2026,2018-03,comparable_main_2017_present,comparable_analysis,candidate_found,japan-fsa-binance-warning-2018,,,0,events/japan-fsa-binance-warning-2018.yaml,
non_us_state_crypto_2017_2026,2018-04,comparable_main_2017_present,comparable_analysis,candidate_found,"india-rbi-crypto-ban-2018,iran-cbi-crypto-banking-prohibition-2018",,,0,"events/india-rbi-crypto-ban-2018.yaml,events/iran-cbi-crypto-banking-prohibition-2018.yaml",
non_us_state_crypto_2017_2026,2018-05,comparable_main_2017_present,comparable_analysis,pending,,,,0,,
non_us_state_crypto_2017_2026,2018-06,comparable_main_2017_present,comparable_analysis,candidate_found,japan-fsa-six-exchange-orders-2018-06,,,0,events/japan-fsa-six-exchange-orders-2018-06.yaml,
non_us_state_crypto_2017_2026,2018-07,comparable_main_2017_present,comparable_analysis,pending,,,,0,,
non_us_state_crypto_2017_2026,2018-08,comparable_main_2017_present,comparable_analysis,pending,,,,0,,
non_us_state_crypto_2017_2026,2018-09,comparable_main_2017_present,comparable_analysis,candidate_found,japan-fsa-zaif-orders-2018-09,,,0,events/japan-fsa-zaif-orders-2018-09.yaml,
non_us_state_crypto_2017_2026,2018-10,comparable_main_2017_present,comparable_analysis,pending,,,,0,,
non_us_state_crypto_2017_2026,2018-11,comparable_main_2017_present,comparable_analysis,pending,,,,0,,
non_us_state_crypto_2017_2026,2018-12,comparable_main_2017_present,comparable_analysis,pending,,,,0,,
non_us_state_crypto_2017_2026,2019-01,comparable_main_2017_present,comparable_analysis,pending,,,,0,,
non_us_state_crypto_2017_2026,2019-02,comparable_main_2017_present,comparable_analysis,pending,,,,0,,
non_us_state_crypto_2017_2026,2019-03,comparable_main_2017_present,comparable_analysis,pending,,,,0,,
non_us_state_crypto_2017_2026,2019-04,comparable_main_2017_present,comparable_analysis,pending,,,,0,,
non_us_state_crypto_2017_2026,2019-05,comparable_main_2017_present,comparable_analysis,pending,,,,0,,
non_us_state_crypto_2017_2026,2019-06,comparable_main_2017_present,comparable_analysis,pending,,,,0,,
non_us_state_crypto_2017_2026,2019-07,comparable_main_2017_present,comparable_analysis,pending,,,,0,,
non_us_state_crypto_2017_2026,2019-08,comparable_main_2017_present,comparable_analysis,pending,,,,0,,
non_us_state_crypto_2017_2026,2019-09,comparable_main_2017_present,comparable_analysis,pending,,,,0,,
non_us_state_crypto_2017_2026,2019-10,comparable_main_2017_present,comparable_analysis,pending,,,,0,,
non_us_state_crypto_2017_2026,2019-11,comparable_main_2017_present,comparable_analysis,pending,,,,0,,
non_us_state_crypto_2017_2026,2019-12,comparable_main_2017_present,comparable_analysis,pending,,,,0,,
non_us_state_crypto_2017_2026,2020-01,comparable_main_2017_present,comparable_analysis,pending,,,,0,,
non_us_state_crypto_2017_2026,2020-02,comparable_main_2017_present,comparable_analysis,pending,,,,0,,
non_us_state_crypto_2017_2026,2020-03,comparable_main_2017_present,comparable_analysis,pending,,,,0,,
non_us_state_crypto_2017_2026,2020-04,comparable_main_2017_present,comparable_analysis,pending,,,,0,,
non_us_state_crypto_2017_2026,2020-05,comparable_main_2017_present,comparable_analysis,pending,,,,0,,
non_us_state_crypto_2017_2026,2020-06,comparable_main_2017_present,comparable_analysis,pending,,,,0,,
non_us_state_crypto_2017_2026,2020-07,comparable_main_2017_present,comparable_analysis,candidate_found,russia-dfa-law-2020,,,0,events/russia-dfa-law-2020.yaml,
non_us_state_crypto_2017_2026,2020-08,comparable_main_2017_present,comparable_analysis,pending,,,,0,,
non_us_state_crypto_2017_2026,2020-09,comparable_main_2017_present,comparable_analysis,pending,,,,0,,
non_us_state_crypto_2017_2026,2020-10,comparable_main_2017_present,comparable_analysis,pending,,,,0,,
non_us_state_crypto_2017_2026,2020-11,comparable_main_2017_present,comparable_analysis,pending,,,,0,,
non_us_state_crypto_2017_2026,2020-12,comparable_main_2017_present,comparable_analysis,pending,,,,0,,
non_us_state_crypto_2017_2026,2021-01,comparable_main_2017_present,comparable_analysis,pending,,,,0,,
non_us_state_crypto_2017_2026,2021-02,comparable_main_2017_present,comparable_analysis,candidate_found,"bitfinex-tether-nyag-2021,nigeria-cbn-crypto-ban-2021",,,0,"events/bitfinex-tether-nyag-2021.yaml,events/nigeria-cbn-crypto-ban-2021.yaml",
non_us_state_crypto_2017_2026,2021-03,comparable_main_2017_present,comparable_analysis,candidate_found,china-weibo-crypto-exchange-purge-2021-03,,,0,events/china-weibo-crypto-exchange-purge-2021-03.yaml,
non_us_state_crypto_2017_2026,2021-04,comparable_main_2017_present,comparable_analysis,candidate_found,turkey-cbrt-crypto-ban-2021,,,0,events/turkey-cbrt-crypto-ban-2021.yaml,
non_us_state_crypto_2017_2026,2021-05,comparable_main_2017_present,comparable_analysis,candidate_found,"china-inner-mongolia-mining-ban-2021-05,china-state-council-mining-crackdown-2021-05,iran-government-mining-electricity-restriction-2021",,,0,"events/china-inner-mongolia-mining-ban-2021-05.yaml,events/china-state-council-mining-crackdown-2021-05.yaml,events/iran-government-mining-electricity-restriction-2021.yaml",
non_us_state_crypto_2017_2026,2021-06,comparable_main_2017_present,comparable_analysis,candidate_found,"china-sichuan-mining-ban-2021-06,uk-fca-binance-markets-2021",candidate-uk-fca-binance-markets-2021,uk-fca-binance-markets-2021,0,"events/china-sichuan-mining-ban-2021-06.yaml,events/uk-fca-binance-markets-2021.yaml,candidate_triggers/uk-fca-binance-markets-2021.yaml","Promoted 2026-05-16 (Phase 4 of 2026-05-16 staged-release plan, Agent C #3 promotion candidate). DRYRUN: evidence captured as replayable Wayback URLs with evidence_use=contextual_unarchived; body-hash captures deferred to a follow-on pass before non-DRYRUN release. See events/uk-fca-binance-markets-2021.yaml."
non_us_state_crypto_2017_2026,2021-07,comparable_main_2017_present,comparable_analysis,candidate_found,"israel-nbctf-hamas-crypto-addresses-2021,malaysia-sc-binance-disable-2021,thailand-sec-binance-bybit-c-and-d-2021",candidate-malaysia-sc-binance-disable-2021,malaysia-sc-binance-disable-2021,0,"events/israel-nbctf-hamas-crypto-addresses-2021.yaml,events/malaysia-sc-binance-disable-2021.yaml,events/thailand-sec-binance-bybit-c-and-d-2021.yaml,candidate_triggers/malaysia-sc-binance-disable-2021.yaml","Candidate S4 direct-disable order. Promotion needs Binance implementation notice, Malaysian app/web access evidence, or anchored no-change coverage."
non_us_state_crypto_2017_2026,2021-08,comparable_main_2017_present,comparable_analysis,candidate_found,netherlands-dnb-binance-warning-2021,,,0,events/netherlands-dnb-binance-warning-2021.yaml,
non_us_state_crypto_2017_2026,2021-09,comparable_main_2017_present,comparable_analysis,candidate_found,"china-pboc-crypto-ban-2021,singapore-mas-binance-services-2021",,,0,"events/china-pboc-crypto-ban-2021.yaml,events/singapore-mas-binance-services-2021.yaml",
non_us_state_crypto_2017_2026,2021-10,comparable_main_2017_present,comparable_analysis,pending,,,,0,,
non_us_state_crypto_2017_2026,2021-11,comparable_main_2017_present,comparable_analysis,pending,,,,0,,
non_us_state_crypto_2017_2026,2021-12,comparable_main_2017_present,comparable_analysis,pending,,,,0,,
non_us_state_crypto_2017_2026,2022-01,comparable_main_2017_present,comparable_analysis,candidate_found,"kazakhstan-internet-shutdown-mining-2022-01,russia-cbr-crypto-payment-ban-2022,russia-rosfinmonitoring-binance-russia-rails-2022,singapore-mas-retail-crypto-restriction-2022",,,0,"events/kazakhstan-internet-shutdown-mining-2022-01.yaml,events/russia-cbr-crypto-payment-ban-2022.yaml,events/russia-rosfinmonitoring-binance-russia-rails-2022.yaml,events/singapore-mas-retail-crypto-restriction-2022.yaml",
non_us_state_crypto_2017_2026,2022-02,comparable_main_2017_present,comparable_analysis,candidate_found,canada-convoy-freeze-2022,,,0,events/canada-convoy-freeze-2022.yaml,
non_us_state_crypto_2017_2026,2022-03,comparable_main_2017_present,comparable_analysis,candidate_found,"korea-travel-rule-2022,ukraine-virtual-assets-law-2022-03",,,0,"events/korea-travel-rule-2022.yaml,events/ukraine-virtual-assets-law-2022-03.yaml",
non_us_state_crypto_2017_2026,2022-04,comparable_main_2017_present,comparable_analysis,pending,,,,0,,
non_us_state_crypto_2017_2026,2022-05,comparable_main_2017_present,comparable_analysis,candidate_found,france-amf-binance-psan-2022,,,0,events/france-amf-binance-psan-2022.yaml,
non_us_state_crypto_2017_2026,2022-06,comparable_main_2017_present,comparable_analysis,candidate_found,china-nft-secondary-trading-self-discipline-2022-06,,,0,events/china-nft-secondary-trading-self-discipline-2022-06.yaml,
non_us_state_crypto_2017_2026,2022-07,comparable_main_2017_present,comparable_analysis,candidate_found,uzbekistan-napp-vasp-licensing-2022-07,,,0,events/uzbekistan-napp-vasp-licensing-2022-07.yaml,
non_us_state_crypto_2017_2026,2022-08,comparable_main_2017_present,comparable_analysis,pending,,,,0,,
non_us_state_crypto_2017_2026,2022-09,comparable_main_2017_present,comparable_analysis,pending,,,,0,,
non_us_state_crypto_2017_2026,2022-10,comparable_main_2017_present,comparable_analysis,candidate_found,south-africa-fsca-crypto-financial-product-2022,,,0,events/south-africa-fsca-crypto-financial-product-2022.yaml,
non_us_state_crypto_2017_2026,2022-11,comparable_main_2017_present,comparable_analysis,candidate_found,"japan-fsa-binance-sakura-acquisition-2022-11,japan-fsa-ftx-japan-suspension-2022-11",,,0,"events/japan-fsa-binance-sakura-acquisition-2022-11.yaml,events/japan-fsa-ftx-japan-suspension-2022-11.yaml",
non_us_state_crypto_2017_2026,2022-12,comparable_main_2017_present,comparable_analysis,pending,,,,0,,
non_us_state_crypto_2017_2026,2023-01,comparable_main_2017_present,comparable_analysis,pending,,,,0,,
non_us_state_crypto_2017_2026,2023-02,comparable_main_2017_present,comparable_analysis,candidate_found,"canada-csa-binance-withdrawal-2023,kazakhstan-digital-assets-law-2023-02,uae-vara-licence-issuance-regime-2023",,,0,"events/canada-csa-binance-withdrawal-2023.yaml,events/kazakhstan-digital-assets-law-2023-02.yaml,events/uae-vara-licence-issuance-regime-2023.yaml",
non_us_state_crypto_2017_2026,2023-03,comparable_main_2017_present,comparable_analysis,pending,,,,0,,
non_us_state_crypto_2017_2026,2023-04,comparable_main_2017_present,comparable_analysis,candidate_found,australia-asic-binance-derivatives-2023,,,0,events/australia-asic-binance-derivatives-2023.yaml,
non_us_state_crypto_2017_2026,2023-05,comparable_main_2017_present,comparable_analysis,pending,,,,0,,
non_us_state_crypto_2017_2026,2023-06,comparable_main_2017_present,comparable_analysis,candidate_found,"belgium-fsma-binance-cease-2023,brazil-bacen-stablecoin-restriction-2023,hongkong-sfc-vatp-licensing-2023-06,japan-fsa-stablecoin-psa-effective-2023-06",candidate-belgium-fsma-binance-cease-2023,belgium-fsma-binance-cease-2023,0,"events/belgium-fsma-binance-cease-2023.yaml,events/brazil-bacen-stablecoin-restriction-2023.yaml,events/hongkong-sfc-vatp-licensing-2023-06.yaml,events/japan-fsa-stablecoin-psa-effective-2023-06.yaml,candidate_triggers/belgium-fsma-binance-cease-2023.yaml","Candidate S4 platform-access case. Promotion needs archived FSMA source, Binance Belgium user migration / withdrawal notice, and at least one replayable frontend or account-access observation for Belgian users."
non_us_state_crypto_2017_2026,2023-07,comparable_main_2017_present,comparable_analysis,candidate_found,"germany-bafin-binance-licence-withdrawal-2023,indonesia-bappebti-illegal-exchange-block-2023",,,0,"events/germany-bafin-binance-licence-withdrawal-2023.yaml,events/indonesia-bappebti-illegal-exchange-block-2023.yaml",
non_us_state_crypto_2017_2026,2023-08,comparable_main_2017_present,comparable_analysis,pending,,,,0,,
non_us_state_crypto_2017_2026,2023-09,comparable_main_2017_present,comparable_analysis,candidate_found,hongkong-sfc-jpex-block-2023,,,0,events/hongkong-sfc-jpex-block-2023.yaml,
non_us_state_crypto_2017_2026,2023-10,comparable_main_2017_present,comparable_analysis,candidate_found,uk-fca-crypto-promotion-rule-2023,,,0,events/uk-fca-crypto-promotion-rule-2023.yaml,
non_us_state_crypto_2017_2026,2023-11,comparable_main_2017_present,comparable_analysis,pending,,,,0,,
non_us_state_crypto_2017_2026,2023-12,comparable_main_2017_present,comparable_analysis,candidate_found,india-fiu-offshore-vda-block-2023,candidate-india-fiu-offshore-vda-block-2023,india-fiu-offshore-vda-block-2023,0,"events/india-fiu-offshore-vda-block-2023.yaml,candidate_triggers/india-fiu-offshore-vda-block-2023.yaml","Candidate S4 multi-platform block case. Promotion should split or explicitly model target-level units if Binance, KuCoin, OKX, Kraken, and others show distinct app-store, web, or registration outcomes."
non_us_state_crypto_2017_2026,2024-01,comparable_main_2017_present,comparable_analysis,pending,,,,0,,
non_us_state_crypto_2017_2026,2024-02,comparable_main_2017_present,comparable_analysis,pending,,,,0,,
non_us_state_crypto_2017_2026,2024-03,comparable_main_2017_present,comparable_analysis,candidate_found,"argentina-cnv-psav-registration-2024,hongkong-sfc-bybit-warning-2024,philippines-sec-binance-block-2024",candidate-philippines-sec-binance-block-2024,philippines-sec-binance-block-2024,0,"events/argentina-cnv-psav-registration-2024.yaml,events/hongkong-sfc-bybit-warning-2024.yaml,events/philippines-sec-binance-block-2024.yaml,candidate_triggers/philippines-sec-binance-block-2024.yaml",Candidate S4 website/app blocking case. Promotion needs the NTC order or SEC block-request source captured locally plus web/app accessibility evidence.
non_us_state_crypto_2017_2026,2024-04,comparable_main_2017_present,comparable_analysis,pending,,,,0,,
non_us_state_crypto_2017_2026,2024-05,comparable_main_2017_present,comparable_analysis,pending,,,,0,,
non_us_state_crypto_2017_2026,2024-06,comparable_main_2017_present,comparable_analysis,pending,,,,0,,
non_us_state_crypto_2017_2026,2024-07,comparable_main_2017_present,comparable_analysis,candidate_found,turkey-cmb-casp-licensing-law-7518-2024,,,0,events/turkey-cmb-casp-licensing-law-7518-2024.yaml,
non_us_state_crypto_2017_2026,2024-08,comparable_main_2017_present,comparable_analysis,candidate_found,russia-mining-legalization-law-2024-08,,,0,events/russia-mining-legalization-law-2024-08.yaml,
non_us_state_crypto_2017_2026,2024-09,comparable_main_2017_present,comparable_analysis,candidate_found,japan-fsa-dmm-bitcoin-order-2024-09,,,0,events/japan-fsa-dmm-bitcoin-order-2024-09.yaml,
non_us_state_crypto_2017_2026,2024-10,comparable_main_2017_present,comparable_analysis,pending,,,,0,,
non_us_state_crypto_2017_2026,2024-11,comparable_main_2017_present,comparable_analysis,pending,,,,0,,
non_us_state_crypto_2017_2026,2024-12,comparable_main_2017_present,comparable_analysis,candidate_found,russia-mining-regional-ban-2024-12,,,0,events/russia-mining-regional-ban-2024-12.yaml,
non_us_state_crypto_2017_2026,2025-01,comparable_main_2017_present,comparable_analysis,pending,,,,0,,
non_us_state_crypto_2017_2026,2025-02,comparable_main_2017_present,comparable_analysis,pending,,,,0,,
non_us_state_crypto_2017_2026,2025-03,comparable_main_2017_present,comparable_analysis,pending,,,,0,,
non_us_state_crypto_2017_2026,2025-04,comparable_main_2017_present,comparable_analysis,pending,,,,0,,
non_us_state_crypto_2017_2026,2025-05,comparable_main_2017_present,comparable_analysis,pending,,,,0,,
non_us_state_crypto_2017_2026,2025-06,comparable_main_2017_present,comparable_analysis,pending,,,,0,,
non_us_state_crypto_2017_2026,2025-07,comparable_main_2017_present,comparable_analysis,pending,,,,0,,
non_us_state_crypto_2017_2026,2025-08,comparable_main_2017_present,comparable_analysis,candidate_found,hongkong-hkma-stablecoins-ordinance-2025,,,0,events/hongkong-hkma-stablecoins-ordinance-2025.yaml,
non_us_state_crypto_2017_2026,2025-09,comparable_main_2017_present,comparable_analysis,pending,,,,0,,
non_us_state_crypto_2017_2026,2025-10,comparable_main_2017_present,comparable_analysis,pending,,,,0,,
non_us_state_crypto_2017_2026,2025-11,comparable_main_2017_present,comparable_analysis,pending,,,,0,,
non_us_state_crypto_2017_2026,2025-12,comparable_main_2017_present,comparable_analysis,pending,,,,0,,
non_us_state_crypto_2017_2026,2026-01,comparable_main_2017_present,comparable_analysis,pending,,,,0,,
non_us_state_crypto_2017_2026,2026-02,comparable_main_2017_present,comparable_analysis,pending,,,,0,,
non_us_state_crypto_2017_2026,2026-03,comparable_main_2017_present,comparable_analysis,pending,,,,0,,
non_us_state_crypto_2017_2026,2026-04,comparable_main_2017_present,comparable_analysis,pending,,,,0,,
non_us_state_crypto_2017_2026,2026-05,comparable_main_2017_present,comparable_analysis,pending,,,,0,,
ofac_recent_actions_crypto_2017_2026,2008-01,discovery_only_2008_2012,discovery_ledger_only,source_unavailable,,,,0,,
ofac_recent_actions_crypto_2017_2026,2008-02,discovery_only_2008_2012,discovery_ledger_only,source_unavailable,,,,0,,
ofac_recent_actions_crypto_2017_2026,2008-03,discovery_only_2008_2012,discovery_ledger_only,source_unavailable,,,,0,,
ofac_recent_actions_crypto_2017_2026,2008-04,discovery_only_2008_2012,discovery_ledger_only,source_unavailable,,,,0,,
ofac_recent_actions_crypto_2017_2026,2008-05,discovery_only_2008_2012,discovery_ledger_only,source_unavailable,,,,0,,
ofac_recent_actions_crypto_2017_2026,2008-06,discovery_only_2008_2012,discovery_ledger_only,source_unavailable,,,,0,,
ofac_recent_actions_crypto_2017_2026,2008-07,discovery_only_2008_2012,discovery_ledger_only,source_unavailable,,,,0,,
ofac_recent_actions_crypto_2017_2026,2008-08,discovery_only_2008_2012,discovery_ledger_only,source_unavailable,,,,0,,
ofac_recent_actions_crypto_2017_2026,2008-09,discovery_only_2008_2012,discovery_ledger_only,source_unavailable,,,,0,,
ofac_recent_actions_crypto_2017_2026,2008-10,discovery_only_2008_2012,discovery_ledger_only,source_unavailable,,,,0,,
ofac_recent_actions_crypto_2017_2026,2008-11,discovery_only_2008_2012,discovery_ledger_only,source_unavailable,,,,0,,
ofac_recent_actions_crypto_2017_2026,2008-12,discovery_only_2008_2012,discovery_ledger_only,source_unavailable,,,,0,,
ofac_recent_actions_crypto_2017_2026,2009-01,discovery_only_2008_2012,discovery_ledger_only,source_unavailable,,,,0,,
ofac_recent_actions_crypto_2017_2026,2009-02,discovery_only_2008_2012,discovery_ledger_only,source_unavailable,,,,0,,
ofac_recent_actions_crypto_2017_2026,2009-03,discovery_only_2008_2012,discovery_ledger_only,source_unavailable,,,,0,,
ofac_recent_actions_crypto_2017_2026,2009-04,discovery_only_2008_2012,discovery_ledger_only,source_unavailable,,,,0,,
ofac_recent_actions_crypto_2017_2026,2009-05,discovery_only_2008_2012,discovery_ledger_only,source_unavailable,,,,0,,
ofac_recent_actions_crypto_2017_2026,2009-06,discovery_only_2008_2012,discovery_ledger_only,source_unavailable,,,,0,,
ofac_recent_actions_crypto_2017_2026,2009-07,discovery_only_2008_2012,discovery_ledger_only,source_unavailable,,,,0,,
ofac_recent_actions_crypto_2017_2026,2009-08,discovery_only_2008_2012,discovery_ledger_only,source_unavailable,,,,0,,
ofac_recent_actions_crypto_2017_2026,2009-09,discovery_only_2008_2012,discovery_ledger_only,source_unavailable,,,,0,,
ofac_recent_actions_crypto_2017_2026,2009-10,discovery_only_2008_2012,discovery_ledger_only,source_unavailable,,,,0,,
ofac_recent_actions_crypto_2017_2026,2009-11,discovery_only_2008_2012,discovery_ledger_only,source_unavailable,,,,0,,
ofac_recent_actions_crypto_2017_2026,2009-12,discovery_only_2008_2012,discovery_ledger_only,source_unavailable,,,,0,,
ofac_recent_actions_crypto_2017_2026,2010-01,discovery_only_2008_2012,discovery_ledger_only,source_unavailable,,,,0,,
ofac_recent_actions_crypto_2017_2026,2010-02,discovery_only_2008_2012,discovery_ledger_only,source_unavailable,,,,0,,
ofac_recent_actions_crypto_2017_2026,2010-03,discovery_only_2008_2012,discovery_ledger_only,source_unavailable,,,,0,,
ofac_recent_actions_crypto_2017_2026,2010-04,discovery_only_2008_2012,discovery_ledger_only,source_unavailable,,,,0,,
ofac_recent_actions_crypto_2017_2026,2010-05,discovery_only_2008_2012,discovery_ledger_only,source_unavailable,,,,0,,
ofac_recent_actions_crypto_2017_2026,2010-06,discovery_only_2008_2012,discovery_ledger_only,source_unavailable,,,,0,,
ofac_recent_actions_crypto_2017_2026,2010-07,discovery_only_2008_2012,discovery_ledger_only,source_unavailable,,,,0,,
ofac_recent_actions_crypto_2017_2026,2010-08,discovery_only_2008_2012,discovery_ledger_only,source_unavailable,,,,0,,
ofac_recent_actions_crypto_2017_2026,2010-09,discovery_only_2008_2012,discovery_ledger_only,source_unavailable,,,,0,,
ofac_recent_actions_crypto_2017_2026,2010-10,discovery_only_2008_2012,discovery_ledger_only,source_unavailable,,,,0,,
ofac_recent_actions_crypto_2017_2026,2010-11,discovery_only_2008_2012,discovery_ledger_only,source_unavailable,,,,0,,
ofac_recent_actions_crypto_2017_2026,2010-12,discovery_only_2008_2012,discovery_ledger_only,source_unavailable,,,,0,,
ofac_recent_actions_crypto_2017_2026,2011-01,discovery_only_2008_2012,discovery_ledger_only,source_unavailable,,,,0,,
ofac_recent_actions_crypto_2017_2026,2011-02,discovery_only_2008_2012,discovery_ledger_only,source_unavailable,,,,0,,
ofac_recent_actions_crypto_2017_2026,2011-03,discovery_only_2008_2012,discovery_ledger_only,source_unavailable,,,,0,,
ofac_recent_actions_crypto_2017_2026,2011-04,discovery_only_2008_2012,discovery_ledger_only,source_unavailable,,,,0,,
ofac_recent_actions_crypto_2017_2026,2011-05,discovery_only_2008_2012,discovery_ledger_only,source_unavailable,,,,0,,
ofac_recent_actions_crypto_2017_2026,2011-06,discovery_only_2008_2012,discovery_ledger_only,source_unavailable,,,,0,,
ofac_recent_actions_crypto_2017_2026,2011-07,discovery_only_2008_2012,discovery_ledger_only,source_unavailable,,,,0,,
ofac_recent_actions_crypto_2017_2026,2011-08,discovery_only_2008_2012,discovery_ledger_only,source_unavailable,,,,0,,
ofac_recent_actions_crypto_2017_2026,2011-09,discovery_only_2008_2012,discovery_ledger_only,source_unavailable,,,,0,,
ofac_recent_actions_crypto_2017_2026,2011-10,discovery_only_2008_2012,discovery_ledger_only,source_unavailable,,,,0,,
ofac_recent_actions_crypto_2017_2026,2011-11,discovery_only_2008_2012,discovery_ledger_only,source_unavailable,,,,0,,
ofac_recent_actions_crypto_2017_2026,2011-12,discovery_only_2008_2012,discovery_ledger_only,source_unavailable,,,,0,,
ofac_recent_actions_crypto_2017_2026,2012-01,discovery_only_2008_2012,discovery_ledger_only,source_unavailable,,,,0,,
ofac_recent_actions_crypto_2017_2026,2012-02,discovery_only_2008_2012,discovery_ledger_only,source_unavailable,,,,0,,
ofac_recent_actions_crypto_2017_2026,2012-03,discovery_only_2008_2012,discovery_ledger_only,source_unavailable,,,,0,,
ofac_recent_actions_crypto_2017_2026,2012-04,discovery_only_2008_2012,discovery_ledger_only,source_unavailable,,,,0,,
ofac_recent_actions_crypto_2017_2026,2012-05,discovery_only_2008_2012,discovery_ledger_only,source_unavailable,,,,0,,
ofac_recent_actions_crypto_2017_2026,2012-06,discovery_only_2008_2012,discovery_ledger_only,source_unavailable,,,,0,,
ofac_recent_actions_crypto_2017_2026,2012-07,discovery_only_2008_2012,discovery_ledger_only,source_unavailable,,,,0,,
ofac_recent_actions_crypto_2017_2026,2012-08,discovery_only_2008_2012,discovery_ledger_only,source_unavailable,,,,0,,
ofac_recent_actions_crypto_2017_2026,2012-09,discovery_only_2008_2012,discovery_ledger_only,source_unavailable,,,,0,,
ofac_recent_actions_crypto_2017_2026,2012-10,discovery_only_2008_2012,discovery_ledger_only,source_unavailable,,,,0,,
ofac_recent_actions_crypto_2017_2026,2012-11,discovery_only_2008_2012,discovery_ledger_only,source_unavailable,,,,0,,
ofac_recent_actions_crypto_2017_2026,2012-12,discovery_only_2008_2012,discovery_ledger_only,source_unavailable,,,,0,,
ofac_recent_actions_crypto_2017_2026,2013-01,historical_baseline_2013_2016,historical_baseline,source_unavailable,,,,0,,
ofac_recent_actions_crypto_2017_2026,2013-02,historical_baseline_2013_2016,historical_baseline,source_unavailable,,,,0,,
ofac_recent_actions_crypto_2017_2026,2013-03,historical_baseline_2013_2016,historical_baseline,source_unavailable,,,,0,,
ofac_recent_actions_crypto_2017_2026,2013-04,historical_baseline_2013_2016,historical_baseline,source_unavailable,,,,0,,
ofac_recent_actions_crypto_2017_2026,2013-05,historical_baseline_2013_2016,historical_baseline,source_unavailable,,,,0,,
ofac_recent_actions_crypto_2017_2026,2013-06,historical_baseline_2013_2016,historical_baseline,source_unavailable,,,,0,,
ofac_recent_actions_crypto_2017_2026,2013-07,historical_baseline_2013_2016,historical_baseline,source_unavailable,,,,0,,
ofac_recent_actions_crypto_2017_2026,2013-08,historical_baseline_2013_2016,historical_baseline,source_unavailable,,,,0,,
ofac_recent_actions_crypto_2017_2026,2013-09,historical_baseline_2013_2016,historical_baseline,source_unavailable,,,,0,,
ofac_recent_actions_crypto_2017_2026,2013-10,historical_baseline_2013_2016,historical_baseline,source_unavailable,,,,0,,
ofac_recent_actions_crypto_2017_2026,2013-11,historical_baseline_2013_2016,historical_baseline,source_unavailable,,,,0,,
ofac_recent_actions_crypto_2017_2026,2013-12,historical_baseline_2013_2016,historical_baseline,source_unavailable,,,,0,,
ofac_recent_actions_crypto_2017_2026,2014-01,historical_baseline_2013_2016,historical_baseline,source_unavailable,,,,0,,
ofac_recent_actions_crypto_2017_2026,2014-02,historical_baseline_2013_2016,historical_baseline,source_unavailable,,,,0,,
ofac_recent_actions_crypto_2017_2026,2014-03,historical_baseline_2013_2016,historical_baseline,source_unavailable,,,,0,,
ofac_recent_actions_crypto_2017_2026,2014-04,historical_baseline_2013_2016,historical_baseline,source_unavailable,,,,0,,
ofac_recent_actions_crypto_2017_2026,2014-05,historical_baseline_2013_2016,historical_baseline,source_unavailable,,,,0,,
ofac_recent_actions_crypto_2017_2026,2014-06,historical_baseline_2013_2016,historical_baseline,source_unavailable,,,,0,,
ofac_recent_actions_crypto_2017_2026,2014-07,historical_baseline_2013_2016,historical_baseline,source_unavailable,,,,0,,
ofac_recent_actions_crypto_2017_2026,2014-08,historical_baseline_2013_2016,historical_baseline,source_unavailable,,,,0,,
ofac_recent_actions_crypto_2017_2026,2014-09,historical_baseline_2013_2016,historical_baseline,source_unavailable,,,,0,,
ofac_recent_actions_crypto_2017_2026,2014-10,historical_baseline_2013_2016,historical_baseline,source_unavailable,,,,0,,
ofac_recent_actions_crypto_2017_2026,2014-11,historical_baseline_2013_2016,historical_baseline,source_unavailable,,,,0,,
ofac_recent_actions_crypto_2017_2026,2014-12,historical_baseline_2013_2016,historical_baseline,source_unavailable,,,,0,,
ofac_recent_actions_crypto_2017_2026,2015-01,historical_baseline_2013_2016,historical_baseline,source_unavailable,,,,0,,
ofac_recent_actions_crypto_2017_2026,2015-02,historical_baseline_2013_2016,historical_baseline,source_unavailable,,,,0,,
ofac_recent_actions_crypto_2017_2026,2015-03,historical_baseline_2013_2016,historical_baseline,source_unavailable,,,,0,,
ofac_recent_actions_crypto_2017_2026,2015-04,historical_baseline_2013_2016,historical_baseline,candidate_found,,ofac-recent-action-20150401,,0,candidate_triggers/rejected/ofac-recent-action-20150401.yaml,"Systematic OFAC backfill retained for selection transparency, but not counted as an in-frame trigger because the extractor found no concrete crypto target."
ofac_recent_actions_crypto_2017_2026,2015-05,historical_baseline_2013_2016,historical_baseline,pending,,,,0,,
ofac_recent_actions_crypto_2017_2026,2015-06,historical_baseline_2013_2016,historical_baseline,pending,,,,0,,
ofac_recent_actions_crypto_2017_2026,2015-07,historical_baseline_2013_2016,historical_baseline,pending,,,,0,,
ofac_recent_actions_crypto_2017_2026,2015-08,historical_baseline_2013_2016,historical_baseline,pending,,,,0,,
ofac_recent_actions_crypto_2017_2026,2015-09,historical_baseline_2013_2016,historical_baseline,pending,,,,0,,
ofac_recent_actions_crypto_2017_2026,2015-10,historical_baseline_2013_2016,historical_baseline,pending,,,,0,,
ofac_recent_actions_crypto_2017_2026,2015-11,historical_baseline_2013_2016,historical_baseline,pending,,,,0,,
ofac_recent_actions_crypto_2017_2026,2015-12,historical_baseline_2013_2016,historical_baseline,candidate_found,,ofac-recent-action-20151231,,0,candidate_triggers/rejected/ofac-recent-action-20151231.yaml,"Systematic OFAC backfill retained for selection transparency, but not counted as an in-frame trigger because the extractor found no concrete crypto target."
ofac_recent_actions_crypto_2017_2026,2016-01,historical_baseline_2013_2016,historical_baseline,pending,,,,0,,
ofac_recent_actions_crypto_2017_2026,2016-02,historical_baseline_2013_2016,historical_baseline,pending,,,,0,,
ofac_recent_actions_crypto_2017_2026,2016-03,historical_baseline_2013_2016,historical_baseline,pending,,,,0,,
ofac_recent_actions_crypto_2017_2026,2016-04,historical_baseline_2013_2016,historical_baseline,pending,,,,0,,
ofac_recent_actions_crypto_2017_2026,2016-05,historical_baseline_2013_2016,historical_baseline,pending,,,,0,,
ofac_recent_actions_crypto_2017_2026,2016-06,historical_baseline_2013_2016,historical_baseline,pending,,,,0,,
ofac_recent_actions_crypto_2017_2026,2016-07,historical_baseline_2013_2016,historical_baseline,pending,,,,0,,
ofac_recent_actions_crypto_2017_2026,2016-08,historical_baseline_2013_2016,historical_baseline,pending,,,,0,,
ofac_recent_actions_crypto_2017_2026,2016-09,historical_baseline_2013_2016,historical_baseline,pending,,,,0,,
ofac_recent_actions_crypto_2017_2026,2016-10,historical_baseline_2013_2016,historical_baseline,pending,,,,0,,
ofac_recent_actions_crypto_2017_2026,2016-11,historical_baseline_2013_2016,historical_baseline,pending,,,,0,,
ofac_recent_actions_crypto_2017_2026,2016-12,historical_baseline_2013_2016,historical_baseline,candidate_found,,ofac-recent-action-20161229,,0,candidate_triggers/rejected/ofac-recent-action-20161229.yaml,"Systematic OFAC backfill retained for selection transparency, but not counted as an in-frame trigger because the extractor found no concrete crypto target."
ofac_recent_actions_crypto_2017_2026,2017-01,comparable_main_2017_present,comparable_analysis,pending,,,,0,,
ofac_recent_actions_crypto_2017_2026,2017-02,comparable_main_2017_present,comparable_analysis,candidate_found,,ofac-recent-action-20170208,,0,candidate_triggers/rejected/ofac-recent-action-20170208.yaml,"Systematic OFAC backfill retained for selection transparency, but not counted as an in-frame trigger because the extractor found no concrete crypto target."
ofac_recent_actions_crypto_2017_2026,2017-03,comparable_main_2017_present,comparable_analysis,pending,,,,0,,
ofac_recent_actions_crypto_2017_2026,2017-04,comparable_main_2017_present,comparable_analysis,pending,,,,0,,
ofac_recent_actions_crypto_2017_2026,2017-05,comparable_main_2017_present,comparable_analysis,pending,,,,0,,
ofac_recent_actions_crypto_2017_2026,2017-06,comparable_main_2017_present,comparable_analysis,pending,,,,0,,
ofac_recent_actions_crypto_2017_2026,2017-07,comparable_main_2017_present,comparable_analysis,pending,,,,0,,
ofac_recent_actions_crypto_2017_2026,2017-08,comparable_main_2017_present,comparable_analysis,pending,,,,0,,
ofac_recent_actions_crypto_2017_2026,2017-09,comparable_main_2017_present,comparable_analysis,candidate_found,,ofac-recent-action-20170914,,0,candidate_triggers/rejected/ofac-recent-action-20170914.yaml,"Systematic OFAC backfill retained for selection transparency, but not counted as an in-frame trigger because the extractor found no concrete crypto target."
ofac_recent_actions_crypto_2017_2026,2017-10,comparable_main_2017_present,comparable_analysis,pending,,,,0,,
ofac_recent_actions_crypto_2017_2026,2017-11,comparable_main_2017_present,comparable_analysis,pending,,,,0,,
ofac_recent_actions_crypto_2017_2026,2017-12,comparable_main_2017_present,comparable_analysis,pending,,,,0,,
ofac_recent_actions_crypto_2017_2026,2018-01,comparable_main_2017_present,comparable_analysis,pending,,,,0,,
ofac_recent_actions_crypto_2017_2026,2018-02,comparable_main_2017_present,comparable_analysis,pending,,,,0,,
ofac_recent_actions_crypto_2017_2026,2018-03,comparable_main_2017_present,comparable_analysis,candidate_found,,"ofac-recent-action-20180315,ofac-recent-action-20180319,ofac-recent-action-20180323",,0,"candidate_triggers/rejected/ofac-recent-action-20180315.yaml,candidate_triggers/rejected/ofac-recent-action-20180319.yaml,candidate_triggers/rejected/ofac-recent-action-20180323.yaml","Systematic OFAC backfill retained for selection transparency, but not counted as an in-frame trigger because the extractor found no concrete crypto target."
ofac_recent_actions_crypto_2017_2026,2018-04,comparable_main_2017_present,comparable_analysis,pending,,,,0,,
ofac_recent_actions_crypto_2017_2026,2018-05,comparable_main_2017_present,comparable_analysis,pending,,,,0,,
ofac_recent_actions_crypto_2017_2026,2018-06,comparable_main_2017_present,comparable_analysis,candidate_found,,ofac-recent-action-20180611,,0,candidate_triggers/rejected/ofac-recent-action-20180611.yaml,"Systematic OFAC backfill retained for selection transparency, but not counted as an in-frame trigger because the extractor found no concrete crypto target."
ofac_recent_actions_crypto_2017_2026,2018-07,comparable_main_2017_present,comparable_analysis,pending,,,,0,,
ofac_recent_actions_crypto_2017_2026,2018-08,comparable_main_2017_present,comparable_analysis,candidate_found,,ofac-recent-action-20180821,,0,candidate_triggers/rejected/ofac-recent-action-20180821.yaml,"Systematic OFAC backfill retained for selection transparency, but not counted as an in-frame trigger because the extractor found no concrete crypto target."
ofac_recent_actions_crypto_2017_2026,2018-09,comparable_main_2017_present,comparable_analysis,pending,,,,0,,
ofac_recent_actions_crypto_2017_2026,2018-10,comparable_main_2017_present,comparable_analysis,pending,,,,0,,
ofac_recent_actions_crypto_2017_2026,2018-11,comparable_main_2017_present,comparable_analysis,candidate_found,iran-ransomware-ofac-2018,candidate-ofac-recent-action-20181128,iran-ransomware-ofac-2018,0,"events/iran-ransomware-ofac-2018.yaml,candidate_triggers/ofac-recent-action-20181128.yaml",Systematic OFAC backfill row is already represented by promoted event YAML: iran-ransomware-ofac-2018
ofac_recent_actions_crypto_2017_2026,2018-12,comparable_main_2017_present,comparable_analysis,pending,,,,0,,
ofac_recent_actions_crypto_2017_2026,2019-01,comparable_main_2017_present,comparable_analysis,pending,,,,0,,
ofac_recent_actions_crypto_2017_2026,2019-02,comparable_main_2017_present,comparable_analysis,pending,,,,0,,
ofac_recent_actions_crypto_2017_2026,2019-03,comparable_main_2017_present,comparable_analysis,pending,,,,0,,
ofac_recent_actions_crypto_2017_2026,2019-04,comparable_main_2017_present,comparable_analysis,pending,,,,0,,
ofac_recent_actions_crypto_2017_2026,2019-05,comparable_main_2017_present,comparable_analysis,pending,,,,0,,
ofac_recent_actions_crypto_2017_2026,2019-06,comparable_main_2017_present,comparable_analysis,pending,,,,0,,
ofac_recent_actions_crypto_2017_2026,2019-07,comparable_main_2017_present,comparable_analysis,pending,,,,0,,
ofac_recent_actions_crypto_2017_2026,2019-08,comparable_main_2017_present,comparable_analysis,pending,,,,0,,
ofac_recent_actions_crypto_2017_2026,2019-09,comparable_main_2017_present,comparable_analysis,candidate_found,lazarus-entity-ofac-2019,ofac-recent-action-20190930,,0,"events/lazarus-entity-ofac-2019.yaml,candidate_triggers/rejected/ofac-recent-action-20190930.yaml","Systematic OFAC backfill retained for selection transparency, but not counted as an in-frame trigger because the extractor found no concrete crypto target."
ofac_recent_actions_crypto_2017_2026,2019-10,comparable_main_2017_present,comparable_analysis,pending,,,,0,,
ofac_recent_actions_crypto_2017_2026,2019-11,comparable_main_2017_present,comparable_analysis,pending,,,,0,,
ofac_recent_actions_crypto_2017_2026,2019-12,comparable_main_2017_present,comparable_analysis,candidate_found,,"ofac-recent-action-20191205,ofac-recent-action-20191213",,0,"candidate_triggers/rejected/ofac-recent-action-20191205.yaml,candidate_triggers/rejected/ofac-recent-action-20191213.yaml","Systematic OFAC backfill retained for selection transparency, but not counted as an in-frame trigger because the extractor found no concrete crypto target."
ofac_recent_actions_crypto_2017_2026,2020-01,comparable_main_2017_present,comparable_analysis,pending,,,,0,,
ofac_recent_actions_crypto_2017_2026,2020-02,comparable_main_2017_present,comparable_analysis,pending,,,,0,,
ofac_recent_actions_crypto_2017_2026,2020-03,comparable_main_2017_present,comparable_analysis,candidate_found,lazarus-laundering-ofac-2020,candidate-ofac-recent-action-20200302,lazarus-laundering-ofac-2020,0,"events/lazarus-laundering-ofac-2020.yaml,candidate_triggers/ofac-recent-action-20200302.yaml",Systematic OFAC backfill row is already represented by promoted event YAML: lazarus-laundering-ofac-2020
ofac_recent_actions_crypto_2017_2026,2020-04,comparable_main_2017_present,comparable_analysis,candidate_found,,ofac-recent-action-20200415,,0,candidate_triggers/rejected/ofac-recent-action-20200415.yaml,"Systematic OFAC backfill retained for selection transparency, but not counted as an in-frame trigger because the extractor found no concrete crypto target."
ofac_recent_actions_crypto_2017_2026,2020-05,comparable_main_2017_present,comparable_analysis,pending,,,,0,,
ofac_recent_actions_crypto_2017_2026,2020-06,comparable_main_2017_present,comparable_analysis,candidate_found,,ofac-recent-action-20200616,,0,candidate_triggers/rejected/ofac-recent-action-20200616.yaml,"Systematic OFAC backfill retained for selection transparency, but not counted as an in-frame trigger because the extractor found no concrete crypto target."
ofac_recent_actions_crypto_2017_2026,2020-07,comparable_main_2017_present,comparable_analysis,pending,,,,0,,
ofac_recent_actions_crypto_2017_2026,2020-08,comparable_main_2017_present,comparable_analysis,pending,,,,0,,
ofac_recent_actions_crypto_2017_2026,2020-09,comparable_main_2017_present,comparable_analysis,candidate_found,"russia-election-interference-ofac-2020,russian-cyber-theft-ofac-2020","candidate-ofac-recent-action-20200910,candidate-ofac-recent-action-20200916,ofac-recent-action-20200917","russia-election-interference-ofac-2020,russian-cyber-theft-ofac-2020",0,"events/russia-election-interference-ofac-2020.yaml,events/russian-cyber-theft-ofac-2020.yaml,candidate_triggers/ofac-recent-action-20200910.yaml,candidate_triggers/ofac-recent-action-20200916.yaml,candidate_triggers/rejected/ofac-recent-action-20200917.yaml","Systematic OFAC backfill row is already represented by promoted event YAML: russia-election-interference-ofac-2020 | Systematic OFAC backfill row is already represented by promoted event YAML: russian-cyber-theft-ofac-2020 | Systematic OFAC backfill retained for selection transparency, but not counted as an in-frame trigger because the extractor found no concrete crypto target."
ofac_recent_actions_crypto_2017_2026,2020-10,comparable_main_2017_present,comparable_analysis,candidate_found,,ofac-recent-action-20201001,,0,candidate_triggers/rejected/ofac-recent-action-20201001.yaml,"Systematic OFAC backfill retained for selection transparency, but not counted as an in-frame trigger because the extractor found no concrete crypto target."
ofac_recent_actions_crypto_2017_2026,2020-11,comparable_main_2017_present,comparable_analysis,pending,,,,0,,
ofac_recent_actions_crypto_2017_2026,2020-12,comparable_main_2017_present,comparable_analysis,pending,,,,0,,
ofac_recent_actions_crypto_2017_2026,2021-01,comparable_main_2017_present,comparable_analysis,pending,,,,0,,
ofac_recent_actions_crypto_2017_2026,2021-02,comparable_main_2017_present,comparable_analysis,pending,,,,0,,
ofac_recent_actions_crypto_2017_2026,2021-03,comparable_main_2017_present,comparable_analysis,candidate_found,,ofac-recent-action-20210302,,0,candidate_triggers/rejected/ofac-recent-action-20210302.yaml,"Systematic OFAC backfill retained for selection transparency, but not counted as an in-frame trigger because the extractor found no concrete crypto target."
ofac_recent_actions_crypto_2017_2026,2021-04,comparable_main_2017_present,comparable_analysis,pending,,,,0,,
ofac_recent_actions_crypto_2017_2026,2021-05,comparable_main_2017_present,comparable_analysis,pending,,,,0,,
ofac_recent_actions_crypto_2017_2026,2021-06,comparable_main_2017_present,comparable_analysis,pending,,,,0,,
ofac_recent_actions_crypto_2017_2026,2021-07,comparable_main_2017_present,comparable_analysis,pending,,,,0,,
ofac_recent_actions_crypto_2017_2026,2021-08,comparable_main_2017_present,comparable_analysis,pending,,,,0,,
ofac_recent_actions_crypto_2017_2026,2021-09,comparable_main_2017_present,comparable_analysis,candidate_found,suex-ofac-2021,candidate-ofac-recent-action-20210921,suex-ofac-2021,0,"events/suex-ofac-2021.yaml,candidate_triggers/ofac-recent-action-20210921.yaml",Systematic OFAC backfill row is already represented by promoted event YAML: suex-ofac-2021
ofac_recent_actions_crypto_2017_2026,2021-10,comparable_main_2017_present,comparable_analysis,candidate_found,,ofac-recent-action-20211015,,0,candidate_triggers/rejected/ofac-recent-action-20211015.yaml,"Systematic OFAC backfill retained for selection transparency, but not counted as an in-frame trigger because the extractor found no concrete crypto target."
ofac_recent_actions_crypto_2017_2026,2021-11,comparable_main_2017_present,comparable_analysis,candidate_found,chatex-ofac-2021,candidate-ofac-recent-action-20211108,chatex-ofac-2021,0,"events/chatex-ofac-2021.yaml,candidate_triggers/ofac-recent-action-20211108.yaml",Systematic OFAC backfill row is already represented by promoted event YAML: chatex-ofac-2021
ofac_recent_actions_crypto_2017_2026,2021-12,comparable_main_2017_present,comparable_analysis,pending,,,,0,,
ofac_recent_actions_crypto_2017_2026,2022-01,comparable_main_2017_present,comparable_analysis,pending,,,,0,,
ofac_recent_actions_crypto_2017_2026,2022-02,comparable_main_2017_present,comparable_analysis,pending,,,,0,,
ofac_recent_actions_crypto_2017_2026,2022-03,comparable_main_2017_present,comparable_analysis,candidate_found,,ofac-recent-action-20220331,,0,candidate_triggers/rejected/ofac-recent-action-20220331.yaml,"Systematic OFAC backfill retained for selection transparency, but not counted as an in-frame trigger because the extractor found no concrete crypto target."
ofac_recent_actions_crypto_2017_2026,2022-04,comparable_main_2017_present,comparable_analysis,candidate_found,"garantex-ofac-2022,hydra-ofac-2022",candidate-ofac-recent-action-20220405,"garantex-ofac-2022,hydra-ofac-2022",0,"events/garantex-ofac-2022.yaml,events/hydra-ofac-2022.yaml,candidate_triggers/ofac-recent-action-20220405.yaml","Systematic OFAC backfill row is already represented by promoted event YAML: garantex-ofac-2022, hydra-ofac-2022"
ofac_recent_actions_crypto_2017_2026,2022-05,comparable_main_2017_present,comparable_analysis,candidate_found,blender-ofac-2022,candidate-ofac-recent-action-20220506,blender-ofac-2022,0,"events/blender-ofac-2022.yaml,candidate_triggers/ofac-recent-action-20220506.yaml",Systematic OFAC backfill row is already represented by promoted event YAML: blender-ofac-2022
ofac_recent_actions_crypto_2017_2026,2022-06,comparable_main_2017_present,comparable_analysis,pending,,,,0,,
ofac_recent_actions_crypto_2017_2026,2022-07,comparable_main_2017_present,comparable_analysis,pending,,,,0,,
ofac_recent_actions_crypto_2017_2026,2022-08,comparable_main_2017_present,comparable_analysis,candidate_found,tornado-cash-ofac-2022,candidate-ofac-recent-action-20220808,tornado-cash-ofac-2022,0,"events/tornado-cash-ofac-2022.yaml,candidate_triggers/ofac-recent-action-20220808.yaml",Systematic OFAC backfill row is already represented by promoted event YAML: tornado-cash-ofac-2022
ofac_recent_actions_crypto_2017_2026,2022-09,comparable_main_2017_present,comparable_analysis,candidate_found,irgc-ransomware-ofac-2022,"candidate-ofac-recent-action-20220914,ofac-recent-action-20220902,ofac-recent-action-20220909,ofac-recent-action-20220922",irgc-ransomware-ofac-2022,0,"events/irgc-ransomware-ofac-2022.yaml,candidate_triggers/ofac-recent-action-20220914.yaml,candidate_triggers/rejected/ofac-recent-action-20220902.yaml,candidate_triggers/rejected/ofac-recent-action-20220909.yaml,candidate_triggers/rejected/ofac-recent-action-20220922.yaml","Systematic OFAC backfill row is already represented by promoted event YAML: irgc-ransomware-ofac-2022 | Systematic OFAC backfill retained for selection transparency, but not counted as an in-frame trigger because the extractor found no concrete crypto target."
ofac_recent_actions_crypto_2017_2026,2022-10,comparable_main_2017_present,comparable_analysis,pending,,,,0,,
ofac_recent_actions_crypto_2017_2026,2022-11,comparable_main_2017_present,comparable_analysis,candidate_found,tornado-cash-ofac-redesignation-2022,candidate-ofac-recent-action-20221108,tornado-cash-ofac-redesignation-2022,0,"events/tornado-cash-ofac-redesignation-2022.yaml,candidate_triggers/ofac-recent-action-20221108.yaml",Systematic OFAC backfill row is already represented by promoted event YAML: tornado-cash-ofac-redesignation-2022
ofac_recent_actions_crypto_2017_2026,2022-12,comparable_main_2017_present,comparable_analysis,pending,,,,0,,
ofac_recent_actions_crypto_2017_2026,2023-01,comparable_main_2017_present,comparable_analysis,pending,,,,0,,
ofac_recent_actions_crypto_2017_2026,2023-02,comparable_main_2017_present,comparable_analysis,candidate_found,,ofac-recent-action-20230209,,0,candidate_triggers/rejected/ofac-recent-action-20230209.yaml,"Systematic OFAC backfill retained for selection transparency, but not counted as an in-frame trigger because the extractor found no concrete crypto target."
ofac_recent_actions_crypto_2017_2026,2023-03,comparable_main_2017_present,comparable_analysis,pending,,,,0,,
ofac_recent_actions_crypto_2017_2026,2023-04,comparable_main_2017_present,comparable_analysis,candidate_found,ofac-dprk-it-worker-sim-hyon-sop-2023-04,"ofac-recent-action-20230405,ofac-recent-action-20230427",,0,"events/ofac-dprk-it-worker-sim-hyon-sop-2023-04.yaml,candidate_triggers/rejected/ofac-recent-action-20230405.yaml,candidate_triggers/rejected/ofac-recent-action-20230427.yaml","Systematic OFAC backfill retained for selection transparency, but not counted as an in-frame trigger because the extractor found no concrete crypto target."
ofac_recent_actions_crypto_2017_2026,2023-05,comparable_main_2017_present,comparable_analysis,candidate_found,matveev-ofac-2023,candidate-ofac-recent-action-20230516,matveev-ofac-2023,0,"events/matveev-ofac-2023.yaml,candidate_triggers/ofac-recent-action-20230516.yaml",Systematic OFAC backfill row is already represented by promoted event YAML: matveev-ofac-2023
ofac_recent_actions_crypto_2017_2026,2023-06,comparable_main_2017_present,comparable_analysis,pending,,,,0,,
ofac_recent_actions_crypto_2017_2026,2023-07,comparable_main_2017_present,comparable_analysis,pending,,,,0,,
ofac_recent_actions_crypto_2017_2026,2023-08,comparable_main_2017_present,comparable_analysis,candidate_found,semenov-ofac-2023,candidate-ofac-recent-action-20230823,semenov-ofac-2023,0,"events/semenov-ofac-2023.yaml,candidate_triggers/ofac-recent-action-20230823.yaml",Systematic OFAC backfill row is already represented by promoted event YAML: semenov-ofac-2023
ofac_recent_actions_crypto_2017_2026,2023-09,comparable_main_2017_present,comparable_analysis,candidate_found,ofac-trickbot-conti-eleven-2023-09,ofac-recent-action-20230907,,0,"events/ofac-trickbot-conti-eleven-2023-09.yaml,candidate_triggers/rejected/ofac-recent-action-20230907.yaml","Systematic OFAC backfill retained for selection transparency, but not counted as an in-frame trigger because the extractor found no concrete crypto target."
ofac_recent_actions_crypto_2017_2026,2023-10,comparable_main_2017_present,comparable_analysis,candidate_found,ofac-hamas-buy-cash-msb-2023-10,,,0,events/ofac-hamas-buy-cash-msb-2023-10.yaml,
ofac_recent_actions_crypto_2017_2026,2023-11,comparable_main_2017_present,comparable_analysis,candidate_found,"ofac-zhdanova-russian-elite-launderer-2023-11,sinbad-ofac-2023",candidate-ofac-recent-action-20231129,sinbad-ofac-2023,0,"events/ofac-zhdanova-russian-elite-launderer-2023-11.yaml,events/sinbad-ofac-2023.yaml,candidate_triggers/ofac-recent-action-20231129.yaml",Systematic OFAC backfill row is already represented by promoted event YAML: sinbad-ofac-2023
ofac_recent_actions_crypto_2017_2026,2023-12,comparable_main_2017_present,comparable_analysis,candidate_found,,"ofac-recent-action-20231204,ofac-recent-action-20231207",,0,"candidate_triggers/rejected/ofac-recent-action-20231204.yaml,candidate_triggers/rejected/ofac-recent-action-20231207.yaml","Systematic OFAC backfill retained for selection transparency, but not counted as an in-frame trigger because the extractor found no concrete crypto target."
ofac_recent_actions_crypto_2017_2026,2024-01,comparable_main_2017_present,comparable_analysis,candidate_found,"ofac-hamas-irgc-virtual-currency-network-2024-01,ofac-recent-action-20240111",ofac-recent-action-20240123,,0,"events/ofac-hamas-irgc-virtual-currency-network-2024-01.yaml,events/ofac-recent-action-20240111.yaml,candidate_triggers/rejected/ofac-recent-action-20240123.yaml","Systematic OFAC backfill retained for selection transparency, but not counted as an in-frame trigger because the extractor found no concrete crypto target."
ofac_recent_actions_crypto_2017_2026,2024-02,comparable_main_2017_present,comparable_analysis,candidate_found,lockbit-affiliates-ofac-2024,candidate-ofac-recent-action-20240220,lockbit-affiliates-ofac-2024,0,"events/lockbit-affiliates-ofac-2024.yaml,candidate_triggers/ofac-recent-action-20240220.yaml",Systematic OFAC backfill row is already represented by promoted event YAML: lockbit-affiliates-ofac-2024
ofac_recent_actions_crypto_2017_2026,2024-03,comparable_main_2017_present,comparable_analysis,candidate_found,ofac-hamas-gaza-now-2024-03,"ofac-recent-action-20240305,ofac-recent-action-20240325",,0,"events/ofac-hamas-gaza-now-2024-03.yaml,candidate_triggers/rejected/ofac-recent-action-20240305.yaml,candidate_triggers/rejected/ofac-recent-action-20240325.yaml","Systematic OFAC backfill retained for selection transparency, but not counted as an in-frame trigger because the extractor found no concrete crypto target."
ofac_recent_actions_crypto_2017_2026,2024-04,comparable_main_2017_present,comparable_analysis,candidate_found,,ofac-recent-action-20240412,,0,candidate_triggers/rejected/ofac-recent-action-20240412.yaml,"Systematic OFAC backfill retained for selection transparency, but not counted as an in-frame trigger because the extractor found no concrete crypto target."
ofac_recent_actions_crypto_2017_2026,2024-05,comparable_main_2017_present,comparable_analysis,candidate_found,lockbit-leader-ofac-2024,candidate-ofac-recent-action-20240507,lockbit-leader-ofac-2024,0,"events/lockbit-leader-ofac-2024.yaml,candidate_triggers/ofac-recent-action-20240507.yaml",Systematic OFAC backfill row is already represented by promoted event YAML: lockbit-leader-ofac-2024
ofac_recent_actions_crypto_2017_2026,2024-06,comparable_main_2017_present,comparable_analysis,pending,,,,0,,
ofac_recent_actions_crypto_2017_2026,2024-07,comparable_main_2017_present,comparable_analysis,candidate_found,,"ofac-recent-action-20240708,ofac-recent-action-20240719",,0,"candidate_triggers/rejected/ofac-recent-action-20240708.yaml,candidate_triggers/rejected/ofac-recent-action-20240719.yaml","Systematic OFAC backfill retained for selection transparency, but not counted as an in-frame trigger because the extractor found no concrete crypto target."
ofac_recent_actions_crypto_2017_2026,2024-08,comparable_main_2017_present,comparable_analysis,pending,,,,0,,
ofac_recent_actions_crypto_2017_2026,2024-09,comparable_main_2017_present,comparable_analysis,candidate_found,cryptex-ofac-2024,"candidate-ofac-recent-action-20240926,ofac-recent-action-20240916",cryptex-ofac-2024,0,"events/cryptex-ofac-2024.yaml,candidate_triggers/ofac-recent-action-20240926.yaml,candidate_triggers/rejected/ofac-recent-action-20240916.yaml","Systematic OFAC backfill row is already represented by promoted event YAML: cryptex-ofac-2024 | Systematic OFAC backfill retained for selection transparency, but not counted as an in-frame trigger because the extractor found no concrete crypto target."
ofac_recent_actions_crypto_2017_2026,2024-10,comparable_main_2017_present,comparable_analysis,candidate_found,,ofac-recent-action-20241001,,0,candidate_triggers/rejected/ofac-recent-action-20241001.yaml,"Systematic OFAC backfill retained for selection transparency, but not counted as an in-frame trigger because the extractor found no concrete crypto target."
ofac_recent_actions_crypto_2017_2026,2024-11,comparable_main_2017_present,comparable_analysis,pending,,,,0,,
ofac_recent_actions_crypto_2017_2026,2024-12,comparable_main_2017_present,comparable_analysis,candidate_found,"ofac-houthi-al-jamal-crypto-refresh-2024-12,sichuan-silence-ofac-2024","candidate-ofac-recent-action-20241210,ofac-recent-action-20241231",sichuan-silence-ofac-2024,0,"events/ofac-houthi-al-jamal-crypto-refresh-2024-12.yaml,events/sichuan-silence-ofac-2024.yaml,candidate_triggers/ofac-recent-action-20241210.yaml,candidate_triggers/rejected/ofac-recent-action-20241231.yaml","Systematic OFAC backfill row is already represented by promoted event YAML: sichuan-silence-ofac-2024 | Systematic OFAC backfill retained for selection transparency, but not counted as an in-frame trigger because the extractor found no concrete crypto target."
ofac_recent_actions_crypto_2017_2026,2025-01,comparable_main_2017_present,comparable_analysis,candidate_found,,"ofac-recent-action-20250103,ofac-recent-action-20250116,ofac-recent-action-20250117",,0,"candidate_triggers/rejected/ofac-recent-action-20250103.yaml,candidate_triggers/rejected/ofac-recent-action-20250116.yaml,candidate_triggers/rejected/ofac-recent-action-20250117.yaml","Systematic OFAC backfill retained for selection transparency, but not counted as an in-frame trigger because the extractor found no concrete crypto target."
ofac_recent_actions_crypto_2017_2026,2025-02,comparable_main_2017_present,comparable_analysis,candidate_found,zservers-ofac-2025,candidate-ofac-recent-action-20250211,zservers-ofac-2025,0,"events/zservers-ofac-2025.yaml,candidate_triggers/ofac-recent-action-20250211.yaml",Systematic OFAC backfill row is already represented by promoted event YAML: zservers-ofac-2025
ofac_recent_actions_crypto_2017_2026,2025-03,comparable_main_2017_present,comparable_analysis,candidate_found,tornado-cash-ofac-delisting-2025,"candidate-ofac-recent-action-20250321,ofac-recent-action-20250305",tornado-cash-ofac-delisting-2025,0,"events/tornado-cash-ofac-delisting-2025.yaml,candidate_triggers/ofac-recent-action-20250321.yaml,candidate_triggers/rejected/ofac-recent-action-20250305.yaml","Systematic OFAC backfill row is already represented by promoted event YAML: tornado-cash-ofac-delisting-2025 | Systematic OFAC backfill retained for selection transparency, but not counted as an in-frame trigger because the extractor found no concrete crypto target."
ofac_recent_actions_crypto_2017_2026,2025-04,comparable_main_2017_present,comparable_analysis,pending,,,,0,,
ofac_recent_actions_crypto_2017_2026,2025-05,comparable_main_2017_present,comparable_analysis,candidate_found,funnull-cdn-ofac-2025,candidate-ofac-recent-action-20250529,funnull-cdn-ofac-2025,0,"events/funnull-cdn-ofac-2025.yaml,candidate_triggers/ofac-recent-action-20250529.yaml",Systematic OFAC backfill row is already represented by promoted event YAML: funnull-cdn-ofac-2025
ofac_recent_actions_crypto_2017_2026,2025-06,comparable_main_2017_present,comparable_analysis,pending,,,,0,,
ofac_recent_actions_crypto_2017_2026,2025-07,comparable_main_2017_present,comparable_analysis,candidate_found,aeza-group-ofac-2025,candidate-ofac-recent-action-20250701,aeza-group-ofac-2025,0,"events/aeza-group-ofac-2025.yaml,candidate_triggers/ofac-recent-action-20250701.yaml",Systematic OFAC backfill row is already represented by promoted event YAML: aeza-group-ofac-2025
ofac_recent_actions_crypto_2017_2026,2025-08,comparable_main_2017_present,comparable_analysis,candidate_found,grinex-garantex-successor-ofac-2025,candidate-ofac-recent-action-20250814,grinex-garantex-successor-ofac-2025,0,"events/grinex-garantex-successor-ofac-2025.yaml,candidate_triggers/ofac-recent-action-20250814.yaml",Systematic OFAC backfill row is already represented by promoted event YAML: grinex-garantex-successor-ofac-2025
ofac_recent_actions_crypto_2017_2026,2025-09,comparable_main_2017_present,comparable_analysis,candidate_found,,ofac-recent-action-20250908,,0,candidate_triggers/rejected/ofac-recent-action-20250908.yaml,"Systematic OFAC backfill retained for selection transparency, but not counted as an in-frame trigger because the extractor found no concrete crypto target."
ofac_recent_actions_crypto_2017_2026,2025-10,comparable_main_2017_present,comparable_analysis,pending,,,,0,,
ofac_recent_actions_crypto_2017_2026,2025-11,comparable_main_2017_present,comparable_analysis,candidate_found,"dprk-usdt-network-ofac-2025,russian-cybercrime-infra-ofac-2025","candidate-ofac-recent-action-20251104,candidate-ofac-recent-action-20251119,ofac-recent-action-20251112","dprk-usdt-network-ofac-2025,russian-cybercrime-infra-ofac-2025",0,"events/dprk-usdt-network-ofac-2025.yaml,events/russian-cybercrime-infra-ofac-2025.yaml,candidate_triggers/ofac-recent-action-20251104.yaml,candidate_triggers/ofac-recent-action-20251119.yaml,candidate_triggers/rejected/ofac-recent-action-20251112.yaml","Systematic OFAC backfill row is already represented by promoted event YAML: dprk-usdt-network-ofac-2025 | Systematic OFAC backfill row is already represented by promoted event YAML: russian-cybercrime-infra-ofac-2025 | Systematic OFAC backfill retained for selection transparency, but not counted as an in-frame trigger because the extractor found no concrete crypto target."
ofac_recent_actions_crypto_2017_2026,2025-12,comparable_main_2017_present,comparable_analysis,candidate_found,,ofac-recent-action-20251230,,0,candidate_triggers/rejected/ofac-recent-action-20251230.yaml,"Systematic OFAC backfill retained for selection transparency, but not counted as an in-frame trigger because the extractor found no concrete crypto target."
ofac_recent_actions_crypto_2017_2026,2026-01,comparable_main_2017_present,comparable_analysis,pending,,,,0,,
ofac_recent_actions_crypto_2017_2026,2026-02,comparable_main_2017_present,comparable_analysis,candidate_found,,ofac-recent-action-20260224,,0,candidate_triggers/rejected/ofac-recent-action-20260224.yaml,"Systematic OFAC backfill retained for selection transparency, but not counted as an in-frame trigger because the extractor found no concrete crypto target."
ofac_recent_actions_crypto_2017_2026,2026-03,comparable_main_2017_present,comparable_analysis,candidate_found,,ofac-recent-action-20260313,,0,candidate_triggers/rejected/ofac-recent-action-20260313.yaml,"Systematic OFAC backfill retained for selection transparency, but not counted as an in-frame trigger because the extractor found no concrete crypto target."
ofac_recent_actions_crypto_2017_2026,2026-04,comparable_main_2017_present,comparable_analysis,pending,,,,0,,
ofac_recent_actions_crypto_2017_2026,2026-05,comparable_main_2017_present,comparable_analysis,pending,,,,0,,
supranational_crypto_2017_2026,2008-01,discovery_only_2008_2012,discovery_ledger_only,source_unavailable,,,,0,,
supranational_crypto_2017_2026,2008-02,discovery_only_2008_2012,discovery_ledger_only,source_unavailable,,,,0,,
supranational_crypto_2017_2026,2008-03,discovery_only_2008_2012,discovery_ledger_only,source_unavailable,,,,0,,
supranational_crypto_2017_2026,2008-04,discovery_only_2008_2012,discovery_ledger_only,source_unavailable,,,,0,,
supranational_crypto_2017_2026,2008-05,discovery_only_2008_2012,discovery_ledger_only,source_unavailable,,,,0,,
supranational_crypto_2017_2026,2008-06,discovery_only_2008_2012,discovery_ledger_only,source_unavailable,,,,0,,
supranational_crypto_2017_2026,2008-07,discovery_only_2008_2012,discovery_ledger_only,source_unavailable,,,,0,,
supranational_crypto_2017_2026,2008-08,discovery_only_2008_2012,discovery_ledger_only,source_unavailable,,,,0,,
supranational_crypto_2017_2026,2008-09,discovery_only_2008_2012,discovery_ledger_only,source_unavailable,,,,0,,
supranational_crypto_2017_2026,2008-10,discovery_only_2008_2012,discovery_ledger_only,source_unavailable,,,,0,,
supranational_crypto_2017_2026,2008-11,discovery_only_2008_2012,discovery_ledger_only,source_unavailable,,,,0,,
supranational_crypto_2017_2026,2008-12,discovery_only_2008_2012,discovery_ledger_only,source_unavailable,,,,0,,
supranational_crypto_2017_2026,2009-01,discovery_only_2008_2012,discovery_ledger_only,source_unavailable,,,,0,,
supranational_crypto_2017_2026,2009-02,discovery_only_2008_2012,discovery_ledger_only,source_unavailable,,,,0,,
supranational_crypto_2017_2026,2009-03,discovery_only_2008_2012,discovery_ledger_only,source_unavailable,,,,0,,
supranational_crypto_2017_2026,2009-04,discovery_only_2008_2012,discovery_ledger_only,source_unavailable,,,,0,,
supranational_crypto_2017_2026,2009-05,discovery_only_2008_2012,discovery_ledger_only,source_unavailable,,,,0,,
supranational_crypto_2017_2026,2009-06,discovery_only_2008_2012,discovery_ledger_only,source_unavailable,,,,0,,
supranational_crypto_2017_2026,2009-07,discovery_only_2008_2012,discovery_ledger_only,source_unavailable,,,,0,,
supranational_crypto_2017_2026,2009-08,discovery_only_2008_2012,discovery_ledger_only,source_unavailable,,,,0,,
supranational_crypto_2017_2026,2009-09,discovery_only_2008_2012,discovery_ledger_only,source_unavailable,,,,0,,
supranational_crypto_2017_2026,2009-10,discovery_only_2008_2012,discovery_ledger_only,source_unavailable,,,,0,,
supranational_crypto_2017_2026,2009-11,discovery_only_2008_2012,discovery_ledger_only,source_unavailable,,,,0,,
supranational_crypto_2017_2026,2009-12,discovery_only_2008_2012,discovery_ledger_only,source_unavailable,,,,0,,
supranational_crypto_2017_2026,2010-01,discovery_only_2008_2012,discovery_ledger_only,source_unavailable,,,,0,,
supranational_crypto_2017_2026,2010-02,discovery_only_2008_2012,discovery_ledger_only,source_unavailable,,,,0,,
supranational_crypto_2017_2026,2010-03,discovery_only_2008_2012,discovery_ledger_only,source_unavailable,,,,0,,
supranational_crypto_2017_2026,2010-04,discovery_only_2008_2012,discovery_ledger_only,source_unavailable,,,,0,,
supranational_crypto_2017_2026,2010-05,discovery_only_2008_2012,discovery_ledger_only,source_unavailable,,,,0,,
supranational_crypto_2017_2026,2010-06,discovery_only_2008_2012,discovery_ledger_only,source_unavailable,,,,0,,
supranational_crypto_2017_2026,2010-07,discovery_only_2008_2012,discovery_ledger_only,source_unavailable,,,,0,,
supranational_crypto_2017_2026,2010-08,discovery_only_2008_2012,discovery_ledger_only,source_unavailable,,,,0,,
supranational_crypto_2017_2026,2010-09,discovery_only_2008_2012,discovery_ledger_only,source_unavailable,,,,0,,
supranational_crypto_2017_2026,2010-10,discovery_only_2008_2012,discovery_ledger_only,source_unavailable,,,,0,,
supranational_crypto_2017_2026,2010-11,discovery_only_2008_2012,discovery_ledger_only,source_unavailable,,,,0,,
supranational_crypto_2017_2026,2010-12,discovery_only_2008_2012,discovery_ledger_only,source_unavailable,,,,0,,
supranational_crypto_2017_2026,2011-01,discovery_only_2008_2012,discovery_ledger_only,source_unavailable,,,,0,,
supranational_crypto_2017_2026,2011-02,discovery_only_2008_2012,discovery_ledger_only,source_unavailable,,,,0,,
supranational_crypto_2017_2026,2011-03,discovery_only_2008_2012,discovery_ledger_only,source_unavailable,,,,0,,
supranational_crypto_2017_2026,2011-04,discovery_only_2008_2012,discovery_ledger_only,source_unavailable,,,,0,,
supranational_crypto_2017_2026,2011-05,discovery_only_2008_2012,discovery_ledger_only,source_unavailable,,,,0,,
supranational_crypto_2017_2026,2011-06,discovery_only_2008_2012,discovery_ledger_only,source_unavailable,,,,0,,
supranational_crypto_2017_2026,2011-07,discovery_only_2008_2012,discovery_ledger_only,source_unavailable,,,,0,,
supranational_crypto_2017_2026,2011-08,discovery_only_2008_2012,discovery_ledger_only,source_unavailable,,,,0,,
supranational_crypto_2017_2026,2011-09,discovery_only_2008_2012,discovery_ledger_only,source_unavailable,,,,0,,
supranational_crypto_2017_2026,2011-10,discovery_only_2008_2012,discovery_ledger_only,source_unavailable,,,,0,,
supranational_crypto_2017_2026,2011-11,discovery_only_2008_2012,discovery_ledger_only,source_unavailable,,,,0,,
supranational_crypto_2017_2026,2011-12,discovery_only_2008_2012,discovery_ledger_only,source_unavailable,,,,0,,
supranational_crypto_2017_2026,2012-01,discovery_only_2008_2012,discovery_ledger_only,source_unavailable,,,,0,,
supranational_crypto_2017_2026,2012-02,discovery_only_2008_2012,discovery_ledger_only,source_unavailable,,,,0,,
supranational_crypto_2017_2026,2012-03,discovery_only_2008_2012,discovery_ledger_only,source_unavailable,,,,0,,
supranational_crypto_2017_2026,2012-04,discovery_only_2008_2012,discovery_ledger_only,source_unavailable,,,,0,,
supranational_crypto_2017_2026,2012-05,discovery_only_2008_2012,discovery_ledger_only,source_unavailable,,,,0,,
supranational_crypto_2017_2026,2012-06,discovery_only_2008_2012,discovery_ledger_only,source_unavailable,,,,0,,
supranational_crypto_2017_2026,2012-07,discovery_only_2008_2012,discovery_ledger_only,source_unavailable,,,,0,,
supranational_crypto_2017_2026,2012-08,discovery_only_2008_2012,discovery_ledger_only,source_unavailable,,,,0,,
supranational_crypto_2017_2026,2012-09,discovery_only_2008_2012,discovery_ledger_only,source_unavailable,,,,0,,
supranational_crypto_2017_2026,2012-10,discovery_only_2008_2012,discovery_ledger_only,source_unavailable,,,,0,,
supranational_crypto_2017_2026,2012-11,discovery_only_2008_2012,discovery_ledger_only,source_unavailable,,,,0,,
supranational_crypto_2017_2026,2012-12,discovery_only_2008_2012,discovery_ledger_only,source_unavailable,,,,0,,
supranational_crypto_2017_2026,2013-01,historical_baseline_2013_2016,historical_baseline,source_unavailable,,,,0,,
supranational_crypto_2017_2026,2013-02,historical_baseline_2013_2016,historical_baseline,source_unavailable,,,,0,,
supranational_crypto_2017_2026,2013-03,historical_baseline_2013_2016,historical_baseline,source_unavailable,,,,0,,
supranational_crypto_2017_2026,2013-04,historical_baseline_2013_2016,historical_baseline,source_unavailable,,,,0,,
supranational_crypto_2017_2026,2013-05,historical_baseline_2013_2016,historical_baseline,source_unavailable,,,,0,,
supranational_crypto_2017_2026,2013-06,historical_baseline_2013_2016,historical_baseline,source_unavailable,,,,0,,
supranational_crypto_2017_2026,2013-07,historical_baseline_2013_2016,historical_baseline,source_unavailable,,,,0,,
supranational_crypto_2017_2026,2013-08,historical_baseline_2013_2016,historical_baseline,source_unavailable,,,,0,,
supranational_crypto_2017_2026,2013-09,historical_baseline_2013_2016,historical_baseline,source_unavailable,,,,0,,
supranational_crypto_2017_2026,2013-10,historical_baseline_2013_2016,historical_baseline,source_unavailable,,,,0,,
supranational_crypto_2017_2026,2013-11,historical_baseline_2013_2016,historical_baseline,source_unavailable,,,,0,,
supranational_crypto_2017_2026,2013-12,historical_baseline_2013_2016,historical_baseline,source_unavailable,,,,0,,
supranational_crypto_2017_2026,2014-01,historical_baseline_2013_2016,historical_baseline,source_unavailable,,,,0,,
supranational_crypto_2017_2026,2014-02,historical_baseline_2013_2016,historical_baseline,source_unavailable,,,,0,,
supranational_crypto_2017_2026,2014-03,historical_baseline_2013_2016,historical_baseline,source_unavailable,,,,0,,
supranational_crypto_2017_2026,2014-04,historical_baseline_2013_2016,historical_baseline,source_unavailable,,,,0,,
supranational_crypto_2017_2026,2014-05,historical_baseline_2013_2016,historical_baseline,source_unavailable,,,,0,,
supranational_crypto_2017_2026,2014-06,historical_baseline_2013_2016,historical_baseline,candidate_found,fatf-virtual-currencies-key-definitions-2014,,,0,events/fatf-virtual-currencies-key-definitions-2014.yaml,
supranational_crypto_2017_2026,2014-07,historical_baseline_2013_2016,historical_baseline,candidate_found,eba-virtual-currencies-opinion-eba-op-2014-08,,,0,events/eba-virtual-currencies-opinion-eba-op-2014-08.yaml,
supranational_crypto_2017_2026,2014-08,historical_baseline_2013_2016,historical_baseline,source_unavailable,,,,0,,
supranational_crypto_2017_2026,2014-09,historical_baseline_2013_2016,historical_baseline,source_unavailable,,,,0,,
supranational_crypto_2017_2026,2014-10,historical_baseline_2013_2016,historical_baseline,source_unavailable,,,,0,,
supranational_crypto_2017_2026,2014-11,historical_baseline_2013_2016,historical_baseline,source_unavailable,,,,0,,
supranational_crypto_2017_2026,2014-12,historical_baseline_2013_2016,historical_baseline,source_unavailable,,,,0,,
supranational_crypto_2017_2026,2015-01,historical_baseline_2013_2016,historical_baseline,source_unavailable,,,,0,,
supranational_crypto_2017_2026,2015-02,historical_baseline_2013_2016,historical_baseline,source_unavailable,,,,0,,
supranational_crypto_2017_2026,2015-03,historical_baseline_2013_2016,historical_baseline,source_unavailable,,,,0,,
supranational_crypto_2017_2026,2015-04,historical_baseline_2013_2016,historical_baseline,source_unavailable,,,,0,,
supranational_crypto_2017_2026,2015-05,historical_baseline_2013_2016,historical_baseline,source_unavailable,,,,0,,
supranational_crypto_2017_2026,2015-06,historical_baseline_2013_2016,historical_baseline,pending,,,,0,,
supranational_crypto_2017_2026,2015-07,historical_baseline_2013_2016,historical_baseline,pending,,,,0,,
supranational_crypto_2017_2026,2015-08,historical_baseline_2013_2016,historical_baseline,pending,,,,0,,
supranational_crypto_2017_2026,2015-09,historical_baseline_2013_2016,historical_baseline,pending,,,,0,,
supranational_crypto_2017_2026,2015-10,historical_baseline_2013_2016,historical_baseline,pending,,,,0,,
supranational_crypto_2017_2026,2015-11,historical_baseline_2013_2016,historical_baseline,pending,,,,0,,
supranational_crypto_2017_2026,2015-12,historical_baseline_2013_2016,historical_baseline,pending,,,,0,,
supranational_crypto_2017_2026,2016-01,historical_baseline_2013_2016,historical_baseline,pending,,,,0,,
supranational_crypto_2017_2026,2016-02,historical_baseline_2013_2016,historical_baseline,pending,,,,0,,
supranational_crypto_2017_2026,2016-03,historical_baseline_2013_2016,historical_baseline,pending,,,,0,,
supranational_crypto_2017_2026,2016-04,historical_baseline_2013_2016,historical_baseline,pending,,,,0,,
supranational_crypto_2017_2026,2016-05,historical_baseline_2013_2016,historical_baseline,pending,,,,0,,
supranational_crypto_2017_2026,2016-06,historical_baseline_2013_2016,historical_baseline,pending,,,,0,,
supranational_crypto_2017_2026,2016-07,historical_baseline_2013_2016,historical_baseline,pending,,,,0,,
supranational_crypto_2017_2026,2016-08,historical_baseline_2013_2016,historical_baseline,pending,,,,0,,
supranational_crypto_2017_2026,2016-09,historical_baseline_2013_2016,historical_baseline,pending,,,,0,,
supranational_crypto_2017_2026,2016-10,historical_baseline_2013_2016,historical_baseline,pending,,,,0,,
supranational_crypto_2017_2026,2016-11,historical_baseline_2013_2016,historical_baseline,pending,,,,0,,
supranational_crypto_2017_2026,2016-12,historical_baseline_2013_2016,historical_baseline,pending,,,,0,,
supranational_crypto_2017_2026,2017-01,comparable_main_2017_present,comparable_analysis,pending,,,,0,,
supranational_crypto_2017_2026,2017-02,comparable_main_2017_present,comparable_analysis,pending,,,,0,,
supranational_crypto_2017_2026,2017-03,comparable_main_2017_present,comparable_analysis,pending,,,,0,,
supranational_crypto_2017_2026,2017-04,comparable_main_2017_present,comparable_analysis,pending,,,,0,,
supranational_crypto_2017_2026,2017-05,comparable_main_2017_present,comparable_analysis,pending,,,,0,,
supranational_crypto_2017_2026,2017-06,comparable_main_2017_present,comparable_analysis,pending,,,,0,,
supranational_crypto_2017_2026,2017-07,comparable_main_2017_present,comparable_analysis,pending,,,,0,,
supranational_crypto_2017_2026,2017-08,comparable_main_2017_present,comparable_analysis,candidate_found,unsc-resolution-2371-dprk-crypto-2017,,,0,events/unsc-resolution-2371-dprk-crypto-2017.yaml,
supranational_crypto_2017_2026,2017-09,comparable_main_2017_present,comparable_analysis,pending,,,,0,,
supranational_crypto_2017_2026,2017-10,comparable_main_2017_present,comparable_analysis,pending,,,,0,,
supranational_crypto_2017_2026,2017-11,comparable_main_2017_present,comparable_analysis,pending,,,,0,,
supranational_crypto_2017_2026,2017-12,comparable_main_2017_present,comparable_analysis,pending,,,,0,,
supranational_crypto_2017_2026,2018-01,comparable_main_2017_present,comparable_analysis,pending,,,,0,,
supranational_crypto_2017_2026,2018-02,comparable_main_2017_present,comparable_analysis,pending,,,,0,,
supranational_crypto_2017_2026,2018-03,comparable_main_2017_present,comparable_analysis,pending,,,,0,,
supranational_crypto_2017_2026,2018-04,comparable_main_2017_present,comparable_analysis,pending,,,,0,,
supranational_crypto_2017_2026,2018-05,comparable_main_2017_present,comparable_analysis,pending,,,,0,,
supranational_crypto_2017_2026,2018-06,comparable_main_2017_present,comparable_analysis,pending,,,,0,,
supranational_crypto_2017_2026,2018-07,comparable_main_2017_present,comparable_analysis,pending,,,,0,,
supranational_crypto_2017_2026,2018-08,comparable_main_2017_present,comparable_analysis,pending,,,,0,,
supranational_crypto_2017_2026,2018-09,comparable_main_2017_present,comparable_analysis,pending,,,,0,,
supranational_crypto_2017_2026,2018-10,comparable_main_2017_present,comparable_analysis,pending,,,,0,,
supranational_crypto_2017_2026,2018-11,comparable_main_2017_present,comparable_analysis,pending,,,,0,,
supranational_crypto_2017_2026,2018-12,comparable_main_2017_present,comparable_analysis,pending,,,,0,,
supranational_crypto_2017_2026,2019-01,comparable_main_2017_present,comparable_analysis,pending,,,,0,,
supranational_crypto_2017_2026,2019-02,comparable_main_2017_present,comparable_analysis,pending,,,,0,,
supranational_crypto_2017_2026,2019-03,comparable_main_2017_present,comparable_analysis,pending,,,,0,,
supranational_crypto_2017_2026,2019-04,comparable_main_2017_present,comparable_analysis,pending,,,,0,,
supranational_crypto_2017_2026,2019-05,comparable_main_2017_present,comparable_analysis,pending,,,,0,,
supranational_crypto_2017_2026,2019-06,comparable_main_2017_present,comparable_analysis,candidate_found,fatf-r15-vasp-travel-rule-2019,,,0,events/fatf-r15-vasp-travel-rule-2019.yaml,
supranational_crypto_2017_2026,2019-07,comparable_main_2017_present,comparable_analysis,pending,,,,0,,
supranational_crypto_2017_2026,2019-08,comparable_main_2017_present,comparable_analysis,pending,,,,0,,
supranational_crypto_2017_2026,2019-09,comparable_main_2017_present,comparable_analysis,pending,,,,0,,
supranational_crypto_2017_2026,2019-10,comparable_main_2017_present,comparable_analysis,pending,,,,0,,
supranational_crypto_2017_2026,2019-11,comparable_main_2017_present,comparable_analysis,pending,,,,0,,
supranational_crypto_2017_2026,2019-12,comparable_main_2017_present,comparable_analysis,pending,,,,0,,
supranational_crypto_2017_2026,2020-01,comparable_main_2017_present,comparable_analysis,pending,,,,0,,
supranational_crypto_2017_2026,2020-02,comparable_main_2017_present,comparable_analysis,pending,,,,0,,
supranational_crypto_2017_2026,2020-03,comparable_main_2017_present,comparable_analysis,pending,,,,0,,
supranational_crypto_2017_2026,2020-04,comparable_main_2017_present,comparable_analysis,pending,,,,0,,
supranational_crypto_2017_2026,2020-05,comparable_main_2017_present,comparable_analysis,pending,,,,0,,
supranational_crypto_2017_2026,2020-06,comparable_main_2017_present,comparable_analysis,pending,,,,0,,
supranational_crypto_2017_2026,2020-07,comparable_main_2017_present,comparable_analysis,pending,,,,0,,
supranational_crypto_2017_2026,2020-08,comparable_main_2017_present,comparable_analysis,pending,,,,0,,
supranational_crypto_2017_2026,2020-09,comparable_main_2017_present,comparable_analysis,pending,,,,0,,
supranational_crypto_2017_2026,2020-10,comparable_main_2017_present,comparable_analysis,pending,,,,0,,
supranational_crypto_2017_2026,2020-11,comparable_main_2017_present,comparable_analysis,pending,,,,0,,
supranational_crypto_2017_2026,2020-12,comparable_main_2017_present,comparable_analysis,pending,,,,0,,
supranational_crypto_2017_2026,2021-01,comparable_main_2017_present,comparable_analysis,pending,,,,0,,
supranational_crypto_2017_2026,2021-02,comparable_main_2017_present,comparable_analysis,pending,,,,0,,
supranational_crypto_2017_2026,2021-03,comparable_main_2017_present,comparable_analysis,pending,,,,0,,
supranational_crypto_2017_2026,2021-04,comparable_main_2017_present,comparable_analysis,pending,,,,0,,
supranational_crypto_2017_2026,2021-05,comparable_main_2017_present,comparable_analysis,pending,,,,0,,
supranational_crypto_2017_2026,2021-06,comparable_main_2017_present,comparable_analysis,pending,,,,0,,
supranational_crypto_2017_2026,2021-07,comparable_main_2017_present,comparable_analysis,pending,,,,0,,
supranational_crypto_2017_2026,2021-08,comparable_main_2017_present,comparable_analysis,pending,,,,0,,
supranational_crypto_2017_2026,2021-09,comparable_main_2017_present,comparable_analysis,pending,,,,0,,
supranational_crypto_2017_2026,2021-10,comparable_main_2017_present,comparable_analysis,candidate_found,fatf-targeted-update-va-vasp-2021,,,0,events/fatf-targeted-update-va-vasp-2021.yaml,
supranational_crypto_2017_2026,2021-11,comparable_main_2017_present,comparable_analysis,pending,,,,0,,
supranational_crypto_2017_2026,2021-12,comparable_main_2017_present,comparable_analysis,pending,,,,0,,
supranational_crypto_2017_2026,2022-01,comparable_main_2017_present,comparable_analysis,pending,,,,0,,
supranational_crypto_2017_2026,2022-02,comparable_main_2017_present,comparable_analysis,pending,,,,0,,
supranational_crypto_2017_2026,2022-03,comparable_main_2017_present,comparable_analysis,candidate_found,eu-belarus-crypto-services-ban-2022,,,0,events/eu-belarus-crypto-services-ban-2022.yaml,
supranational_crypto_2017_2026,2022-04,comparable_main_2017_present,comparable_analysis,candidate_found,eu-russia-crypto-wallet-cap-2022,candidate-eu-russia-crypto-wallet-cap-2022,eu-russia-crypto-wallet-cap-2022,0,"events/eu-russia-crypto-wallet-cap-2022.yaml,candidate_triggers/eu-russia-crypto-wallet-cap-2022.yaml","Candidate S6 sanctions-services case. Promotion needs exchange/custodian implementation evidence for the EUR 10,000 crypto-wallet/account/custody cap."
supranational_crypto_2017_2026,2022-05,comparable_main_2017_present,comparable_analysis,pending,,,,0,,
supranational_crypto_2017_2026,2022-06,comparable_main_2017_present,comparable_analysis,pending,,,,0,,
supranational_crypto_2017_2026,2022-07,comparable_main_2017_present,comparable_analysis,pending,,,,0,,
supranational_crypto_2017_2026,2022-08,comparable_main_2017_present,comparable_analysis,pending,,,,0,,
supranational_crypto_2017_2026,2022-09,comparable_main_2017_present,comparable_analysis,pending,,,,0,,
supranational_crypto_2017_2026,2022-10,comparable_main_2017_present,comparable_analysis,candidate_found,"eu-russia-full-crypto-wallet-ban-2022,oecd-carf-2022",,,0,"events/eu-russia-full-crypto-wallet-ban-2022.yaml,events/oecd-carf-2022.yaml",
supranational_crypto_2017_2026,2022-11,comparable_main_2017_present,comparable_analysis,pending,,,,0,,
supranational_crypto_2017_2026,2022-12,comparable_main_2017_present,comparable_analysis,pending,,,,0,,
supranational_crypto_2017_2026,2023-01,comparable_main_2017_present,comparable_analysis,pending,,,,0,,
supranational_crypto_2017_2026,2023-02,comparable_main_2017_present,comparable_analysis,pending,,,,0,,
supranational_crypto_2017_2026,2023-03,comparable_main_2017_present,comparable_analysis,pending,,,,0,,
supranational_crypto_2017_2026,2023-04,comparable_main_2017_present,comparable_analysis,pending,,,,0,,
supranational_crypto_2017_2026,2023-05,comparable_main_2017_present,comparable_analysis,candidate_found,"eu-tfr-recast-2023,g7-hiroshima-crypto-statement-2023",,,0,"events/eu-tfr-recast-2023.yaml,events/g7-hiroshima-crypto-statement-2023.yaml",
supranational_crypto_2017_2026,2023-06,comparable_main_2017_present,comparable_analysis,candidate_found,"eu-mica-2023,fatf-targeted-update-va-vasp-2023,japan-fsa-travel-rule-effective-2023-06",,,0,"events/eu-mica-2023.yaml,events/fatf-targeted-update-va-vasp-2023.yaml,events/japan-fsa-travel-rule-effective-2023-06.yaml",
supranational_crypto_2017_2026,2023-07,comparable_main_2017_present,comparable_analysis,candidate_found,fsb-crypto-asset-recommendations-2023,,,0,events/fsb-crypto-asset-recommendations-2023.yaml,
supranational_crypto_2017_2026,2023-08,comparable_main_2017_present,comparable_analysis,pending,,,,0,,
supranational_crypto_2017_2026,2023-09,comparable_main_2017_present,comparable_analysis,candidate_found,g20-roadmap-crypto-asset-policy-2023,,,0,events/g20-roadmap-crypto-asset-policy-2023.yaml,
supranational_crypto_2017_2026,2023-10,comparable_main_2017_present,comparable_analysis,candidate_found,"eu-dac8-crypto-asset-reporting-directive-2023,fatf-grey-list-crypto-related-actions-2023-2024",,,0,"events/eu-dac8-crypto-asset-reporting-directive-2023.yaml,events/fatf-grey-list-crypto-related-actions-2023-2024.yaml",
supranational_crypto_2017_2026,2023-11,comparable_main_2017_present,comparable_analysis,pending,,,,0,,
supranational_crypto_2017_2026,2023-12,comparable_main_2017_present,comparable_analysis,candidate_found,eu-12th-russia-sanctions-2023,,,0,events/eu-12th-russia-sanctions-2023.yaml,
supranational_crypto_2017_2026,2024-01,comparable_main_2017_present,comparable_analysis,pending,,,,0,,
supranational_crypto_2017_2026,2024-02,comparable_main_2017_present,comparable_analysis,pending,,,,0,,
supranational_crypto_2017_2026,2024-03,comparable_main_2017_present,comparable_analysis,candidate_found,mica-l2-esma-eba-rts-2024,,,0,events/mica-l2-esma-eba-rts-2024.yaml,
supranational_crypto_2017_2026,2024-04,comparable_main_2017_present,comparable_analysis,pending,,,,0,,
supranational_crypto_2017_2026,2024-05,comparable_main_2017_present,comparable_analysis,candidate_found,"eu-amla-anti-money-laundering-authority-regulation-2024,eu-amlr-eu-single-rulebook-2024",,,0,"events/eu-amla-anti-money-laundering-authority-regulation-2024.yaml,events/eu-amlr-eu-single-rulebook-2024.yaml",
supranational_crypto_2017_2026,2024-06,comparable_main_2017_present,comparable_analysis,candidate_found,eu-14th-russia-sanctions-spfs-2024,,,0,events/eu-14th-russia-sanctions-spfs-2024.yaml,
supranational_crypto_2017_2026,2024-07,comparable_main_2017_present,comparable_analysis,pending,,,,0,,
supranational_crypto_2017_2026,2024-08,comparable_main_2017_present,comparable_analysis,pending,,,,0,,
supranational_crypto_2017_2026,2024-09,comparable_main_2017_present,comparable_analysis,pending,,,,0,,
supranational_crypto_2017_2026,2024-10,comparable_main_2017_present,comparable_analysis,pending,,,,0,,
supranational_crypto_2017_2026,2024-11,comparable_main_2017_present,comparable_analysis,pending,,,,0,,
supranational_crypto_2017_2026,2024-12,comparable_main_2017_present,comparable_analysis,candidate_found,eu-15th-russia-sanctions-2024,,,0,events/eu-15th-russia-sanctions-2024.yaml,
supranational_crypto_2017_2026,2025-01,comparable_main_2017_present,comparable_analysis,pending,,,,0,,
supranational_crypto_2017_2026,2025-02,comparable_main_2017_present,comparable_analysis,pending,,,,0,,
supranational_crypto_2017_2026,2025-03,comparable_main_2017_present,comparable_analysis,pending,,,,0,,
supranational_crypto_2017_2026,2025-04,comparable_main_2017_present,comparable_analysis,pending,,,,0,,
supranational_crypto_2017_2026,2025-05,comparable_main_2017_present,comparable_analysis,pending,,,,0,,
supranational_crypto_2017_2026,2025-06,comparable_main_2017_present,comparable_analysis,pending,,,,0,,
supranational_crypto_2017_2026,2025-07,comparable_main_2017_present,comparable_analysis,pending,,,,0,,
supranational_crypto_2017_2026,2025-08,comparable_main_2017_present,comparable_analysis,pending,,,,0,,
supranational_crypto_2017_2026,2025-09,comparable_main_2017_present,comparable_analysis,pending,,,,0,,
supranational_crypto_2017_2026,2025-10,comparable_main_2017_present,comparable_analysis,pending,,,,0,,
supranational_crypto_2017_2026,2025-11,comparable_main_2017_present,comparable_analysis,pending,,,,0,,
supranational_crypto_2017_2026,2025-12,comparable_main_2017_present,comparable_analysis,pending,,,,0,,
supranational_crypto_2017_2026,2026-01,comparable_main_2017_present,comparable_analysis,pending,,,,0,,
supranational_crypto_2017_2026,2026-02,comparable_main_2017_present,comparable_analysis,pending,,,,0,,
supranational_crypto_2017_2026,2026-03,comparable_main_2017_present,comparable_analysis,pending,,,,0,,
supranational_crypto_2017_2026,2026-04,comparable_main_2017_present,comparable_analysis,pending,,,,0,,
supranational_crypto_2017_2026,2026-05,comparable_main_2017_present,comparable_analysis,pending,,,,0,,
us_federal_enforcement_crypto_2017_2026,2008-01,discovery_only_2008_2012,discovery_ledger_only,source_unavailable,,,,0,,
us_federal_enforcement_crypto_2017_2026,2008-02,discovery_only_2008_2012,discovery_ledger_only,source_unavailable,,,,0,,
us_federal_enforcement_crypto_2017_2026,2008-03,discovery_only_2008_2012,discovery_ledger_only,source_unavailable,,,,0,,
us_federal_enforcement_crypto_2017_2026,2008-04,discovery_only_2008_2012,discovery_ledger_only,source_unavailable,,,,0,,
us_federal_enforcement_crypto_2017_2026,2008-05,discovery_only_2008_2012,discovery_ledger_only,source_unavailable,,,,0,,
us_federal_enforcement_crypto_2017_2026,2008-06,discovery_only_2008_2012,discovery_ledger_only,source_unavailable,,,,0,,
us_federal_enforcement_crypto_2017_2026,2008-07,discovery_only_2008_2012,discovery_ledger_only,candidate_found,egold-doj-guilty-plea-2008-07,,,0,events/egold-doj-guilty-plea-2008-07.yaml,
us_federal_enforcement_crypto_2017_2026,2008-08,discovery_only_2008_2012,discovery_ledger_only,candidate_found,ebullion-doj-fbi-seizure-2008-08,,,0,events/ebullion-doj-fbi-seizure-2008-08.yaml,
us_federal_enforcement_crypto_2017_2026,2008-09,discovery_only_2008_2012,discovery_ledger_only,source_unavailable,,,,0,,
us_federal_enforcement_crypto_2017_2026,2008-10,discovery_only_2008_2012,discovery_ledger_only,source_unavailable,,,,0,,
us_federal_enforcement_crypto_2017_2026,2008-11,discovery_only_2008_2012,discovery_ledger_only,source_unavailable,,,,0,,
us_federal_enforcement_crypto_2017_2026,2008-12,discovery_only_2008_2012,discovery_ledger_only,source_unavailable,,,,0,,
us_federal_enforcement_crypto_2017_2026,2009-01,discovery_only_2008_2012,discovery_ledger_only,source_unavailable,,,,0,,
us_federal_enforcement_crypto_2017_2026,2009-02,discovery_only_2008_2012,discovery_ledger_only,source_unavailable,,,,0,,
us_federal_enforcement_crypto_2017_2026,2009-03,discovery_only_2008_2012,discovery_ledger_only,source_unavailable,,,,0,,
us_federal_enforcement_crypto_2017_2026,2009-04,discovery_only_2008_2012,discovery_ledger_only,source_unavailable,,,,0,,
us_federal_enforcement_crypto_2017_2026,2009-05,discovery_only_2008_2012,discovery_ledger_only,source_unavailable,,,,0,,
us_federal_enforcement_crypto_2017_2026,2009-06,discovery_only_2008_2012,discovery_ledger_only,source_unavailable,,,,0,,
us_federal_enforcement_crypto_2017_2026,2009-07,discovery_only_2008_2012,discovery_ledger_only,source_unavailable,,,,0,,
us_federal_enforcement_crypto_2017_2026,2009-08,discovery_only_2008_2012,discovery_ledger_only,source_unavailable,,,,0,,
us_federal_enforcement_crypto_2017_2026,2009-09,discovery_only_2008_2012,discovery_ledger_only,source_unavailable,,,,0,,
us_federal_enforcement_crypto_2017_2026,2009-10,discovery_only_2008_2012,discovery_ledger_only,source_unavailable,,,,0,,
us_federal_enforcement_crypto_2017_2026,2009-11,discovery_only_2008_2012,discovery_ledger_only,source_unavailable,,,,0,,
us_federal_enforcement_crypto_2017_2026,2009-12,discovery_only_2008_2012,discovery_ledger_only,source_unavailable,,,,0,,
us_federal_enforcement_crypto_2017_2026,2010-01,discovery_only_2008_2012,discovery_ledger_only,source_unavailable,,,,0,,
us_federal_enforcement_crypto_2017_2026,2010-02,discovery_only_2008_2012,discovery_ledger_only,source_unavailable,,,,0,,
us_federal_enforcement_crypto_2017_2026,2010-03,discovery_only_2008_2012,discovery_ledger_only,source_unavailable,,,,0,,
us_federal_enforcement_crypto_2017_2026,2010-04,discovery_only_2008_2012,discovery_ledger_only,source_unavailable,,,,0,,
us_federal_enforcement_crypto_2017_2026,2010-05,discovery_only_2008_2012,discovery_ledger_only,source_unavailable,,,,0,,
us_federal_enforcement_crypto_2017_2026,2010-06,discovery_only_2008_2012,discovery_ledger_only,source_unavailable,,,,0,,
us_federal_enforcement_crypto_2017_2026,2010-07,discovery_only_2008_2012,discovery_ledger_only,source_unavailable,,,,0,,
us_federal_enforcement_crypto_2017_2026,2010-08,discovery_only_2008_2012,discovery_ledger_only,source_unavailable,,,,0,,
us_federal_enforcement_crypto_2017_2026,2010-09,discovery_only_2008_2012,discovery_ledger_only,source_unavailable,,,,0,,
us_federal_enforcement_crypto_2017_2026,2010-10,discovery_only_2008_2012,discovery_ledger_only,source_unavailable,,,,0,,
us_federal_enforcement_crypto_2017_2026,2010-11,discovery_only_2008_2012,discovery_ledger_only,source_unavailable,,,,0,,
us_federal_enforcement_crypto_2017_2026,2010-12,discovery_only_2008_2012,discovery_ledger_only,source_unavailable,,,,0,,
us_federal_enforcement_crypto_2017_2026,2011-01,discovery_only_2008_2012,discovery_ledger_only,source_unavailable,,,,0,,
us_federal_enforcement_crypto_2017_2026,2011-02,discovery_only_2008_2012,discovery_ledger_only,source_unavailable,,,,0,,
us_federal_enforcement_crypto_2017_2026,2011-03,discovery_only_2008_2012,discovery_ledger_only,source_unavailable,,,,0,,
us_federal_enforcement_crypto_2017_2026,2011-04,discovery_only_2008_2012,discovery_ledger_only,source_unavailable,,,,0,,
us_federal_enforcement_crypto_2017_2026,2011-05,discovery_only_2008_2012,discovery_ledger_only,source_unavailable,,,,0,,
us_federal_enforcement_crypto_2017_2026,2011-06,discovery_only_2008_2012,discovery_ledger_only,source_unavailable,,,,0,,
us_federal_enforcement_crypto_2017_2026,2011-07,discovery_only_2008_2012,discovery_ledger_only,source_unavailable,,,,0,,
us_federal_enforcement_crypto_2017_2026,2011-08,discovery_only_2008_2012,discovery_ledger_only,source_unavailable,,,,0,,
us_federal_enforcement_crypto_2017_2026,2011-09,discovery_only_2008_2012,discovery_ledger_only,source_unavailable,,,,0,,
us_federal_enforcement_crypto_2017_2026,2011-10,discovery_only_2008_2012,discovery_ledger_only,source_unavailable,,,,0,,
us_federal_enforcement_crypto_2017_2026,2011-11,discovery_only_2008_2012,discovery_ledger_only,source_unavailable,,,,0,,
us_federal_enforcement_crypto_2017_2026,2011-12,discovery_only_2008_2012,discovery_ledger_only,source_unavailable,,,,0,,
us_federal_enforcement_crypto_2017_2026,2012-01,discovery_only_2008_2012,discovery_ledger_only,source_unavailable,,,,0,,
us_federal_enforcement_crypto_2017_2026,2012-02,discovery_only_2008_2012,discovery_ledger_only,source_unavailable,,,,0,,
us_federal_enforcement_crypto_2017_2026,2012-03,discovery_only_2008_2012,discovery_ledger_only,source_unavailable,,,,0,,
us_federal_enforcement_crypto_2017_2026,2012-04,discovery_only_2008_2012,discovery_ledger_only,candidate_found,fbi-bitcoin-intelligence-assessment-2012-04,,,0,events/fbi-bitcoin-intelligence-assessment-2012-04.yaml,
us_federal_enforcement_crypto_2017_2026,2012-05,discovery_only_2008_2012,discovery_ledger_only,source_unavailable,,,,0,,
us_federal_enforcement_crypto_2017_2026,2012-06,discovery_only_2008_2012,discovery_ledger_only,source_unavailable,,,,0,,
us_federal_enforcement_crypto_2017_2026,2012-07,discovery_only_2008_2012,discovery_ledger_only,candidate_found,datacell-v-valitor-iceland-district-court-2012-07,,,0,events/datacell-v-valitor-iceland-district-court-2012-07.yaml,
us_federal_enforcement_crypto_2017_2026,2012-08,discovery_only_2008_2012,discovery_ledger_only,source_unavailable,,,,0,,
us_federal_enforcement_crypto_2017_2026,2012-09,discovery_only_2008_2012,discovery_ledger_only,source_unavailable,,,,0,,
us_federal_enforcement_crypto_2017_2026,2012-10,discovery_only_2008_2012,discovery_ledger_only,source_unavailable,,,,0,,
us_federal_enforcement_crypto_2017_2026,2012-11,discovery_only_2008_2012,discovery_ledger_only,source_unavailable,,,,0,,
us_federal_enforcement_crypto_2017_2026,2012-12,discovery_only_2008_2012,discovery_ledger_only,source_unavailable,,,,0,,
us_federal_enforcement_crypto_2017_2026,2013-01,historical_baseline_2013_2016,historical_baseline,source_unavailable,,,,0,,
us_federal_enforcement_crypto_2017_2026,2013-02,historical_baseline_2013_2016,historical_baseline,source_unavailable,,,,0,,
us_federal_enforcement_crypto_2017_2026,2013-03,historical_baseline_2013_2016,historical_baseline,candidate_found,fincen-virtual-currency-msb-guidance-2013,,,1,"events/fincen-virtual-currency-msb-guidance-2013.yaml,sources/source_frame_triage/us_federal_enforcement_archives.csv",class-level guidance with no concrete target
us_federal_enforcement_crypto_2017_2026,2013-04,historical_baseline_2013_2016,historical_baseline,source_unavailable,,,,0,,
us_federal_enforcement_crypto_2017_2026,2013-05,historical_baseline_2013_2016,historical_baseline,candidate_found,"mtgox-coinlab-civil-2013,mtgox-dhs-dwolla-wells-fargo-seizure-2013",,,1,"events/mtgox-coinlab-civil-2013.yaml,events/mtgox-dhs-dwolla-wells-fargo-seizure-2013.yaml,sources/source_frame_triage/us_federal_enforcement_archives.csv",non-blockchain digital-currency precursor retained as screened context not comparable crypto target
us_federal_enforcement_crypto_2017_2026,2013-06,historical_baseline_2013_2016,historical_baseline,pending,,,,0,,
us_federal_enforcement_crypto_2017_2026,2013-07,historical_baseline_2013_2016,historical_baseline,candidate_found,sec-shavers-btcst-2013,candidate-sec-shavers-btcst-2013,sec-shavers-btcst-2013,0,"events/sec-shavers-btcst-2013.yaml,candidate_triggers/sec-shavers-btcst-2013.yaml",Historical-baseline SEC Bitcoin enforcement candidate. Promotion needs replayable case filings and a scoped platform/asset/rail observation rather than relying on the SEC press release alone.
us_federal_enforcement_crypto_2017_2026,2013-08,historical_baseline_2013_2016,historical_baseline,pending,,,,0,,
us_federal_enforcement_crypto_2017_2026,2013-09,historical_baseline_2013_2016,historical_baseline,pending,,,,0,,
us_federal_enforcement_crypto_2017_2026,2013-10,historical_baseline_2013_2016,historical_baseline,candidate_found,silk-road-doj-seizure-2013,candidate-silk-road-doj-seizure-2013,silk-road-doj-seizure-2013,0,"events/silk-road-doj-seizure-2013.yaml,candidate_triggers/silk-road-doj-seizure-2013.yaml","Historical-baseline marketplace seizure candidate. Promotion needs website seizure evidence, forfeiture/order anchors, and wallet-level asset evidence that can be represented without contaminating 2017+ comparable denominators."
us_federal_enforcement_crypto_2017_2026,2013-11,historical_baseline_2013_2016,historical_baseline,pending,,,,0,,
us_federal_enforcement_crypto_2017_2026,2013-12,historical_baseline_2013_2016,historical_baseline,pending,,,,0,,
us_federal_enforcement_crypto_2017_2026,2014-01,historical_baseline_2013_2016,historical_baseline,candidate_found,shrem-faiella-bitcoin-exchange-2014,,,1,"events/shrem-faiella-bitcoin-exchange-2014.yaml,sources/source_frame_triage/us_federal_enforcement_archives.csv",class-level administrative rulings with no named enforcement target
us_federal_enforcement_crypto_2017_2026,2014-02,historical_baseline_2013_2016,historical_baseline,pending,,,,0,,
us_federal_enforcement_crypto_2017_2026,2014-03,historical_baseline_2013_2016,historical_baseline,pending,,,,0,,
us_federal_enforcement_crypto_2017_2026,2014-04,historical_baseline_2013_2016,historical_baseline,pending,,,,0,,
us_federal_enforcement_crypto_2017_2026,2014-05,historical_baseline_2013_2016,historical_baseline,pending,,,,0,,
us_federal_enforcement_crypto_2017_2026,2014-06,historical_baseline_2013_2016,historical_baseline,candidate_found,sec-voorhees-satoshidice-2014,candidate-sec-voorhees-satoshidice-2014,sec-voorhees-satoshidice-2014,0,"events/sec-voorhees-satoshidice-2014.yaml,candidate_triggers/sec-voorhees-satoshidice-2014.yaml",Historical-baseline SEC unregistered-offering candidate. Promotion needs archived SatoshiDICE / FeedZeBirds surface evidence or a defensible no-change coverage row.
us_federal_enforcement_crypto_2017_2026,2014-07,historical_baseline_2013_2016,historical_baseline,pending,,,,0,,
us_federal_enforcement_crypto_2017_2026,2014-08,historical_baseline_2013_2016,historical_baseline,pending,,,,0,,
us_federal_enforcement_crypto_2017_2026,2014-09,historical_baseline_2013_2016,historical_baseline,candidate_found,,candidate-shrem-faiella-bitcoin-exchange-2014,shrem-faiella-bitcoin-exchange-2014,0,candidate_triggers/shrem-faiella-bitcoin-exchange-2014.yaml,Historical-baseline DOJ exchange/MSB candidate. Promotion needs a clean target split between BitInstant and BTCKing plus evidence of platform or rail-state change.
us_federal_enforcement_crypto_2017_2026,2014-10,historical_baseline_2013_2016,historical_baseline,pending,,,,0,,
us_federal_enforcement_crypto_2017_2026,2014-11,historical_baseline_2013_2016,historical_baseline,pending,,,,0,,
us_federal_enforcement_crypto_2017_2026,2014-12,historical_baseline_2013_2016,historical_baseline,candidate_found,"powell-unlicensed-bitcoin-exchange-2014,sec-burnside-bitcoin-stock-exchange-2014",candidate-powell-unlicensed-bitcoin-exchange-2014,powell-unlicensed-bitcoin-exchange-2014,0,"events/powell-unlicensed-bitcoin-exchange-2014.yaml,events/sec-burnside-bitcoin-stock-exchange-2014.yaml,candidate_triggers/powell-unlicensed-bitcoin-exchange-2014.yaml","Historical-baseline DOJ unlicensed Bitcoin exchange candidate. Promoted 2026-05-16: this is **John D. Powell** of Normal, IL (McLean County) — an individual unlicensed-MSB cash-for-bitcoin operator prosecuted USDC CDIL, sentenced 2014-12-04 to 48 months under 18 U.S.C. § 1960; NOT Kraken's Jesse Powell, and NOT the BitFunder case (Jon Montroll, SDNY 2018). Single offramp_cex observed_change (individual-operator MSB termination at sentencing-remand to U.S. Marshals custody); attribution=direct; empirical_case. No corporate vehicle, no clearnet domain, no platform surface beyond the individual operator."
us_federal_enforcement_crypto_2017_2026,2015-01,historical_baseline_2013_2016,historical_baseline,pending,,,,0,,
us_federal_enforcement_crypto_2017_2026,2015-02,historical_baseline_2013_2016,historical_baseline,pending,,,,0,,
us_federal_enforcement_crypto_2017_2026,2015-03,historical_baseline_2013_2016,historical_baseline,pending,,,,0,,
us_federal_enforcement_crypto_2017_2026,2015-04,historical_baseline_2013_2016,historical_baseline,pending,,,,0,,
us_federal_enforcement_crypto_2017_2026,2015-05,historical_baseline_2013_2016,historical_baseline,candidate_found,ripple-fincen-xrp-2015,candidate-ripple-fincen-xrp-2015,ripple-fincen-xrp-2015,0,"events/ripple-fincen-xrp-2015.yaml,candidate_triggers/ripple-fincen-xrp-2015.yaml",Historical-baseline FinCEN/XRP candidate. Promotion needs settlement/order anchors and a conservative observation surface; do not treat general AML undertakings as a layer change without replayable evidence.
us_federal_enforcement_crypto_2017_2026,2015-06,historical_baseline_2013_2016,historical_baseline,candidate_found,nydfs-bitlicense-2015-06,,,0,events/nydfs-bitlicense-2015-06.yaml,
us_federal_enforcement_crypto_2017_2026,2015-07,historical_baseline_2013_2016,historical_baseline,candidate_found,coin-mx-doj-murgio-2015,,,0,events/coin-mx-doj-murgio-2015.yaml,
us_federal_enforcement_crypto_2017_2026,2015-08,historical_baseline_2013_2016,historical_baseline,candidate_found,"karpeles-arrest-tokyo-mtgox-2015,nydfs-bitlicense-bitfinex-kraken-shapeshift-exit-2015",,,0,"events/karpeles-arrest-tokyo-mtgox-2015.yaml,events/nydfs-bitlicense-bitfinex-kraken-shapeshift-exit-2015.yaml",
us_federal_enforcement_crypto_2017_2026,2015-09,historical_baseline_2013_2016,historical_baseline,candidate_found,"coinflip-cftc-derivabit-2015,teraexchange-cftc-bitcoin-swap-2015",candidate-teraexchange-cftc-bitcoin-swap-2015,teraexchange-cftc-bitcoin-swap-2015,0,"events/coinflip-cftc-derivabit-2015.yaml,events/teraexchange-cftc-bitcoin-swap-2015.yaml,candidate_triggers/teraexchange-cftc-bitcoin-swap-2015.yaml","Promoted 2026-05-16 to events/teraexchange-cftc-bitcoin-swap-2015.yaml as a historical_baseline empirical_case (offramp_cex regulator regime-change observation, attribution=direct). Brief's ""$300K civil penalty"" was rejected on inspection of the 9-page CFTC Order (no civil monetary penalty in the 2015-09-24 instrument); see admitted event analysis_notes for the brief-vs-source correction."
us_federal_enforcement_crypto_2017_2026,2015-10,historical_baseline_2013_2016,historical_baseline,pending,,,,0,,
us_federal_enforcement_crypto_2017_2026,2015-11,historical_baseline_2013_2016,historical_baseline,pending,,,,0,,
us_federal_enforcement_crypto_2017_2026,2015-12,historical_baseline_2013_2016,historical_baseline,candidate_found,sec-garza-gaw-miners-zenminer-2015,,,0,events/sec-garza-gaw-miners-zenminer-2015.yaml,
us_federal_enforcement_crypto_2017_2026,2016-01,historical_baseline_2013_2016,historical_baseline,pending,,,,0,,
us_federal_enforcement_crypto_2017_2026,2016-02,historical_baseline_2013_2016,historical_baseline,pending,,,,0,,
us_federal_enforcement_crypto_2017_2026,2016-03,historical_baseline_2013_2016,historical_baseline,pending,,,,0,,
us_federal_enforcement_crypto_2017_2026,2016-04,historical_baseline_2013_2016,historical_baseline,pending,,,,0,,
us_federal_enforcement_crypto_2017_2026,2016-05,historical_baseline_2013_2016,historical_baseline,pending,,,,0,,
us_federal_enforcement_crypto_2017_2026,2016-06,historical_baseline_2013_2016,historical_baseline,candidate_found,bitfinex-cftc-retail-commodity-2016,candidate-bitfinex-cftc-retail-commodity-2016,bitfinex-cftc-retail-commodity-2016,0,"events/bitfinex-cftc-retail-commodity-2016.yaml,candidate_triggers/bitfinex-cftc-retail-commodity-2016.yaml","Historical-baseline Bitfinex/CFTC candidate. Promotion needs evidence of custody, margin, or U.S.-user service changes tied to the order."
us_federal_enforcement_crypto_2017_2026,2016-07,historical_baseline_2013_2016,historical_baseline,pending,,,,0,,
us_federal_enforcement_crypto_2017_2026,2016-08,historical_baseline_2013_2016,historical_baseline,pending,,,,0,,
us_federal_enforcement_crypto_2017_2026,2016-09,historical_baseline_2013_2016,historical_baseline,pending,,,,0,,
us_federal_enforcement_crypto_2017_2026,2016-10,historical_baseline_2013_2016,historical_baseline,pending,,,,0,,
us_federal_enforcement_crypto_2017_2026,2016-11,historical_baseline_2013_2016,historical_baseline,candidate_found,coinbase-irs-john-doe-summons-2016,,,0,events/coinbase-irs-john-doe-summons-2016.yaml,
us_federal_enforcement_crypto_2017_2026,2016-12,historical_baseline_2013_2016,historical_baseline,pending,,,,0,,
us_federal_enforcement_crypto_2017_2026,2017-01,comparable_main_2017_present,comparable_analysis,pending,,,,0,,
us_federal_enforcement_crypto_2017_2026,2017-02,comparable_main_2017_present,comparable_analysis,pending,,,,0,,
us_federal_enforcement_crypto_2017_2026,2017-03,comparable_main_2017_present,comparable_analysis,pending,,,,0,,
us_federal_enforcement_crypto_2017_2026,2017-04,comparable_main_2017_present,comparable_analysis,pending,,,,0,,
us_federal_enforcement_crypto_2017_2026,2017-05,comparable_main_2017_present,comparable_analysis,pending,,,,0,,
us_federal_enforcement_crypto_2017_2026,2017-06,comparable_main_2017_present,comparable_analysis,pending,,,,0,,
us_federal_enforcement_crypto_2017_2026,2017-07,comparable_main_2017_present,comparable_analysis,candidate_found,"alphabay-hansa-doj-2017,btc-e-doj-2017",candidate-alphabay-hansa-doj-2017,alphabay-hansa-doj-2017,0,"events/alphabay-hansa-doj-2017.yaml,events/btc-e-doj-2017.yaml,candidate_triggers/alphabay-hansa-doj-2017.yaml",Candidate S3 takedown case. Promotion needs domain seizure / marketplace frontend evidence and a decision on whether AlphaBay and Hansa are one joint operation event or separate frame units.
us_federal_enforcement_crypto_2017_2026,2017-08,comparable_main_2017_present,comparable_analysis,pending,,,,0,,
us_federal_enforcement_crypto_2017_2026,2017-09,comparable_main_2017_present,comparable_analysis,pending,,,,0,,
us_federal_enforcement_crypto_2017_2026,2017-10,comparable_main_2017_present,comparable_analysis,pending,,,,0,,
us_federal_enforcement_crypto_2017_2026,2017-11,comparable_main_2017_present,comparable_analysis,pending,,,,0,,
us_federal_enforcement_crypto_2017_2026,2017-12,comparable_main_2017_present,comparable_analysis,pending,,,,0,,
us_federal_enforcement_crypto_2017_2026,2018-01,comparable_main_2017_present,comparable_analysis,pending,,,,0,,
us_federal_enforcement_crypto_2017_2026,2018-02,comparable_main_2017_present,comparable_analysis,pending,,,,0,,
us_federal_enforcement_crypto_2017_2026,2018-03,comparable_main_2017_present,comparable_analysis,pending,,,,0,,
us_federal_enforcement_crypto_2017_2026,2018-04,comparable_main_2017_present,comparable_analysis,pending,,,,0,,
us_federal_enforcement_crypto_2017_2026,2018-05,comparable_main_2017_present,comparable_analysis,pending,,,,0,,
us_federal_enforcement_crypto_2017_2026,2018-06,comparable_main_2017_present,comparable_analysis,pending,,,,0,,
us_federal_enforcement_crypto_2017_2026,2018-07,comparable_main_2017_present,comparable_analysis,pending,,,,0,,
us_federal_enforcement_crypto_2017_2026,2018-08,comparable_main_2017_present,comparable_analysis,pending,,,,0,,
us_federal_enforcement_crypto_2017_2026,2018-09,comparable_main_2017_present,comparable_analysis,pending,,,,0,,
us_federal_enforcement_crypto_2017_2026,2018-10,comparable_main_2017_present,comparable_analysis,pending,,,,0,,
us_federal_enforcement_crypto_2017_2026,2018-11,comparable_main_2017_present,comparable_analysis,pending,,,,0,,
us_federal_enforcement_crypto_2017_2026,2018-12,comparable_main_2017_present,comparable_analysis,pending,,,,0,,
us_federal_enforcement_crypto_2017_2026,2019-01,comparable_main_2017_present,comparable_analysis,pending,,,,0,,
us_federal_enforcement_crypto_2017_2026,2019-02,comparable_main_2017_present,comparable_analysis,pending,,,,0,,
us_federal_enforcement_crypto_2017_2026,2019-03,comparable_main_2017_present,comparable_analysis,pending,,,,0,,
us_federal_enforcement_crypto_2017_2026,2019-04,comparable_main_2017_present,comparable_analysis,pending,,,,0,,
us_federal_enforcement_crypto_2017_2026,2019-05,comparable_main_2017_present,comparable_analysis,pending,,,,0,,
us_federal_enforcement_crypto_2017_2026,2019-06,comparable_main_2017_present,comparable_analysis,pending,,,,0,,
us_federal_enforcement_crypto_2017_2026,2019-07,comparable_main_2017_present,comparable_analysis,pending,,,,0,,
us_federal_enforcement_crypto_2017_2026,2019-08,comparable_main_2017_present,comparable_analysis,pending,,,,0,,
us_federal_enforcement_crypto_2017_2026,2019-09,comparable_main_2017_present,comparable_analysis,pending,,,,0,,
us_federal_enforcement_crypto_2017_2026,2019-10,comparable_main_2017_present,comparable_analysis,candidate_found,welcome-to-video-doj-2019,,,0,events/welcome-to-video-doj-2019.yaml,
us_federal_enforcement_crypto_2017_2026,2019-11,comparable_main_2017_present,comparable_analysis,pending,,,,0,,
us_federal_enforcement_crypto_2017_2026,2019-12,comparable_main_2017_present,comparable_analysis,pending,,,,0,,
us_federal_enforcement_crypto_2017_2026,2020-01,comparable_main_2017_present,comparable_analysis,pending,,,,0,,
us_federal_enforcement_crypto_2017_2026,2020-02,comparable_main_2017_present,comparable_analysis,candidate_found,helix-doj-mixer-2020,,,0,events/helix-doj-mixer-2020.yaml,
us_federal_enforcement_crypto_2017_2026,2020-03,comparable_main_2017_present,comparable_analysis,candidate_found,sec-v-telegram-ton-2020,,,0,events/sec-v-telegram-ton-2020.yaml,
us_federal_enforcement_crypto_2017_2026,2020-04,comparable_main_2017_present,comparable_analysis,pending,,,,0,,
us_federal_enforcement_crypto_2017_2026,2020-05,comparable_main_2017_present,comparable_analysis,pending,,,,0,,
us_federal_enforcement_crypto_2017_2026,2020-06,comparable_main_2017_present,comparable_analysis,pending,,,,0,,
us_federal_enforcement_crypto_2017_2026,2020-07,comparable_main_2017_present,comparable_analysis,pending,,,,0,,
us_federal_enforcement_crypto_2017_2026,2020-08,comparable_main_2017_present,comparable_analysis,pending,,,,0,,
us_federal_enforcement_crypto_2017_2026,2020-09,comparable_main_2017_present,comparable_analysis,pending,,,,0,,
us_federal_enforcement_crypto_2017_2026,2020-10,comparable_main_2017_present,comparable_analysis,candidate_found,bitmex-cftc-doj-2020,candidate-bitmex-cftc-doj-2020,bitmex-cftc-doj-2020,0,"events/bitmex-cftc-doj-2020.yaml,candidate_triggers/bitmex-cftc-doj-2020.yaml","Candidate S3 exchange-enforcement case. Promotion needs BitMEX user-region restrictions, KYC / access-change evidence, or anchored no-change coverage after the CFTC/DOJ action."
us_federal_enforcement_crypto_2017_2026,2020-11,comparable_main_2017_present,comparable_analysis,pending,,,,0,,
us_federal_enforcement_crypto_2017_2026,2020-12,comparable_main_2017_present,comparable_analysis,candidate_found,sec-v-ripple-2020,,,0,events/sec-v-ripple-2020.yaml,
us_federal_enforcement_crypto_2017_2026,2021-01,comparable_main_2017_present,comparable_analysis,pending,,,,0,,
us_federal_enforcement_crypto_2017_2026,2021-02,comparable_main_2017_present,comparable_analysis,pending,,,,0,,
us_federal_enforcement_crypto_2017_2026,2021-03,comparable_main_2017_present,comparable_analysis,pending,,,,0,,
us_federal_enforcement_crypto_2017_2026,2021-04,comparable_main_2017_present,comparable_analysis,pending,,,,0,,
us_federal_enforcement_crypto_2017_2026,2021-05,comparable_main_2017_present,comparable_analysis,pending,,,,0,,
us_federal_enforcement_crypto_2017_2026,2021-06,comparable_main_2017_present,comparable_analysis,pending,,,,0,,
us_federal_enforcement_crypto_2017_2026,2021-07,comparable_main_2017_present,comparable_analysis,pending,,,,0,,
us_federal_enforcement_crypto_2017_2026,2021-08,comparable_main_2017_present,comparable_analysis,pending,,,,0,,
us_federal_enforcement_crypto_2017_2026,2021-09,comparable_main_2017_present,comparable_analysis,pending,,,,0,,
us_federal_enforcement_crypto_2017_2026,2021-10,comparable_main_2017_present,comparable_analysis,candidate_found,bitfinex-tether-cftc-2021,,,0,events/bitfinex-tether-cftc-2021.yaml,
us_federal_enforcement_crypto_2017_2026,2021-11,comparable_main_2017_present,comparable_analysis,pending,,,,0,,
us_federal_enforcement_crypto_2017_2026,2021-12,comparable_main_2017_present,comparable_analysis,pending,,,,0,,
us_federal_enforcement_crypto_2017_2026,2022-01,comparable_main_2017_present,comparable_analysis,candidate_found,polymarket-cftc-geofence-2022-01,,,0,events/polymarket-cftc-geofence-2022-01.yaml,
us_federal_enforcement_crypto_2017_2026,2022-02,comparable_main_2017_present,comparable_analysis,candidate_found,blockfi-sec-lending-2022,candidate-blockfi-sec-lending-2022,blockfi-sec-lending-2022,0,"events/blockfi-sec-lending-2022.yaml,candidate_triggers/blockfi-sec-lending-2022.yaml",Candidate S3 product-removal case. Promotion needs replayable BlockFi product pages or customer notices showing halt to new US interest-account offerings.
us_federal_enforcement_crypto_2017_2026,2022-03,comparable_main_2017_present,comparable_analysis,pending,,,,0,,
us_federal_enforcement_crypto_2017_2026,2022-04,comparable_main_2017_present,comparable_analysis,candidate_found,hydra-doj-2022,,,0,events/hydra-doj-2022.yaml,
us_federal_enforcement_crypto_2017_2026,2022-05,comparable_main_2017_present,comparable_analysis,pending,,,,0,,
us_federal_enforcement_crypto_2017_2026,2022-06,comparable_main_2017_present,comparable_analysis,pending,,,,0,,
us_federal_enforcement_crypto_2017_2026,2022-07,comparable_main_2017_present,comparable_analysis,pending,,,,0,,
us_federal_enforcement_crypto_2017_2026,2022-08,comparable_main_2017_present,comparable_analysis,candidate_found,pertsev-nl-arrest-2022,,,0,events/pertsev-nl-arrest-2022.yaml,
us_federal_enforcement_crypto_2017_2026,2022-09,comparable_main_2017_present,comparable_analysis,candidate_found,cftc-v-ooki-dao-2022,,,0,events/cftc-v-ooki-dao-2022.yaml,
us_federal_enforcement_crypto_2017_2026,2022-10,comparable_main_2017_present,comparable_analysis,candidate_found,polynonce-bittrex-fincen-2022,,,0,events/polynonce-bittrex-fincen-2022.yaml,
us_federal_enforcement_crypto_2017_2026,2022-11,comparable_main_2017_present,comparable_analysis,pending,,,,0,,
us_federal_enforcement_crypto_2017_2026,2022-12,comparable_main_2017_present,comparable_analysis,candidate_found,"cftc-v-ftx-2022,ftx-bankman-fried-doj-2022,sec-v-ftx-2022",,,0,"events/cftc-v-ftx-2022.yaml,events/ftx-bankman-fried-doj-2022.yaml,events/sec-v-ftx-2022.yaml",
us_federal_enforcement_crypto_2017_2026,2023-01,comparable_main_2017_present,comparable_analysis,candidate_found,"bitzlato-doj-2023,genesis-sec-gemini-earn-2023",,,0,"events/bitzlato-doj-2023.yaml,events/genesis-sec-gemini-earn-2023.yaml",
us_federal_enforcement_crypto_2017_2026,2023-02,comparable_main_2017_present,comparable_analysis,candidate_found,"kraken-sec-staking-2023,oasis-app-wormhole-counter-exploit-2023-02",candidate-kraken-sec-staking-2023,kraken-sec-staking-2023,0,"events/kraken-sec-staking-2023.yaml,events/oasis-app-wormhole-counter-exploit-2023-02.yaml,candidate_triggers/kraken-sec-staking-2023.yaml","Candidate S3 service-removal case. Promotion needs archived Kraken terms, help-center, or customer-facing notice showing US staking shutdown."
us_federal_enforcement_crypto_2017_2026,2023-03,comparable_main_2017_present,comparable_analysis,candidate_found,"binance-cftc-2023,chipmixer-doj-2023,sec-beaxy-platform-shutdown-2023,sec-v-coinbase-staking-wells-2023,voyager-bankruptcy-doj-objection-2023",candidate-sec-beaxy-platform-shutdown-2023,sec-beaxy-platform-shutdown-2023,0,"events/binance-cftc-2023.yaml,events/chipmixer-doj-2023.yaml,events/sec-beaxy-platform-shutdown-2023.yaml,events/sec-v-coinbase-staking-wells-2023.yaml,events/voyager-bankruptcy-doj-objection-2023.yaml,candidate_triggers/sec-beaxy-platform-shutdown-2023.yaml",Candidate S3 direct platform-shutdown case. Promotion needs archived Beaxy shutdown/customer-return pages and a replayable frontend observation.
us_federal_enforcement_crypto_2017_2026,2023-04,comparable_main_2017_present,comparable_analysis,candidate_found,"kingdom-trust-fincen-2021,sec-v-bittrex-2023",,,0,"events/kingdom-trust-fincen-2021.yaml,events/sec-v-bittrex-2023.yaml",
us_federal_enforcement_crypto_2017_2026,2023-05,comparable_main_2017_present,comparable_analysis,pending,,,,0,,
us_federal_enforcement_crypto_2017_2026,2023-06,comparable_main_2017_present,comparable_analysis,candidate_found,"sec-v-binance-2023,sec-v-coinbase-2023",,,0,"events/sec-v-binance-2023.yaml,events/sec-v-coinbase-2023.yaml",
us_federal_enforcement_crypto_2017_2026,2023-07,comparable_main_2017_present,comparable_analysis,candidate_found,celsius-bankruptcy-mashinsky-doj-2023,,,0,events/celsius-bankruptcy-mashinsky-doj-2023.yaml,
us_federal_enforcement_crypto_2017_2026,2023-08,comparable_main_2017_present,comparable_analysis,candidate_found,"storm-semenov-doj-2023,tornado-cash-pertsev-doj-indictment-2023",,,0,"events/storm-semenov-doj-2023.yaml,events/tornado-cash-pertsev-doj-indictment-2023.yaml",
us_federal_enforcement_crypto_2017_2026,2023-09,comparable_main_2017_present,comparable_analysis,candidate_found,salame-ftx-campaign-finance-doj-2023,,,0,events/salame-ftx-campaign-finance-doj-2023.yaml,
us_federal_enforcement_crypto_2017_2026,2023-10,comparable_main_2017_present,comparable_analysis,pending,,,,0,,
us_federal_enforcement_crypto_2017_2026,2023-11,comparable_main_2017_present,comparable_analysis,candidate_found,"binance-4framework-2023,kraken-sec-unregistered-exchange-2023",,,0,"events/binance-4framework-2023.yaml,events/kraken-sec-unregistered-exchange-2023.yaml",
us_federal_enforcement_crypto_2017_2026,2023-12,comparable_main_2017_present,comparable_analysis,pending,,,,0,,
us_federal_enforcement_crypto_2017_2026,2024-01,comparable_main_2017_present,comparable_analysis,pending,,,,0,,
us_federal_enforcement_crypto_2017_2026,2024-02,comparable_main_2017_present,comparable_analysis,pending,,,,0,,
us_federal_enforcement_crypto_2017_2026,2024-03,comparable_main_2017_present,comparable_analysis,candidate_found,kucoin-doj-2024,candidate-kucoin-doj-2024,kucoin-doj-2024,0,"events/kucoin-doj-2024.yaml,candidate_triggers/kucoin-doj-2024.yaml","Candidate S3 exchange-enforcement case. Promotion needs evidence of US off-boarding, access restrictions, plea-related market exit, or anchored no-change coverage."
us_federal_enforcement_crypto_2017_2026,2024-04,comparable_main_2017_present,comparable_analysis,candidate_found,"samourai-doj-2024,sec-v-uniswap-wells-notice-2024",,,0,"events/samourai-doj-2024.yaml,events/sec-v-uniswap-wells-notice-2024.yaml",
us_federal_enforcement_crypto_2017_2026,2024-05,comparable_main_2017_present,comparable_analysis,pending,,,,0,,
us_federal_enforcement_crypto_2017_2026,2024-06,comparable_main_2017_present,comparable_analysis,pending,,,,0,,
us_federal_enforcement_crypto_2017_2026,2024-07,comparable_main_2017_present,comparable_analysis,candidate_found,bitmex-fincen-2024,,,0,events/bitmex-fincen-2024.yaml,
us_federal_enforcement_crypto_2017_2026,2024-08,comparable_main_2017_present,comparable_analysis,pending,,,,0,,
us_federal_enforcement_crypto_2017_2026,2024-09,comparable_main_2017_present,comparable_analysis,pending,,,,0,,
us_federal_enforcement_crypto_2017_2026,2024-10,comparable_main_2017_present,comparable_analysis,pending,,,,0,,
us_federal_enforcement_crypto_2017_2026,2024-11,comparable_main_2017_present,comparable_analysis,pending,,,,0,,
us_federal_enforcement_crypto_2017_2026,2024-12,comparable_main_2017_present,comparable_analysis,pending,,,,0,,
us_federal_enforcement_crypto_2017_2026,2025-01,comparable_main_2017_present,comparable_analysis,candidate_found,sinbad-doj-2024,,,0,events/sinbad-doj-2024.yaml,
us_federal_enforcement_crypto_2017_2026,2025-02,comparable_main_2017_present,comparable_analysis,pending,,,,0,,
us_federal_enforcement_crypto_2017_2026,2025-03,comparable_main_2017_present,comparable_analysis,pending,,,,0,,
us_federal_enforcement_crypto_2017_2026,2025-04,comparable_main_2017_present,comparable_analysis,pending,,,,0,,
us_federal_enforcement_crypto_2017_2026,2025-05,comparable_main_2017_present,comparable_analysis,pending,,,,0,,
us_federal_enforcement_crypto_2017_2026,2025-06,comparable_main_2017_present,comparable_analysis,pending,,,,0,,
us_federal_enforcement_crypto_2017_2026,2025-07,comparable_main_2017_present,comparable_analysis,pending,,,,0,,
us_federal_enforcement_crypto_2017_2026,2025-08,comparable_main_2017_present,comparable_analysis,candidate_found,tornado-cash-storm-conviction-2025,,,0,events/tornado-cash-storm-conviction-2025.yaml,
us_federal_enforcement_crypto_2017_2026,2025-09,comparable_main_2017_present,comparable_analysis,pending,,,,0,,
us_federal_enforcement_crypto_2017_2026,2025-10,comparable_main_2017_present,comparable_analysis,pending,,,,0,,
us_federal_enforcement_crypto_2017_2026,2025-11,comparable_main_2017_present,comparable_analysis,pending,,,,0,,
us_federal_enforcement_crypto_2017_2026,2025-12,comparable_main_2017_present,comparable_analysis,pending,,,,0,,
us_federal_enforcement_crypto_2017_2026,2026-01,comparable_main_2017_present,comparable_analysis,pending,,,,0,,
us_federal_enforcement_crypto_2017_2026,2026-02,comparable_main_2017_present,comparable_analysis,pending,,,,0,,
us_federal_enforcement_crypto_2017_2026,2026-03,comparable_main_2017_present,comparable_analysis,pending,,,,0,,
us_federal_enforcement_crypto_2017_2026,2026-04,comparable_main_2017_present,comparable_analysis,pending,,,,0,,
us_federal_enforcement_crypto_2017_2026,2026-05,comparable_main_2017_present,comparable_analysis,pending,,,,0,,
us_state_regulator_crypto_2014_2026,2008-01,discovery_only_2008_2012,discovery_ledger_only,source_unavailable,,,,0,,
us_state_regulator_crypto_2014_2026,2008-02,discovery_only_2008_2012,discovery_ledger_only,source_unavailable,,,,0,,
us_state_regulator_crypto_2014_2026,2008-03,discovery_only_2008_2012,discovery_ledger_only,source_unavailable,,,,0,,
us_state_regulator_crypto_2014_2026,2008-04,discovery_only_2008_2012,discovery_ledger_only,source_unavailable,,,,0,,
us_state_regulator_crypto_2014_2026,2008-05,discovery_only_2008_2012,discovery_ledger_only,source_unavailable,,,,0,,
us_state_regulator_crypto_2014_2026,2008-06,discovery_only_2008_2012,discovery_ledger_only,source_unavailable,,,,0,,
us_state_regulator_crypto_2014_2026,2008-07,discovery_only_2008_2012,discovery_ledger_only,source_unavailable,,,,0,,
us_state_regulator_crypto_2014_2026,2008-08,discovery_only_2008_2012,discovery_ledger_only,source_unavailable,,,,0,,
us_state_regulator_crypto_2014_2026,2008-09,discovery_only_2008_2012,discovery_ledger_only,source_unavailable,,,,0,,
us_state_regulator_crypto_2014_2026,2008-10,discovery_only_2008_2012,discovery_ledger_only,source_unavailable,,,,0,,
us_state_regulator_crypto_2014_2026,2008-11,discovery_only_2008_2012,discovery_ledger_only,source_unavailable,,,,0,,
us_state_regulator_crypto_2014_2026,2008-12,discovery_only_2008_2012,discovery_ledger_only,source_unavailable,,,,0,,
us_state_regulator_crypto_2014_2026,2009-01,discovery_only_2008_2012,discovery_ledger_only,source_unavailable,,,,0,,
us_state_regulator_crypto_2014_2026,2009-02,discovery_only_2008_2012,discovery_ledger_only,source_unavailable,,,,0,,
us_state_regulator_crypto_2014_2026,2009-03,discovery_only_2008_2012,discovery_ledger_only,source_unavailable,,,,0,,
us_state_regulator_crypto_2014_2026,2009-04,discovery_only_2008_2012,discovery_ledger_only,source_unavailable,,,,0,,
us_state_regulator_crypto_2014_2026,2009-05,discovery_only_2008_2012,discovery_ledger_only,source_unavailable,,,,0,,
us_state_regulator_crypto_2014_2026,2009-06,discovery_only_2008_2012,discovery_ledger_only,source_unavailable,,,,0,,
us_state_regulator_crypto_2014_2026,2009-07,discovery_only_2008_2012,discovery_ledger_only,source_unavailable,,,,0,,
us_state_regulator_crypto_2014_2026,2009-08,discovery_only_2008_2012,discovery_ledger_only,source_unavailable,,,,0,,
us_state_regulator_crypto_2014_2026,2009-09,discovery_only_2008_2012,discovery_ledger_only,source_unavailable,,,,0,,
us_state_regulator_crypto_2014_2026,2009-10,discovery_only_2008_2012,discovery_ledger_only,source_unavailable,,,,0,,
us_state_regulator_crypto_2014_2026,2009-11,discovery_only_2008_2012,discovery_ledger_only,source_unavailable,,,,0,,
us_state_regulator_crypto_2014_2026,2009-12,discovery_only_2008_2012,discovery_ledger_only,source_unavailable,,,,0,,
us_state_regulator_crypto_2014_2026,2010-01,discovery_only_2008_2012,discovery_ledger_only,source_unavailable,,,,0,,
us_state_regulator_crypto_2014_2026,2010-02,discovery_only_2008_2012,discovery_ledger_only,source_unavailable,,,,0,,
us_state_regulator_crypto_2014_2026,2010-03,discovery_only_2008_2012,discovery_ledger_only,source_unavailable,,,,0,,
us_state_regulator_crypto_2014_2026,2010-04,discovery_only_2008_2012,discovery_ledger_only,source_unavailable,,,,0,,
us_state_regulator_crypto_2014_2026,2010-05,discovery_only_2008_2012,discovery_ledger_only,source_unavailable,,,,0,,
us_state_regulator_crypto_2014_2026,2010-06,discovery_only_2008_2012,discovery_ledger_only,source_unavailable,,,,0,,
us_state_regulator_crypto_2014_2026,2010-07,discovery_only_2008_2012,discovery_ledger_only,source_unavailable,,,,0,,
us_state_regulator_crypto_2014_2026,2010-08,discovery_only_2008_2012,discovery_ledger_only,source_unavailable,,,,0,,
us_state_regulator_crypto_2014_2026,2010-09,discovery_only_2008_2012,discovery_ledger_only,source_unavailable,,,,0,,
us_state_regulator_crypto_2014_2026,2010-10,discovery_only_2008_2012,discovery_ledger_only,source_unavailable,,,,0,,
us_state_regulator_crypto_2014_2026,2010-11,discovery_only_2008_2012,discovery_ledger_only,source_unavailable,,,,0,,
us_state_regulator_crypto_2014_2026,2010-12,discovery_only_2008_2012,discovery_ledger_only,source_unavailable,,,,0,,
us_state_regulator_crypto_2014_2026,2011-01,discovery_only_2008_2012,discovery_ledger_only,source_unavailable,,,,0,,
us_state_regulator_crypto_2014_2026,2011-02,discovery_only_2008_2012,discovery_ledger_only,source_unavailable,,,,0,,
us_state_regulator_crypto_2014_2026,2011-03,discovery_only_2008_2012,discovery_ledger_only,source_unavailable,,,,0,,
us_state_regulator_crypto_2014_2026,2011-04,discovery_only_2008_2012,discovery_ledger_only,source_unavailable,,,,0,,
us_state_regulator_crypto_2014_2026,2011-05,discovery_only_2008_2012,discovery_ledger_only,source_unavailable,,,,0,,
us_state_regulator_crypto_2014_2026,2011-06,discovery_only_2008_2012,discovery_ledger_only,source_unavailable,,,,0,,
us_state_regulator_crypto_2014_2026,2011-07,discovery_only_2008_2012,discovery_ledger_only,source_unavailable,,,,0,,
us_state_regulator_crypto_2014_2026,2011-08,discovery_only_2008_2012,discovery_ledger_only,source_unavailable,,,,0,,
us_state_regulator_crypto_2014_2026,2011-09,discovery_only_2008_2012,discovery_ledger_only,source_unavailable,,,,0,,
us_state_regulator_crypto_2014_2026,2011-10,discovery_only_2008_2012,discovery_ledger_only,source_unavailable,,,,0,,
us_state_regulator_crypto_2014_2026,2011-11,discovery_only_2008_2012,discovery_ledger_only,source_unavailable,,,,0,,
us_state_regulator_crypto_2014_2026,2011-12,discovery_only_2008_2012,discovery_ledger_only,source_unavailable,,,,0,,
us_state_regulator_crypto_2014_2026,2012-01,discovery_only_2008_2012,discovery_ledger_only,source_unavailable,,,,0,,
us_state_regulator_crypto_2014_2026,2012-02,discovery_only_2008_2012,discovery_ledger_only,source_unavailable,,,,0,,
us_state_regulator_crypto_2014_2026,2012-03,discovery_only_2008_2012,discovery_ledger_only,source_unavailable,,,,0,,
us_state_regulator_crypto_2014_2026,2012-04,discovery_only_2008_2012,discovery_ledger_only,source_unavailable,,,,0,,
us_state_regulator_crypto_2014_2026,2012-05,discovery_only_2008_2012,discovery_ledger_only,source_unavailable,,,,0,,
us_state_regulator_crypto_2014_2026,2012-06,discovery_only_2008_2012,discovery_ledger_only,source_unavailable,,,,0,,
us_state_regulator_crypto_2014_2026,2012-07,discovery_only_2008_2012,discovery_ledger_only,source_unavailable,,,,0,,
us_state_regulator_crypto_2014_2026,2012-08,discovery_only_2008_2012,discovery_ledger_only,source_unavailable,,,,0,,
us_state_regulator_crypto_2014_2026,2012-09,discovery_only_2008_2012,discovery_ledger_only,source_unavailable,,,,0,,
us_state_regulator_crypto_2014_2026,2012-10,discovery_only_2008_2012,discovery_ledger_only,source_unavailable,,,,0,,
us_state_regulator_crypto_2014_2026,2012-11,discovery_only_2008_2012,discovery_ledger_only,source_unavailable,,,,0,,
us_state_regulator_crypto_2014_2026,2012-12,discovery_only_2008_2012,discovery_ledger_only,source_unavailable,,,,0,,
us_state_regulator_crypto_2014_2026,2013-01,historical_baseline_2013_2016,historical_baseline,source_unavailable,,,,0,,
us_state_regulator_crypto_2014_2026,2013-02,historical_baseline_2013_2016,historical_baseline,source_unavailable,,,,0,,
us_state_regulator_crypto_2014_2026,2013-03,historical_baseline_2013_2016,historical_baseline,source_unavailable,,,,0,,
us_state_regulator_crypto_2014_2026,2013-04,historical_baseline_2013_2016,historical_baseline,source_unavailable,,,,0,,
us_state_regulator_crypto_2014_2026,2013-05,historical_baseline_2013_2016,historical_baseline,source_unavailable,,,,0,,
us_state_regulator_crypto_2014_2026,2013-06,historical_baseline_2013_2016,historical_baseline,source_unavailable,,,,0,,
us_state_regulator_crypto_2014_2026,2013-07,historical_baseline_2013_2016,historical_baseline,source_unavailable,,,,0,,
us_state_regulator_crypto_2014_2026,2013-08,historical_baseline_2013_2016,historical_baseline,source_unavailable,,,,0,,
us_state_regulator_crypto_2014_2026,2013-09,historical_baseline_2013_2016,historical_baseline,source_unavailable,,,,0,,
us_state_regulator_crypto_2014_2026,2013-10,historical_baseline_2013_2016,historical_baseline,source_unavailable,,,,0,,
us_state_regulator_crypto_2014_2026,2013-11,historical_baseline_2013_2016,historical_baseline,source_unavailable,,,,0,,
us_state_regulator_crypto_2014_2026,2013-12,historical_baseline_2013_2016,historical_baseline,source_unavailable,,,,0,,
us_state_regulator_crypto_2014_2026,2014-01,historical_baseline_2013_2016,historical_baseline,source_unavailable,,,,0,,
us_state_regulator_crypto_2014_2026,2014-02,historical_baseline_2013_2016,historical_baseline,source_unavailable,,,,0,,
us_state_regulator_crypto_2014_2026,2014-03,historical_baseline_2013_2016,historical_baseline,source_unavailable,,,,0,,
us_state_regulator_crypto_2014_2026,2014-04,historical_baseline_2013_2016,historical_baseline,source_unavailable,,,,0,,
us_state_regulator_crypto_2014_2026,2014-05,historical_baseline_2013_2016,historical_baseline,source_unavailable,,,,0,,
us_state_regulator_crypto_2014_2026,2014-06,historical_baseline_2013_2016,historical_baseline,source_unavailable,,,,0,,
us_state_regulator_crypto_2014_2026,2014-07,historical_baseline_2013_2016,historical_baseline,pending,,,,0,,
us_state_regulator_crypto_2014_2026,2014-08,historical_baseline_2013_2016,historical_baseline,pending,,,,0,,
us_state_regulator_crypto_2014_2026,2014-09,historical_baseline_2013_2016,historical_baseline,pending,,,,0,,
us_state_regulator_crypto_2014_2026,2014-10,historical_baseline_2013_2016,historical_baseline,pending,,,,0,,
us_state_regulator_crypto_2014_2026,2014-11,historical_baseline_2013_2016,historical_baseline,pending,,,,0,,
us_state_regulator_crypto_2014_2026,2014-12,historical_baseline_2013_2016,historical_baseline,pending,,,,0,,
us_state_regulator_crypto_2014_2026,2015-01,historical_baseline_2013_2016,historical_baseline,pending,,,,0,,
us_state_regulator_crypto_2014_2026,2015-02,historical_baseline_2013_2016,historical_baseline,pending,,,,0,,
us_state_regulator_crypto_2014_2026,2015-03,historical_baseline_2013_2016,historical_baseline,pending,,,,0,,
us_state_regulator_crypto_2014_2026,2015-04,historical_baseline_2013_2016,historical_baseline,pending,,,,0,,
us_state_regulator_crypto_2014_2026,2015-05,historical_baseline_2013_2016,historical_baseline,pending,,,,0,,
us_state_regulator_crypto_2014_2026,2015-06,historical_baseline_2013_2016,historical_baseline,pending,,,,0,,
us_state_regulator_crypto_2014_2026,2015-07,historical_baseline_2013_2016,historical_baseline,pending,,,,0,,
us_state_regulator_crypto_2014_2026,2015-08,historical_baseline_2013_2016,historical_baseline,pending,,,,0,,
us_state_regulator_crypto_2014_2026,2015-09,historical_baseline_2013_2016,historical_baseline,pending,,,,0,,
us_state_regulator_crypto_2014_2026,2015-10,historical_baseline_2013_2016,historical_baseline,pending,,,,0,,
us_state_regulator_crypto_2014_2026,2015-11,historical_baseline_2013_2016,historical_baseline,pending,,,,0,,
us_state_regulator_crypto_2014_2026,2015-12,historical_baseline_2013_2016,historical_baseline,pending,,,,0,,
us_state_regulator_crypto_2014_2026,2016-01,historical_baseline_2013_2016,historical_baseline,pending,,,,0,,
us_state_regulator_crypto_2014_2026,2016-02,historical_baseline_2013_2016,historical_baseline,pending,,,,0,,
us_state_regulator_crypto_2014_2026,2016-03,historical_baseline_2013_2016,historical_baseline,pending,,,,0,,
us_state_regulator_crypto_2014_2026,2016-04,historical_baseline_2013_2016,historical_baseline,pending,,,,0,,
us_state_regulator_crypto_2014_2026,2016-05,historical_baseline_2013_2016,historical_baseline,pending,,,,0,,
us_state_regulator_crypto_2014_2026,2016-06,historical_baseline_2013_2016,historical_baseline,pending,,,,0,,
us_state_regulator_crypto_2014_2026,2016-07,historical_baseline_2013_2016,historical_baseline,pending,,,,0,,
us_state_regulator_crypto_2014_2026,2016-08,historical_baseline_2013_2016,historical_baseline,pending,,,,0,,
us_state_regulator_crypto_2014_2026,2016-09,historical_baseline_2013_2016,historical_baseline,pending,,,,0,,
us_state_regulator_crypto_2014_2026,2016-10,historical_baseline_2013_2016,historical_baseline,pending,,,,0,,
us_state_regulator_crypto_2014_2026,2016-11,historical_baseline_2013_2016,historical_baseline,pending,,,,0,,
us_state_regulator_crypto_2014_2026,2016-12,historical_baseline_2013_2016,historical_baseline,pending,,,,0,,
us_state_regulator_crypto_2014_2026,2017-01,comparable_main_2017_present,comparable_analysis,pending,,,,0,,
us_state_regulator_crypto_2014_2026,2017-02,comparable_main_2017_present,comparable_analysis,pending,,,,0,,
us_state_regulator_crypto_2014_2026,2017-03,comparable_main_2017_present,comparable_analysis,pending,,,,0,,
us_state_regulator_crypto_2014_2026,2017-04,comparable_main_2017_present,comparable_analysis,pending,,,,0,,
us_state_regulator_crypto_2014_2026,2017-05,comparable_main_2017_present,comparable_analysis,pending,,,,0,,
us_state_regulator_crypto_2014_2026,2017-06,comparable_main_2017_present,comparable_analysis,pending,,,,0,,
us_state_regulator_crypto_2014_2026,2017-07,comparable_main_2017_present,comparable_analysis,pending,,,,0,,
us_state_regulator_crypto_2014_2026,2017-08,comparable_main_2017_present,comparable_analysis,pending,,,,0,,
us_state_regulator_crypto_2014_2026,2017-09,comparable_main_2017_present,comparable_analysis,pending,,,,0,,
us_state_regulator_crypto_2014_2026,2017-10,comparable_main_2017_present,comparable_analysis,pending,,,,0,,
us_state_regulator_crypto_2014_2026,2017-11,comparable_main_2017_present,comparable_analysis,pending,,,,0,,
us_state_regulator_crypto_2014_2026,2017-12,comparable_main_2017_present,comparable_analysis,pending,,,,0,,
us_state_regulator_crypto_2014_2026,2018-01,comparable_main_2017_present,comparable_analysis,pending,,,,0,,
us_state_regulator_crypto_2014_2026,2018-02,comparable_main_2017_present,comparable_analysis,pending,,,,0,,
us_state_regulator_crypto_2014_2026,2018-03,comparable_main_2017_present,comparable_analysis,pending,,,,0,,
us_state_regulator_crypto_2014_2026,2018-04,comparable_main_2017_present,comparable_analysis,pending,,,,0,,
us_state_regulator_crypto_2014_2026,2018-05,comparable_main_2017_present,comparable_analysis,pending,,,,0,,
us_state_regulator_crypto_2014_2026,2018-06,comparable_main_2017_present,comparable_analysis,pending,,,,0,,
us_state_regulator_crypto_2014_2026,2018-07,comparable_main_2017_present,comparable_analysis,pending,,,,0,,
us_state_regulator_crypto_2014_2026,2018-08,comparable_main_2017_present,comparable_analysis,pending,,,,0,,
us_state_regulator_crypto_2014_2026,2018-09,comparable_main_2017_present,comparable_analysis,pending,,,,0,,
us_state_regulator_crypto_2014_2026,2018-10,comparable_main_2017_present,comparable_analysis,pending,,,,0,,
us_state_regulator_crypto_2014_2026,2018-11,comparable_main_2017_present,comparable_analysis,pending,,,,0,,
us_state_regulator_crypto_2014_2026,2018-12,comparable_main_2017_present,comparable_analysis,pending,,,,0,,
us_state_regulator_crypto_2014_2026,2019-01,comparable_main_2017_present,comparable_analysis,pending,,,,0,,
us_state_regulator_crypto_2014_2026,2019-02,comparable_main_2017_present,comparable_analysis,pending,,,,0,,
us_state_regulator_crypto_2014_2026,2019-03,comparable_main_2017_present,comparable_analysis,pending,,,,0,,
us_state_regulator_crypto_2014_2026,2019-04,comparable_main_2017_present,comparable_analysis,pending,,,,0,,
us_state_regulator_crypto_2014_2026,2019-05,comparable_main_2017_present,comparable_analysis,pending,,,,0,,
us_state_regulator_crypto_2014_2026,2019-06,comparable_main_2017_present,comparable_analysis,pending,,,,0,,
us_state_regulator_crypto_2014_2026,2019-07,comparable_main_2017_present,comparable_analysis,pending,,,,0,,
us_state_regulator_crypto_2014_2026,2019-08,comparable_main_2017_present,comparable_analysis,pending,,,,0,,
us_state_regulator_crypto_2014_2026,2019-09,comparable_main_2017_present,comparable_analysis,pending,,,,0,,
us_state_regulator_crypto_2014_2026,2019-10,comparable_main_2017_present,comparable_analysis,pending,,,,0,,
us_state_regulator_crypto_2014_2026,2019-11,comparable_main_2017_present,comparable_analysis,pending,,,,0,,
us_state_regulator_crypto_2014_2026,2019-12,comparable_main_2017_present,comparable_analysis,pending,,,,0,,
us_state_regulator_crypto_2014_2026,2020-01,comparable_main_2017_present,comparable_analysis,pending,,,,0,,
us_state_regulator_crypto_2014_2026,2020-02,comparable_main_2017_present,comparable_analysis,pending,,,,0,,
us_state_regulator_crypto_2014_2026,2020-03,comparable_main_2017_present,comparable_analysis,pending,,,,0,,
us_state_regulator_crypto_2014_2026,2020-04,comparable_main_2017_present,comparable_analysis,pending,,,,0,,
us_state_regulator_crypto_2014_2026,2020-05,comparable_main_2017_present,comparable_analysis,pending,,,,0,,
us_state_regulator_crypto_2014_2026,2020-06,comparable_main_2017_present,comparable_analysis,pending,,,,0,,
us_state_regulator_crypto_2014_2026,2020-07,comparable_main_2017_present,comparable_analysis,pending,,,,0,,
us_state_regulator_crypto_2014_2026,2020-08,comparable_main_2017_present,comparable_analysis,pending,,,,0,,
us_state_regulator_crypto_2014_2026,2020-09,comparable_main_2017_present,comparable_analysis,pending,,,,0,,
us_state_regulator_crypto_2014_2026,2020-10,comparable_main_2017_present,comparable_analysis,pending,,,,0,,
us_state_regulator_crypto_2014_2026,2020-11,comparable_main_2017_present,comparable_analysis,pending,,,,0,,
us_state_regulator_crypto_2014_2026,2020-12,comparable_main_2017_present,comparable_analysis,pending,,,,0,,
us_state_regulator_crypto_2014_2026,2021-01,comparable_main_2017_present,comparable_analysis,pending,,,,0,,
us_state_regulator_crypto_2014_2026,2021-02,comparable_main_2017_present,comparable_analysis,pending,,,,0,,
us_state_regulator_crypto_2014_2026,2021-03,comparable_main_2017_present,comparable_analysis,pending,,,,0,,
us_state_regulator_crypto_2014_2026,2021-04,comparable_main_2017_present,comparable_analysis,pending,,,,0,,
us_state_regulator_crypto_2014_2026,2021-05,comparable_main_2017_present,comparable_analysis,pending,,,,0,,
us_state_regulator_crypto_2014_2026,2021-06,comparable_main_2017_present,comparable_analysis,pending,,,,0,,
us_state_regulator_crypto_2014_2026,2021-07,comparable_main_2017_present,comparable_analysis,pending,,,,0,,
us_state_regulator_crypto_2014_2026,2021-08,comparable_main_2017_present,comparable_analysis,pending,,,,0,,
us_state_regulator_crypto_2014_2026,2021-09,comparable_main_2017_present,comparable_analysis,pending,,,,0,,
us_state_regulator_crypto_2014_2026,2021-10,comparable_main_2017_present,comparable_analysis,pending,,,,0,,
us_state_regulator_crypto_2014_2026,2021-11,comparable_main_2017_present,comparable_analysis,pending,,,,0,,
us_state_regulator_crypto_2014_2026,2021-12,comparable_main_2017_present,comparable_analysis,pending,,,,0,,
us_state_regulator_crypto_2014_2026,2022-01,comparable_main_2017_present,comparable_analysis,pending,,,,0,,
us_state_regulator_crypto_2014_2026,2022-02,comparable_main_2017_present,comparable_analysis,pending,,,,0,,
us_state_regulator_crypto_2014_2026,2022-03,comparable_main_2017_present,comparable_analysis,pending,,,,0,,
us_state_regulator_crypto_2014_2026,2022-04,comparable_main_2017_present,comparable_analysis,pending,,,,0,,
us_state_regulator_crypto_2014_2026,2022-05,comparable_main_2017_present,comparable_analysis,pending,,,,0,,
us_state_regulator_crypto_2014_2026,2022-06,comparable_main_2017_present,comparable_analysis,pending,,,,0,,
us_state_regulator_crypto_2014_2026,2022-07,comparable_main_2017_present,comparable_analysis,pending,,,,0,,
us_state_regulator_crypto_2014_2026,2022-08,comparable_main_2017_present,comparable_analysis,pending,,,,0,,
us_state_regulator_crypto_2014_2026,2022-09,comparable_main_2017_present,comparable_analysis,pending,,,,0,,
us_state_regulator_crypto_2014_2026,2022-10,comparable_main_2017_present,comparable_analysis,pending,,,,0,,
us_state_regulator_crypto_2014_2026,2022-11,comparable_main_2017_present,comparable_analysis,pending,,,,0,,
us_state_regulator_crypto_2014_2026,2022-12,comparable_main_2017_present,comparable_analysis,pending,,,,0,,
us_state_regulator_crypto_2014_2026,2023-01,comparable_main_2017_present,comparable_analysis,pending,,,,0,,
us_state_regulator_crypto_2014_2026,2023-02,comparable_main_2017_present,comparable_analysis,pending,,,,0,,
us_state_regulator_crypto_2014_2026,2023-03,comparable_main_2017_present,comparable_analysis,pending,,,,0,,
us_state_regulator_crypto_2014_2026,2023-04,comparable_main_2017_present,comparable_analysis,pending,,,,0,,
us_state_regulator_crypto_2014_2026,2023-05,comparable_main_2017_present,comparable_analysis,pending,,,,0,,
us_state_regulator_crypto_2014_2026,2023-06,comparable_main_2017_present,comparable_analysis,pending,,,,0,,
us_state_regulator_crypto_2014_2026,2023-07,comparable_main_2017_present,comparable_analysis,pending,,,,0,,
us_state_regulator_crypto_2014_2026,2023-08,comparable_main_2017_present,comparable_analysis,pending,,,,0,,
us_state_regulator_crypto_2014_2026,2023-09,comparable_main_2017_present,comparable_analysis,pending,,,,0,,
us_state_regulator_crypto_2014_2026,2023-10,comparable_main_2017_present,comparable_analysis,pending,,,,0,,
us_state_regulator_crypto_2014_2026,2023-11,comparable_main_2017_present,comparable_analysis,pending,,,,0,,
us_state_regulator_crypto_2014_2026,2023-12,comparable_main_2017_present,comparable_analysis,pending,,,,0,,
us_state_regulator_crypto_2014_2026,2024-01,comparable_main_2017_present,comparable_analysis,pending,,,,0,,
us_state_regulator_crypto_2014_2026,2024-02,comparable_main_2017_present,comparable_analysis,pending,,,,0,,
us_state_regulator_crypto_2014_2026,2024-03,comparable_main_2017_present,comparable_analysis,pending,,,,0,,
us_state_regulator_crypto_2014_2026,2024-04,comparable_main_2017_present,comparable_analysis,pending,,,,0,,
us_state_regulator_crypto_2014_2026,2024-05,comparable_main_2017_present,comparable_analysis,pending,,,,0,,
us_state_regulator_crypto_2014_2026,2024-06,comparable_main_2017_present,comparable_analysis,pending,,,,0,,
us_state_regulator_crypto_2014_2026,2024-07,comparable_main_2017_present,comparable_analysis,pending,,,,0,,
us_state_regulator_crypto_2014_2026,2024-08,comparable_main_2017_present,comparable_analysis,pending,,,,0,,
us_state_regulator_crypto_2014_2026,2024-09,comparable_main_2017_present,comparable_analysis,pending,,,,0,,
us_state_regulator_crypto_2014_2026,2024-10,comparable_main_2017_present,comparable_analysis,pending,,,,0,,
us_state_regulator_crypto_2014_2026,2024-11,comparable_main_2017_present,comparable_analysis,pending,,,,0,,
us_state_regulator_crypto_2014_2026,2024-12,comparable_main_2017_present,comparable_analysis,pending,,,,0,,
us_state_regulator_crypto_2014_2026,2025-01,comparable_main_2017_present,comparable_analysis,pending,,,,0,,
us_state_regulator_crypto_2014_2026,2025-02,comparable_main_2017_present,comparable_analysis,pending,,,,0,,
us_state_regulator_crypto_2014_2026,2025-03,comparable_main_2017_present,comparable_analysis,pending,,,,0,,
us_state_regulator_crypto_2014_2026,2025-04,comparable_main_2017_present,comparable_analysis,pending,,,,0,,
us_state_regulator_crypto_2014_2026,2025-05,comparable_main_2017_present,comparable_analysis,pending,,,,0,,
us_state_regulator_crypto_2014_2026,2025-06,comparable_main_2017_present,comparable_analysis,pending,,,,0,,
us_state_regulator_crypto_2014_2026,2025-07,comparable_main_2017_present,comparable_analysis,pending,,,,0,,
us_state_regulator_crypto_2014_2026,2025-08,comparable_main_2017_present,comparable_analysis,pending,,,,0,,
us_state_regulator_crypto_2014_2026,2025-09,comparable_main_2017_present,comparable_analysis,pending,,,,0,,
us_state_regulator_crypto_2014_2026,2025-10,comparable_main_2017_present,comparable_analysis,pending,,,,0,,
us_state_regulator_crypto_2014_2026,2025-11,comparable_main_2017_present,comparable_analysis,pending,,,,0,,
us_state_regulator_crypto_2014_2026,2025-12,comparable_main_2017_present,comparable_analysis,pending,,,,0,,
us_state_regulator_crypto_2014_2026,2026-01,comparable_main_2017_present,comparable_analysis,pending,,,,0,,
us_state_regulator_crypto_2014_2026,2026-02,comparable_main_2017_present,comparable_analysis,pending,,,,0,,
us_state_regulator_crypto_2014_2026,2026-03,comparable_main_2017_present,comparable_analysis,pending,,,,0,,
us_state_regulator_crypto_2014_2026,2026-04,comparable_main_2017_present,comparable_analysis,pending,,,,0,,
us_state_regulator_crypto_2014_2026,2026-05,comparable_main_2017_present,comparable_analysis,pending,,,,0,,
