event_id,status,research_stratum,admission_tier,trigger_type,jurisdiction,layer,coverage_status,denominator_class,denominator_reason,denominator_artifact,rate_reportable,observed_change_count,observed_no_change_count,coverage_gap_count,direct_attribution_count,plausible_attribution_count,first_change_timestamp,source_file
1inch-us-geofence-2021-09,draft,S5_corporate,empirical_case,corporate_policy_change,US,l0_network,not_applicable,not_applicable,layer_not_applicable_to_trigger_target,events/*.yaml,no,0,0,0,0,0,,events/1inch-us-geofence-2021-09.yaml
1inch-us-geofence-2021-09,draft,S5_corporate,empirical_case,corporate_policy_change,US,l1_consensus,not_applicable,not_applicable,layer_not_applicable_to_trigger_target,events/*.yaml,no,0,0,0,0,0,,events/1inch-us-geofence-2021-09.yaml
1inch-us-geofence-2021-09,draft,S5_corporate,empirical_case,corporate_policy_change,US,l3_rpc,not_applicable,not_applicable,layer_not_applicable_to_trigger_target,events/*.yaml,no,0,0,0,0,0,,events/1inch-us-geofence-2021-09.yaml
1inch-us-geofence-2021-09,draft,S5_corporate,empirical_case,corporate_policy_change,US,l4_frontend,measured,measured_rate_denominator,coverage_status_measured_under_layer_protocol,events/*.yaml,yes,1,0,0,1,0,2021-09-29T00:00:00+00:00,events/1inch-us-geofence-2021-09.yaml
1inch-us-geofence-2021-09,draft,S5_corporate,empirical_case,corporate_policy_change,US,asset_onchain,not_applicable,not_applicable,layer_not_applicable_to_trigger_target,events/*.yaml,no,0,0,0,0,0,,events/1inch-us-geofence-2021-09.yaml
1inch-us-geofence-2021-09,draft,S5_corporate,empirical_case,corporate_policy_change,US,offramp_cex,not_applicable,not_applicable,layer_not_applicable_to_trigger_target,events/*.yaml,no,0,0,0,0,0,,events/1inch-us-geofence-2021-09.yaml
aave-arc-fireblocks-whitelist-2022-01,draft,S5_corporate,empirical_case,corporate_policy_change,corporate_global,l0_network,not_applicable,not_applicable,layer_not_applicable_to_trigger_target,events/*.yaml,no,0,0,0,0,0,,events/aave-arc-fireblocks-whitelist-2022-01.yaml
aave-arc-fireblocks-whitelist-2022-01,draft,S5_corporate,empirical_case,corporate_policy_change,corporate_global,l1_consensus,not_applicable,not_applicable,layer_not_applicable_to_trigger_target,events/*.yaml,no,0,0,0,0,0,,events/aave-arc-fireblocks-whitelist-2022-01.yaml
aave-arc-fireblocks-whitelist-2022-01,draft,S5_corporate,empirical_case,corporate_policy_change,corporate_global,l3_rpc,not_applicable,not_applicable,layer_not_applicable_to_trigger_target,events/*.yaml,no,0,0,0,0,0,,events/aave-arc-fireblocks-whitelist-2022-01.yaml
aave-arc-fireblocks-whitelist-2022-01,draft,S5_corporate,empirical_case,corporate_policy_change,corporate_global,l4_frontend,partially_measured,partial_sensitivity_denominator,partially_measured_sensitivity_only,events/*.yaml,sensitivity_only,1,0,0,1,0,2022-01-05T00:00:00+00:00,events/aave-arc-fireblocks-whitelist-2022-01.yaml
aave-arc-fireblocks-whitelist-2022-01,draft,S5_corporate,empirical_case,corporate_policy_change,corporate_global,asset_onchain,measured,descriptive_only_structural_circularity_v0_1,positive_onchain_receipts_only_no_independent_no_change_denominator,docs/paper_claims.md#c1--upper-layer-concentration-of-observed-reactions,no,1,0,0,1,0,2022-01-05T00:00:00+00:00,events/aave-arc-fireblocks-whitelist-2022-01.yaml
aave-arc-fireblocks-whitelist-2022-01,draft,S5_corporate,empirical_case,corporate_policy_change,corporate_global,offramp_cex,not_applicable,not_applicable,layer_not_applicable_to_trigger_target,events/*.yaml,no,0,0,0,0,0,,events/aave-arc-fireblocks-whitelist-2022-01.yaml
aave-tornado-frontend-block-2022-08,draft,S5_corporate,empirical_case,corporate_policy_change,"US,corporate_global",l0_network,not_applicable,not_applicable,layer_not_applicable_to_trigger_target,events/*.yaml,no,0,0,0,0,0,,events/aave-tornado-frontend-block-2022-08.yaml
aave-tornado-frontend-block-2022-08,draft,S5_corporate,empirical_case,corporate_policy_change,"US,corporate_global",l1_consensus,not_applicable,not_applicable,layer_not_applicable_to_trigger_target,events/*.yaml,no,0,0,0,0,0,,events/aave-tornado-frontend-block-2022-08.yaml
aave-tornado-frontend-block-2022-08,draft,S5_corporate,empirical_case,corporate_policy_change,"US,corporate_global",l3_rpc,not_applicable,not_applicable,layer_not_applicable_to_trigger_target,events/*.yaml,no,0,0,0,0,0,,events/aave-tornado-frontend-block-2022-08.yaml
aave-tornado-frontend-block-2022-08,draft,S5_corporate,empirical_case,corporate_policy_change,"US,corporate_global",l4_frontend,measured,measured_rate_denominator,coverage_status_measured_under_layer_protocol,events/*.yaml,yes,1,0,0,1,0,2022-08-13T00:00:00+00:00,events/aave-tornado-frontend-block-2022-08.yaml
aave-tornado-frontend-block-2022-08,draft,S5_corporate,empirical_case,corporate_policy_change,"US,corporate_global",asset_onchain,not_applicable,not_applicable,layer_not_applicable_to_trigger_target,events/*.yaml,no,0,0,0,0,0,,events/aave-tornado-frontend-block-2022-08.yaml
aave-tornado-frontend-block-2022-08,draft,S5_corporate,empirical_case,corporate_policy_change,"US,corporate_global",offramp_cex,not_applicable,not_applicable,layer_not_applicable_to_trigger_target,events/*.yaml,no,0,0,0,0,0,,events/aave-tornado-frontend-block-2022-08.yaml
aeza-group-ofac-2025,admitted,S1_ofac_sdn,empirical_case,ofac_sdn_designation,"US,UK",l0_network,not_measured,observability_gap,ooni_queried_no_measurements; cp_not_ingested_v0_1,derived/l0_coverage_summary.md,no,0,0,0,0,0,,events/aeza-group-ofac-2025.yaml
aeza-group-ofac-2025,admitted,S1_ofac_sdn,empirical_case,ofac_sdn_designation,"US,UK",l1_consensus,not_applicable,not_applicable,layer_not_applicable_to_trigger_target,events/*.yaml,no,0,0,0,0,0,,events/aeza-group-ofac-2025.yaml
aeza-group-ofac-2025,admitted,S1_ofac_sdn,empirical_case,ofac_sdn_designation,"US,UK",l3_rpc,not_applicable,not_applicable,layer_not_applicable_to_trigger_target,events/*.yaml,no,0,0,0,0,0,,events/aeza-group-ofac-2025.yaml
aeza-group-ofac-2025,admitted,S1_ofac_sdn,empirical_case,ofac_sdn_designation,"US,UK",l4_frontend,not_measured,observability_gap,not_measured_no_rate_denominator,events/*.yaml,no,0,0,0,0,0,,events/aeza-group-ofac-2025.yaml
aeza-group-ofac-2025,admitted,S1_ofac_sdn,empirical_case,ofac_sdn_designation,"US,UK",asset_onchain,measured,descriptive_only_structural_circularity_v0_1,positive_onchain_receipts_only_no_independent_no_change_denominator,docs/paper_claims.md#c1--upper-layer-concentration-of-observed-reactions,no,1,0,0,1,0,2025-07-02T06:25:00+00:00,events/aeza-group-ofac-2025.yaml
aeza-group-ofac-2025,admitted,S1_ofac_sdn,empirical_case,ofac_sdn_designation,"US,UK",offramp_cex,not_measured,observability_gap,not_measured_no_rate_denominator,events/*.yaml,no,0,0,0,0,0,,events/aeza-group-ofac-2025.yaml
alphabay-hansa-doj-2017,admitted,S3_doj_sec_cftc_fiod,empirical_case,doj_seizure_order,"US,NL",l0_network,not_applicable,not_applicable,layer_not_applicable_to_trigger_target,events/*.yaml,no,0,0,0,0,0,,events/alphabay-hansa-doj-2017.yaml
alphabay-hansa-doj-2017,admitted,S3_doj_sec_cftc_fiod,empirical_case,doj_seizure_order,"US,NL",l1_consensus,not_applicable,not_applicable,layer_not_applicable_to_trigger_target,events/*.yaml,no,0,0,0,0,0,,events/alphabay-hansa-doj-2017.yaml
alphabay-hansa-doj-2017,admitted,S3_doj_sec_cftc_fiod,empirical_case,doj_seizure_order,"US,NL",l3_rpc,not_applicable,not_applicable,layer_not_applicable_to_trigger_target,events/*.yaml,no,0,0,0,0,0,,events/alphabay-hansa-doj-2017.yaml
alphabay-hansa-doj-2017,admitted,S3_doj_sec_cftc_fiod,empirical_case,doj_seizure_order,"US,NL",l4_frontend,measured,measured_rate_denominator,coverage_status_measured_under_layer_protocol,events/*.yaml,yes,1,0,0,1,0,2017-07-20T00:00:00+00:00,events/alphabay-hansa-doj-2017.yaml
alphabay-hansa-doj-2017,admitted,S3_doj_sec_cftc_fiod,empirical_case,doj_seizure_order,"US,NL",asset_onchain,not_measured,observability_gap,not_measured_no_rate_denominator,events/*.yaml,no,0,0,0,0,0,,events/alphabay-hansa-doj-2017.yaml
alphabay-hansa-doj-2017,admitted,S3_doj_sec_cftc_fiod,empirical_case,doj_seizure_order,"US,NL",offramp_cex,not_applicable,not_applicable,layer_not_applicable_to_trigger_target,events/*.yaml,no,0,0,0,0,0,,events/alphabay-hansa-doj-2017.yaml
apple-india-crypto-exchange-removal-2024-01,draft,S5_corporate,empirical_case,corporate_policy_change,IN,l0_network,not_applicable,not_applicable,layer_not_applicable_to_trigger_target,events/*.yaml,no,0,0,0,0,0,,events/apple-india-crypto-exchange-removal-2024-01.yaml
apple-india-crypto-exchange-removal-2024-01,draft,S5_corporate,empirical_case,corporate_policy_change,IN,l1_consensus,not_applicable,not_applicable,layer_not_applicable_to_trigger_target,events/*.yaml,no,0,0,0,0,0,,events/apple-india-crypto-exchange-removal-2024-01.yaml
apple-india-crypto-exchange-removal-2024-01,draft,S5_corporate,empirical_case,corporate_policy_change,IN,l3_rpc,not_applicable,not_applicable,layer_not_applicable_to_trigger_target,events/*.yaml,no,0,0,0,0,0,,events/apple-india-crypto-exchange-removal-2024-01.yaml
apple-india-crypto-exchange-removal-2024-01,draft,S5_corporate,empirical_case,corporate_policy_change,IN,l4_frontend,partially_measured,partial_sensitivity_denominator,partially_measured_sensitivity_only,events/*.yaml,sensitivity_only,1,0,0,0,1,2024-01-10T00:00:00+00:00,events/apple-india-crypto-exchange-removal-2024-01.yaml
apple-india-crypto-exchange-removal-2024-01,draft,S5_corporate,empirical_case,corporate_policy_change,IN,asset_onchain,not_applicable,not_applicable,layer_not_applicable_to_trigger_target,events/*.yaml,no,0,0,0,0,0,,events/apple-india-crypto-exchange-removal-2024-01.yaml
apple-india-crypto-exchange-removal-2024-01,draft,S5_corporate,empirical_case,corporate_policy_change,IN,offramp_cex,not_applicable,not_applicable,layer_not_applicable_to_trigger_target,events/*.yaml,no,0,0,0,0,0,,events/apple-india-crypto-exchange-removal-2024-01.yaml
australia-asic-binance-derivatives-2023,admitted,S4_nation_state,empirical_case,nation_state_block,AU,l0_network,not_applicable,not_applicable,layer_not_applicable_to_trigger_target,events/*.yaml,no,0,0,0,0,0,,events/australia-asic-binance-derivatives-2023.yaml
australia-asic-binance-derivatives-2023,admitted,S4_nation_state,empirical_case,nation_state_block,AU,l1_consensus,not_applicable,not_applicable,layer_not_applicable_to_trigger_target,events/*.yaml,no,0,0,0,0,0,,events/australia-asic-binance-derivatives-2023.yaml
australia-asic-binance-derivatives-2023,admitted,S4_nation_state,empirical_case,nation_state_block,AU,l3_rpc,not_applicable,not_applicable,layer_not_applicable_to_trigger_target,events/*.yaml,no,0,0,0,0,0,,events/australia-asic-binance-derivatives-2023.yaml
australia-asic-binance-derivatives-2023,admitted,S4_nation_state,empirical_case,nation_state_block,AU,l4_frontend,partially_measured,partial_sensitivity_denominator,partially_measured_sensitivity_only,events/*.yaml,sensitivity_only,1,0,0,0,1,2023-04-07T00:00:00+00:00,events/australia-asic-binance-derivatives-2023.yaml
australia-asic-binance-derivatives-2023,admitted,S4_nation_state,empirical_case,nation_state_block,AU,asset_onchain,not_applicable,not_applicable,layer_not_applicable_to_trigger_target,events/*.yaml,no,0,0,0,0,0,,events/australia-asic-binance-derivatives-2023.yaml
australia-asic-binance-derivatives-2023,admitted,S4_nation_state,empirical_case,nation_state_block,AU,offramp_cex,measured,measured_rate_denominator,coverage_status_measured_under_layer_protocol,events/*.yaml,yes,1,0,0,1,0,2023-04-06T00:00:00+00:00,events/australia-asic-binance-derivatives-2023.yaml
belgium-fsma-binance-cease-2023,admitted,S4_nation_state,empirical_case,nation_state_block,BE,l0_network,not_applicable,not_applicable,layer_not_applicable_to_trigger_target,events/*.yaml,no,0,0,0,0,0,,events/belgium-fsma-binance-cease-2023.yaml
belgium-fsma-binance-cease-2023,admitted,S4_nation_state,empirical_case,nation_state_block,BE,l1_consensus,not_applicable,not_applicable,layer_not_applicable_to_trigger_target,events/*.yaml,no,0,0,0,0,0,,events/belgium-fsma-binance-cease-2023.yaml
belgium-fsma-binance-cease-2023,admitted,S4_nation_state,empirical_case,nation_state_block,BE,l3_rpc,not_applicable,not_applicable,layer_not_applicable_to_trigger_target,events/*.yaml,no,0,0,0,0,0,,events/belgium-fsma-binance-cease-2023.yaml
belgium-fsma-binance-cease-2023,admitted,S4_nation_state,empirical_case,nation_state_block,BE,l4_frontend,partially_measured,partial_sensitivity_denominator,partially_measured_sensitivity_only,events/*.yaml,sensitivity_only,1,0,0,0,1,2023-06-24T00:00:00+00:00,events/belgium-fsma-binance-cease-2023.yaml
belgium-fsma-binance-cease-2023,admitted,S4_nation_state,empirical_case,nation_state_block,BE,asset_onchain,not_applicable,not_applicable,layer_not_applicable_to_trigger_target,events/*.yaml,no,0,0,0,0,0,,events/belgium-fsma-binance-cease-2023.yaml
belgium-fsma-binance-cease-2023,admitted,S4_nation_state,empirical_case,nation_state_block,BE,offramp_cex,measured,measured_rate_denominator,coverage_status_measured_under_layer_protocol,events/*.yaml,yes,1,0,0,1,0,2023-06-23T00:00:00+00:00,events/belgium-fsma-binance-cease-2023.yaml
binance-4framework-2023,admitted,S3_doj_sec_cftc_fiod,empirical_case,doj_indictment,US,l0_network,not_measured,observability_gap,ooni_queried_no_measurements; cp_not_ingested_v0_1,derived/l0_coverage_summary.md,no,0,0,0,0,0,,events/binance-4framework-2023.yaml
binance-4framework-2023,admitted,S3_doj_sec_cftc_fiod,empirical_case,doj_indictment,US,l1_consensus,not_applicable,not_applicable,layer_not_applicable_to_trigger_target,events/*.yaml,no,0,0,0,0,0,,events/binance-4framework-2023.yaml
binance-4framework-2023,admitted,S3_doj_sec_cftc_fiod,empirical_case,doj_indictment,US,l3_rpc,not_applicable,not_applicable,layer_not_applicable_to_trigger_target,events/*.yaml,no,0,0,0,0,0,,events/binance-4framework-2023.yaml
binance-4framework-2023,admitted,S3_doj_sec_cftc_fiod,empirical_case,doj_indictment,US,l4_frontend,measured,measured_rate_denominator,coverage_status_measured_under_layer_protocol,events/*.yaml,yes,0,1,0,0,0,,events/binance-4framework-2023.yaml
binance-4framework-2023,admitted,S3_doj_sec_cftc_fiod,empirical_case,doj_indictment,US,asset_onchain,not_applicable,not_applicable,layer_not_applicable_to_trigger_target,events/*.yaml,no,0,0,0,0,0,,events/binance-4framework-2023.yaml
binance-4framework-2023,admitted,S3_doj_sec_cftc_fiod,empirical_case,doj_indictment,US,offramp_cex,measured,measured_rate_denominator,coverage_status_measured_under_layer_protocol,events/*.yaml,yes,1,0,0,1,0,2023-11-21T00:00:00+00:00,events/binance-4framework-2023.yaml
binance-cftc-2023,admitted,S3_doj_sec_cftc_fiod,empirical_case,cftc_action,US,l0_network,not_applicable,not_applicable,layer_not_applicable_to_trigger_target,events/*.yaml,no,0,0,0,0,0,,events/binance-cftc-2023.yaml
binance-cftc-2023,admitted,S3_doj_sec_cftc_fiod,empirical_case,cftc_action,US,l1_consensus,not_applicable,not_applicable,layer_not_applicable_to_trigger_target,events/*.yaml,no,0,0,0,0,0,,events/binance-cftc-2023.yaml
binance-cftc-2023,admitted,S3_doj_sec_cftc_fiod,empirical_case,cftc_action,US,l3_rpc,not_applicable,not_applicable,layer_not_applicable_to_trigger_target,events/*.yaml,no,0,0,0,0,0,,events/binance-cftc-2023.yaml
binance-cftc-2023,admitted,S3_doj_sec_cftc_fiod,empirical_case,cftc_action,US,l4_frontend,not_measured,observability_gap,not_measured_no_rate_denominator,events/*.yaml,no,0,0,0,0,0,,events/binance-cftc-2023.yaml
binance-cftc-2023,admitted,S3_doj_sec_cftc_fiod,empirical_case,cftc_action,US,asset_onchain,not_applicable,not_applicable,layer_not_applicable_to_trigger_target,events/*.yaml,no,0,0,0,0,0,,events/binance-cftc-2023.yaml
binance-cftc-2023,admitted,S3_doj_sec_cftc_fiod,empirical_case,cftc_action,US,offramp_cex,measured,measured_rate_denominator,coverage_status_measured_under_layer_protocol,events/*.yaml,yes,1,0,0,1,0,2023-03-27T00:00:00+00:00,events/binance-cftc-2023.yaml
binance-privacy-coin-delisting-2023,admitted,S5_corporate,empirical_case,corporate_policy_change,"EU,corporate_global",l0_network,not_applicable,not_applicable,layer_not_applicable_to_trigger_target,events/*.yaml,no,0,0,0,0,0,,events/binance-privacy-coin-delisting-2023.yaml
binance-privacy-coin-delisting-2023,admitted,S5_corporate,empirical_case,corporate_policy_change,"EU,corporate_global",l1_consensus,not_applicable,not_applicable,layer_not_applicable_to_trigger_target,events/*.yaml,no,0,0,0,0,0,,events/binance-privacy-coin-delisting-2023.yaml
binance-privacy-coin-delisting-2023,admitted,S5_corporate,empirical_case,corporate_policy_change,"EU,corporate_global",l3_rpc,not_applicable,not_applicable,layer_not_applicable_to_trigger_target,events/*.yaml,no,0,0,0,0,0,,events/binance-privacy-coin-delisting-2023.yaml
binance-privacy-coin-delisting-2023,admitted,S5_corporate,empirical_case,corporate_policy_change,"EU,corporate_global",l4_frontend,not_applicable,not_applicable,layer_not_applicable_to_trigger_target,events/*.yaml,no,0,0,0,0,0,,events/binance-privacy-coin-delisting-2023.yaml
binance-privacy-coin-delisting-2023,admitted,S5_corporate,empirical_case,corporate_policy_change,"EU,corporate_global",asset_onchain,not_applicable,not_applicable,layer_not_applicable_to_trigger_target,events/*.yaml,no,0,0,0,0,0,,events/binance-privacy-coin-delisting-2023.yaml
binance-privacy-coin-delisting-2023,admitted,S5_corporate,empirical_case,corporate_policy_change,"EU,corporate_global",offramp_cex,measured,measured_rate_denominator,coverage_status_measured_under_layer_protocol,events/*.yaml,yes,1,0,0,1,0,2023-06-26T00:00:00+00:00,events/binance-privacy-coin-delisting-2023.yaml
binance-russia-exit-commex-2023,admitted,S5_corporate,empirical_case,corporate_policy_change,"RU,corporate_global",l0_network,not_applicable,not_applicable,layer_not_applicable_to_trigger_target,events/*.yaml,no,0,0,0,0,0,,events/binance-russia-exit-commex-2023.yaml
binance-russia-exit-commex-2023,admitted,S5_corporate,empirical_case,corporate_policy_change,"RU,corporate_global",l1_consensus,not_applicable,not_applicable,layer_not_applicable_to_trigger_target,events/*.yaml,no,0,0,0,0,0,,events/binance-russia-exit-commex-2023.yaml
binance-russia-exit-commex-2023,admitted,S5_corporate,empirical_case,corporate_policy_change,"RU,corporate_global",l3_rpc,not_applicable,not_applicable,layer_not_applicable_to_trigger_target,events/*.yaml,no,0,0,0,0,0,,events/binance-russia-exit-commex-2023.yaml
binance-russia-exit-commex-2023,admitted,S5_corporate,empirical_case,corporate_policy_change,"RU,corporate_global",l4_frontend,measured,measured_rate_denominator,coverage_status_measured_under_layer_protocol,events/*.yaml,yes,1,0,0,1,0,2023-09-27T00:00:00+00:00,events/binance-russia-exit-commex-2023.yaml
binance-russia-exit-commex-2023,admitted,S5_corporate,empirical_case,corporate_policy_change,"RU,corporate_global",asset_onchain,not_applicable,not_applicable,layer_not_applicable_to_trigger_target,events/*.yaml,no,0,0,0,0,0,,events/binance-russia-exit-commex-2023.yaml
binance-russia-exit-commex-2023,admitted,S5_corporate,empirical_case,corporate_policy_change,"RU,corporate_global",offramp_cex,measured,measured_rate_denominator,coverage_status_measured_under_layer_protocol,events/*.yaml,yes,1,0,0,1,0,2023-09-27T00:00:00+00:00,events/binance-russia-exit-commex-2023.yaml
binance-us-staking-end-2023,admitted,S5_corporate,empirical_case,corporate_policy_change,US,l0_network,not_applicable,not_applicable,layer_not_applicable_to_trigger_target,events/*.yaml,no,0,0,0,0,0,,events/binance-us-staking-end-2023.yaml
binance-us-staking-end-2023,admitted,S5_corporate,empirical_case,corporate_policy_change,US,l1_consensus,not_applicable,not_applicable,layer_not_applicable_to_trigger_target,events/*.yaml,no,0,0,0,0,0,,events/binance-us-staking-end-2023.yaml
binance-us-staking-end-2023,admitted,S5_corporate,empirical_case,corporate_policy_change,US,l3_rpc,not_applicable,not_applicable,layer_not_applicable_to_trigger_target,events/*.yaml,no,0,0,0,0,0,,events/binance-us-staking-end-2023.yaml
binance-us-staking-end-2023,admitted,S5_corporate,empirical_case,corporate_policy_change,US,l4_frontend,not_measured,observability_gap,not_measured_no_rate_denominator,events/*.yaml,no,0,0,0,0,0,,events/binance-us-staking-end-2023.yaml
binance-us-staking-end-2023,admitted,S5_corporate,empirical_case,corporate_policy_change,US,asset_onchain,not_applicable,not_applicable,layer_not_applicable_to_trigger_target,events/*.yaml,no,0,0,0,0,0,,events/binance-us-staking-end-2023.yaml
binance-us-staking-end-2023,admitted,S5_corporate,empirical_case,corporate_policy_change,US,offramp_cex,measured,measured_rate_denominator,coverage_status_measured_under_layer_protocol,events/*.yaml,yes,1,0,0,1,0,2023-06-09T00:00:00+00:00,events/binance-us-staking-end-2023.yaml
bitfinex-cftc-retail-commodity-2016,admitted,S3_doj_sec_cftc_fiod,empirical_case,cftc_action,US,l0_network,not_applicable,not_applicable,layer_not_applicable_to_trigger_target,events/*.yaml,no,0,0,0,0,0,,events/bitfinex-cftc-retail-commodity-2016.yaml
bitfinex-cftc-retail-commodity-2016,admitted,S3_doj_sec_cftc_fiod,empirical_case,cftc_action,US,l1_consensus,not_applicable,not_applicable,layer_not_applicable_to_trigger_target,events/*.yaml,no,0,0,0,0,0,,events/bitfinex-cftc-retail-commodity-2016.yaml
bitfinex-cftc-retail-commodity-2016,admitted,S3_doj_sec_cftc_fiod,empirical_case,cftc_action,US,l3_rpc,not_applicable,not_applicable,layer_not_applicable_to_trigger_target,events/*.yaml,no,0,0,0,0,0,,events/bitfinex-cftc-retail-commodity-2016.yaml
bitfinex-cftc-retail-commodity-2016,admitted,S3_doj_sec_cftc_fiod,empirical_case,cftc_action,US,l4_frontend,not_applicable,not_applicable,layer_not_applicable_to_trigger_target,events/*.yaml,no,0,0,0,0,0,,events/bitfinex-cftc-retail-commodity-2016.yaml
bitfinex-cftc-retail-commodity-2016,admitted,S3_doj_sec_cftc_fiod,empirical_case,cftc_action,US,asset_onchain,not_applicable,not_applicable,layer_not_applicable_to_trigger_target,events/*.yaml,no,0,0,0,0,0,,events/bitfinex-cftc-retail-commodity-2016.yaml
bitfinex-cftc-retail-commodity-2016,admitted,S3_doj_sec_cftc_fiod,empirical_case,cftc_action,US,offramp_cex,measured,measured_rate_denominator,coverage_status_measured_under_layer_protocol,events/*.yaml,yes,1,0,0,1,0,2016-06-02T00:00:00+00:00,events/bitfinex-cftc-retail-commodity-2016.yaml
bitfinex-tether-cftc-2021,admitted,S3_doj_sec_cftc_fiod,empirical_case,cftc_action,US,l0_network,not_applicable,not_applicable,layer_not_applicable_to_trigger_target,events/*.yaml,no,0,0,0,0,0,,events/bitfinex-tether-cftc-2021.yaml
bitfinex-tether-cftc-2021,admitted,S3_doj_sec_cftc_fiod,empirical_case,cftc_action,US,l1_consensus,not_applicable,not_applicable,layer_not_applicable_to_trigger_target,events/*.yaml,no,0,0,0,0,0,,events/bitfinex-tether-cftc-2021.yaml
bitfinex-tether-cftc-2021,admitted,S3_doj_sec_cftc_fiod,empirical_case,cftc_action,US,l3_rpc,not_applicable,not_applicable,layer_not_applicable_to_trigger_target,events/*.yaml,no,0,0,0,0,0,,events/bitfinex-tether-cftc-2021.yaml
bitfinex-tether-cftc-2021,admitted,S3_doj_sec_cftc_fiod,empirical_case,cftc_action,US,l4_frontend,not_applicable,not_applicable,layer_not_applicable_to_trigger_target,events/*.yaml,no,0,0,0,0,0,,events/bitfinex-tether-cftc-2021.yaml
bitfinex-tether-cftc-2021,admitted,S3_doj_sec_cftc_fiod,empirical_case,cftc_action,US,asset_onchain,not_applicable,not_applicable,layer_not_applicable_to_trigger_target,events/*.yaml,no,0,0,0,0,0,,events/bitfinex-tether-cftc-2021.yaml
bitfinex-tether-cftc-2021,admitted,S3_doj_sec_cftc_fiod,empirical_case,cftc_action,US,offramp_cex,measured,measured_rate_denominator,coverage_status_measured_under_layer_protocol,events/*.yaml,yes,2,0,0,2,0,2021-10-15T00:00:00+00:00,events/bitfinex-tether-cftc-2021.yaml
bitmex-cftc-doj-2020,admitted,S3_doj_sec_cftc_fiod,empirical_case,doj_indictment,US,l0_network,not_applicable,not_applicable,layer_not_applicable_to_trigger_target,events/*.yaml,no,0,0,0,0,0,,events/bitmex-cftc-doj-2020.yaml
bitmex-cftc-doj-2020,admitted,S3_doj_sec_cftc_fiod,empirical_case,doj_indictment,US,l1_consensus,not_applicable,not_applicable,layer_not_applicable_to_trigger_target,events/*.yaml,no,0,0,0,0,0,,events/bitmex-cftc-doj-2020.yaml
bitmex-cftc-doj-2020,admitted,S3_doj_sec_cftc_fiod,empirical_case,doj_indictment,US,l3_rpc,not_applicable,not_applicable,layer_not_applicable_to_trigger_target,events/*.yaml,no,0,0,0,0,0,,events/bitmex-cftc-doj-2020.yaml
bitmex-cftc-doj-2020,admitted,S3_doj_sec_cftc_fiod,empirical_case,doj_indictment,US,l4_frontend,measured,measured_rate_denominator,coverage_status_measured_under_layer_protocol,events/*.yaml,yes,1,0,0,1,0,2020-10-01T00:00:00+00:00,events/bitmex-cftc-doj-2020.yaml
bitmex-cftc-doj-2020,admitted,S3_doj_sec_cftc_fiod,empirical_case,doj_indictment,US,asset_onchain,not_applicable,not_applicable,layer_not_applicable_to_trigger_target,events/*.yaml,no,0,0,0,0,0,,events/bitmex-cftc-doj-2020.yaml
bitmex-cftc-doj-2020,admitted,S3_doj_sec_cftc_fiod,empirical_case,doj_indictment,US,offramp_cex,measured,measured_rate_denominator,coverage_status_measured_under_layer_protocol,events/*.yaml,yes,1,0,0,1,0,2020-10-01T00:00:00+00:00,events/bitmex-cftc-doj-2020.yaml
bitzlato-doj-2023,admitted,S3_doj_sec_cftc_fiod,empirical_case,doj_indictment,US,l0_network,not_measured,observability_gap,not_queried_yet; cp_not_ingested_v0_1,derived/coverage_matrix.md,no,0,0,0,0,0,,events/bitzlato-doj-2023.yaml
bitzlato-doj-2023,admitted,S3_doj_sec_cftc_fiod,empirical_case,doj_indictment,US,l1_consensus,not_applicable,not_applicable,layer_not_applicable_to_trigger_target,events/*.yaml,no,0,0,0,0,0,,events/bitzlato-doj-2023.yaml
bitzlato-doj-2023,admitted,S3_doj_sec_cftc_fiod,empirical_case,doj_indictment,US,l3_rpc,not_measured,observability_gap,no_event_specific_rpc_provider_artifact_or_probe_denominator,derived/l3_provider_census.md,no,0,0,0,0,0,,events/bitzlato-doj-2023.yaml
bitzlato-doj-2023,admitted,S3_doj_sec_cftc_fiod,empirical_case,doj_indictment,US,l4_frontend,not_measured,observability_gap,not_measured_no_rate_denominator,events/*.yaml,no,0,0,0,0,0,,events/bitzlato-doj-2023.yaml
bitzlato-doj-2023,admitted,S3_doj_sec_cftc_fiod,empirical_case,doj_indictment,US,asset_onchain,not_measured,observability_gap,not_measured_no_rate_denominator,events/*.yaml,no,0,0,0,0,0,,events/bitzlato-doj-2023.yaml
bitzlato-doj-2023,admitted,S3_doj_sec_cftc_fiod,empirical_case,doj_indictment,US,offramp_cex,measured,measured_rate_denominator,coverage_status_measured_under_layer_protocol,events/*.yaml,yes,1,0,0,1,0,2023-01-18T00:00:00+00:00,events/bitzlato-doj-2023.yaml
blender-ofac-2022,admitted,S1_ofac_sdn,empirical_case,ofac_sdn_designation,US,l0_network,not_measured,observability_gap,ooni_queried_no_measurements; cp_not_ingested_v0_1,derived/l0_coverage_summary.md,no,0,0,0,0,0,,events/blender-ofac-2022.yaml
blender-ofac-2022,admitted,S1_ofac_sdn,empirical_case,ofac_sdn_designation,US,l1_consensus,not_applicable,not_applicable,layer_not_applicable_to_trigger_target,events/*.yaml,no,0,0,0,0,0,,events/blender-ofac-2022.yaml
blender-ofac-2022,admitted,S1_ofac_sdn,empirical_case,ofac_sdn_designation,US,l3_rpc,not_applicable,not_applicable,layer_not_applicable_to_trigger_target,events/*.yaml,no,0,0,0,0,0,,events/blender-ofac-2022.yaml
blender-ofac-2022,admitted,S1_ofac_sdn,empirical_case,ofac_sdn_designation,US,l4_frontend,measured,measured_rate_denominator,coverage_status_measured_under_layer_protocol,events/*.yaml,yes,1,0,0,0,1,2022-05-16T11:37:13+00:00,events/blender-ofac-2022.yaml
blender-ofac-2022,admitted,S1_ofac_sdn,empirical_case,ofac_sdn_designation,US,asset_onchain,not_applicable,not_applicable,layer_not_applicable_to_trigger_target,events/*.yaml,no,0,0,0,0,0,,events/blender-ofac-2022.yaml
blender-ofac-2022,admitted,S1_ofac_sdn,empirical_case,ofac_sdn_designation,US,offramp_cex,not_measured,observability_gap,not_measured_no_rate_denominator,events/*.yaml,no,0,0,0,0,0,,events/blender-ofac-2022.yaml
blockfi-sec-lending-2022,admitted,S3_doj_sec_cftc_fiod,empirical_case,sec_action,US,l0_network,not_applicable,not_applicable,layer_not_applicable_to_trigger_target,events/*.yaml,no,0,0,0,0,0,,events/blockfi-sec-lending-2022.yaml
blockfi-sec-lending-2022,admitted,S3_doj_sec_cftc_fiod,empirical_case,sec_action,US,l1_consensus,not_applicable,not_applicable,layer_not_applicable_to_trigger_target,events/*.yaml,no,0,0,0,0,0,,events/blockfi-sec-lending-2022.yaml
blockfi-sec-lending-2022,admitted,S3_doj_sec_cftc_fiod,empirical_case,sec_action,US,l3_rpc,not_applicable,not_applicable,layer_not_applicable_to_trigger_target,events/*.yaml,no,0,0,0,0,0,,events/blockfi-sec-lending-2022.yaml
blockfi-sec-lending-2022,admitted,S3_doj_sec_cftc_fiod,empirical_case,sec_action,US,l4_frontend,not_measured,observability_gap,not_measured_no_rate_denominator,events/*.yaml,no,0,0,0,0,0,,events/blockfi-sec-lending-2022.yaml
blockfi-sec-lending-2022,admitted,S3_doj_sec_cftc_fiod,empirical_case,sec_action,US,asset_onchain,not_applicable,not_applicable,layer_not_applicable_to_trigger_target,events/*.yaml,no,0,0,0,0,0,,events/blockfi-sec-lending-2022.yaml
blockfi-sec-lending-2022,admitted,S3_doj_sec_cftc_fiod,empirical_case,sec_action,US,offramp_cex,measured,measured_rate_denominator,coverage_status_measured_under_layer_protocol,events/*.yaml,yes,1,0,0,1,0,2022-02-14T00:00:00+00:00,events/blockfi-sec-lending-2022.yaml
btc-e-doj-2017,admitted,S3_doj_sec_cftc_fiod,empirical_case,doj_indictment,US,l0_network,not_measured,observability_gap,ooni_queried_no_measurements; cp_not_ingested_v0_1,derived/l0_coverage_summary.md,no,0,0,0,0,0,,events/btc-e-doj-2017.yaml
btc-e-doj-2017,admitted,S3_doj_sec_cftc_fiod,empirical_case,doj_indictment,US,l1_consensus,not_applicable,not_applicable,layer_not_applicable_to_trigger_target,events/*.yaml,no,0,0,0,0,0,,events/btc-e-doj-2017.yaml
btc-e-doj-2017,admitted,S3_doj_sec_cftc_fiod,empirical_case,doj_indictment,US,l3_rpc,not_applicable,not_applicable,layer_not_applicable_to_trigger_target,events/*.yaml,no,0,0,0,0,0,,events/btc-e-doj-2017.yaml
btc-e-doj-2017,admitted,S3_doj_sec_cftc_fiod,empirical_case,doj_indictment,US,l4_frontend,measured,measured_rate_denominator,coverage_status_measured_under_layer_protocol,events/*.yaml,yes,1,0,0,1,0,2017-07-26T00:00:00+00:00,events/btc-e-doj-2017.yaml
btc-e-doj-2017,admitted,S3_doj_sec_cftc_fiod,empirical_case,doj_indictment,US,asset_onchain,not_applicable,not_applicable,layer_not_applicable_to_trigger_target,events/*.yaml,no,0,0,0,0,0,,events/btc-e-doj-2017.yaml
btc-e-doj-2017,admitted,S3_doj_sec_cftc_fiod,empirical_case,doj_indictment,US,offramp_cex,not_measured,observability_gap,not_measured_no_rate_denominator,events/*.yaml,no,0,0,0,0,0,,events/btc-e-doj-2017.yaml
canada-convoy-freeze-2022,admitted,S4_nation_state,empirical_case,nation_state_block,CA,l0_network,not_applicable,not_applicable,layer_not_applicable_to_trigger_target,events/*.yaml,no,0,0,0,0,0,,events/canada-convoy-freeze-2022.yaml
canada-convoy-freeze-2022,admitted,S4_nation_state,empirical_case,nation_state_block,CA,l1_consensus,not_applicable,not_applicable,layer_not_applicable_to_trigger_target,events/*.yaml,no,0,0,0,0,0,,events/canada-convoy-freeze-2022.yaml
canada-convoy-freeze-2022,admitted,S4_nation_state,empirical_case,nation_state_block,CA,l3_rpc,not_applicable,not_applicable,layer_not_applicable_to_trigger_target,events/*.yaml,no,0,0,0,0,0,,events/canada-convoy-freeze-2022.yaml
canada-convoy-freeze-2022,admitted,S4_nation_state,empirical_case,nation_state_block,CA,l4_frontend,not_applicable,not_applicable,layer_not_applicable_to_trigger_target,events/*.yaml,no,0,0,0,0,0,,events/canada-convoy-freeze-2022.yaml
canada-convoy-freeze-2022,admitted,S4_nation_state,empirical_case,nation_state_block,CA,asset_onchain,not_applicable,not_applicable,layer_not_applicable_to_trigger_target,events/*.yaml,no,0,0,0,0,0,,events/canada-convoy-freeze-2022.yaml
canada-convoy-freeze-2022,admitted,S4_nation_state,empirical_case,nation_state_block,CA,offramp_cex,measured,measured_rate_denominator,coverage_status_measured_under_layer_protocol,events/*.yaml,yes,1,0,0,1,0,2022-02-15T00:00:00+00:00,events/canada-convoy-freeze-2022.yaml
canada-csa-binance-withdrawal-2023,admitted,S4_nation_state,empirical_case,nation_state_block,CA,l0_network,not_applicable,not_applicable,layer_not_applicable_to_trigger_target,events/*.yaml,no,0,0,0,0,0,,events/canada-csa-binance-withdrawal-2023.yaml
canada-csa-binance-withdrawal-2023,admitted,S4_nation_state,empirical_case,nation_state_block,CA,l1_consensus,not_applicable,not_applicable,layer_not_applicable_to_trigger_target,events/*.yaml,no,0,0,0,0,0,,events/canada-csa-binance-withdrawal-2023.yaml
canada-csa-binance-withdrawal-2023,admitted,S4_nation_state,empirical_case,nation_state_block,CA,l3_rpc,not_applicable,not_applicable,layer_not_applicable_to_trigger_target,events/*.yaml,no,0,0,0,0,0,,events/canada-csa-binance-withdrawal-2023.yaml
canada-csa-binance-withdrawal-2023,admitted,S4_nation_state,empirical_case,nation_state_block,CA,l4_frontend,measured,measured_rate_denominator,coverage_status_measured_under_layer_protocol,events/*.yaml,yes,1,0,0,1,0,2023-05-12T00:00:00+00:00,events/canada-csa-binance-withdrawal-2023.yaml
canada-csa-binance-withdrawal-2023,admitted,S4_nation_state,empirical_case,nation_state_block,CA,asset_onchain,not_applicable,not_applicable,layer_not_applicable_to_trigger_target,events/*.yaml,no,0,0,0,0,0,,events/canada-csa-binance-withdrawal-2023.yaml
canada-csa-binance-withdrawal-2023,admitted,S4_nation_state,empirical_case,nation_state_block,CA,offramp_cex,measured,measured_rate_denominator,coverage_status_measured_under_layer_protocol,events/*.yaml,yes,1,0,0,1,0,2023-05-12T00:00:00+00:00,events/canada-csa-binance-withdrawal-2023.yaml
celsius-bankruptcy-mashinsky-doj-2023,admitted,S3_doj_sec_cftc_fiod,empirical_case,doj_indictment,US,l0_network,not_applicable,not_applicable,layer_not_applicable_to_trigger_target,events/*.yaml,no,0,0,0,0,0,,events/celsius-bankruptcy-mashinsky-doj-2023.yaml
celsius-bankruptcy-mashinsky-doj-2023,admitted,S3_doj_sec_cftc_fiod,empirical_case,doj_indictment,US,l1_consensus,not_applicable,not_applicable,layer_not_applicable_to_trigger_target,events/*.yaml,no,0,0,0,0,0,,events/celsius-bankruptcy-mashinsky-doj-2023.yaml
celsius-bankruptcy-mashinsky-doj-2023,admitted,S3_doj_sec_cftc_fiod,empirical_case,doj_indictment,US,l3_rpc,not_applicable,not_applicable,layer_not_applicable_to_trigger_target,events/*.yaml,no,0,0,0,0,0,,events/celsius-bankruptcy-mashinsky-doj-2023.yaml
celsius-bankruptcy-mashinsky-doj-2023,admitted,S3_doj_sec_cftc_fiod,empirical_case,doj_indictment,US,l4_frontend,not_measured,observability_gap,not_measured_no_rate_denominator,events/*.yaml,no,0,0,0,0,0,,events/celsius-bankruptcy-mashinsky-doj-2023.yaml
celsius-bankruptcy-mashinsky-doj-2023,admitted,S3_doj_sec_cftc_fiod,empirical_case,doj_indictment,US,asset_onchain,not_applicable,not_applicable,layer_not_applicable_to_trigger_target,events/*.yaml,no,0,0,0,0,0,,events/celsius-bankruptcy-mashinsky-doj-2023.yaml
celsius-bankruptcy-mashinsky-doj-2023,admitted,S3_doj_sec_cftc_fiod,empirical_case,doj_indictment,US,offramp_cex,measured,measured_rate_denominator,coverage_status_measured_under_layer_protocol,events/*.yaml,yes,1,0,0,1,0,2023-07-13T00:00:00+00:00,events/celsius-bankruptcy-mashinsky-doj-2023.yaml
cftc-v-ooki-dao-2022,admitted,S3_doj_sec_cftc_fiod,empirical_case,cftc_action,US,l0_network,not_applicable,not_applicable,layer_not_applicable_to_trigger_target,events/*.yaml,no,0,0,0,0,0,,events/cftc-v-ooki-dao-2022.yaml
cftc-v-ooki-dao-2022,admitted,S3_doj_sec_cftc_fiod,empirical_case,cftc_action,US,l1_consensus,not_applicable,not_applicable,layer_not_applicable_to_trigger_target,events/*.yaml,no,0,0,0,0,0,,events/cftc-v-ooki-dao-2022.yaml
cftc-v-ooki-dao-2022,admitted,S3_doj_sec_cftc_fiod,empirical_case,cftc_action,US,l3_rpc,not_applicable,not_applicable,layer_not_applicable_to_trigger_target,events/*.yaml,no,0,0,0,0,0,,events/cftc-v-ooki-dao-2022.yaml
cftc-v-ooki-dao-2022,admitted,S3_doj_sec_cftc_fiod,empirical_case,cftc_action,US,l4_frontend,measured,measured_rate_denominator,coverage_status_measured_under_layer_protocol,events/*.yaml,yes,1,0,0,1,0,2023-06-08T00:00:00+00:00,events/cftc-v-ooki-dao-2022.yaml
cftc-v-ooki-dao-2022,admitted,S3_doj_sec_cftc_fiod,empirical_case,cftc_action,US,asset_onchain,not_applicable,not_applicable,layer_not_applicable_to_trigger_target,events/*.yaml,no,0,0,0,0,0,,events/cftc-v-ooki-dao-2022.yaml
cftc-v-ooki-dao-2022,admitted,S3_doj_sec_cftc_fiod,empirical_case,cftc_action,US,offramp_cex,not_applicable,not_applicable,layer_not_applicable_to_trigger_target,events/*.yaml,no,0,0,0,0,0,,events/cftc-v-ooki-dao-2022.yaml
chatex-ofac-2021,admitted,S1_ofac_sdn,empirical_case,ofac_sdn_designation,US,l0_network,not_measured,observability_gap,ooni_queried_no_measurements; cp_not_ingested_v0_1,derived/l0_coverage_summary.md,no,0,0,0,0,0,,events/chatex-ofac-2021.yaml
chatex-ofac-2021,admitted,S1_ofac_sdn,empirical_case,ofac_sdn_designation,US,l1_consensus,not_applicable,not_applicable,layer_not_applicable_to_trigger_target,events/*.yaml,no,0,0,0,0,0,,events/chatex-ofac-2021.yaml
chatex-ofac-2021,admitted,S1_ofac_sdn,empirical_case,ofac_sdn_designation,US,l3_rpc,not_applicable,not_applicable,layer_not_applicable_to_trigger_target,events/*.yaml,no,0,0,0,0,0,,events/chatex-ofac-2021.yaml
chatex-ofac-2021,admitted,S1_ofac_sdn,empirical_case,ofac_sdn_designation,US,l4_frontend,measured,measured_rate_denominator,coverage_status_measured_under_layer_protocol,events/*.yaml,yes,1,0,0,1,0,2021-11-17T17:59:45+00:00,events/chatex-ofac-2021.yaml
chatex-ofac-2021,admitted,S1_ofac_sdn,empirical_case,ofac_sdn_designation,US,asset_onchain,measured,descriptive_only_structural_circularity_v0_1,positive_onchain_receipts_only_no_independent_no_change_denominator,docs/paper_claims.md#c1--upper-layer-concentration-of-observed-reactions,no,1,0,0,1,0,2021-11-09T04:15:00+00:00,events/chatex-ofac-2021.yaml
chatex-ofac-2021,admitted,S1_ofac_sdn,empirical_case,ofac_sdn_designation,US,offramp_cex,not_measured,observability_gap,not_measured_no_rate_denominator,events/*.yaml,no,0,0,0,0,0,,events/chatex-ofac-2021.yaml
china-ico-ban-2017-09,draft,S4_nation_state,empirical_case,nation_state_block,CN,l0_network,not_applicable,not_applicable,layer_not_applicable_to_trigger_target,events/*.yaml,no,0,0,0,0,0,,events/china-ico-ban-2017-09.yaml
china-ico-ban-2017-09,draft,S4_nation_state,empirical_case,nation_state_block,CN,l1_consensus,not_applicable,not_applicable,layer_not_applicable_to_trigger_target,events/*.yaml,no,0,0,0,0,0,,events/china-ico-ban-2017-09.yaml
china-ico-ban-2017-09,draft,S4_nation_state,empirical_case,nation_state_block,CN,l3_rpc,not_applicable,not_applicable,layer_not_applicable_to_trigger_target,events/*.yaml,no,0,0,0,0,0,,events/china-ico-ban-2017-09.yaml
china-ico-ban-2017-09,draft,S4_nation_state,empirical_case,nation_state_block,CN,l4_frontend,not_measured,observability_gap,not_measured_no_rate_denominator,events/*.yaml,no,0,0,0,0,0,,events/china-ico-ban-2017-09.yaml
china-ico-ban-2017-09,draft,S4_nation_state,empirical_case,nation_state_block,CN,asset_onchain,measured,descriptive_only_structural_circularity_v0_1,positive_onchain_receipts_only_no_independent_no_change_denominator,docs/paper_claims.md#c1--upper-layer-concentration-of-observed-reactions,no,1,0,0,1,0,2017-09-04T00:00:00+00:00,events/china-ico-ban-2017-09.yaml
china-ico-ban-2017-09,draft,S4_nation_state,empirical_case,nation_state_block,CN,offramp_cex,measured,measured_rate_denominator,coverage_status_measured_under_layer_protocol,events/*.yaml,yes,1,0,0,1,0,2017-09-04T00:00:00+00:00,events/china-ico-ban-2017-09.yaml
china-inner-mongolia-mining-ban-2021-05,draft,S4_nation_state,empirical_case,nation_state_block,CN,l0_network,not_applicable,not_applicable,layer_not_applicable_to_trigger_target,events/*.yaml,no,0,0,0,0,0,,events/china-inner-mongolia-mining-ban-2021-05.yaml
china-inner-mongolia-mining-ban-2021-05,draft,S4_nation_state,empirical_case,nation_state_block,CN,l1_consensus,partially_measured,partial_sensitivity_denominator,partially_measured_sensitivity_only,events/*.yaml,sensitivity_only,1,0,0,1,0,2021-05-25T00:00:00+00:00,events/china-inner-mongolia-mining-ban-2021-05.yaml
china-inner-mongolia-mining-ban-2021-05,draft,S4_nation_state,empirical_case,nation_state_block,CN,l3_rpc,not_applicable,not_applicable,layer_not_applicable_to_trigger_target,events/*.yaml,no,0,0,0,0,0,,events/china-inner-mongolia-mining-ban-2021-05.yaml
china-inner-mongolia-mining-ban-2021-05,draft,S4_nation_state,empirical_case,nation_state_block,CN,l4_frontend,not_applicable,not_applicable,layer_not_applicable_to_trigger_target,events/*.yaml,no,0,0,0,0,0,,events/china-inner-mongolia-mining-ban-2021-05.yaml
china-inner-mongolia-mining-ban-2021-05,draft,S4_nation_state,empirical_case,nation_state_block,CN,asset_onchain,not_applicable,not_applicable,layer_not_applicable_to_trigger_target,events/*.yaml,no,0,0,0,0,0,,events/china-inner-mongolia-mining-ban-2021-05.yaml
china-inner-mongolia-mining-ban-2021-05,draft,S4_nation_state,empirical_case,nation_state_block,CN,offramp_cex,not_applicable,not_applicable,layer_not_applicable_to_trigger_target,events/*.yaml,no,0,0,0,0,0,,events/china-inner-mongolia-mining-ban-2021-05.yaml
china-nft-secondary-trading-self-discipline-2022-06,draft,S4_nation_state,empirical_case,nation_state_block,CN,l0_network,not_applicable,not_applicable,layer_not_applicable_to_trigger_target,events/*.yaml,no,0,0,0,0,0,,events/china-nft-secondary-trading-self-discipline-2022-06.yaml
china-nft-secondary-trading-self-discipline-2022-06,draft,S4_nation_state,empirical_case,nation_state_block,CN,l1_consensus,not_applicable,not_applicable,layer_not_applicable_to_trigger_target,events/*.yaml,no,0,0,0,0,0,,events/china-nft-secondary-trading-self-discipline-2022-06.yaml
china-nft-secondary-trading-self-discipline-2022-06,draft,S4_nation_state,empirical_case,nation_state_block,CN,l3_rpc,not_applicable,not_applicable,layer_not_applicable_to_trigger_target,events/*.yaml,no,0,0,0,0,0,,events/china-nft-secondary-trading-self-discipline-2022-06.yaml
china-nft-secondary-trading-self-discipline-2022-06,draft,S4_nation_state,empirical_case,nation_state_block,CN,l4_frontend,partially_measured,partial_sensitivity_denominator,partially_measured_sensitivity_only,events/*.yaml,sensitivity_only,1,0,0,0,1,2022-06-30T00:00:00+00:00,events/china-nft-secondary-trading-self-discipline-2022-06.yaml
china-nft-secondary-trading-self-discipline-2022-06,draft,S4_nation_state,empirical_case,nation_state_block,CN,asset_onchain,partially_measured,descriptive_only_structural_circularity_v0_1,positive_onchain_receipts_only_no_independent_no_change_denominator,docs/paper_claims.md#c1--upper-layer-concentration-of-observed-reactions,no,1,0,0,0,1,2022-06-30T00:00:00+00:00,events/china-nft-secondary-trading-self-discipline-2022-06.yaml
china-nft-secondary-trading-self-discipline-2022-06,draft,S4_nation_state,empirical_case,nation_state_block,CN,offramp_cex,not_applicable,not_applicable,layer_not_applicable_to_trigger_target,events/*.yaml,no,0,0,0,0,0,,events/china-nft-secondary-trading-self-discipline-2022-06.yaml
china-pboc-crypto-ban-2013-12,admitted,S4_nation_state,empirical_case,nation_state_block,CN,l0_network,not_applicable,not_applicable,layer_not_applicable_to_trigger_target,events/*.yaml,no,0,0,0,0,0,,events/china-pboc-crypto-ban-2013-12.yaml
china-pboc-crypto-ban-2013-12,admitted,S4_nation_state,empirical_case,nation_state_block,CN,l1_consensus,not_applicable,not_applicable,layer_not_applicable_to_trigger_target,events/*.yaml,no,0,0,0,0,0,,events/china-pboc-crypto-ban-2013-12.yaml
china-pboc-crypto-ban-2013-12,admitted,S4_nation_state,empirical_case,nation_state_block,CN,l3_rpc,not_applicable,not_applicable,layer_not_applicable_to_trigger_target,events/*.yaml,no,0,0,0,0,0,,events/china-pboc-crypto-ban-2013-12.yaml
china-pboc-crypto-ban-2013-12,admitted,S4_nation_state,empirical_case,nation_state_block,CN,l4_frontend,not_measured,observability_gap,not_measured_no_rate_denominator,events/*.yaml,no,0,0,0,0,0,,events/china-pboc-crypto-ban-2013-12.yaml
china-pboc-crypto-ban-2013-12,admitted,S4_nation_state,empirical_case,nation_state_block,CN,asset_onchain,not_applicable,not_applicable,layer_not_applicable_to_trigger_target,events/*.yaml,no,0,0,0,0,0,,events/china-pboc-crypto-ban-2013-12.yaml
china-pboc-crypto-ban-2013-12,admitted,S4_nation_state,empirical_case,nation_state_block,CN,offramp_cex,measured,measured_rate_denominator,coverage_status_measured_under_layer_protocol,events/*.yaml,yes,1,0,0,1,0,2013-12-18T00:00:00+00:00,events/china-pboc-crypto-ban-2013-12.yaml
china-pboc-crypto-ban-2021,admitted,S4_nation_state,empirical_case,nation_state_block,CN,l0_network,not_measured,observability_gap,ooni_queried_no_measurements; cp_not_ingested_v0_1,derived/l0_coverage_summary.md,no,0,0,0,0,0,,events/china-pboc-crypto-ban-2021.yaml
china-pboc-crypto-ban-2021,admitted,S4_nation_state,empirical_case,nation_state_block,CN,l1_consensus,not_applicable,not_applicable,layer_not_applicable_to_trigger_target,events/*.yaml,no,0,0,0,0,0,,events/china-pboc-crypto-ban-2021.yaml
china-pboc-crypto-ban-2021,admitted,S4_nation_state,empirical_case,nation_state_block,CN,l3_rpc,not_applicable,not_applicable,layer_not_applicable_to_trigger_target,events/*.yaml,no,0,0,0,0,0,,events/china-pboc-crypto-ban-2021.yaml
china-pboc-crypto-ban-2021,admitted,S4_nation_state,empirical_case,nation_state_block,CN,l4_frontend,not_measured,observability_gap,not_measured_no_rate_denominator,events/*.yaml,no,0,0,0,0,0,,events/china-pboc-crypto-ban-2021.yaml
china-pboc-crypto-ban-2021,admitted,S4_nation_state,empirical_case,nation_state_block,CN,asset_onchain,not_applicable,not_applicable,layer_not_applicable_to_trigger_target,events/*.yaml,no,0,0,0,0,0,,events/china-pboc-crypto-ban-2021.yaml
china-pboc-crypto-ban-2021,admitted,S4_nation_state,empirical_case,nation_state_block,CN,offramp_cex,measured,measured_rate_denominator,coverage_status_measured_under_layer_protocol,events/*.yaml,yes,2,0,0,2,0,2021-09-25T00:00:00+00:00,events/china-pboc-crypto-ban-2021.yaml
china-pboc-exchange-shutdown-2017-09,draft,S4_nation_state,empirical_case,nation_state_block,CN,l0_network,not_applicable,not_applicable,layer_not_applicable_to_trigger_target,events/*.yaml,no,0,0,0,0,0,,events/china-pboc-exchange-shutdown-2017-09.yaml
china-pboc-exchange-shutdown-2017-09,draft,S4_nation_state,empirical_case,nation_state_block,CN,l1_consensus,not_applicable,not_applicable,layer_not_applicable_to_trigger_target,events/*.yaml,no,0,0,0,0,0,,events/china-pboc-exchange-shutdown-2017-09.yaml
china-pboc-exchange-shutdown-2017-09,draft,S4_nation_state,empirical_case,nation_state_block,CN,l3_rpc,not_applicable,not_applicable,layer_not_applicable_to_trigger_target,events/*.yaml,no,0,0,0,0,0,,events/china-pboc-exchange-shutdown-2017-09.yaml
china-pboc-exchange-shutdown-2017-09,draft,S4_nation_state,empirical_case,nation_state_block,CN,l4_frontend,not_measured,observability_gap,not_measured_no_rate_denominator,events/*.yaml,no,0,0,0,0,0,,events/china-pboc-exchange-shutdown-2017-09.yaml
china-pboc-exchange-shutdown-2017-09,draft,S4_nation_state,empirical_case,nation_state_block,CN,asset_onchain,not_applicable,not_applicable,layer_not_applicable_to_trigger_target,events/*.yaml,no,0,0,0,0,0,,events/china-pboc-exchange-shutdown-2017-09.yaml
china-pboc-exchange-shutdown-2017-09,draft,S4_nation_state,empirical_case,nation_state_block,CN,offramp_cex,measured,measured_rate_denominator,coverage_status_measured_under_layer_protocol,events/*.yaml,yes,1,0,0,1,0,2017-09-29T00:00:00+00:00,events/china-pboc-exchange-shutdown-2017-09.yaml
china-sichuan-mining-ban-2021-06,draft,S4_nation_state,empirical_case,nation_state_block,CN,l0_network,not_applicable,not_applicable,layer_not_applicable_to_trigger_target,events/*.yaml,no,0,0,0,0,0,,events/china-sichuan-mining-ban-2021-06.yaml
china-sichuan-mining-ban-2021-06,draft,S4_nation_state,empirical_case,nation_state_block,CN,l1_consensus,measured,measured_rate_denominator,coverage_status_measured_under_layer_protocol,events/*.yaml,yes,1,0,0,1,0,,events/china-sichuan-mining-ban-2021-06.yaml
china-sichuan-mining-ban-2021-06,draft,S4_nation_state,empirical_case,nation_state_block,CN,l3_rpc,not_applicable,not_applicable,layer_not_applicable_to_trigger_target,events/*.yaml,no,0,0,0,0,0,,events/china-sichuan-mining-ban-2021-06.yaml
china-sichuan-mining-ban-2021-06,draft,S4_nation_state,empirical_case,nation_state_block,CN,l4_frontend,not_applicable,not_applicable,layer_not_applicable_to_trigger_target,events/*.yaml,no,0,0,0,0,0,,events/china-sichuan-mining-ban-2021-06.yaml
china-sichuan-mining-ban-2021-06,draft,S4_nation_state,empirical_case,nation_state_block,CN,asset_onchain,not_applicable,not_applicable,layer_not_applicable_to_trigger_target,events/*.yaml,no,0,0,0,0,0,,events/china-sichuan-mining-ban-2021-06.yaml
china-sichuan-mining-ban-2021-06,draft,S4_nation_state,empirical_case,nation_state_block,CN,offramp_cex,not_measured,observability_gap,not_measured_no_rate_denominator,events/*.yaml,no,0,0,0,0,0,,events/china-sichuan-mining-ban-2021-06.yaml
china-state-council-mining-crackdown-2021-05,draft,S4_nation_state,empirical_case,nation_state_block,CN,l0_network,not_applicable,not_applicable,layer_not_applicable_to_trigger_target,events/*.yaml,no,0,0,0,0,0,,events/china-state-council-mining-crackdown-2021-05.yaml
china-state-council-mining-crackdown-2021-05,draft,S4_nation_state,empirical_case,nation_state_block,CN,l1_consensus,partially_measured,partial_sensitivity_denominator,partially_measured_sensitivity_only,events/*.yaml,sensitivity_only,1,0,0,0,1,,events/china-state-council-mining-crackdown-2021-05.yaml
china-state-council-mining-crackdown-2021-05,draft,S4_nation_state,empirical_case,nation_state_block,CN,l3_rpc,not_applicable,not_applicable,layer_not_applicable_to_trigger_target,events/*.yaml,no,0,0,0,0,0,,events/china-state-council-mining-crackdown-2021-05.yaml
china-state-council-mining-crackdown-2021-05,draft,S4_nation_state,empirical_case,nation_state_block,CN,l4_frontend,not_applicable,not_applicable,layer_not_applicable_to_trigger_target,events/*.yaml,no,0,0,0,0,0,,events/china-state-council-mining-crackdown-2021-05.yaml
china-state-council-mining-crackdown-2021-05,draft,S4_nation_state,empirical_case,nation_state_block,CN,asset_onchain,not_applicable,not_applicable,layer_not_applicable_to_trigger_target,events/*.yaml,no,0,0,0,0,0,,events/china-state-council-mining-crackdown-2021-05.yaml
china-state-council-mining-crackdown-2021-05,draft,S4_nation_state,empirical_case,nation_state_block,CN,offramp_cex,partially_measured,partial_sensitivity_denominator,partially_measured_sensitivity_only,events/*.yaml,sensitivity_only,1,0,0,0,1,,events/china-state-council-mining-crackdown-2021-05.yaml
chipmixer-doj-2023,admitted,S3_doj_sec_cftc_fiod,empirical_case,doj_seizure_order,"US,DE,PL,CH,EU",l0_network,not_measured,observability_gap,ooni_queried_no_measurements; cp_not_ingested_v0_1,derived/l0_coverage_summary.md,no,0,0,0,0,0,,events/chipmixer-doj-2023.yaml
chipmixer-doj-2023,admitted,S3_doj_sec_cftc_fiod,empirical_case,doj_seizure_order,"US,DE,PL,CH,EU",l1_consensus,not_applicable,not_applicable,layer_not_applicable_to_trigger_target,events/*.yaml,no,0,0,0,0,0,,events/chipmixer-doj-2023.yaml
chipmixer-doj-2023,admitted,S3_doj_sec_cftc_fiod,empirical_case,doj_seizure_order,"US,DE,PL,CH,EU",l3_rpc,not_applicable,not_applicable,layer_not_applicable_to_trigger_target,events/*.yaml,no,0,0,0,0,0,,events/chipmixer-doj-2023.yaml
chipmixer-doj-2023,admitted,S3_doj_sec_cftc_fiod,empirical_case,doj_seizure_order,"US,DE,PL,CH,EU",l4_frontend,measured,measured_rate_denominator,coverage_status_measured_under_layer_protocol,events/*.yaml,yes,1,0,0,1,0,2023-03-15T17:06:06+00:00,events/chipmixer-doj-2023.yaml
chipmixer-doj-2023,admitted,S3_doj_sec_cftc_fiod,empirical_case,doj_seizure_order,"US,DE,PL,CH,EU",asset_onchain,not_applicable,not_applicable,layer_not_applicable_to_trigger_target,events/*.yaml,no,0,0,0,0,0,,events/chipmixer-doj-2023.yaml
chipmixer-doj-2023,admitted,S3_doj_sec_cftc_fiod,empirical_case,doj_seizure_order,"US,DE,PL,CH,EU",offramp_cex,not_measured,observability_gap,not_measured_no_rate_denominator,events/*.yaml,no,0,0,0,0,0,,events/chipmixer-doj-2023.yaml
circle-usdc-tornado-2022,admitted,S5_corporate,empirical_case,corporate_policy_change,corporate_global,l0_network,not_applicable,not_applicable,layer_not_applicable_to_trigger_target,events/*.yaml,no,0,0,0,0,0,,events/circle-usdc-tornado-2022.yaml
circle-usdc-tornado-2022,admitted,S5_corporate,empirical_case,corporate_policy_change,corporate_global,l1_consensus,not_applicable,not_applicable,layer_not_applicable_to_trigger_target,events/*.yaml,no,0,0,0,0,0,,events/circle-usdc-tornado-2022.yaml
circle-usdc-tornado-2022,admitted,S5_corporate,empirical_case,corporate_policy_change,corporate_global,l3_rpc,not_applicable,not_applicable,layer_not_applicable_to_trigger_target,events/*.yaml,no,0,0,0,0,0,,events/circle-usdc-tornado-2022.yaml
circle-usdc-tornado-2022,admitted,S5_corporate,empirical_case,corporate_policy_change,corporate_global,l4_frontend,not_applicable,not_applicable,layer_not_applicable_to_trigger_target,events/*.yaml,no,0,0,0,0,0,,events/circle-usdc-tornado-2022.yaml
circle-usdc-tornado-2022,admitted,S5_corporate,empirical_case,corporate_policy_change,corporate_global,asset_onchain,measured,descriptive_only_structural_circularity_v0_1,positive_onchain_receipts_only_no_independent_no_change_denominator,docs/paper_claims.md#c1--upper-layer-concentration-of-observed-reactions,no,1,0,0,1,0,2022-08-08T19:25:35+00:00,events/circle-usdc-tornado-2022.yaml
circle-usdc-tornado-2022,admitted,S5_corporate,empirical_case,corporate_policy_change,corporate_global,offramp_cex,not_applicable,not_applicable,layer_not_applicable_to_trigger_target,events/*.yaml,no,0,0,0,0,0,,events/circle-usdc-tornado-2022.yaml
cloudflare-ethereum-gateway-tornado-block-2022-08,draft,S5_corporate,empirical_case,corporate_policy_change,"US,corporate_global",l0_network,not_applicable,not_applicable,layer_not_applicable_to_trigger_target,events/*.yaml,no,0,0,0,0,0,,events/cloudflare-ethereum-gateway-tornado-block-2022-08.yaml
cloudflare-ethereum-gateway-tornado-block-2022-08,draft,S5_corporate,empirical_case,corporate_policy_change,"US,corporate_global",l1_consensus,not_applicable,not_applicable,layer_not_applicable_to_trigger_target,events/*.yaml,no,0,0,0,0,0,,events/cloudflare-ethereum-gateway-tornado-block-2022-08.yaml
cloudflare-ethereum-gateway-tornado-block-2022-08,draft,S5_corporate,empirical_case,corporate_policy_change,"US,corporate_global",l3_rpc,measured,measured_rate_denominator,coverage_status_measured_under_layer_protocol,events/*.yaml,yes,1,0,0,1,0,2022-08-12T00:00:00+00:00,events/cloudflare-ethereum-gateway-tornado-block-2022-08.yaml
cloudflare-ethereum-gateway-tornado-block-2022-08,draft,S5_corporate,empirical_case,corporate_policy_change,"US,corporate_global",l4_frontend,not_measured,observability_gap,not_measured_no_rate_denominator,events/*.yaml,no,0,0,0,0,0,,events/cloudflare-ethereum-gateway-tornado-block-2022-08.yaml
cloudflare-ethereum-gateway-tornado-block-2022-08,draft,S5_corporate,empirical_case,corporate_policy_change,"US,corporate_global",asset_onchain,not_applicable,not_applicable,layer_not_applicable_to_trigger_target,events/*.yaml,no,0,0,0,0,0,,events/cloudflare-ethereum-gateway-tornado-block-2022-08.yaml
cloudflare-ethereum-gateway-tornado-block-2022-08,draft,S5_corporate,empirical_case,corporate_policy_change,"US,corporate_global",offramp_cex,not_applicable,not_applicable,layer_not_applicable_to_trigger_target,events/*.yaml,no,0,0,0,0,0,,events/cloudflare-ethereum-gateway-tornado-block-2022-08.yaml
coin-mx-doj-murgio-2015,draft,S3_doj_sec_cftc_fiod,empirical_case,doj_indictment,US,l0_network,not_applicable,not_applicable,layer_not_applicable_to_trigger_target,events/*.yaml,no,0,0,0,0,0,,events/coin-mx-doj-murgio-2015.yaml
coin-mx-doj-murgio-2015,draft,S3_doj_sec_cftc_fiod,empirical_case,doj_indictment,US,l1_consensus,not_applicable,not_applicable,layer_not_applicable_to_trigger_target,events/*.yaml,no,0,0,0,0,0,,events/coin-mx-doj-murgio-2015.yaml
coin-mx-doj-murgio-2015,draft,S3_doj_sec_cftc_fiod,empirical_case,doj_indictment,US,l3_rpc,not_applicable,not_applicable,layer_not_applicable_to_trigger_target,events/*.yaml,no,0,0,0,0,0,,events/coin-mx-doj-murgio-2015.yaml
coin-mx-doj-murgio-2015,draft,S3_doj_sec_cftc_fiod,empirical_case,doj_indictment,US,l4_frontend,not_applicable,not_applicable,layer_not_applicable_to_trigger_target,events/*.yaml,no,0,0,0,0,0,,events/coin-mx-doj-murgio-2015.yaml
coin-mx-doj-murgio-2015,draft,S3_doj_sec_cftc_fiod,empirical_case,doj_indictment,US,asset_onchain,not_applicable,not_applicable,layer_not_applicable_to_trigger_target,events/*.yaml,no,0,0,0,0,0,,events/coin-mx-doj-murgio-2015.yaml
coin-mx-doj-murgio-2015,draft,S3_doj_sec_cftc_fiod,empirical_case,doj_indictment,US,offramp_cex,partially_measured,partial_sensitivity_denominator,partially_measured_sensitivity_only,events/*.yaml,sensitivity_only,1,0,0,1,0,2015-07-21T00:00:00+00:00,events/coin-mx-doj-murgio-2015.yaml
coinbase-india-exit-2022,admitted,S5_corporate,empirical_case,corporate_policy_change,IN,l0_network,not_applicable,not_applicable,layer_not_applicable_to_trigger_target,events/*.yaml,no,0,0,0,0,0,,events/coinbase-india-exit-2022.yaml
coinbase-india-exit-2022,admitted,S5_corporate,empirical_case,corporate_policy_change,IN,l1_consensus,not_applicable,not_applicable,layer_not_applicable_to_trigger_target,events/*.yaml,no,0,0,0,0,0,,events/coinbase-india-exit-2022.yaml
coinbase-india-exit-2022,admitted,S5_corporate,empirical_case,corporate_policy_change,IN,l3_rpc,not_applicable,not_applicable,layer_not_applicable_to_trigger_target,events/*.yaml,no,0,0,0,0,0,,events/coinbase-india-exit-2022.yaml
coinbase-india-exit-2022,admitted,S5_corporate,empirical_case,corporate_policy_change,IN,l4_frontend,not_applicable,not_applicable,layer_not_applicable_to_trigger_target,events/*.yaml,no,0,0,0,0,0,,events/coinbase-india-exit-2022.yaml
coinbase-india-exit-2022,admitted,S5_corporate,empirical_case,corporate_policy_change,IN,asset_onchain,not_applicable,not_applicable,layer_not_applicable_to_trigger_target,events/*.yaml,no,0,0,0,0,0,,events/coinbase-india-exit-2022.yaml
coinbase-india-exit-2022,admitted,S5_corporate,empirical_case,corporate_policy_change,IN,offramp_cex,measured,measured_rate_denominator,coverage_status_measured_under_layer_protocol,events/*.yaml,yes,1,0,0,1,0,2022-04-10T00:00:00+00:00,events/coinbase-india-exit-2022.yaml
coinbase-irs-john-doe-summons-2016,admitted,S3_doj_sec_cftc_fiod,empirical_case,court_civil_order,US,l0_network,not_applicable,not_applicable,layer_not_applicable_to_trigger_target,events/*.yaml,no,0,0,0,0,0,,events/coinbase-irs-john-doe-summons-2016.yaml
coinbase-irs-john-doe-summons-2016,admitted,S3_doj_sec_cftc_fiod,empirical_case,court_civil_order,US,l1_consensus,not_applicable,not_applicable,layer_not_applicable_to_trigger_target,events/*.yaml,no,0,0,0,0,0,,events/coinbase-irs-john-doe-summons-2016.yaml
coinbase-irs-john-doe-summons-2016,admitted,S3_doj_sec_cftc_fiod,empirical_case,court_civil_order,US,l3_rpc,not_applicable,not_applicable,layer_not_applicable_to_trigger_target,events/*.yaml,no,0,0,0,0,0,,events/coinbase-irs-john-doe-summons-2016.yaml
coinbase-irs-john-doe-summons-2016,admitted,S3_doj_sec_cftc_fiod,empirical_case,court_civil_order,US,l4_frontend,not_measured,observability_gap,not_measured_no_rate_denominator,events/*.yaml,no,0,0,0,0,0,,events/coinbase-irs-john-doe-summons-2016.yaml
coinbase-irs-john-doe-summons-2016,admitted,S3_doj_sec_cftc_fiod,empirical_case,court_civil_order,US,asset_onchain,not_applicable,not_applicable,layer_not_applicable_to_trigger_target,events/*.yaml,no,0,0,0,0,0,,events/coinbase-irs-john-doe-summons-2016.yaml
coinbase-irs-john-doe-summons-2016,admitted,S3_doj_sec_cftc_fiod,empirical_case,court_civil_order,US,offramp_cex,measured,measured_rate_denominator,coverage_status_measured_under_layer_protocol,events/*.yaml,yes,1,0,0,1,0,2016-11-18T00:00:00+00:00,events/coinbase-irs-john-doe-summons-2016.yaml
coinflip-cftc-derivabit-2015,admitted,S3_doj_sec_cftc_fiod,empirical_case,cftc_action,US,l0_network,not_applicable,not_applicable,layer_not_applicable_to_trigger_target,events/*.yaml,no,0,0,0,0,0,,events/coinflip-cftc-derivabit-2015.yaml
coinflip-cftc-derivabit-2015,admitted,S3_doj_sec_cftc_fiod,empirical_case,cftc_action,US,l1_consensus,not_applicable,not_applicable,layer_not_applicable_to_trigger_target,events/*.yaml,no,0,0,0,0,0,,events/coinflip-cftc-derivabit-2015.yaml
coinflip-cftc-derivabit-2015,admitted,S3_doj_sec_cftc_fiod,empirical_case,cftc_action,US,l3_rpc,not_applicable,not_applicable,layer_not_applicable_to_trigger_target,events/*.yaml,no,0,0,0,0,0,,events/coinflip-cftc-derivabit-2015.yaml
coinflip-cftc-derivabit-2015,admitted,S3_doj_sec_cftc_fiod,empirical_case,cftc_action,US,l4_frontend,measured,measured_rate_denominator,coverage_status_measured_under_layer_protocol,events/*.yaml,yes,1,0,0,1,0,2015-09-17T00:00:00+00:00,events/coinflip-cftc-derivabit-2015.yaml
coinflip-cftc-derivabit-2015,admitted,S3_doj_sec_cftc_fiod,empirical_case,cftc_action,US,asset_onchain,not_applicable,not_applicable,layer_not_applicable_to_trigger_target,events/*.yaml,no,0,0,0,0,0,,events/coinflip-cftc-derivabit-2015.yaml
coinflip-cftc-derivabit-2015,admitted,S3_doj_sec_cftc_fiod,empirical_case,cftc_action,US,offramp_cex,not_applicable,not_applicable,layer_not_applicable_to_trigger_target,events/*.yaml,no,0,0,0,0,0,,events/coinflip-cftc-derivabit-2015.yaml
cryptex-ofac-2024,admitted,S1_ofac_sdn,anchor_case,ofac_sdn_designation,"US,NL,DE",l0_network,not_measured,observability_gap,ooni_queried_no_measurements; cp_not_ingested_v0_1,derived/l0_coverage_summary.md,no,0,0,0,0,0,,events/cryptex-ofac-2024.yaml
cryptex-ofac-2024,admitted,S1_ofac_sdn,anchor_case,ofac_sdn_designation,"US,NL,DE",l1_consensus,measured,measured_rate_denominator,coverage_status_measured_under_layer_protocol,events/*.yaml,yes,0,1,0,0,0,,events/cryptex-ofac-2024.yaml
cryptex-ofac-2024,admitted,S1_ofac_sdn,anchor_case,ofac_sdn_designation,"US,NL,DE",l3_rpc,not_measured,observability_gap,no_event_specific_rpc_provider_artifact_or_probe_denominator,derived/l3_provider_census.md,no,0,0,0,0,0,,events/cryptex-ofac-2024.yaml
cryptex-ofac-2024,admitted,S1_ofac_sdn,anchor_case,ofac_sdn_designation,"US,NL,DE",l4_frontend,measured,measured_rate_denominator,coverage_status_measured_under_layer_protocol,events/*.yaml,yes,1,0,0,1,0,2024-09-26T16:05:01+00:00,events/cryptex-ofac-2024.yaml
cryptex-ofac-2024,admitted,S1_ofac_sdn,anchor_case,ofac_sdn_designation,"US,NL,DE",asset_onchain,measured,descriptive_only_structural_circularity_v0_1,positive_onchain_receipts_only_no_independent_no_change_denominator,docs/paper_claims.md#c1--upper-layer-concentration-of-observed-reactions,no,3,0,0,3,0,2024-09-26T03:35:00+00:00,events/cryptex-ofac-2024.yaml
cryptex-ofac-2024,admitted,S1_ofac_sdn,anchor_case,ofac_sdn_designation,"US,NL,DE",offramp_cex,not_measured,observability_gap,not_measured_no_rate_denominator,events/*.yaml,no,0,0,0,0,0,,events/cryptex-ofac-2024.yaml
dprk-usdt-network-ofac-2025,admitted,S1_ofac_sdn,empirical_case,ofac_sdn_designation,US,l0_network,not_applicable,not_applicable,layer_not_applicable_to_trigger_target,events/*.yaml,no,0,0,0,0,0,,events/dprk-usdt-network-ofac-2025.yaml
dprk-usdt-network-ofac-2025,admitted,S1_ofac_sdn,empirical_case,ofac_sdn_designation,US,l1_consensus,not_applicable,not_applicable,layer_not_applicable_to_trigger_target,events/*.yaml,no,0,0,0,0,0,,events/dprk-usdt-network-ofac-2025.yaml
dprk-usdt-network-ofac-2025,admitted,S1_ofac_sdn,empirical_case,ofac_sdn_designation,US,l3_rpc,not_applicable,not_applicable,layer_not_applicable_to_trigger_target,events/*.yaml,no,0,0,0,0,0,,events/dprk-usdt-network-ofac-2025.yaml
dprk-usdt-network-ofac-2025,admitted,S1_ofac_sdn,empirical_case,ofac_sdn_designation,US,l4_frontend,not_applicable,not_applicable,layer_not_applicable_to_trigger_target,events/*.yaml,no,0,0,0,0,0,,events/dprk-usdt-network-ofac-2025.yaml
dprk-usdt-network-ofac-2025,admitted,S1_ofac_sdn,empirical_case,ofac_sdn_designation,US,asset_onchain,measured,descriptive_only_structural_circularity_v0_1,positive_onchain_receipts_only_no_independent_no_change_denominator,docs/paper_claims.md#c1--upper-layer-concentration-of-observed-reactions,no,1,1,0,1,0,2025-11-04T21:38:00+00:00,events/dprk-usdt-network-ofac-2025.yaml
dprk-usdt-network-ofac-2025,admitted,S1_ofac_sdn,empirical_case,ofac_sdn_designation,US,offramp_cex,not_measured,observability_gap,not_measured_no_rate_denominator,events/*.yaml,no,0,0,0,0,0,,events/dprk-usdt-network-ofac-2025.yaml
dydx-tornado-account-block-2022-08,draft,S5_corporate,anchor_case,corporate_policy_change,"US,corporate_global",l0_network,not_applicable,not_applicable,layer_not_applicable_to_trigger_target,events/*.yaml,no,0,0,0,0,0,,events/dydx-tornado-account-block-2022-08.yaml
dydx-tornado-account-block-2022-08,draft,S5_corporate,anchor_case,corporate_policy_change,"US,corporate_global",l1_consensus,not_applicable,not_applicable,layer_not_applicable_to_trigger_target,events/*.yaml,no,0,0,0,0,0,,events/dydx-tornado-account-block-2022-08.yaml
dydx-tornado-account-block-2022-08,draft,S5_corporate,anchor_case,corporate_policy_change,"US,corporate_global",l3_rpc,not_applicable,not_applicable,layer_not_applicable_to_trigger_target,events/*.yaml,no,0,0,0,0,0,,events/dydx-tornado-account-block-2022-08.yaml
dydx-tornado-account-block-2022-08,draft,S5_corporate,anchor_case,corporate_policy_change,"US,corporate_global",l4_frontend,measured,measured_rate_denominator,coverage_status_measured_under_layer_protocol,events/*.yaml,yes,1,0,0,1,0,2022-08-11T00:00:00+00:00,events/dydx-tornado-account-block-2022-08.yaml
dydx-tornado-account-block-2022-08,draft,S5_corporate,anchor_case,corporate_policy_change,"US,corporate_global",asset_onchain,not_applicable,not_applicable,layer_not_applicable_to_trigger_target,events/*.yaml,no,0,0,0,0,0,,events/dydx-tornado-account-block-2022-08.yaml
dydx-tornado-account-block-2022-08,draft,S5_corporate,anchor_case,corporate_policy_change,"US,corporate_global",offramp_cex,measured,measured_rate_denominator,coverage_status_measured_under_layer_protocol,events/*.yaml,yes,1,0,0,1,0,2022-08-11T00:00:00+00:00,events/dydx-tornado-account-block-2022-08.yaml
eba-virtual-currencies-opinion-eba-op-2014-08,draft,S6_supranational,empirical_case,supranational_regulation,EU,l0_network,not_applicable,not_applicable,layer_not_applicable_to_trigger_target,events/*.yaml,no,0,0,0,0,0,,events/eba-virtual-currencies-opinion-eba-op-2014-08.yaml
eba-virtual-currencies-opinion-eba-op-2014-08,draft,S6_supranational,empirical_case,supranational_regulation,EU,l1_consensus,not_applicable,not_applicable,layer_not_applicable_to_trigger_target,events/*.yaml,no,0,0,0,0,0,,events/eba-virtual-currencies-opinion-eba-op-2014-08.yaml
eba-virtual-currencies-opinion-eba-op-2014-08,draft,S6_supranational,empirical_case,supranational_regulation,EU,l3_rpc,not_applicable,not_applicable,layer_not_applicable_to_trigger_target,events/*.yaml,no,0,0,0,0,0,,events/eba-virtual-currencies-opinion-eba-op-2014-08.yaml
eba-virtual-currencies-opinion-eba-op-2014-08,draft,S6_supranational,empirical_case,supranational_regulation,EU,l4_frontend,not_applicable,not_applicable,layer_not_applicable_to_trigger_target,events/*.yaml,no,0,0,0,0,0,,events/eba-virtual-currencies-opinion-eba-op-2014-08.yaml
eba-virtual-currencies-opinion-eba-op-2014-08,draft,S6_supranational,empirical_case,supranational_regulation,EU,asset_onchain,not_applicable,not_applicable,layer_not_applicable_to_trigger_target,events/*.yaml,no,0,0,0,0,0,,events/eba-virtual-currencies-opinion-eba-op-2014-08.yaml
eba-virtual-currencies-opinion-eba-op-2014-08,draft,S6_supranational,empirical_case,supranational_regulation,EU,offramp_cex,measured,measured_rate_denominator,coverage_status_measured_under_layer_protocol,events/*.yaml,yes,1,0,0,0,1,2014-07-04T00:00:00+00:00,events/eba-virtual-currencies-opinion-eba-op-2014-08.yaml
eu-12th-russia-sanctions-2023,admitted,S6_supranational,empirical_case,non_us_sanctions,EU,l0_network,not_applicable,not_applicable,layer_not_applicable_to_trigger_target,events/*.yaml,no,0,0,0,0,0,,events/eu-12th-russia-sanctions-2023.yaml
eu-12th-russia-sanctions-2023,admitted,S6_supranational,empirical_case,non_us_sanctions,EU,l1_consensus,not_applicable,not_applicable,layer_not_applicable_to_trigger_target,events/*.yaml,no,0,0,0,0,0,,events/eu-12th-russia-sanctions-2023.yaml
eu-12th-russia-sanctions-2023,admitted,S6_supranational,empirical_case,non_us_sanctions,EU,l3_rpc,not_applicable,not_applicable,layer_not_applicable_to_trigger_target,events/*.yaml,no,0,0,0,0,0,,events/eu-12th-russia-sanctions-2023.yaml
eu-12th-russia-sanctions-2023,admitted,S6_supranational,empirical_case,non_us_sanctions,EU,l4_frontend,not_applicable,not_applicable,layer_not_applicable_to_trigger_target,events/*.yaml,no,0,0,0,0,0,,events/eu-12th-russia-sanctions-2023.yaml
eu-12th-russia-sanctions-2023,admitted,S6_supranational,empirical_case,non_us_sanctions,EU,asset_onchain,not_applicable,not_applicable,layer_not_applicable_to_trigger_target,events/*.yaml,no,0,0,0,0,0,,events/eu-12th-russia-sanctions-2023.yaml
eu-12th-russia-sanctions-2023,admitted,S6_supranational,empirical_case,non_us_sanctions,EU,offramp_cex,measured,measured_rate_denominator,coverage_status_measured_under_layer_protocol,events/*.yaml,yes,1,0,0,1,0,2023-12-18T00:00:00+00:00,events/eu-12th-russia-sanctions-2023.yaml
eu-mica-2023,admitted,S6_supranational,empirical_case,supranational_regulation,EU,l0_network,not_applicable,not_applicable,layer_not_applicable_to_trigger_target,events/*.yaml,no,0,0,0,0,0,,events/eu-mica-2023.yaml
eu-mica-2023,admitted,S6_supranational,empirical_case,supranational_regulation,EU,l1_consensus,not_applicable,not_applicable,layer_not_applicable_to_trigger_target,events/*.yaml,no,0,0,0,0,0,,events/eu-mica-2023.yaml
eu-mica-2023,admitted,S6_supranational,empirical_case,supranational_regulation,EU,l3_rpc,not_applicable,not_applicable,layer_not_applicable_to_trigger_target,events/*.yaml,no,0,0,0,0,0,,events/eu-mica-2023.yaml
eu-mica-2023,admitted,S6_supranational,empirical_case,supranational_regulation,EU,l4_frontend,not_applicable,not_applicable,layer_not_applicable_to_trigger_target,events/*.yaml,no,0,0,0,0,0,,events/eu-mica-2023.yaml
eu-mica-2023,admitted,S6_supranational,empirical_case,supranational_regulation,EU,asset_onchain,not_applicable,not_applicable,layer_not_applicable_to_trigger_target,events/*.yaml,no,0,0,0,0,0,,events/eu-mica-2023.yaml
eu-mica-2023,admitted,S6_supranational,empirical_case,supranational_regulation,EU,offramp_cex,measured,measured_rate_denominator,coverage_status_measured_under_layer_protocol,events/*.yaml,yes,1,0,0,1,0,2023-06-09T00:00:00+00:00,events/eu-mica-2023.yaml
eu-russia-crypto-wallet-cap-2022,admitted,S6_supranational,empirical_case,non_us_sanctions,"EU,RU",l0_network,not_applicable,not_applicable,layer_not_applicable_to_trigger_target,events/*.yaml,no,0,0,0,0,0,,events/eu-russia-crypto-wallet-cap-2022.yaml
eu-russia-crypto-wallet-cap-2022,admitted,S6_supranational,empirical_case,non_us_sanctions,"EU,RU",l1_consensus,not_applicable,not_applicable,layer_not_applicable_to_trigger_target,events/*.yaml,no,0,0,0,0,0,,events/eu-russia-crypto-wallet-cap-2022.yaml
eu-russia-crypto-wallet-cap-2022,admitted,S6_supranational,empirical_case,non_us_sanctions,"EU,RU",l3_rpc,not_applicable,not_applicable,layer_not_applicable_to_trigger_target,events/*.yaml,no,0,0,0,0,0,,events/eu-russia-crypto-wallet-cap-2022.yaml
eu-russia-crypto-wallet-cap-2022,admitted,S6_supranational,empirical_case,non_us_sanctions,"EU,RU",l4_frontend,not_measured,observability_gap,not_measured_no_rate_denominator,events/*.yaml,no,0,0,0,0,0,,events/eu-russia-crypto-wallet-cap-2022.yaml
eu-russia-crypto-wallet-cap-2022,admitted,S6_supranational,empirical_case,non_us_sanctions,"EU,RU",asset_onchain,not_applicable,not_applicable,layer_not_applicable_to_trigger_target,events/*.yaml,no,0,0,0,0,0,,events/eu-russia-crypto-wallet-cap-2022.yaml
eu-russia-crypto-wallet-cap-2022,admitted,S6_supranational,empirical_case,non_us_sanctions,"EU,RU",offramp_cex,measured,measured_rate_denominator,coverage_status_measured_under_layer_protocol,events/*.yaml,yes,1,0,0,1,0,2022-04-08T00:00:00+00:00,events/eu-russia-crypto-wallet-cap-2022.yaml
eu-russia-full-crypto-wallet-ban-2022,admitted,S6_supranational,empirical_case,non_us_sanctions,"EU,RU",l0_network,not_applicable,not_applicable,layer_not_applicable_to_trigger_target,events/*.yaml,no,0,0,0,0,0,,events/eu-russia-full-crypto-wallet-ban-2022.yaml
eu-russia-full-crypto-wallet-ban-2022,admitted,S6_supranational,empirical_case,non_us_sanctions,"EU,RU",l1_consensus,not_applicable,not_applicable,layer_not_applicable_to_trigger_target,events/*.yaml,no,0,0,0,0,0,,events/eu-russia-full-crypto-wallet-ban-2022.yaml
eu-russia-full-crypto-wallet-ban-2022,admitted,S6_supranational,empirical_case,non_us_sanctions,"EU,RU",l3_rpc,not_applicable,not_applicable,layer_not_applicable_to_trigger_target,events/*.yaml,no,0,0,0,0,0,,events/eu-russia-full-crypto-wallet-ban-2022.yaml
eu-russia-full-crypto-wallet-ban-2022,admitted,S6_supranational,empirical_case,non_us_sanctions,"EU,RU",l4_frontend,not_measured,observability_gap,not_measured_no_rate_denominator,events/*.yaml,no,0,0,0,0,0,,events/eu-russia-full-crypto-wallet-ban-2022.yaml
eu-russia-full-crypto-wallet-ban-2022,admitted,S6_supranational,empirical_case,non_us_sanctions,"EU,RU",asset_onchain,not_applicable,not_applicable,layer_not_applicable_to_trigger_target,events/*.yaml,no,0,0,0,0,0,,events/eu-russia-full-crypto-wallet-ban-2022.yaml
eu-russia-full-crypto-wallet-ban-2022,admitted,S6_supranational,empirical_case,non_us_sanctions,"EU,RU",offramp_cex,measured,measured_rate_denominator,coverage_status_measured_under_layer_protocol,events/*.yaml,yes,1,0,0,1,0,2022-10-06T00:00:00+00:00,events/eu-russia-full-crypto-wallet-ban-2022.yaml
eu-tfr-recast-2023,admitted,S6_supranational,empirical_case,supranational_regulation,EU,l0_network,not_applicable,not_applicable,layer_not_applicable_to_trigger_target,events/*.yaml,no,0,0,0,0,0,,events/eu-tfr-recast-2023.yaml
eu-tfr-recast-2023,admitted,S6_supranational,empirical_case,supranational_regulation,EU,l1_consensus,not_applicable,not_applicable,layer_not_applicable_to_trigger_target,events/*.yaml,no,0,0,0,0,0,,events/eu-tfr-recast-2023.yaml
eu-tfr-recast-2023,admitted,S6_supranational,empirical_case,supranational_regulation,EU,l3_rpc,not_applicable,not_applicable,layer_not_applicable_to_trigger_target,events/*.yaml,no,0,0,0,0,0,,events/eu-tfr-recast-2023.yaml
eu-tfr-recast-2023,admitted,S6_supranational,empirical_case,supranational_regulation,EU,l4_frontend,not_applicable,not_applicable,layer_not_applicable_to_trigger_target,events/*.yaml,no,0,0,0,0,0,,events/eu-tfr-recast-2023.yaml
eu-tfr-recast-2023,admitted,S6_supranational,empirical_case,supranational_regulation,EU,asset_onchain,not_applicable,not_applicable,layer_not_applicable_to_trigger_target,events/*.yaml,no,0,0,0,0,0,,events/eu-tfr-recast-2023.yaml
eu-tfr-recast-2023,admitted,S6_supranational,empirical_case,supranational_regulation,EU,offramp_cex,measured,measured_rate_denominator,coverage_status_measured_under_layer_protocol,events/*.yaml,yes,1,0,0,1,0,2023-05-31T00:00:00+00:00,events/eu-tfr-recast-2023.yaml
fatf-r15-vasp-travel-rule-2019,admitted,S6_supranational,empirical_case,supranational_regulation,UN,l0_network,not_applicable,not_applicable,layer_not_applicable_to_trigger_target,events/*.yaml,no,0,0,0,0,0,,events/fatf-r15-vasp-travel-rule-2019.yaml
fatf-r15-vasp-travel-rule-2019,admitted,S6_supranational,empirical_case,supranational_regulation,UN,l1_consensus,not_applicable,not_applicable,layer_not_applicable_to_trigger_target,events/*.yaml,no,0,0,0,0,0,,events/fatf-r15-vasp-travel-rule-2019.yaml
fatf-r15-vasp-travel-rule-2019,admitted,S6_supranational,empirical_case,supranational_regulation,UN,l3_rpc,not_applicable,not_applicable,layer_not_applicable_to_trigger_target,events/*.yaml,no,0,0,0,0,0,,events/fatf-r15-vasp-travel-rule-2019.yaml
fatf-r15-vasp-travel-rule-2019,admitted,S6_supranational,empirical_case,supranational_regulation,UN,l4_frontend,not_applicable,not_applicable,layer_not_applicable_to_trigger_target,events/*.yaml,no,0,0,0,0,0,,events/fatf-r15-vasp-travel-rule-2019.yaml
fatf-r15-vasp-travel-rule-2019,admitted,S6_supranational,empirical_case,supranational_regulation,UN,asset_onchain,not_applicable,not_applicable,layer_not_applicable_to_trigger_target,events/*.yaml,no,0,0,0,0,0,,events/fatf-r15-vasp-travel-rule-2019.yaml
fatf-r15-vasp-travel-rule-2019,admitted,S6_supranational,empirical_case,supranational_regulation,UN,offramp_cex,measured,measured_rate_denominator,coverage_status_measured_under_layer_protocol,events/*.yaml,yes,1,0,0,1,0,2019-06-21T00:00:00+00:00,events/fatf-r15-vasp-travel-rule-2019.yaml
fatf-virtual-currencies-key-definitions-2014,draft,S6_supranational,null_case,supranational_regulation,UN,l0_network,not_applicable,not_applicable,layer_not_applicable_to_trigger_target,events/*.yaml,no,0,0,0,0,0,,events/fatf-virtual-currencies-key-definitions-2014.yaml
fatf-virtual-currencies-key-definitions-2014,draft,S6_supranational,null_case,supranational_regulation,UN,l1_consensus,not_applicable,not_applicable,layer_not_applicable_to_trigger_target,events/*.yaml,no,0,0,0,0,0,,events/fatf-virtual-currencies-key-definitions-2014.yaml
fatf-virtual-currencies-key-definitions-2014,draft,S6_supranational,null_case,supranational_regulation,UN,l3_rpc,not_applicable,not_applicable,layer_not_applicable_to_trigger_target,events/*.yaml,no,0,0,0,0,0,,events/fatf-virtual-currencies-key-definitions-2014.yaml
fatf-virtual-currencies-key-definitions-2014,draft,S6_supranational,null_case,supranational_regulation,UN,l4_frontend,not_applicable,not_applicable,layer_not_applicable_to_trigger_target,events/*.yaml,no,0,0,0,0,0,,events/fatf-virtual-currencies-key-definitions-2014.yaml
fatf-virtual-currencies-key-definitions-2014,draft,S6_supranational,null_case,supranational_regulation,UN,asset_onchain,not_applicable,not_applicable,layer_not_applicable_to_trigger_target,events/*.yaml,no,0,0,0,0,0,,events/fatf-virtual-currencies-key-definitions-2014.yaml
fatf-virtual-currencies-key-definitions-2014,draft,S6_supranational,null_case,supranational_regulation,UN,offramp_cex,partially_measured,partial_sensitivity_denominator,partially_measured_sensitivity_only,events/*.yaml,sensitivity_only,0,1,0,0,0,,events/fatf-virtual-currencies-key-definitions-2014.yaml
fincen-virtual-currency-msb-guidance-2013,draft,S3_doj_sec_cftc_fiod,null_case,fincen_action,US,l0_network,not_applicable,not_applicable,layer_not_applicable_to_trigger_target,events/*.yaml,no,0,0,0,0,0,,events/fincen-virtual-currency-msb-guidance-2013.yaml
fincen-virtual-currency-msb-guidance-2013,draft,S3_doj_sec_cftc_fiod,null_case,fincen_action,US,l1_consensus,not_applicable,not_applicable,layer_not_applicable_to_trigger_target,events/*.yaml,no,0,0,0,0,0,,events/fincen-virtual-currency-msb-guidance-2013.yaml
fincen-virtual-currency-msb-guidance-2013,draft,S3_doj_sec_cftc_fiod,null_case,fincen_action,US,l3_rpc,not_applicable,not_applicable,layer_not_applicable_to_trigger_target,events/*.yaml,no,0,0,0,0,0,,events/fincen-virtual-currency-msb-guidance-2013.yaml
fincen-virtual-currency-msb-guidance-2013,draft,S3_doj_sec_cftc_fiod,null_case,fincen_action,US,l4_frontend,not_applicable,not_applicable,layer_not_applicable_to_trigger_target,events/*.yaml,no,0,0,0,0,0,,events/fincen-virtual-currency-msb-guidance-2013.yaml
fincen-virtual-currency-msb-guidance-2013,draft,S3_doj_sec_cftc_fiod,null_case,fincen_action,US,asset_onchain,not_applicable,not_applicable,layer_not_applicable_to_trigger_target,events/*.yaml,no,0,0,0,0,0,,events/fincen-virtual-currency-msb-guidance-2013.yaml
fincen-virtual-currency-msb-guidance-2013,draft,S3_doj_sec_cftc_fiod,null_case,fincen_action,US,offramp_cex,not_measured,observability_gap,not_measured_no_rate_denominator,events/*.yaml,no,0,0,1,0,0,,events/fincen-virtual-currency-msb-guidance-2013.yaml
ftx-bankman-fried-doj-2022,admitted,S3_doj_sec_cftc_fiod,empirical_case,doj_indictment,US,l0_network,not_applicable,not_applicable,layer_not_applicable_to_trigger_target,events/*.yaml,no,0,0,0,0,0,,events/ftx-bankman-fried-doj-2022.yaml
ftx-bankman-fried-doj-2022,admitted,S3_doj_sec_cftc_fiod,empirical_case,doj_indictment,US,l1_consensus,not_applicable,not_applicable,layer_not_applicable_to_trigger_target,events/*.yaml,no,0,0,0,0,0,,events/ftx-bankman-fried-doj-2022.yaml
ftx-bankman-fried-doj-2022,admitted,S3_doj_sec_cftc_fiod,empirical_case,doj_indictment,US,l3_rpc,not_applicable,not_applicable,layer_not_applicable_to_trigger_target,events/*.yaml,no,0,0,0,0,0,,events/ftx-bankman-fried-doj-2022.yaml
ftx-bankman-fried-doj-2022,admitted,S3_doj_sec_cftc_fiod,empirical_case,doj_indictment,US,l4_frontend,not_measured,observability_gap,not_measured_no_rate_denominator,events/*.yaml,no,0,0,0,0,0,,events/ftx-bankman-fried-doj-2022.yaml
ftx-bankman-fried-doj-2022,admitted,S3_doj_sec_cftc_fiod,empirical_case,doj_indictment,US,asset_onchain,not_applicable,not_applicable,layer_not_applicable_to_trigger_target,events/*.yaml,no,0,0,0,0,0,,events/ftx-bankman-fried-doj-2022.yaml
ftx-bankman-fried-doj-2022,admitted,S3_doj_sec_cftc_fiod,empirical_case,doj_indictment,US,offramp_cex,measured,measured_rate_denominator,coverage_status_measured_under_layer_protocol,events/*.yaml,yes,1,0,0,0,1,2022-12-13T00:00:00+00:00,events/ftx-bankman-fried-doj-2022.yaml
funnull-cdn-ofac-2025,admitted,S1_ofac_sdn,empirical_case,ofac_sdn_designation,US,l0_network,not_measured,observability_gap,ooni_queried_no_measurements; cp_not_ingested_v0_1,derived/l0_coverage_summary.md,no,0,0,0,0,0,,events/funnull-cdn-ofac-2025.yaml
funnull-cdn-ofac-2025,admitted,S1_ofac_sdn,empirical_case,ofac_sdn_designation,US,l1_consensus,measured,measured_rate_denominator,coverage_status_measured_under_layer_protocol,events/*.yaml,yes,0,1,0,0,0,,events/funnull-cdn-ofac-2025.yaml
funnull-cdn-ofac-2025,admitted,S1_ofac_sdn,empirical_case,ofac_sdn_designation,US,l3_rpc,not_measured,observability_gap,no_event_specific_rpc_provider_artifact_or_probe_denominator,derived/l3_provider_census.md,no,0,0,0,0,0,,events/funnull-cdn-ofac-2025.yaml
funnull-cdn-ofac-2025,admitted,S1_ofac_sdn,empirical_case,ofac_sdn_designation,US,l4_frontend,not_measured,observability_gap,not_measured_no_rate_denominator,events/*.yaml,no,0,0,0,0,0,,events/funnull-cdn-ofac-2025.yaml
funnull-cdn-ofac-2025,admitted,S1_ofac_sdn,empirical_case,ofac_sdn_designation,US,asset_onchain,measured,descriptive_only_structural_circularity_v0_1,positive_onchain_receipts_only_no_independent_no_change_denominator,docs/paper_claims.md#c1--upper-layer-concentration-of-observed-reactions,no,2,0,0,2,0,2025-05-29T07:47:00+00:00,events/funnull-cdn-ofac-2025.yaml
funnull-cdn-ofac-2025,admitted,S1_ofac_sdn,empirical_case,ofac_sdn_designation,US,offramp_cex,not_measured,observability_gap,not_measured_no_rate_denominator,events/*.yaml,no,0,0,0,0,0,,events/funnull-cdn-ofac-2025.yaml
garantex-ofac-2022,admitted,S1_ofac_sdn,empirical_case,ofac_sdn_designation,"US,RU",l0_network,not_measured,observability_gap,ooni_queried_no_measurements; cp_not_ingested_v0_1,derived/l0_coverage_summary.md,no,0,0,0,0,0,,events/garantex-ofac-2022.yaml
garantex-ofac-2022,admitted,S1_ofac_sdn,empirical_case,ofac_sdn_designation,"US,RU",l1_consensus,not_applicable,not_applicable,layer_not_applicable_to_trigger_target,events/*.yaml,no,0,0,0,0,0,,events/garantex-ofac-2022.yaml
garantex-ofac-2022,admitted,S1_ofac_sdn,empirical_case,ofac_sdn_designation,"US,RU",l3_rpc,not_applicable,not_applicable,layer_not_applicable_to_trigger_target,events/*.yaml,no,0,0,0,0,0,,events/garantex-ofac-2022.yaml
garantex-ofac-2022,admitted,S1_ofac_sdn,empirical_case,ofac_sdn_designation,"US,RU",l4_frontend,not_measured,observability_gap,not_measured_no_rate_denominator,events/*.yaml,no,0,0,0,0,0,,events/garantex-ofac-2022.yaml
garantex-ofac-2022,admitted,S1_ofac_sdn,empirical_case,ofac_sdn_designation,"US,RU",asset_onchain,not_measured,observability_gap,not_measured_no_rate_denominator,events/*.yaml,no,0,0,0,0,0,,events/garantex-ofac-2022.yaml
garantex-ofac-2022,admitted,S1_ofac_sdn,empirical_case,ofac_sdn_designation,"US,RU",offramp_cex,measured,measured_rate_denominator,coverage_status_measured_under_layer_protocol,events/*.yaml,yes,1,0,0,1,0,2022-04-05T00:00:00+00:00,events/garantex-ofac-2022.yaml
genesis-sec-gemini-earn-2023,admitted,S3_doj_sec_cftc_fiod,empirical_case,sec_action,US,l0_network,not_applicable,not_applicable,layer_not_applicable_to_trigger_target,events/*.yaml,no,0,0,0,0,0,,events/genesis-sec-gemini-earn-2023.yaml
genesis-sec-gemini-earn-2023,admitted,S3_doj_sec_cftc_fiod,empirical_case,sec_action,US,l1_consensus,not_applicable,not_applicable,layer_not_applicable_to_trigger_target,events/*.yaml,no,0,0,0,0,0,,events/genesis-sec-gemini-earn-2023.yaml
genesis-sec-gemini-earn-2023,admitted,S3_doj_sec_cftc_fiod,empirical_case,sec_action,US,l3_rpc,not_applicable,not_applicable,layer_not_applicable_to_trigger_target,events/*.yaml,no,0,0,0,0,0,,events/genesis-sec-gemini-earn-2023.yaml
genesis-sec-gemini-earn-2023,admitted,S3_doj_sec_cftc_fiod,empirical_case,sec_action,US,l4_frontend,not_measured,observability_gap,not_measured_no_rate_denominator,events/*.yaml,no,0,0,0,0,0,,events/genesis-sec-gemini-earn-2023.yaml
genesis-sec-gemini-earn-2023,admitted,S3_doj_sec_cftc_fiod,empirical_case,sec_action,US,asset_onchain,not_applicable,not_applicable,layer_not_applicable_to_trigger_target,events/*.yaml,no,0,0,0,0,0,,events/genesis-sec-gemini-earn-2023.yaml
genesis-sec-gemini-earn-2023,admitted,S3_doj_sec_cftc_fiod,empirical_case,sec_action,US,offramp_cex,measured,measured_rate_denominator,coverage_status_measured_under_layer_protocol,events/*.yaml,yes,2,0,0,1,1,2023-01-12T00:00:00+00:00,events/genesis-sec-gemini-earn-2023.yaml
germany-bafin-binance-licence-withdrawal-2023,admitted,S4_nation_state,empirical_case,nation_state_block,DE,l0_network,not_applicable,not_applicable,layer_not_applicable_to_trigger_target,events/*.yaml,no,0,0,0,0,0,,events/germany-bafin-binance-licence-withdrawal-2023.yaml
germany-bafin-binance-licence-withdrawal-2023,admitted,S4_nation_state,empirical_case,nation_state_block,DE,l1_consensus,not_applicable,not_applicable,layer_not_applicable_to_trigger_target,events/*.yaml,no,0,0,0,0,0,,events/germany-bafin-binance-licence-withdrawal-2023.yaml
germany-bafin-binance-licence-withdrawal-2023,admitted,S4_nation_state,empirical_case,nation_state_block,DE,l3_rpc,not_applicable,not_applicable,layer_not_applicable_to_trigger_target,events/*.yaml,no,0,0,0,0,0,,events/germany-bafin-binance-licence-withdrawal-2023.yaml
germany-bafin-binance-licence-withdrawal-2023,admitted,S4_nation_state,empirical_case,nation_state_block,DE,l4_frontend,partially_measured,partial_sensitivity_denominator,partially_measured_sensitivity_only,events/*.yaml,sensitivity_only,1,0,0,0,1,2023-07-27T00:00:00+00:00,events/germany-bafin-binance-licence-withdrawal-2023.yaml
germany-bafin-binance-licence-withdrawal-2023,admitted,S4_nation_state,empirical_case,nation_state_block,DE,asset_onchain,not_applicable,not_applicable,layer_not_applicable_to_trigger_target,events/*.yaml,no,0,0,0,0,0,,events/germany-bafin-binance-licence-withdrawal-2023.yaml
germany-bafin-binance-licence-withdrawal-2023,admitted,S4_nation_state,empirical_case,nation_state_block,DE,offramp_cex,measured,measured_rate_denominator,coverage_status_measured_under_layer_protocol,events/*.yaml,yes,1,0,0,1,0,2023-07-26T00:00:00+00:00,events/germany-bafin-binance-licence-withdrawal-2023.yaml
google-play-india-crypto-exchange-removal-2024-01,draft,S5_corporate,empirical_case,corporate_policy_change,IN,l0_network,not_applicable,not_applicable,layer_not_applicable_to_trigger_target,events/*.yaml,no,0,0,0,0,0,,events/google-play-india-crypto-exchange-removal-2024-01.yaml
google-play-india-crypto-exchange-removal-2024-01,draft,S5_corporate,empirical_case,corporate_policy_change,IN,l1_consensus,not_applicable,not_applicable,layer_not_applicable_to_trigger_target,events/*.yaml,no,0,0,0,0,0,,events/google-play-india-crypto-exchange-removal-2024-01.yaml
google-play-india-crypto-exchange-removal-2024-01,draft,S5_corporate,empirical_case,corporate_policy_change,IN,l3_rpc,not_applicable,not_applicable,layer_not_applicable_to_trigger_target,events/*.yaml,no,0,0,0,0,0,,events/google-play-india-crypto-exchange-removal-2024-01.yaml
google-play-india-crypto-exchange-removal-2024-01,draft,S5_corporate,empirical_case,corporate_policy_change,IN,l4_frontend,partially_measured,partial_sensitivity_denominator,partially_measured_sensitivity_only,events/*.yaml,sensitivity_only,1,0,0,0,1,2024-01-14T00:00:00+00:00,events/google-play-india-crypto-exchange-removal-2024-01.yaml
google-play-india-crypto-exchange-removal-2024-01,draft,S5_corporate,empirical_case,corporate_policy_change,IN,asset_onchain,not_applicable,not_applicable,layer_not_applicable_to_trigger_target,events/*.yaml,no,0,0,0,0,0,,events/google-play-india-crypto-exchange-removal-2024-01.yaml
google-play-india-crypto-exchange-removal-2024-01,draft,S5_corporate,empirical_case,corporate_policy_change,IN,offramp_cex,not_measured,observability_gap,not_measured_no_rate_denominator,events/*.yaml,no,0,0,0,0,0,,events/google-play-india-crypto-exchange-removal-2024-01.yaml
grinex-garantex-successor-ofac-2025,admitted,S1_ofac_sdn,empirical_case,ofac_sdn_designation,US,l0_network,not_measured,observability_gap,not_queried_yet; cp_not_ingested_v0_1,derived/coverage_matrix.md,no,0,0,0,0,0,,events/grinex-garantex-successor-ofac-2025.yaml
grinex-garantex-successor-ofac-2025,admitted,S1_ofac_sdn,empirical_case,ofac_sdn_designation,US,l1_consensus,not_measured,observability_gap,not_measured_no_rate_denominator,events/*.yaml,no,0,0,0,0,0,,events/grinex-garantex-successor-ofac-2025.yaml
grinex-garantex-successor-ofac-2025,admitted,S1_ofac_sdn,empirical_case,ofac_sdn_designation,US,l3_rpc,not_measured,observability_gap,no_event_specific_rpc_provider_artifact_or_probe_denominator,derived/l3_provider_census.md,no,0,0,0,0,0,,events/grinex-garantex-successor-ofac-2025.yaml
grinex-garantex-successor-ofac-2025,admitted,S1_ofac_sdn,empirical_case,ofac_sdn_designation,US,l4_frontend,not_applicable,not_applicable,layer_not_applicable_to_trigger_target,events/*.yaml,no,0,0,0,0,0,,events/grinex-garantex-successor-ofac-2025.yaml
grinex-garantex-successor-ofac-2025,admitted,S1_ofac_sdn,empirical_case,ofac_sdn_designation,US,asset_onchain,measured,descriptive_only_structural_circularity_v0_1,positive_onchain_receipts_only_no_independent_no_change_denominator,docs/paper_claims.md#c1--upper-layer-concentration-of-observed-reactions,no,1,0,0,1,0,2025-08-14T21:15:00+00:00,events/grinex-garantex-successor-ofac-2025.yaml
grinex-garantex-successor-ofac-2025,admitted,S1_ofac_sdn,empirical_case,ofac_sdn_designation,US,offramp_cex,not_measured,observability_gap,not_measured_no_rate_denominator,events/*.yaml,no,0,0,0,0,0,,events/grinex-garantex-successor-ofac-2025.yaml
helix-doj-mixer-2020,admitted,S3_doj_sec_cftc_fiod,empirical_case,doj_indictment,US,l0_network,not_applicable,not_applicable,layer_not_applicable_to_trigger_target,events/*.yaml,no,0,0,0,0,0,,events/helix-doj-mixer-2020.yaml
helix-doj-mixer-2020,admitted,S3_doj_sec_cftc_fiod,empirical_case,doj_indictment,US,l1_consensus,not_applicable,not_applicable,layer_not_applicable_to_trigger_target,events/*.yaml,no,0,0,0,0,0,,events/helix-doj-mixer-2020.yaml
helix-doj-mixer-2020,admitted,S3_doj_sec_cftc_fiod,empirical_case,doj_indictment,US,l3_rpc,not_applicable,not_applicable,layer_not_applicable_to_trigger_target,events/*.yaml,no,0,0,0,0,0,,events/helix-doj-mixer-2020.yaml
helix-doj-mixer-2020,admitted,S3_doj_sec_cftc_fiod,empirical_case,doj_indictment,US,l4_frontend,measured,measured_rate_denominator,coverage_status_measured_under_layer_protocol,events/*.yaml,yes,1,0,0,1,0,2020-02-11T00:00:00+00:00,events/helix-doj-mixer-2020.yaml
helix-doj-mixer-2020,admitted,S3_doj_sec_cftc_fiod,empirical_case,doj_indictment,US,asset_onchain,not_applicable,not_applicable,layer_not_applicable_to_trigger_target,events/*.yaml,no,0,0,0,0,0,,events/helix-doj-mixer-2020.yaml
helix-doj-mixer-2020,admitted,S3_doj_sec_cftc_fiod,empirical_case,doj_indictment,US,offramp_cex,measured,measured_rate_denominator,coverage_status_measured_under_layer_protocol,events/*.yaml,yes,1,0,0,1,0,2020-02-11T00:00:00+00:00,events/helix-doj-mixer-2020.yaml
hongkong-hkma-stablecoins-ordinance-2025,draft,S4_nation_state,empirical_case,nation_state_block,HK,l0_network,not_applicable,not_applicable,layer_not_applicable_to_trigger_target,events/*.yaml,no,0,0,0,0,0,,events/hongkong-hkma-stablecoins-ordinance-2025.yaml
hongkong-hkma-stablecoins-ordinance-2025,draft,S4_nation_state,empirical_case,nation_state_block,HK,l1_consensus,not_applicable,not_applicable,layer_not_applicable_to_trigger_target,events/*.yaml,no,0,0,0,0,0,,events/hongkong-hkma-stablecoins-ordinance-2025.yaml
hongkong-hkma-stablecoins-ordinance-2025,draft,S4_nation_state,empirical_case,nation_state_block,HK,l3_rpc,not_applicable,not_applicable,layer_not_applicable_to_trigger_target,events/*.yaml,no,0,0,0,0,0,,events/hongkong-hkma-stablecoins-ordinance-2025.yaml
hongkong-hkma-stablecoins-ordinance-2025,draft,S4_nation_state,empirical_case,nation_state_block,HK,l4_frontend,not_applicable,not_applicable,layer_not_applicable_to_trigger_target,events/*.yaml,no,0,0,0,0,0,,events/hongkong-hkma-stablecoins-ordinance-2025.yaml
hongkong-hkma-stablecoins-ordinance-2025,draft,S4_nation_state,empirical_case,nation_state_block,HK,asset_onchain,partially_measured,descriptive_only_structural_circularity_v0_1,positive_onchain_receipts_only_no_independent_no_change_denominator,docs/paper_claims.md#c1--upper-layer-concentration-of-observed-reactions,no,1,0,0,1,0,2025-08-01T00:00:00+00:00,events/hongkong-hkma-stablecoins-ordinance-2025.yaml
hongkong-hkma-stablecoins-ordinance-2025,draft,S4_nation_state,empirical_case,nation_state_block,HK,offramp_cex,partially_measured,partial_sensitivity_denominator,partially_measured_sensitivity_only,events/*.yaml,sensitivity_only,1,0,0,0,1,2025-08-01T00:00:00+00:00,events/hongkong-hkma-stablecoins-ordinance-2025.yaml
hongkong-sfc-vatp-licensing-2023-06,draft,S4_nation_state,empirical_case,nation_state_block,HK,l0_network,not_applicable,not_applicable,layer_not_applicable_to_trigger_target,events/*.yaml,no,0,0,0,0,0,,events/hongkong-sfc-vatp-licensing-2023-06.yaml
hongkong-sfc-vatp-licensing-2023-06,draft,S4_nation_state,empirical_case,nation_state_block,HK,l1_consensus,not_applicable,not_applicable,layer_not_applicable_to_trigger_target,events/*.yaml,no,0,0,0,0,0,,events/hongkong-sfc-vatp-licensing-2023-06.yaml
hongkong-sfc-vatp-licensing-2023-06,draft,S4_nation_state,empirical_case,nation_state_block,HK,l3_rpc,not_applicable,not_applicable,layer_not_applicable_to_trigger_target,events/*.yaml,no,0,0,0,0,0,,events/hongkong-sfc-vatp-licensing-2023-06.yaml
hongkong-sfc-vatp-licensing-2023-06,draft,S4_nation_state,empirical_case,nation_state_block,HK,l4_frontend,not_measured,observability_gap,not_measured_no_rate_denominator,events/*.yaml,no,0,0,0,0,0,,events/hongkong-sfc-vatp-licensing-2023-06.yaml
hongkong-sfc-vatp-licensing-2023-06,draft,S4_nation_state,empirical_case,nation_state_block,HK,asset_onchain,not_applicable,not_applicable,layer_not_applicable_to_trigger_target,events/*.yaml,no,0,0,0,0,0,,events/hongkong-sfc-vatp-licensing-2023-06.yaml
hongkong-sfc-vatp-licensing-2023-06,draft,S4_nation_state,empirical_case,nation_state_block,HK,offramp_cex,partially_measured,partial_sensitivity_denominator,partially_measured_sensitivity_only,events/*.yaml,sensitivity_only,2,0,0,1,1,2023-06-01T00:00:00+00:00,events/hongkong-sfc-vatp-licensing-2023-06.yaml
hydra-doj-2022,admitted,S3_doj_sec_cftc_fiod,empirical_case,doj_seizure_order,"US,DE",l0_network,not_applicable,not_applicable,layer_not_applicable_to_trigger_target,events/*.yaml,no,0,0,0,0,0,,events/hydra-doj-2022.yaml
hydra-doj-2022,admitted,S3_doj_sec_cftc_fiod,empirical_case,doj_seizure_order,"US,DE",l1_consensus,not_applicable,not_applicable,layer_not_applicable_to_trigger_target,events/*.yaml,no,0,0,0,0,0,,events/hydra-doj-2022.yaml
hydra-doj-2022,admitted,S3_doj_sec_cftc_fiod,empirical_case,doj_seizure_order,"US,DE",l3_rpc,not_applicable,not_applicable,layer_not_applicable_to_trigger_target,events/*.yaml,no,0,0,0,0,0,,events/hydra-doj-2022.yaml
hydra-doj-2022,admitted,S3_doj_sec_cftc_fiod,empirical_case,doj_seizure_order,"US,DE",l4_frontend,measured,measured_rate_denominator,coverage_status_measured_under_layer_protocol,events/*.yaml,yes,1,0,0,1,0,2022-04-05T00:00:00+00:00,events/hydra-doj-2022.yaml
hydra-doj-2022,admitted,S3_doj_sec_cftc_fiod,empirical_case,doj_seizure_order,"US,DE",asset_onchain,not_applicable,not_applicable,layer_not_applicable_to_trigger_target,events/*.yaml,no,0,0,0,0,0,,events/hydra-doj-2022.yaml
hydra-doj-2022,admitted,S3_doj_sec_cftc_fiod,empirical_case,doj_seizure_order,"US,DE",offramp_cex,not_measured,observability_gap,not_measured_no_rate_denominator,events/*.yaml,no,0,0,0,0,0,,events/hydra-doj-2022.yaml
hydra-ofac-2022,admitted,S1_ofac_sdn,empirical_case,ofac_sdn_designation,"US,RU,DE",l0_network,not_measured,observability_gap,not_queried_yet; cp_not_ingested_v0_1,derived/coverage_matrix.md,no,0,0,0,0,0,,events/hydra-ofac-2022.yaml
hydra-ofac-2022,admitted,S1_ofac_sdn,empirical_case,ofac_sdn_designation,"US,RU,DE",l1_consensus,not_applicable,not_applicable,layer_not_applicable_to_trigger_target,events/*.yaml,no,0,0,0,0,0,,events/hydra-ofac-2022.yaml
hydra-ofac-2022,admitted,S1_ofac_sdn,empirical_case,ofac_sdn_designation,"US,RU,DE",l3_rpc,not_applicable,not_applicable,layer_not_applicable_to_trigger_target,events/*.yaml,no,0,0,0,0,0,,events/hydra-ofac-2022.yaml
hydra-ofac-2022,admitted,S1_ofac_sdn,empirical_case,ofac_sdn_designation,"US,RU,DE",l4_frontend,partially_measured,partial_sensitivity_denominator,partially_measured_sensitivity_only,events/*.yaml,sensitivity_only,1,0,0,1,0,2022-04-05T00:00:00+00:00,events/hydra-ofac-2022.yaml
hydra-ofac-2022,admitted,S1_ofac_sdn,empirical_case,ofac_sdn_designation,"US,RU,DE",asset_onchain,not_measured,observability_gap,not_measured_no_rate_denominator,events/*.yaml,no,0,0,0,0,0,,events/hydra-ofac-2022.yaml
hydra-ofac-2022,admitted,S1_ofac_sdn,empirical_case,ofac_sdn_designation,"US,RU,DE",offramp_cex,not_measured,observability_gap,not_measured_no_rate_denominator,events/*.yaml,no,0,0,0,0,0,,events/hydra-ofac-2022.yaml
iceland-cbi-foreign-exchange-bitcoin-2014,draft,S4_nation_state,null_case,nation_state_block,IS,l0_network,not_applicable,not_applicable,layer_not_applicable_to_trigger_target,events/*.yaml,no,0,0,0,0,0,,events/iceland-cbi-foreign-exchange-bitcoin-2014.yaml
iceland-cbi-foreign-exchange-bitcoin-2014,draft,S4_nation_state,null_case,nation_state_block,IS,l1_consensus,not_applicable,not_applicable,layer_not_applicable_to_trigger_target,events/*.yaml,no,0,0,0,0,0,,events/iceland-cbi-foreign-exchange-bitcoin-2014.yaml
iceland-cbi-foreign-exchange-bitcoin-2014,draft,S4_nation_state,null_case,nation_state_block,IS,l3_rpc,not_applicable,not_applicable,layer_not_applicable_to_trigger_target,events/*.yaml,no,0,0,0,0,0,,events/iceland-cbi-foreign-exchange-bitcoin-2014.yaml
iceland-cbi-foreign-exchange-bitcoin-2014,draft,S4_nation_state,null_case,nation_state_block,IS,l4_frontend,not_applicable,not_applicable,layer_not_applicable_to_trigger_target,events/*.yaml,no,0,0,0,0,0,,events/iceland-cbi-foreign-exchange-bitcoin-2014.yaml
iceland-cbi-foreign-exchange-bitcoin-2014,draft,S4_nation_state,null_case,nation_state_block,IS,asset_onchain,not_applicable,not_applicable,layer_not_applicable_to_trigger_target,events/*.yaml,no,0,0,0,0,0,,events/iceland-cbi-foreign-exchange-bitcoin-2014.yaml
iceland-cbi-foreign-exchange-bitcoin-2014,draft,S4_nation_state,null_case,nation_state_block,IS,offramp_cex,partially_measured,partial_sensitivity_denominator,partially_measured_sensitivity_only,events/*.yaml,sensitivity_only,0,1,0,0,0,,events/iceland-cbi-foreign-exchange-bitcoin-2014.yaml
india-fiu-offshore-vda-block-2023,admitted,S4_nation_state,empirical_case,nation_state_block,IN,l0_network,not_measured,observability_gap,not_queried_yet; cp_not_ingested_v0_1,derived/coverage_matrix.md,no,0,0,0,0,0,,events/india-fiu-offshore-vda-block-2023.yaml
india-fiu-offshore-vda-block-2023,admitted,S4_nation_state,empirical_case,nation_state_block,IN,l1_consensus,not_applicable,not_applicable,layer_not_applicable_to_trigger_target,events/*.yaml,no,0,0,0,0,0,,events/india-fiu-offshore-vda-block-2023.yaml
india-fiu-offshore-vda-block-2023,admitted,S4_nation_state,empirical_case,nation_state_block,IN,l3_rpc,not_applicable,not_applicable,layer_not_applicable_to_trigger_target,events/*.yaml,no,0,0,0,0,0,,events/india-fiu-offshore-vda-block-2023.yaml
india-fiu-offshore-vda-block-2023,admitted,S4_nation_state,empirical_case,nation_state_block,IN,l4_frontend,partially_measured,partial_sensitivity_denominator,partially_measured_sensitivity_only,events/*.yaml,sensitivity_only,1,0,0,0,1,2024-01-15T00:00:00+00:00,events/india-fiu-offshore-vda-block-2023.yaml
india-fiu-offshore-vda-block-2023,admitted,S4_nation_state,empirical_case,nation_state_block,IN,asset_onchain,not_applicable,not_applicable,layer_not_applicable_to_trigger_target,events/*.yaml,no,0,0,0,0,0,,events/india-fiu-offshore-vda-block-2023.yaml
india-fiu-offshore-vda-block-2023,admitted,S4_nation_state,empirical_case,nation_state_block,IN,offramp_cex,partially_measured,partial_sensitivity_denominator,partially_measured_sensitivity_only,events/*.yaml,sensitivity_only,1,0,0,0,1,2024-01-15T00:00:00+00:00,events/india-fiu-offshore-vda-block-2023.yaml
india-rbi-crypto-ban-2018,admitted,S4_nation_state,empirical_case,nation_state_block,IN,l0_network,not_applicable,not_applicable,layer_not_applicable_to_trigger_target,events/*.yaml,no,0,0,0,0,0,,events/india-rbi-crypto-ban-2018.yaml
india-rbi-crypto-ban-2018,admitted,S4_nation_state,empirical_case,nation_state_block,IN,l1_consensus,not_applicable,not_applicable,layer_not_applicable_to_trigger_target,events/*.yaml,no,0,0,0,0,0,,events/india-rbi-crypto-ban-2018.yaml
india-rbi-crypto-ban-2018,admitted,S4_nation_state,empirical_case,nation_state_block,IN,l3_rpc,not_applicable,not_applicable,layer_not_applicable_to_trigger_target,events/*.yaml,no,0,0,0,0,0,,events/india-rbi-crypto-ban-2018.yaml
india-rbi-crypto-ban-2018,admitted,S4_nation_state,empirical_case,nation_state_block,IN,l4_frontend,not_measured,observability_gap,not_measured_no_rate_denominator,events/*.yaml,no,0,0,0,0,0,,events/india-rbi-crypto-ban-2018.yaml
india-rbi-crypto-ban-2018,admitted,S4_nation_state,empirical_case,nation_state_block,IN,asset_onchain,not_applicable,not_applicable,layer_not_applicable_to_trigger_target,events/*.yaml,no,0,0,0,0,0,,events/india-rbi-crypto-ban-2018.yaml
india-rbi-crypto-ban-2018,admitted,S4_nation_state,empirical_case,nation_state_block,IN,offramp_cex,measured,measured_rate_denominator,coverage_status_measured_under_layer_protocol,events/*.yaml,yes,1,0,0,1,0,2018-07-06T00:00:00+00:00,events/india-rbi-crypto-ban-2018.yaml
infura-alchemy-tornado-rpc-block-2022,admitted,S5_corporate,anchor_case,corporate_policy_change,"US,corporate_global",l0_network,not_applicable,not_applicable,layer_not_applicable_to_trigger_target,events/*.yaml,no,0,0,0,0,0,,events/infura-alchemy-tornado-rpc-block-2022.yaml
infura-alchemy-tornado-rpc-block-2022,admitted,S5_corporate,anchor_case,corporate_policy_change,"US,corporate_global",l1_consensus,not_applicable,not_applicable,layer_not_applicable_to_trigger_target,events/*.yaml,no,0,0,0,0,0,,events/infura-alchemy-tornado-rpc-block-2022.yaml
infura-alchemy-tornado-rpc-block-2022,admitted,S5_corporate,anchor_case,corporate_policy_change,"US,corporate_global",l3_rpc,measured,measured_rate_denominator,coverage_status_measured_under_layer_protocol,events/*.yaml,yes,2,0,0,2,0,2022-08-09T00:00:00+00:00,events/infura-alchemy-tornado-rpc-block-2022.yaml
infura-alchemy-tornado-rpc-block-2022,admitted,S5_corporate,anchor_case,corporate_policy_change,"US,corporate_global",l4_frontend,partially_measured,partial_sensitivity_denominator,partially_measured_sensitivity_only,events/*.yaml,sensitivity_only,1,0,0,0,1,2022-08-10T00:00:00+00:00,events/infura-alchemy-tornado-rpc-block-2022.yaml
infura-alchemy-tornado-rpc-block-2022,admitted,S5_corporate,anchor_case,corporate_policy_change,"US,corporate_global",asset_onchain,not_applicable,not_applicable,layer_not_applicable_to_trigger_target,events/*.yaml,no,0,0,0,0,0,,events/infura-alchemy-tornado-rpc-block-2022.yaml
infura-alchemy-tornado-rpc-block-2022,admitted,S5_corporate,anchor_case,corporate_policy_change,"US,corporate_global",offramp_cex,not_applicable,not_applicable,layer_not_applicable_to_trigger_target,events/*.yaml,no,0,0,0,0,0,,events/infura-alchemy-tornado-rpc-block-2022.yaml
infura-metamask-donetsk-luhansk-block-2022-03,draft,S5_corporate,empirical_case,corporate_policy_change,"US,corporate_global",l0_network,not_applicable,not_applicable,layer_not_applicable_to_trigger_target,events/*.yaml,no,0,0,0,0,0,,events/infura-metamask-donetsk-luhansk-block-2022-03.yaml
infura-metamask-donetsk-luhansk-block-2022-03,draft,S5_corporate,empirical_case,corporate_policy_change,"US,corporate_global",l1_consensus,not_applicable,not_applicable,layer_not_applicable_to_trigger_target,events/*.yaml,no,0,0,0,0,0,,events/infura-metamask-donetsk-luhansk-block-2022-03.yaml
infura-metamask-donetsk-luhansk-block-2022-03,draft,S5_corporate,empirical_case,corporate_policy_change,"US,corporate_global",l3_rpc,partially_measured,named_partial_only_no_conditional_rate,named_public_git_observation_no_provider_universe_denominator,derived/l3_provider_census.md,no,1,0,0,1,0,2022-03-03T00:00:00+00:00,events/infura-metamask-donetsk-luhansk-block-2022-03.yaml
infura-metamask-donetsk-luhansk-block-2022-03,draft,S5_corporate,empirical_case,corporate_policy_change,"US,corporate_global",l4_frontend,partially_measured,partial_sensitivity_denominator,partially_measured_sensitivity_only,events/*.yaml,sensitivity_only,1,0,0,1,0,2022-03-03T00:00:00+00:00,events/infura-metamask-donetsk-luhansk-block-2022-03.yaml
infura-metamask-donetsk-luhansk-block-2022-03,draft,S5_corporate,empirical_case,corporate_policy_change,"US,corporate_global",asset_onchain,not_applicable,not_applicable,layer_not_applicable_to_trigger_target,events/*.yaml,no,0,0,0,0,0,,events/infura-metamask-donetsk-luhansk-block-2022-03.yaml
infura-metamask-donetsk-luhansk-block-2022-03,draft,S5_corporate,empirical_case,corporate_policy_change,"US,corporate_global",offramp_cex,not_applicable,not_applicable,layer_not_applicable_to_trigger_target,events/*.yaml,no,0,0,0,0,0,,events/infura-metamask-donetsk-luhansk-block-2022-03.yaml
iran-ransomware-ofac-2018,admitted,S1_ofac_sdn,null_case,ofac_sdn_designation,US,l0_network,not_measured,observability_gap,not_queried_yet; cp_not_ingested_v0_1,derived/coverage_matrix.md,no,0,0,0,0,0,,events/iran-ransomware-ofac-2018.yaml
iran-ransomware-ofac-2018,admitted,S1_ofac_sdn,null_case,ofac_sdn_designation,US,l1_consensus,not_applicable,not_applicable,layer_not_applicable_to_trigger_target,events/*.yaml,no,0,0,0,0,0,,events/iran-ransomware-ofac-2018.yaml
iran-ransomware-ofac-2018,admitted,S1_ofac_sdn,null_case,ofac_sdn_designation,US,l3_rpc,not_applicable,not_applicable,layer_not_applicable_to_trigger_target,events/*.yaml,no,0,0,0,0,0,,events/iran-ransomware-ofac-2018.yaml
iran-ransomware-ofac-2018,admitted,S1_ofac_sdn,null_case,ofac_sdn_designation,US,l4_frontend,partially_measured,partial_sensitivity_denominator,partially_measured_sensitivity_only,events/*.yaml,sensitivity_only,0,1,0,0,0,,events/iran-ransomware-ofac-2018.yaml
iran-ransomware-ofac-2018,admitted,S1_ofac_sdn,null_case,ofac_sdn_designation,US,asset_onchain,not_applicable,not_applicable,layer_not_applicable_to_trigger_target,events/*.yaml,no,0,0,0,0,0,,events/iran-ransomware-ofac-2018.yaml
iran-ransomware-ofac-2018,admitted,S1_ofac_sdn,null_case,ofac_sdn_designation,US,offramp_cex,not_measured,observability_gap,not_measured_no_rate_denominator,events/*.yaml,no,0,0,0,0,0,,events/iran-ransomware-ofac-2018.yaml
irgc-ransomware-ofac-2022,admitted,S1_ofac_sdn,null_case,ofac_sdn_designation,US,l0_network,not_applicable,not_applicable,layer_not_applicable_to_trigger_target,events/*.yaml,no,0,0,0,0,0,,events/irgc-ransomware-ofac-2022.yaml
irgc-ransomware-ofac-2022,admitted,S1_ofac_sdn,null_case,ofac_sdn_designation,US,l1_consensus,not_applicable,not_applicable,layer_not_applicable_to_trigger_target,events/*.yaml,no,0,0,0,0,0,,events/irgc-ransomware-ofac-2022.yaml
irgc-ransomware-ofac-2022,admitted,S1_ofac_sdn,null_case,ofac_sdn_designation,US,l3_rpc,not_applicable,not_applicable,layer_not_applicable_to_trigger_target,events/*.yaml,no,0,0,0,0,0,,events/irgc-ransomware-ofac-2022.yaml
irgc-ransomware-ofac-2022,admitted,S1_ofac_sdn,null_case,ofac_sdn_designation,US,l4_frontend,not_applicable,not_applicable,layer_not_applicable_to_trigger_target,events/*.yaml,no,0,0,0,0,0,,events/irgc-ransomware-ofac-2022.yaml
irgc-ransomware-ofac-2022,admitted,S1_ofac_sdn,null_case,ofac_sdn_designation,US,asset_onchain,not_applicable,not_applicable,layer_not_applicable_to_trigger_target,events/*.yaml,no,0,0,0,0,0,,events/irgc-ransomware-ofac-2022.yaml
irgc-ransomware-ofac-2022,admitted,S1_ofac_sdn,null_case,ofac_sdn_designation,US,offramp_cex,measured,measured_rate_denominator,coverage_status_measured_under_layer_protocol,events/*.yaml,yes,0,1,0,0,0,,events/irgc-ransomware-ofac-2022.yaml
japan-fsa-coincheck-orders-2018,admitted,S4_nation_state,empirical_case,nation_state_block,JP,l0_network,not_applicable,not_applicable,layer_not_applicable_to_trigger_target,events/*.yaml,no,0,0,0,0,0,,events/japan-fsa-coincheck-orders-2018.yaml
japan-fsa-coincheck-orders-2018,admitted,S4_nation_state,empirical_case,nation_state_block,JP,l1_consensus,not_applicable,not_applicable,layer_not_applicable_to_trigger_target,events/*.yaml,no,0,0,0,0,0,,events/japan-fsa-coincheck-orders-2018.yaml
japan-fsa-coincheck-orders-2018,admitted,S4_nation_state,empirical_case,nation_state_block,JP,l3_rpc,not_applicable,not_applicable,layer_not_applicable_to_trigger_target,events/*.yaml,no,0,0,0,0,0,,events/japan-fsa-coincheck-orders-2018.yaml
japan-fsa-coincheck-orders-2018,admitted,S4_nation_state,empirical_case,nation_state_block,JP,l4_frontend,not_applicable,not_applicable,layer_not_applicable_to_trigger_target,events/*.yaml,no,0,0,0,0,0,,events/japan-fsa-coincheck-orders-2018.yaml
japan-fsa-coincheck-orders-2018,admitted,S4_nation_state,empirical_case,nation_state_block,JP,asset_onchain,not_applicable,not_applicable,layer_not_applicable_to_trigger_target,events/*.yaml,no,0,0,0,0,0,,events/japan-fsa-coincheck-orders-2018.yaml
japan-fsa-coincheck-orders-2018,admitted,S4_nation_state,empirical_case,nation_state_block,JP,offramp_cex,partially_measured,partial_sensitivity_denominator,partially_measured_sensitivity_only,events/*.yaml,sensitivity_only,1,0,0,1,0,2018-01-29T00:00:00+00:00,events/japan-fsa-coincheck-orders-2018.yaml
karpeles-arrest-tokyo-mtgox-2015,draft,S3_doj_sec_cftc_fiod,null_case,doj_indictment,JP,l0_network,not_applicable,not_applicable,layer_not_applicable_to_trigger_target,events/*.yaml,no,0,0,0,0,0,,events/karpeles-arrest-tokyo-mtgox-2015.yaml
karpeles-arrest-tokyo-mtgox-2015,draft,S3_doj_sec_cftc_fiod,null_case,doj_indictment,JP,l1_consensus,not_applicable,not_applicable,layer_not_applicable_to_trigger_target,events/*.yaml,no,0,0,0,0,0,,events/karpeles-arrest-tokyo-mtgox-2015.yaml
karpeles-arrest-tokyo-mtgox-2015,draft,S3_doj_sec_cftc_fiod,null_case,doj_indictment,JP,l3_rpc,not_applicable,not_applicable,layer_not_applicable_to_trigger_target,events/*.yaml,no,0,0,0,0,0,,events/karpeles-arrest-tokyo-mtgox-2015.yaml
karpeles-arrest-tokyo-mtgox-2015,draft,S3_doj_sec_cftc_fiod,null_case,doj_indictment,JP,l4_frontend,not_applicable,not_applicable,layer_not_applicable_to_trigger_target,events/*.yaml,no,0,0,0,0,0,,events/karpeles-arrest-tokyo-mtgox-2015.yaml
karpeles-arrest-tokyo-mtgox-2015,draft,S3_doj_sec_cftc_fiod,null_case,doj_indictment,JP,asset_onchain,not_applicable,not_applicable,layer_not_applicable_to_trigger_target,events/*.yaml,no,0,0,0,0,0,,events/karpeles-arrest-tokyo-mtgox-2015.yaml
karpeles-arrest-tokyo-mtgox-2015,draft,S3_doj_sec_cftc_fiod,null_case,doj_indictment,JP,offramp_cex,partially_measured,partial_sensitivity_denominator,partially_measured_sensitivity_only,events/*.yaml,sensitivity_only,0,1,0,0,0,,events/karpeles-arrest-tokyo-mtgox-2015.yaml
kazakhstan-digital-assets-law-2023-02,draft,S4_nation_state,empirical_case,nation_state_block,KZ,l0_network,not_applicable,not_applicable,layer_not_applicable_to_trigger_target,events/*.yaml,no,0,0,0,0,0,,events/kazakhstan-digital-assets-law-2023-02.yaml
kazakhstan-digital-assets-law-2023-02,draft,S4_nation_state,empirical_case,nation_state_block,KZ,l1_consensus,partially_measured,partial_sensitivity_denominator,partially_measured_sensitivity_only,events/*.yaml,sensitivity_only,1,0,0,1,0,2023-04-01T00:00:00+00:00,events/kazakhstan-digital-assets-law-2023-02.yaml
kazakhstan-digital-assets-law-2023-02,draft,S4_nation_state,empirical_case,nation_state_block,KZ,l3_rpc,not_applicable,not_applicable,layer_not_applicable_to_trigger_target,events/*.yaml,no,0,0,0,0,0,,events/kazakhstan-digital-assets-law-2023-02.yaml
kazakhstan-digital-assets-law-2023-02,draft,S4_nation_state,empirical_case,nation_state_block,KZ,l4_frontend,not_measured,observability_gap,not_measured_no_rate_denominator,events/*.yaml,no,0,0,0,0,0,,events/kazakhstan-digital-assets-law-2023-02.yaml
kazakhstan-digital-assets-law-2023-02,draft,S4_nation_state,empirical_case,nation_state_block,KZ,asset_onchain,not_applicable,not_applicable,layer_not_applicable_to_trigger_target,events/*.yaml,no,0,0,0,0,0,,events/kazakhstan-digital-assets-law-2023-02.yaml
kazakhstan-digital-assets-law-2023-02,draft,S4_nation_state,empirical_case,nation_state_block,KZ,offramp_cex,partially_measured,partial_sensitivity_denominator,partially_measured_sensitivity_only,events/*.yaml,sensitivity_only,1,0,0,1,0,2023-04-01T00:00:00+00:00,events/kazakhstan-digital-assets-law-2023-02.yaml
kazakhstan-internet-shutdown-mining-2022-01,draft,S4_nation_state,empirical_case,nation_state_block,KZ,l0_network,not_measured,observability_gap,not_queried_yet; cp_not_ingested_v0_1,derived/coverage_matrix.md,no,0,0,0,0,0,,events/kazakhstan-internet-shutdown-mining-2022-01.yaml
kazakhstan-internet-shutdown-mining-2022-01,draft,S4_nation_state,empirical_case,nation_state_block,KZ,l1_consensus,partially_measured,partial_sensitivity_denominator,partially_measured_sensitivity_only,events/*.yaml,sensitivity_only,1,0,0,1,0,2022-01-05T12:00:00+00:00,events/kazakhstan-internet-shutdown-mining-2022-01.yaml
kazakhstan-internet-shutdown-mining-2022-01,draft,S4_nation_state,empirical_case,nation_state_block,KZ,l3_rpc,not_applicable,not_applicable,layer_not_applicable_to_trigger_target,events/*.yaml,no,0,0,0,0,0,,events/kazakhstan-internet-shutdown-mining-2022-01.yaml
kazakhstan-internet-shutdown-mining-2022-01,draft,S4_nation_state,empirical_case,nation_state_block,KZ,l4_frontend,not_applicable,not_applicable,layer_not_applicable_to_trigger_target,events/*.yaml,no,0,0,0,0,0,,events/kazakhstan-internet-shutdown-mining-2022-01.yaml
kazakhstan-internet-shutdown-mining-2022-01,draft,S4_nation_state,empirical_case,nation_state_block,KZ,asset_onchain,not_applicable,not_applicable,layer_not_applicable_to_trigger_target,events/*.yaml,no,0,0,0,0,0,,events/kazakhstan-internet-shutdown-mining-2022-01.yaml
kazakhstan-internet-shutdown-mining-2022-01,draft,S4_nation_state,empirical_case,nation_state_block,KZ,offramp_cex,not_applicable,not_applicable,layer_not_applicable_to_trigger_target,events/*.yaml,no,0,0,0,0,0,,events/kazakhstan-internet-shutdown-mining-2022-01.yaml
korea-fsc-ico-ban-2017,admitted,S4_nation_state,empirical_case,nation_state_block,KR,l0_network,not_applicable,not_applicable,layer_not_applicable_to_trigger_target,events/*.yaml,no,0,0,0,0,0,,events/korea-fsc-ico-ban-2017.yaml
korea-fsc-ico-ban-2017,admitted,S4_nation_state,empirical_case,nation_state_block,KR,l1_consensus,not_applicable,not_applicable,layer_not_applicable_to_trigger_target,events/*.yaml,no,0,0,0,0,0,,events/korea-fsc-ico-ban-2017.yaml
korea-fsc-ico-ban-2017,admitted,S4_nation_state,empirical_case,nation_state_block,KR,l3_rpc,not_applicable,not_applicable,layer_not_applicable_to_trigger_target,events/*.yaml,no,0,0,0,0,0,,events/korea-fsc-ico-ban-2017.yaml
korea-fsc-ico-ban-2017,admitted,S4_nation_state,empirical_case,nation_state_block,KR,l4_frontend,not_measured,observability_gap,not_measured_no_rate_denominator,events/*.yaml,no,0,0,0,0,0,,events/korea-fsc-ico-ban-2017.yaml
korea-fsc-ico-ban-2017,admitted,S4_nation_state,empirical_case,nation_state_block,KR,asset_onchain,not_applicable,not_applicable,layer_not_applicable_to_trigger_target,events/*.yaml,no,0,0,0,0,0,,events/korea-fsc-ico-ban-2017.yaml
korea-fsc-ico-ban-2017,admitted,S4_nation_state,empirical_case,nation_state_block,KR,offramp_cex,measured,measured_rate_denominator,coverage_status_measured_under_layer_protocol,events/*.yaml,yes,1,0,0,1,0,2017-09-29T00:00:00+00:00,events/korea-fsc-ico-ban-2017.yaml
korea-travel-rule-2022,admitted,S4_nation_state,empirical_case,nation_state_block,KR,l0_network,not_applicable,not_applicable,layer_not_applicable_to_trigger_target,events/*.yaml,no,0,0,0,0,0,,events/korea-travel-rule-2022.yaml
korea-travel-rule-2022,admitted,S4_nation_state,empirical_case,nation_state_block,KR,l1_consensus,not_applicable,not_applicable,layer_not_applicable_to_trigger_target,events/*.yaml,no,0,0,0,0,0,,events/korea-travel-rule-2022.yaml
korea-travel-rule-2022,admitted,S4_nation_state,empirical_case,nation_state_block,KR,l3_rpc,not_applicable,not_applicable,layer_not_applicable_to_trigger_target,events/*.yaml,no,0,0,0,0,0,,events/korea-travel-rule-2022.yaml
korea-travel-rule-2022,admitted,S4_nation_state,empirical_case,nation_state_block,KR,l4_frontend,not_applicable,not_applicable,layer_not_applicable_to_trigger_target,events/*.yaml,no,0,0,0,0,0,,events/korea-travel-rule-2022.yaml
korea-travel-rule-2022,admitted,S4_nation_state,empirical_case,nation_state_block,KR,asset_onchain,not_applicable,not_applicable,layer_not_applicable_to_trigger_target,events/*.yaml,no,0,0,0,0,0,,events/korea-travel-rule-2022.yaml
korea-travel-rule-2022,admitted,S4_nation_state,empirical_case,nation_state_block,KR,offramp_cex,measured,measured_rate_denominator,coverage_status_measured_under_layer_protocol,events/*.yaml,yes,1,0,0,1,0,2022-03-25T00:00:00+00:00,events/korea-travel-rule-2022.yaml
kraken-sec-staking-2023,admitted,S3_doj_sec_cftc_fiod,empirical_case,sec_action,US,l0_network,not_applicable,not_applicable,layer_not_applicable_to_trigger_target,events/*.yaml,no,0,0,0,0,0,,events/kraken-sec-staking-2023.yaml
kraken-sec-staking-2023,admitted,S3_doj_sec_cftc_fiod,empirical_case,sec_action,US,l1_consensus,not_applicable,not_applicable,layer_not_applicable_to_trigger_target,events/*.yaml,no,0,0,0,0,0,,events/kraken-sec-staking-2023.yaml
kraken-sec-staking-2023,admitted,S3_doj_sec_cftc_fiod,empirical_case,sec_action,US,l3_rpc,not_applicable,not_applicable,layer_not_applicable_to_trigger_target,events/*.yaml,no,0,0,0,0,0,,events/kraken-sec-staking-2023.yaml
kraken-sec-staking-2023,admitted,S3_doj_sec_cftc_fiod,empirical_case,sec_action,US,l4_frontend,not_measured,observability_gap,not_measured_no_rate_denominator,events/*.yaml,no,0,0,0,0,0,,events/kraken-sec-staking-2023.yaml
kraken-sec-staking-2023,admitted,S3_doj_sec_cftc_fiod,empirical_case,sec_action,US,asset_onchain,not_applicable,not_applicable,layer_not_applicable_to_trigger_target,events/*.yaml,no,0,0,0,0,0,,events/kraken-sec-staking-2023.yaml
kraken-sec-staking-2023,admitted,S3_doj_sec_cftc_fiod,empirical_case,sec_action,US,offramp_cex,measured,measured_rate_denominator,coverage_status_measured_under_layer_protocol,events/*.yaml,yes,1,0,0,1,0,2023-02-09T00:00:00+00:00,events/kraken-sec-staking-2023.yaml
kraken-sec-unregistered-exchange-2023,admitted,S3_doj_sec_cftc_fiod,empirical_case,sec_action,US,l0_network,not_applicable,not_applicable,layer_not_applicable_to_trigger_target,events/*.yaml,no,0,0,0,0,0,,events/kraken-sec-unregistered-exchange-2023.yaml
kraken-sec-unregistered-exchange-2023,admitted,S3_doj_sec_cftc_fiod,empirical_case,sec_action,US,l1_consensus,not_applicable,not_applicable,layer_not_applicable_to_trigger_target,events/*.yaml,no,0,0,0,0,0,,events/kraken-sec-unregistered-exchange-2023.yaml
kraken-sec-unregistered-exchange-2023,admitted,S3_doj_sec_cftc_fiod,empirical_case,sec_action,US,l3_rpc,not_applicable,not_applicable,layer_not_applicable_to_trigger_target,events/*.yaml,no,0,0,0,0,0,,events/kraken-sec-unregistered-exchange-2023.yaml
kraken-sec-unregistered-exchange-2023,admitted,S3_doj_sec_cftc_fiod,empirical_case,sec_action,US,l4_frontend,not_measured,observability_gap,not_measured_no_rate_denominator,events/*.yaml,no,0,0,0,0,0,,events/kraken-sec-unregistered-exchange-2023.yaml
kraken-sec-unregistered-exchange-2023,admitted,S3_doj_sec_cftc_fiod,empirical_case,sec_action,US,asset_onchain,not_applicable,not_applicable,layer_not_applicable_to_trigger_target,events/*.yaml,no,0,0,0,0,0,,events/kraken-sec-unregistered-exchange-2023.yaml
kraken-sec-unregistered-exchange-2023,admitted,S3_doj_sec_cftc_fiod,empirical_case,sec_action,US,offramp_cex,measured,measured_rate_denominator,coverage_status_measured_under_layer_protocol,events/*.yaml,yes,1,0,0,0,1,2023-11-20T00:00:00+00:00,events/kraken-sec-unregistered-exchange-2023.yaml
kucoin-doj-2024,admitted,S3_doj_sec_cftc_fiod,empirical_case,doj_indictment,US,l0_network,not_applicable,not_applicable,layer_not_applicable_to_trigger_target,events/*.yaml,no,0,0,0,0,0,,events/kucoin-doj-2024.yaml
kucoin-doj-2024,admitted,S3_doj_sec_cftc_fiod,empirical_case,doj_indictment,US,l1_consensus,not_applicable,not_applicable,layer_not_applicable_to_trigger_target,events/*.yaml,no,0,0,0,0,0,,events/kucoin-doj-2024.yaml
kucoin-doj-2024,admitted,S3_doj_sec_cftc_fiod,empirical_case,doj_indictment,US,l3_rpc,not_applicable,not_applicable,layer_not_applicable_to_trigger_target,events/*.yaml,no,0,0,0,0,0,,events/kucoin-doj-2024.yaml
kucoin-doj-2024,admitted,S3_doj_sec_cftc_fiod,empirical_case,doj_indictment,US,l4_frontend,measured,measured_rate_denominator,coverage_status_measured_under_layer_protocol,events/*.yaml,yes,1,0,0,1,0,2024-03-26T00:00:00+00:00,events/kucoin-doj-2024.yaml
kucoin-doj-2024,admitted,S3_doj_sec_cftc_fiod,empirical_case,doj_indictment,US,asset_onchain,not_applicable,not_applicable,layer_not_applicable_to_trigger_target,events/*.yaml,no,0,0,0,0,0,,events/kucoin-doj-2024.yaml
kucoin-doj-2024,admitted,S3_doj_sec_cftc_fiod,empirical_case,doj_indictment,US,offramp_cex,measured,measured_rate_denominator,coverage_status_measured_under_layer_protocol,events/*.yaml,yes,1,0,0,1,0,2024-03-26T00:00:00+00:00,events/kucoin-doj-2024.yaml
lazarus-entity-ofac-2019,admitted,S1_ofac_sdn,null_case,ofac_sdn_designation,US,l0_network,not_applicable,not_applicable,layer_not_applicable_to_trigger_target,events/*.yaml,no,0,0,0,0,0,,events/lazarus-entity-ofac-2019.yaml
lazarus-entity-ofac-2019,admitted,S1_ofac_sdn,null_case,ofac_sdn_designation,US,l1_consensus,not_applicable,not_applicable,layer_not_applicable_to_trigger_target,events/*.yaml,no,0,0,0,0,0,,events/lazarus-entity-ofac-2019.yaml
lazarus-entity-ofac-2019,admitted,S1_ofac_sdn,null_case,ofac_sdn_designation,US,l3_rpc,not_applicable,not_applicable,layer_not_applicable_to_trigger_target,events/*.yaml,no,0,0,0,0,0,,events/lazarus-entity-ofac-2019.yaml
lazarus-entity-ofac-2019,admitted,S1_ofac_sdn,null_case,ofac_sdn_designation,US,l4_frontend,not_applicable,not_applicable,layer_not_applicable_to_trigger_target,events/*.yaml,no,0,0,0,0,0,,events/lazarus-entity-ofac-2019.yaml
lazarus-entity-ofac-2019,admitted,S1_ofac_sdn,null_case,ofac_sdn_designation,US,asset_onchain,not_applicable,not_applicable,layer_not_applicable_to_trigger_target,events/*.yaml,no,0,0,0,0,0,,events/lazarus-entity-ofac-2019.yaml
lazarus-entity-ofac-2019,admitted,S1_ofac_sdn,null_case,ofac_sdn_designation,US,offramp_cex,measured,measured_rate_denominator,coverage_status_measured_under_layer_protocol,events/*.yaml,yes,0,1,0,0,0,,events/lazarus-entity-ofac-2019.yaml
lazarus-laundering-ofac-2020,admitted,S1_ofac_sdn,null_case,ofac_sdn_designation,US,l0_network,not_applicable,not_applicable,layer_not_applicable_to_trigger_target,events/*.yaml,no,0,0,0,0,0,,events/lazarus-laundering-ofac-2020.yaml
lazarus-laundering-ofac-2020,admitted,S1_ofac_sdn,null_case,ofac_sdn_designation,US,l1_consensus,not_applicable,not_applicable,layer_not_applicable_to_trigger_target,events/*.yaml,no,0,0,0,0,0,,events/lazarus-laundering-ofac-2020.yaml
lazarus-laundering-ofac-2020,admitted,S1_ofac_sdn,null_case,ofac_sdn_designation,US,l3_rpc,not_applicable,not_applicable,layer_not_applicable_to_trigger_target,events/*.yaml,no,0,0,0,0,0,,events/lazarus-laundering-ofac-2020.yaml
lazarus-laundering-ofac-2020,admitted,S1_ofac_sdn,null_case,ofac_sdn_designation,US,l4_frontend,not_applicable,not_applicable,layer_not_applicable_to_trigger_target,events/*.yaml,no,0,0,0,0,0,,events/lazarus-laundering-ofac-2020.yaml
lazarus-laundering-ofac-2020,admitted,S1_ofac_sdn,null_case,ofac_sdn_designation,US,asset_onchain,not_applicable,not_applicable,layer_not_applicable_to_trigger_target,events/*.yaml,no,0,0,0,0,0,,events/lazarus-laundering-ofac-2020.yaml
lazarus-laundering-ofac-2020,admitted,S1_ofac_sdn,null_case,ofac_sdn_designation,US,offramp_cex,measured,measured_rate_denominator,coverage_status_measured_under_layer_protocol,events/*.yaml,yes,0,1,0,0,0,,events/lazarus-laundering-ofac-2020.yaml
lockbit-affiliates-ofac-2024,admitted,S1_ofac_sdn,empirical_case,ofac_sdn_designation,"US,UK,AU,EU",l0_network,not_applicable,not_applicable,layer_not_applicable_to_trigger_target,events/*.yaml,no,0,0,0,0,0,,events/lockbit-affiliates-ofac-2024.yaml
lockbit-affiliates-ofac-2024,admitted,S1_ofac_sdn,empirical_case,ofac_sdn_designation,"US,UK,AU,EU",l1_consensus,measured,measured_rate_denominator,coverage_status_measured_under_layer_protocol,events/*.yaml,yes,0,1,0,0,0,,events/lockbit-affiliates-ofac-2024.yaml
lockbit-affiliates-ofac-2024,admitted,S1_ofac_sdn,empirical_case,ofac_sdn_designation,"US,UK,AU,EU",l3_rpc,not_measured,observability_gap,no_event_specific_rpc_provider_artifact_or_probe_denominator,derived/l3_provider_census.md,no,0,0,0,0,0,,events/lockbit-affiliates-ofac-2024.yaml
lockbit-affiliates-ofac-2024,admitted,S1_ofac_sdn,empirical_case,ofac_sdn_designation,"US,UK,AU,EU",l4_frontend,not_applicable,not_applicable,layer_not_applicable_to_trigger_target,events/*.yaml,no,0,0,0,0,0,,events/lockbit-affiliates-ofac-2024.yaml
lockbit-affiliates-ofac-2024,admitted,S1_ofac_sdn,empirical_case,ofac_sdn_designation,"US,UK,AU,EU",asset_onchain,measured,descriptive_only_structural_circularity_v0_1,positive_onchain_receipts_only_no_independent_no_change_denominator,docs/paper_claims.md#c1--upper-layer-concentration-of-observed-reactions,no,1,0,0,1,0,2024-02-21T00:19:00+00:00,events/lockbit-affiliates-ofac-2024.yaml
lockbit-affiliates-ofac-2024,admitted,S1_ofac_sdn,empirical_case,ofac_sdn_designation,"US,UK,AU,EU",offramp_cex,not_measured,observability_gap,not_measured_no_rate_denominator,events/*.yaml,no,0,0,0,0,0,,events/lockbit-affiliates-ofac-2024.yaml
lockbit-leader-ofac-2024,admitted,S1_ofac_sdn,null_case,ofac_sdn_designation,"US,UK,AU",l0_network,not_applicable,not_applicable,layer_not_applicable_to_trigger_target,events/*.yaml,no,0,0,0,0,0,,events/lockbit-leader-ofac-2024.yaml
lockbit-leader-ofac-2024,admitted,S1_ofac_sdn,null_case,ofac_sdn_designation,"US,UK,AU",l1_consensus,not_applicable,not_applicable,layer_not_applicable_to_trigger_target,events/*.yaml,no,0,0,0,0,0,,events/lockbit-leader-ofac-2024.yaml
lockbit-leader-ofac-2024,admitted,S1_ofac_sdn,null_case,ofac_sdn_designation,"US,UK,AU",l3_rpc,not_applicable,not_applicable,layer_not_applicable_to_trigger_target,events/*.yaml,no,0,0,0,0,0,,events/lockbit-leader-ofac-2024.yaml
lockbit-leader-ofac-2024,admitted,S1_ofac_sdn,null_case,ofac_sdn_designation,"US,UK,AU",l4_frontend,not_applicable,not_applicable,layer_not_applicable_to_trigger_target,events/*.yaml,no,0,0,0,0,0,,events/lockbit-leader-ofac-2024.yaml
lockbit-leader-ofac-2024,admitted,S1_ofac_sdn,null_case,ofac_sdn_designation,"US,UK,AU",asset_onchain,not_applicable,not_applicable,layer_not_applicable_to_trigger_target,events/*.yaml,no,0,0,0,0,0,,events/lockbit-leader-ofac-2024.yaml
lockbit-leader-ofac-2024,admitted,S1_ofac_sdn,null_case,ofac_sdn_designation,"US,UK,AU",offramp_cex,measured,measured_rate_denominator,coverage_status_measured_under_layer_protocol,events/*.yaml,yes,0,1,0,0,0,,events/lockbit-leader-ofac-2024.yaml
malaysia-sc-binance-disable-2021,admitted,S4_nation_state,empirical_case,nation_state_block,MY,l0_network,not_measured,observability_gap,not_queried_yet; cp_not_ingested_v0_1,derived/coverage_matrix.md,no,0,0,0,0,0,,events/malaysia-sc-binance-disable-2021.yaml
malaysia-sc-binance-disable-2021,admitted,S4_nation_state,empirical_case,nation_state_block,MY,l1_consensus,not_applicable,not_applicable,layer_not_applicable_to_trigger_target,events/*.yaml,no,0,0,0,0,0,,events/malaysia-sc-binance-disable-2021.yaml
malaysia-sc-binance-disable-2021,admitted,S4_nation_state,empirical_case,nation_state_block,MY,l3_rpc,not_applicable,not_applicable,layer_not_applicable_to_trigger_target,events/*.yaml,no,0,0,0,0,0,,events/malaysia-sc-binance-disable-2021.yaml
malaysia-sc-binance-disable-2021,admitted,S4_nation_state,empirical_case,nation_state_block,MY,l4_frontend,partially_measured,partial_sensitivity_denominator,partially_measured_sensitivity_only,events/*.yaml,sensitivity_only,1,0,0,1,0,2021-07-30T00:00:00+00:00,events/malaysia-sc-binance-disable-2021.yaml
malaysia-sc-binance-disable-2021,admitted,S4_nation_state,empirical_case,nation_state_block,MY,asset_onchain,not_applicable,not_applicable,layer_not_applicable_to_trigger_target,events/*.yaml,no,0,0,0,0,0,,events/malaysia-sc-binance-disable-2021.yaml
malaysia-sc-binance-disable-2021,admitted,S4_nation_state,empirical_case,nation_state_block,MY,offramp_cex,partially_measured,partial_sensitivity_denominator,partially_measured_sensitivity_only,events/*.yaml,sensitivity_only,1,0,0,0,1,2021-07-30T00:00:00+00:00,events/malaysia-sc-binance-disable-2021.yaml
matveev-ofac-2023,admitted,S1_ofac_sdn,null_case,ofac_sdn_designation,US,l0_network,not_applicable,not_applicable,layer_not_applicable_to_trigger_target,events/*.yaml,no,0,0,0,0,0,,events/matveev-ofac-2023.yaml
matveev-ofac-2023,admitted,S1_ofac_sdn,null_case,ofac_sdn_designation,US,l1_consensus,not_applicable,not_applicable,layer_not_applicable_to_trigger_target,events/*.yaml,no,0,0,0,0,0,,events/matveev-ofac-2023.yaml
matveev-ofac-2023,admitted,S1_ofac_sdn,null_case,ofac_sdn_designation,US,l3_rpc,not_applicable,not_applicable,layer_not_applicable_to_trigger_target,events/*.yaml,no,0,0,0,0,0,,events/matveev-ofac-2023.yaml
matveev-ofac-2023,admitted,S1_ofac_sdn,null_case,ofac_sdn_designation,US,l4_frontend,not_applicable,not_applicable,layer_not_applicable_to_trigger_target,events/*.yaml,no,0,0,0,0,0,,events/matveev-ofac-2023.yaml
matveev-ofac-2023,admitted,S1_ofac_sdn,null_case,ofac_sdn_designation,US,asset_onchain,not_measured,observability_gap,not_measured_no_rate_denominator,events/*.yaml,no,0,0,0,0,0,,events/matveev-ofac-2023.yaml
matveev-ofac-2023,admitted,S1_ofac_sdn,null_case,ofac_sdn_designation,US,offramp_cex,measured,measured_rate_denominator,coverage_status_measured_under_layer_protocol,events/*.yaml,yes,0,1,0,0,0,,events/matveev-ofac-2023.yaml
mtgox-bankruptcy-tokyo-2014,draft,S5_corporate,empirical_case,corporate_policy_change,JP,l0_network,not_applicable,not_applicable,layer_not_applicable_to_trigger_target,events/*.yaml,no,0,0,0,0,0,,events/mtgox-bankruptcy-tokyo-2014.yaml
mtgox-bankruptcy-tokyo-2014,draft,S5_corporate,empirical_case,corporate_policy_change,JP,l1_consensus,not_applicable,not_applicable,layer_not_applicable_to_trigger_target,events/*.yaml,no,0,0,0,0,0,,events/mtgox-bankruptcy-tokyo-2014.yaml
mtgox-bankruptcy-tokyo-2014,draft,S5_corporate,empirical_case,corporate_policy_change,JP,l3_rpc,not_applicable,not_applicable,layer_not_applicable_to_trigger_target,events/*.yaml,no,0,0,0,0,0,,events/mtgox-bankruptcy-tokyo-2014.yaml
mtgox-bankruptcy-tokyo-2014,draft,S5_corporate,empirical_case,corporate_policy_change,JP,l4_frontend,partially_measured,partial_sensitivity_denominator,partially_measured_sensitivity_only,events/*.yaml,sensitivity_only,1,0,0,1,0,2014-02-28T00:00:00+00:00,events/mtgox-bankruptcy-tokyo-2014.yaml
mtgox-bankruptcy-tokyo-2014,draft,S5_corporate,empirical_case,corporate_policy_change,JP,asset_onchain,not_applicable,not_applicable,layer_not_applicable_to_trigger_target,events/*.yaml,no,0,0,0,0,0,,events/mtgox-bankruptcy-tokyo-2014.yaml
mtgox-bankruptcy-tokyo-2014,draft,S5_corporate,empirical_case,corporate_policy_change,JP,offramp_cex,measured,measured_rate_denominator,coverage_status_measured_under_layer_protocol,events/*.yaml,yes,1,0,0,1,0,2014-02-28T00:00:00+00:00,events/mtgox-bankruptcy-tokyo-2014.yaml
mtgox-coinlab-civil-2013,draft,S3_doj_sec_cftc_fiod,null_case,court_civil_order,US,l0_network,not_applicable,not_applicable,layer_not_applicable_to_trigger_target,events/*.yaml,no,0,0,0,0,0,,events/mtgox-coinlab-civil-2013.yaml
mtgox-coinlab-civil-2013,draft,S3_doj_sec_cftc_fiod,null_case,court_civil_order,US,l1_consensus,not_applicable,not_applicable,layer_not_applicable_to_trigger_target,events/*.yaml,no,0,0,0,0,0,,events/mtgox-coinlab-civil-2013.yaml
mtgox-coinlab-civil-2013,draft,S3_doj_sec_cftc_fiod,null_case,court_civil_order,US,l3_rpc,not_applicable,not_applicable,layer_not_applicable_to_trigger_target,events/*.yaml,no,0,0,0,0,0,,events/mtgox-coinlab-civil-2013.yaml
mtgox-coinlab-civil-2013,draft,S3_doj_sec_cftc_fiod,null_case,court_civil_order,US,l4_frontend,not_applicable,not_applicable,layer_not_applicable_to_trigger_target,events/*.yaml,no,0,0,0,0,0,,events/mtgox-coinlab-civil-2013.yaml
mtgox-coinlab-civil-2013,draft,S3_doj_sec_cftc_fiod,null_case,court_civil_order,US,asset_onchain,not_applicable,not_applicable,layer_not_applicable_to_trigger_target,events/*.yaml,no,0,0,0,0,0,,events/mtgox-coinlab-civil-2013.yaml
mtgox-coinlab-civil-2013,draft,S3_doj_sec_cftc_fiod,null_case,court_civil_order,US,offramp_cex,partially_measured,partial_sensitivity_denominator,partially_measured_sensitivity_only,events/*.yaml,sensitivity_only,0,1,0,0,0,,events/mtgox-coinlab-civil-2013.yaml
mtgox-dhs-dwolla-wells-fargo-seizure-2013,draft,S3_doj_sec_cftc_fiod,empirical_case,doj_seizure_order,US,l0_network,not_applicable,not_applicable,layer_not_applicable_to_trigger_target,events/*.yaml,no,0,0,0,0,0,,events/mtgox-dhs-dwolla-wells-fargo-seizure-2013.yaml
mtgox-dhs-dwolla-wells-fargo-seizure-2013,draft,S3_doj_sec_cftc_fiod,empirical_case,doj_seizure_order,US,l1_consensus,not_applicable,not_applicable,layer_not_applicable_to_trigger_target,events/*.yaml,no,0,0,0,0,0,,events/mtgox-dhs-dwolla-wells-fargo-seizure-2013.yaml
mtgox-dhs-dwolla-wells-fargo-seizure-2013,draft,S3_doj_sec_cftc_fiod,empirical_case,doj_seizure_order,US,l3_rpc,not_applicable,not_applicable,layer_not_applicable_to_trigger_target,events/*.yaml,no,0,0,0,0,0,,events/mtgox-dhs-dwolla-wells-fargo-seizure-2013.yaml
mtgox-dhs-dwolla-wells-fargo-seizure-2013,draft,S3_doj_sec_cftc_fiod,empirical_case,doj_seizure_order,US,l4_frontend,not_applicable,not_applicable,layer_not_applicable_to_trigger_target,events/*.yaml,no,0,0,0,0,0,,events/mtgox-dhs-dwolla-wells-fargo-seizure-2013.yaml
mtgox-dhs-dwolla-wells-fargo-seizure-2013,draft,S3_doj_sec_cftc_fiod,empirical_case,doj_seizure_order,US,asset_onchain,not_applicable,not_applicable,layer_not_applicable_to_trigger_target,events/*.yaml,no,0,0,0,0,0,,events/mtgox-dhs-dwolla-wells-fargo-seizure-2013.yaml
mtgox-dhs-dwolla-wells-fargo-seizure-2013,draft,S3_doj_sec_cftc_fiod,empirical_case,doj_seizure_order,US,offramp_cex,partially_measured,partial_sensitivity_denominator,partially_measured_sensitivity_only,events/*.yaml,sensitivity_only,1,0,0,1,0,2013-05-14T00:00:00+00:00,events/mtgox-dhs-dwolla-wells-fargo-seizure-2013.yaml
mtgox-usd-withdrawal-suspension-2013-06,draft,S5_corporate,empirical_case,corporate_policy_change,JP,l0_network,not_applicable,not_applicable,layer_not_applicable_to_trigger_target,events/*.yaml,no,0,0,0,0,0,,events/mtgox-usd-withdrawal-suspension-2013-06.yaml
mtgox-usd-withdrawal-suspension-2013-06,draft,S5_corporate,empirical_case,corporate_policy_change,JP,l1_consensus,not_applicable,not_applicable,layer_not_applicable_to_trigger_target,events/*.yaml,no,0,0,0,0,0,,events/mtgox-usd-withdrawal-suspension-2013-06.yaml
mtgox-usd-withdrawal-suspension-2013-06,draft,S5_corporate,empirical_case,corporate_policy_change,JP,l3_rpc,not_applicable,not_applicable,layer_not_applicable_to_trigger_target,events/*.yaml,no,0,0,0,0,0,,events/mtgox-usd-withdrawal-suspension-2013-06.yaml
mtgox-usd-withdrawal-suspension-2013-06,draft,S5_corporate,empirical_case,corporate_policy_change,JP,l4_frontend,not_applicable,not_applicable,layer_not_applicable_to_trigger_target,events/*.yaml,no,0,0,0,0,0,,events/mtgox-usd-withdrawal-suspension-2013-06.yaml
mtgox-usd-withdrawal-suspension-2013-06,draft,S5_corporate,empirical_case,corporate_policy_change,JP,asset_onchain,not_applicable,not_applicable,layer_not_applicable_to_trigger_target,events/*.yaml,no,0,0,0,0,0,,events/mtgox-usd-withdrawal-suspension-2013-06.yaml
mtgox-usd-withdrawal-suspension-2013-06,draft,S5_corporate,empirical_case,corporate_policy_change,JP,offramp_cex,partially_measured,partial_sensitivity_denominator,partially_measured_sensitivity_only,events/*.yaml,sensitivity_only,1,0,0,1,0,2013-06-20T00:00:00+00:00,events/mtgox-usd-withdrawal-suspension-2013-06.yaml
netherlands-dnb-binance-warning-2021,admitted,S4_nation_state,empirical_case,nation_state_block,NL,l0_network,not_applicable,not_applicable,layer_not_applicable_to_trigger_target,events/*.yaml,no,0,0,0,0,0,,events/netherlands-dnb-binance-warning-2021.yaml
netherlands-dnb-binance-warning-2021,admitted,S4_nation_state,empirical_case,nation_state_block,NL,l1_consensus,not_applicable,not_applicable,layer_not_applicable_to_trigger_target,events/*.yaml,no,0,0,0,0,0,,events/netherlands-dnb-binance-warning-2021.yaml
netherlands-dnb-binance-warning-2021,admitted,S4_nation_state,empirical_case,nation_state_block,NL,l3_rpc,not_applicable,not_applicable,layer_not_applicable_to_trigger_target,events/*.yaml,no,0,0,0,0,0,,events/netherlands-dnb-binance-warning-2021.yaml
netherlands-dnb-binance-warning-2021,admitted,S4_nation_state,empirical_case,nation_state_block,NL,l4_frontend,partially_measured,partial_sensitivity_denominator,partially_measured_sensitivity_only,events/*.yaml,sensitivity_only,1,0,0,1,0,2022-07-01T00:00:00+00:00,events/netherlands-dnb-binance-warning-2021.yaml
netherlands-dnb-binance-warning-2021,admitted,S4_nation_state,empirical_case,nation_state_block,NL,asset_onchain,not_applicable,not_applicable,layer_not_applicable_to_trigger_target,events/*.yaml,no,0,0,0,0,0,,events/netherlands-dnb-binance-warning-2021.yaml
netherlands-dnb-binance-warning-2021,admitted,S4_nation_state,empirical_case,nation_state_block,NL,offramp_cex,partially_measured,partial_sensitivity_denominator,partially_measured_sensitivity_only,events/*.yaml,sensitivity_only,1,0,0,1,0,2022-07-01T00:00:00+00:00,events/netherlands-dnb-binance-warning-2021.yaml
nigeria-cbn-crypto-ban-2021,admitted,S4_nation_state,empirical_case,nation_state_block,NG,l0_network,not_applicable,not_applicable,layer_not_applicable_to_trigger_target,events/*.yaml,no,0,0,0,0,0,,events/nigeria-cbn-crypto-ban-2021.yaml
nigeria-cbn-crypto-ban-2021,admitted,S4_nation_state,empirical_case,nation_state_block,NG,l1_consensus,not_applicable,not_applicable,layer_not_applicable_to_trigger_target,events/*.yaml,no,0,0,0,0,0,,events/nigeria-cbn-crypto-ban-2021.yaml
nigeria-cbn-crypto-ban-2021,admitted,S4_nation_state,empirical_case,nation_state_block,NG,l3_rpc,not_applicable,not_applicable,layer_not_applicable_to_trigger_target,events/*.yaml,no,0,0,0,0,0,,events/nigeria-cbn-crypto-ban-2021.yaml
nigeria-cbn-crypto-ban-2021,admitted,S4_nation_state,empirical_case,nation_state_block,NG,l4_frontend,not_applicable,not_applicable,layer_not_applicable_to_trigger_target,events/*.yaml,no,0,0,0,0,0,,events/nigeria-cbn-crypto-ban-2021.yaml
nigeria-cbn-crypto-ban-2021,admitted,S4_nation_state,empirical_case,nation_state_block,NG,asset_onchain,not_applicable,not_applicable,layer_not_applicable_to_trigger_target,events/*.yaml,no,0,0,0,0,0,,events/nigeria-cbn-crypto-ban-2021.yaml
nigeria-cbn-crypto-ban-2021,admitted,S4_nation_state,empirical_case,nation_state_block,NG,offramp_cex,measured,measured_rate_denominator,coverage_status_measured_under_layer_protocol,events/*.yaml,yes,1,0,0,1,0,2021-02-05T00:00:00+00:00,events/nigeria-cbn-crypto-ban-2021.yaml
nydfs-bitlicense-2015-06,admitted,S3_doj_sec_cftc_fiod,empirical_case,court_civil_order,US,l0_network,not_applicable,not_applicable,layer_not_applicable_to_trigger_target,events/*.yaml,no,0,0,0,0,0,,events/nydfs-bitlicense-2015-06.yaml
nydfs-bitlicense-2015-06,admitted,S3_doj_sec_cftc_fiod,empirical_case,court_civil_order,US,l1_consensus,not_applicable,not_applicable,layer_not_applicable_to_trigger_target,events/*.yaml,no,0,0,0,0,0,,events/nydfs-bitlicense-2015-06.yaml
nydfs-bitlicense-2015-06,admitted,S3_doj_sec_cftc_fiod,empirical_case,court_civil_order,US,l3_rpc,not_applicable,not_applicable,layer_not_applicable_to_trigger_target,events/*.yaml,no,0,0,0,0,0,,events/nydfs-bitlicense-2015-06.yaml
nydfs-bitlicense-2015-06,admitted,S3_doj_sec_cftc_fiod,empirical_case,court_civil_order,US,l4_frontend,partially_measured,partial_sensitivity_denominator,partially_measured_sensitivity_only,events/*.yaml,sensitivity_only,3,0,0,2,1,2015-06-25T00:00:00+00:00,events/nydfs-bitlicense-2015-06.yaml
nydfs-bitlicense-2015-06,admitted,S3_doj_sec_cftc_fiod,empirical_case,court_civil_order,US,asset_onchain,not_applicable,not_applicable,layer_not_applicable_to_trigger_target,events/*.yaml,no,0,0,0,0,0,,events/nydfs-bitlicense-2015-06.yaml
nydfs-bitlicense-2015-06,admitted,S3_doj_sec_cftc_fiod,empirical_case,court_civil_order,US,offramp_cex,not_applicable,not_applicable,layer_not_applicable_to_trigger_target,events/*.yaml,no,0,0,0,0,0,,events/nydfs-bitlicense-2015-06.yaml
nydfs-bitlicense-bitfinex-kraken-shapeshift-exit-2015,draft,S3_doj_sec_cftc_fiod,empirical_case,court_civil_order,US,l0_network,not_applicable,not_applicable,layer_not_applicable_to_trigger_target,events/*.yaml,no,0,0,0,0,0,,events/nydfs-bitlicense-bitfinex-kraken-shapeshift-exit-2015.yaml
nydfs-bitlicense-bitfinex-kraken-shapeshift-exit-2015,draft,S3_doj_sec_cftc_fiod,empirical_case,court_civil_order,US,l1_consensus,not_applicable,not_applicable,layer_not_applicable_to_trigger_target,events/*.yaml,no,0,0,0,0,0,,events/nydfs-bitlicense-bitfinex-kraken-shapeshift-exit-2015.yaml
nydfs-bitlicense-bitfinex-kraken-shapeshift-exit-2015,draft,S3_doj_sec_cftc_fiod,empirical_case,court_civil_order,US,l3_rpc,not_applicable,not_applicable,layer_not_applicable_to_trigger_target,events/*.yaml,no,0,0,0,0,0,,events/nydfs-bitlicense-bitfinex-kraken-shapeshift-exit-2015.yaml
nydfs-bitlicense-bitfinex-kraken-shapeshift-exit-2015,draft,S3_doj_sec_cftc_fiod,empirical_case,court_civil_order,US,l4_frontend,partially_measured,partial_sensitivity_denominator,partially_measured_sensitivity_only,events/*.yaml,sensitivity_only,1,0,0,1,0,2015-08-10T00:00:00+00:00,events/nydfs-bitlicense-bitfinex-kraken-shapeshift-exit-2015.yaml
nydfs-bitlicense-bitfinex-kraken-shapeshift-exit-2015,draft,S3_doj_sec_cftc_fiod,empirical_case,court_civil_order,US,asset_onchain,not_applicable,not_applicable,layer_not_applicable_to_trigger_target,events/*.yaml,no,0,0,0,0,0,,events/nydfs-bitlicense-bitfinex-kraken-shapeshift-exit-2015.yaml
nydfs-bitlicense-bitfinex-kraken-shapeshift-exit-2015,draft,S3_doj_sec_cftc_fiod,empirical_case,court_civil_order,US,offramp_cex,partially_measured,partial_sensitivity_denominator,partially_measured_sensitivity_only,events/*.yaml,sensitivity_only,1,0,0,1,0,2015-08-10T00:00:00+00:00,events/nydfs-bitlicense-bitfinex-kraken-shapeshift-exit-2015.yaml
oecd-carf-2022,admitted,S6_supranational,empirical_case,supranational_regulation,corporate_global,l0_network,not_applicable,not_applicable,layer_not_applicable_to_trigger_target,events/*.yaml,no,0,0,0,0,0,,events/oecd-carf-2022.yaml
oecd-carf-2022,admitted,S6_supranational,empirical_case,supranational_regulation,corporate_global,l1_consensus,not_applicable,not_applicable,layer_not_applicable_to_trigger_target,events/*.yaml,no,0,0,0,0,0,,events/oecd-carf-2022.yaml
oecd-carf-2022,admitted,S6_supranational,empirical_case,supranational_regulation,corporate_global,l3_rpc,not_applicable,not_applicable,layer_not_applicable_to_trigger_target,events/*.yaml,no,0,0,0,0,0,,events/oecd-carf-2022.yaml
oecd-carf-2022,admitted,S6_supranational,empirical_case,supranational_regulation,corporate_global,l4_frontend,not_applicable,not_applicable,layer_not_applicable_to_trigger_target,events/*.yaml,no,0,0,0,0,0,,events/oecd-carf-2022.yaml
oecd-carf-2022,admitted,S6_supranational,empirical_case,supranational_regulation,corporate_global,asset_onchain,not_applicable,not_applicable,layer_not_applicable_to_trigger_target,events/*.yaml,no,0,0,0,0,0,,events/oecd-carf-2022.yaml
oecd-carf-2022,admitted,S6_supranational,empirical_case,supranational_regulation,corporate_global,offramp_cex,measured,measured_rate_denominator,coverage_status_measured_under_layer_protocol,events/*.yaml,yes,1,0,0,1,0,2022-10-10T00:00:00+00:00,events/oecd-carf-2022.yaml
ofac-recent-action-20240111,draft,S1_ofac_sdn,null_case,ofac_sdn_designation,US,l0_network,not_measured,observability_gap,not_queried_yet; cp_not_ingested_v0_1,derived/coverage_matrix.md,no,0,0,0,0,0,,events/ofac-recent-action-20240111.yaml
ofac-recent-action-20240111,draft,S1_ofac_sdn,null_case,ofac_sdn_designation,US,l1_consensus,not_measured,observability_gap,not_measured_no_rate_denominator,events/*.yaml,no,0,0,0,0,0,,events/ofac-recent-action-20240111.yaml
ofac-recent-action-20240111,draft,S1_ofac_sdn,null_case,ofac_sdn_designation,US,l3_rpc,not_measured,observability_gap,no_event_specific_rpc_provider_artifact_or_probe_denominator,derived/l3_provider_census.md,no,0,0,0,0,0,,events/ofac-recent-action-20240111.yaml
ofac-recent-action-20240111,draft,S1_ofac_sdn,null_case,ofac_sdn_designation,US,l4_frontend,not_measured,observability_gap,not_measured_no_rate_denominator,events/*.yaml,no,0,0,0,0,0,,events/ofac-recent-action-20240111.yaml
ofac-recent-action-20240111,draft,S1_ofac_sdn,null_case,ofac_sdn_designation,US,asset_onchain,not_measured,observability_gap,not_measured_no_rate_denominator,events/*.yaml,no,0,0,0,0,0,,events/ofac-recent-action-20240111.yaml
ofac-recent-action-20240111,draft,S1_ofac_sdn,null_case,ofac_sdn_designation,US,offramp_cex,not_measured,observability_gap,not_measured_no_rate_denominator,events/*.yaml,no,0,0,0,0,0,,events/ofac-recent-action-20240111.yaml
okx-privacy-token-delist-2024,admitted,S5_corporate,empirical_case,corporate_policy_change,corporate_global,l0_network,not_applicable,not_applicable,layer_not_applicable_to_trigger_target,events/*.yaml,no,0,0,0,0,0,,events/okx-privacy-token-delist-2024.yaml
okx-privacy-token-delist-2024,admitted,S5_corporate,empirical_case,corporate_policy_change,corporate_global,l1_consensus,not_applicable,not_applicable,layer_not_applicable_to_trigger_target,events/*.yaml,no,0,0,0,0,0,,events/okx-privacy-token-delist-2024.yaml
okx-privacy-token-delist-2024,admitted,S5_corporate,empirical_case,corporate_policy_change,corporate_global,l3_rpc,not_applicable,not_applicable,layer_not_applicable_to_trigger_target,events/*.yaml,no,0,0,0,0,0,,events/okx-privacy-token-delist-2024.yaml
okx-privacy-token-delist-2024,admitted,S5_corporate,empirical_case,corporate_policy_change,corporate_global,l4_frontend,not_applicable,not_applicable,layer_not_applicable_to_trigger_target,events/*.yaml,no,0,0,0,0,0,,events/okx-privacy-token-delist-2024.yaml
okx-privacy-token-delist-2024,admitted,S5_corporate,empirical_case,corporate_policy_change,corporate_global,asset_onchain,not_applicable,not_applicable,layer_not_applicable_to_trigger_target,events/*.yaml,no,0,0,0,0,0,,events/okx-privacy-token-delist-2024.yaml
okx-privacy-token-delist-2024,admitted,S5_corporate,empirical_case,corporate_policy_change,corporate_global,offramp_cex,measured,measured_rate_denominator,coverage_status_measured_under_layer_protocol,events/*.yaml,yes,1,0,0,1,0,2023-12-29T00:00:00+00:00,events/okx-privacy-token-delist-2024.yaml
opensea-iran-cuba-sanctions-block-2022,draft,S5_corporate,empirical_case,corporate_policy_change,US,l0_network,not_applicable,not_applicable,layer_not_applicable_to_trigger_target,events/*.yaml,no,0,0,0,0,0,,events/opensea-iran-cuba-sanctions-block-2022.yaml
opensea-iran-cuba-sanctions-block-2022,draft,S5_corporate,empirical_case,corporate_policy_change,US,l1_consensus,not_applicable,not_applicable,layer_not_applicable_to_trigger_target,events/*.yaml,no,0,0,0,0,0,,events/opensea-iran-cuba-sanctions-block-2022.yaml
opensea-iran-cuba-sanctions-block-2022,draft,S5_corporate,empirical_case,corporate_policy_change,US,l3_rpc,not_applicable,not_applicable,layer_not_applicable_to_trigger_target,events/*.yaml,no,0,0,0,0,0,,events/opensea-iran-cuba-sanctions-block-2022.yaml
opensea-iran-cuba-sanctions-block-2022,draft,S5_corporate,empirical_case,corporate_policy_change,US,l4_frontend,partially_measured,partial_sensitivity_denominator,partially_measured_sensitivity_only,events/*.yaml,sensitivity_only,2,0,0,2,0,2022-03-03T00:00:00+00:00,events/opensea-iran-cuba-sanctions-block-2022.yaml
opensea-iran-cuba-sanctions-block-2022,draft,S5_corporate,empirical_case,corporate_policy_change,US,asset_onchain,not_applicable,not_applicable,layer_not_applicable_to_trigger_target,events/*.yaml,no,0,0,0,0,0,,events/opensea-iran-cuba-sanctions-block-2022.yaml
opensea-iran-cuba-sanctions-block-2022,draft,S5_corporate,empirical_case,corporate_policy_change,US,offramp_cex,not_applicable,not_applicable,layer_not_applicable_to_trigger_target,events/*.yaml,no,0,0,0,0,0,,events/opensea-iran-cuba-sanctions-block-2022.yaml
paxos-busd-nydfs-minting-stop-2023,draft,S5_corporate,empirical_case,corporate_policy_change,"US,corporate_global",l0_network,not_applicable,not_applicable,layer_not_applicable_to_trigger_target,events/*.yaml,no,0,0,0,0,0,,events/paxos-busd-nydfs-minting-stop-2023.yaml
paxos-busd-nydfs-minting-stop-2023,draft,S5_corporate,empirical_case,corporate_policy_change,"US,corporate_global",l1_consensus,not_applicable,not_applicable,layer_not_applicable_to_trigger_target,events/*.yaml,no,0,0,0,0,0,,events/paxos-busd-nydfs-minting-stop-2023.yaml
paxos-busd-nydfs-minting-stop-2023,draft,S5_corporate,empirical_case,corporate_policy_change,"US,corporate_global",l3_rpc,not_applicable,not_applicable,layer_not_applicable_to_trigger_target,events/*.yaml,no,0,0,0,0,0,,events/paxos-busd-nydfs-minting-stop-2023.yaml
paxos-busd-nydfs-minting-stop-2023,draft,S5_corporate,empirical_case,corporate_policy_change,"US,corporate_global",l4_frontend,measured,measured_rate_denominator,coverage_status_measured_under_layer_protocol,events/*.yaml,yes,1,0,0,0,1,2023-02-13T00:00:00+00:00,events/paxos-busd-nydfs-minting-stop-2023.yaml
paxos-busd-nydfs-minting-stop-2023,draft,S5_corporate,empirical_case,corporate_policy_change,"US,corporate_global",asset_onchain,measured,descriptive_only_structural_circularity_v0_1,positive_onchain_receipts_only_no_independent_no_change_denominator,docs/paper_claims.md#c1--upper-layer-concentration-of-observed-reactions,no,1,0,0,1,0,2023-02-21T00:00:00+00:00,events/paxos-busd-nydfs-minting-stop-2023.yaml
paxos-busd-nydfs-minting-stop-2023,draft,S5_corporate,empirical_case,corporate_policy_change,"US,corporate_global",offramp_cex,not_applicable,not_applicable,layer_not_applicable_to_trigger_target,events/*.yaml,no,0,0,0,0,0,,events/paxos-busd-nydfs-minting-stop-2023.yaml
pertsev-nl-arrest-2022,admitted,S3_doj_sec_cftc_fiod,null_case,doj_indictment,NL,l0_network,not_applicable,not_applicable,layer_not_applicable_to_trigger_target,events/*.yaml,no,0,0,0,0,0,,events/pertsev-nl-arrest-2022.yaml
pertsev-nl-arrest-2022,admitted,S3_doj_sec_cftc_fiod,null_case,doj_indictment,NL,l1_consensus,not_applicable,not_applicable,layer_not_applicable_to_trigger_target,events/*.yaml,no,0,0,0,0,0,,events/pertsev-nl-arrest-2022.yaml
pertsev-nl-arrest-2022,admitted,S3_doj_sec_cftc_fiod,null_case,doj_indictment,NL,l3_rpc,not_applicable,not_applicable,layer_not_applicable_to_trigger_target,events/*.yaml,no,0,0,0,0,0,,events/pertsev-nl-arrest-2022.yaml
pertsev-nl-arrest-2022,admitted,S3_doj_sec_cftc_fiod,null_case,doj_indictment,NL,l4_frontend,not_applicable,not_applicable,layer_not_applicable_to_trigger_target,events/*.yaml,no,0,0,0,0,0,,events/pertsev-nl-arrest-2022.yaml
pertsev-nl-arrest-2022,admitted,S3_doj_sec_cftc_fiod,null_case,doj_indictment,NL,asset_onchain,not_applicable,not_applicable,layer_not_applicable_to_trigger_target,events/*.yaml,no,0,0,0,0,0,,events/pertsev-nl-arrest-2022.yaml
pertsev-nl-arrest-2022,admitted,S3_doj_sec_cftc_fiod,null_case,doj_indictment,NL,offramp_cex,measured,measured_rate_denominator,coverage_status_measured_under_layer_protocol,events/*.yaml,yes,0,1,0,0,0,,events/pertsev-nl-arrest-2022.yaml
philippines-sec-binance-block-2024,draft,S4_nation_state,empirical_case,nation_state_block,PH,l0_network,not_measured,observability_gap,not_queried_yet; cp_not_ingested_v0_1,derived/coverage_matrix.md,no,0,0,0,0,0,,events/philippines-sec-binance-block-2024.yaml
philippines-sec-binance-block-2024,draft,S4_nation_state,empirical_case,nation_state_block,PH,l1_consensus,not_applicable,not_applicable,layer_not_applicable_to_trigger_target,events/*.yaml,no,0,0,0,0,0,,events/philippines-sec-binance-block-2024.yaml
philippines-sec-binance-block-2024,draft,S4_nation_state,empirical_case,nation_state_block,PH,l3_rpc,not_applicable,not_applicable,layer_not_applicable_to_trigger_target,events/*.yaml,no,0,0,0,0,0,,events/philippines-sec-binance-block-2024.yaml
philippines-sec-binance-block-2024,draft,S4_nation_state,empirical_case,nation_state_block,PH,l4_frontend,not_measured,observability_gap,not_measured_no_rate_denominator,events/*.yaml,no,0,0,0,0,0,,events/philippines-sec-binance-block-2024.yaml
philippines-sec-binance-block-2024,draft,S4_nation_state,empirical_case,nation_state_block,PH,asset_onchain,not_applicable,not_applicable,layer_not_applicable_to_trigger_target,events/*.yaml,no,0,0,0,0,0,,events/philippines-sec-binance-block-2024.yaml
philippines-sec-binance-block-2024,draft,S4_nation_state,empirical_case,nation_state_block,PH,offramp_cex,partially_measured,partial_sensitivity_denominator,partially_measured_sensitivity_only,events/*.yaml,sensitivity_only,1,0,0,0,1,2024-03-25T00:00:00+00:00,events/philippines-sec-binance-block-2024.yaml
polymarket-cftc-geofence-2022-01,draft,S3_doj_sec_cftc_fiod,empirical_case,cftc_action,US,l0_network,not_applicable,not_applicable,layer_not_applicable_to_trigger_target,events/*.yaml,no,0,0,0,0,0,,events/polymarket-cftc-geofence-2022-01.yaml
polymarket-cftc-geofence-2022-01,draft,S3_doj_sec_cftc_fiod,empirical_case,cftc_action,US,l1_consensus,not_applicable,not_applicable,layer_not_applicable_to_trigger_target,events/*.yaml,no,0,0,0,0,0,,events/polymarket-cftc-geofence-2022-01.yaml
polymarket-cftc-geofence-2022-01,draft,S3_doj_sec_cftc_fiod,empirical_case,cftc_action,US,l3_rpc,not_applicable,not_applicable,layer_not_applicable_to_trigger_target,events/*.yaml,no,0,0,0,0,0,,events/polymarket-cftc-geofence-2022-01.yaml
polymarket-cftc-geofence-2022-01,draft,S3_doj_sec_cftc_fiod,empirical_case,cftc_action,US,l4_frontend,measured,measured_rate_denominator,coverage_status_measured_under_layer_protocol,events/*.yaml,yes,1,0,0,1,0,2022-01-03T00:00:00+00:00,events/polymarket-cftc-geofence-2022-01.yaml
polymarket-cftc-geofence-2022-01,draft,S3_doj_sec_cftc_fiod,empirical_case,cftc_action,US,asset_onchain,not_applicable,not_applicable,layer_not_applicable_to_trigger_target,events/*.yaml,no,0,0,0,0,0,,events/polymarket-cftc-geofence-2022-01.yaml
polymarket-cftc-geofence-2022-01,draft,S3_doj_sec_cftc_fiod,empirical_case,cftc_action,US,offramp_cex,not_applicable,not_applicable,layer_not_applicable_to_trigger_target,events/*.yaml,no,0,0,0,0,0,,events/polymarket-cftc-geofence-2022-01.yaml
powell-unlicensed-bitcoin-exchange-2014,admitted,S3_doj_sec_cftc_fiod,empirical_case,doj_indictment,US,l0_network,not_applicable,not_applicable,layer_not_applicable_to_trigger_target,events/*.yaml,no,0,0,0,0,0,,events/powell-unlicensed-bitcoin-exchange-2014.yaml
powell-unlicensed-bitcoin-exchange-2014,admitted,S3_doj_sec_cftc_fiod,empirical_case,doj_indictment,US,l1_consensus,not_applicable,not_applicable,layer_not_applicable_to_trigger_target,events/*.yaml,no,0,0,0,0,0,,events/powell-unlicensed-bitcoin-exchange-2014.yaml
powell-unlicensed-bitcoin-exchange-2014,admitted,S3_doj_sec_cftc_fiod,empirical_case,doj_indictment,US,l3_rpc,not_applicable,not_applicable,layer_not_applicable_to_trigger_target,events/*.yaml,no,0,0,0,0,0,,events/powell-unlicensed-bitcoin-exchange-2014.yaml
powell-unlicensed-bitcoin-exchange-2014,admitted,S3_doj_sec_cftc_fiod,empirical_case,doj_indictment,US,l4_frontend,not_applicable,not_applicable,layer_not_applicable_to_trigger_target,events/*.yaml,no,0,0,0,0,0,,events/powell-unlicensed-bitcoin-exchange-2014.yaml
powell-unlicensed-bitcoin-exchange-2014,admitted,S3_doj_sec_cftc_fiod,empirical_case,doj_indictment,US,asset_onchain,not_applicable,not_applicable,layer_not_applicable_to_trigger_target,events/*.yaml,no,0,0,0,0,0,,events/powell-unlicensed-bitcoin-exchange-2014.yaml
powell-unlicensed-bitcoin-exchange-2014,admitted,S3_doj_sec_cftc_fiod,empirical_case,doj_indictment,US,offramp_cex,measured,measured_rate_denominator,coverage_status_measured_under_layer_protocol,events/*.yaml,yes,1,0,0,1,0,2014-12-04T00:00:00+00:00,events/powell-unlicensed-bitcoin-exchange-2014.yaml
ripple-fincen-xrp-2015,admitted,S3_doj_sec_cftc_fiod,empirical_case,fincen_action,US,l0_network,not_applicable,not_applicable,layer_not_applicable_to_trigger_target,events/*.yaml,no,0,0,0,0,0,,events/ripple-fincen-xrp-2015.yaml
ripple-fincen-xrp-2015,admitted,S3_doj_sec_cftc_fiod,empirical_case,fincen_action,US,l1_consensus,not_applicable,not_applicable,layer_not_applicable_to_trigger_target,events/*.yaml,no,0,0,0,0,0,,events/ripple-fincen-xrp-2015.yaml
ripple-fincen-xrp-2015,admitted,S3_doj_sec_cftc_fiod,empirical_case,fincen_action,US,l3_rpc,not_applicable,not_applicable,layer_not_applicable_to_trigger_target,events/*.yaml,no,0,0,0,0,0,,events/ripple-fincen-xrp-2015.yaml
ripple-fincen-xrp-2015,admitted,S3_doj_sec_cftc_fiod,empirical_case,fincen_action,US,l4_frontend,not_applicable,not_applicable,layer_not_applicable_to_trigger_target,events/*.yaml,no,0,0,0,0,0,,events/ripple-fincen-xrp-2015.yaml
ripple-fincen-xrp-2015,admitted,S3_doj_sec_cftc_fiod,empirical_case,fincen_action,US,asset_onchain,not_applicable,not_applicable,layer_not_applicable_to_trigger_target,events/*.yaml,no,0,0,0,0,0,,events/ripple-fincen-xrp-2015.yaml
ripple-fincen-xrp-2015,admitted,S3_doj_sec_cftc_fiod,empirical_case,fincen_action,US,offramp_cex,measured,measured_rate_denominator,coverage_status_measured_under_layer_protocol,events/*.yaml,yes,1,0,0,1,0,2015-05-05T00:00:00+00:00,events/ripple-fincen-xrp-2015.yaml
russia-cbr-bitcoin-information-letter-2014,draft,S4_nation_state,null_case,nation_state_block,RU,l0_network,not_applicable,not_applicable,layer_not_applicable_to_trigger_target,events/*.yaml,no,0,0,0,0,0,,events/russia-cbr-bitcoin-information-letter-2014.yaml
russia-cbr-bitcoin-information-letter-2014,draft,S4_nation_state,null_case,nation_state_block,RU,l1_consensus,not_applicable,not_applicable,layer_not_applicable_to_trigger_target,events/*.yaml,no,0,0,0,0,0,,events/russia-cbr-bitcoin-information-letter-2014.yaml
russia-cbr-bitcoin-information-letter-2014,draft,S4_nation_state,null_case,nation_state_block,RU,l3_rpc,not_applicable,not_applicable,layer_not_applicable_to_trigger_target,events/*.yaml,no,0,0,0,0,0,,events/russia-cbr-bitcoin-information-letter-2014.yaml
russia-cbr-bitcoin-information-letter-2014,draft,S4_nation_state,null_case,nation_state_block,RU,l4_frontend,not_applicable,not_applicable,layer_not_applicable_to_trigger_target,events/*.yaml,no,0,0,0,0,0,,events/russia-cbr-bitcoin-information-letter-2014.yaml
russia-cbr-bitcoin-information-letter-2014,draft,S4_nation_state,null_case,nation_state_block,RU,asset_onchain,not_applicable,not_applicable,layer_not_applicable_to_trigger_target,events/*.yaml,no,0,0,0,0,0,,events/russia-cbr-bitcoin-information-letter-2014.yaml
russia-cbr-bitcoin-information-letter-2014,draft,S4_nation_state,null_case,nation_state_block,RU,offramp_cex,not_measured,observability_gap,not_measured_no_rate_denominator,events/*.yaml,no,0,0,1,0,0,,events/russia-cbr-bitcoin-information-letter-2014.yaml
russia-election-interference-ofac-2020,admitted,S1_ofac_sdn,empirical_case,ofac_sdn_designation,US,l0_network,not_applicable,not_applicable,layer_not_applicable_to_trigger_target,events/*.yaml,no,0,0,0,0,0,,events/russia-election-interference-ofac-2020.yaml
russia-election-interference-ofac-2020,admitted,S1_ofac_sdn,empirical_case,ofac_sdn_designation,US,l1_consensus,not_applicable,not_applicable,layer_not_applicable_to_trigger_target,events/*.yaml,no,0,0,0,0,0,,events/russia-election-interference-ofac-2020.yaml
russia-election-interference-ofac-2020,admitted,S1_ofac_sdn,empirical_case,ofac_sdn_designation,US,l3_rpc,not_applicable,not_applicable,layer_not_applicable_to_trigger_target,events/*.yaml,no,0,0,0,0,0,,events/russia-election-interference-ofac-2020.yaml
russia-election-interference-ofac-2020,admitted,S1_ofac_sdn,empirical_case,ofac_sdn_designation,US,l4_frontend,not_applicable,not_applicable,layer_not_applicable_to_trigger_target,events/*.yaml,no,0,0,0,0,0,,events/russia-election-interference-ofac-2020.yaml
russia-election-interference-ofac-2020,admitted,S1_ofac_sdn,empirical_case,ofac_sdn_designation,US,asset_onchain,measured,descriptive_only_structural_circularity_v0_1,positive_onchain_receipts_only_no_independent_no_change_denominator,docs/paper_claims.md#c1--upper-layer-concentration-of-observed-reactions,no,1,0,0,1,0,2022-03-29T00:49:00+00:00,events/russia-election-interference-ofac-2020.yaml
russia-election-interference-ofac-2020,admitted,S1_ofac_sdn,empirical_case,ofac_sdn_designation,US,offramp_cex,not_measured,observability_gap,not_measured_no_rate_denominator,events/*.yaml,no,0,0,0,0,0,,events/russia-election-interference-ofac-2020.yaml
russia-mining-regional-ban-2024-12,draft,S4_nation_state,empirical_case,nation_state_block,RU,l0_network,not_applicable,not_applicable,layer_not_applicable_to_trigger_target,events/*.yaml,no,0,0,0,0,0,,events/russia-mining-regional-ban-2024-12.yaml
russia-mining-regional-ban-2024-12,draft,S4_nation_state,empirical_case,nation_state_block,RU,l1_consensus,partially_measured,partial_sensitivity_denominator,partially_measured_sensitivity_only,events/*.yaml,sensitivity_only,1,0,0,0,1,2024-12-23T00:00:00+00:00,events/russia-mining-regional-ban-2024-12.yaml
russia-mining-regional-ban-2024-12,draft,S4_nation_state,empirical_case,nation_state_block,RU,l3_rpc,not_applicable,not_applicable,layer_not_applicable_to_trigger_target,events/*.yaml,no,0,0,0,0,0,,events/russia-mining-regional-ban-2024-12.yaml
russia-mining-regional-ban-2024-12,draft,S4_nation_state,empirical_case,nation_state_block,RU,l4_frontend,not_applicable,not_applicable,layer_not_applicable_to_trigger_target,events/*.yaml,no,0,0,0,0,0,,events/russia-mining-regional-ban-2024-12.yaml
russia-mining-regional-ban-2024-12,draft,S4_nation_state,empirical_case,nation_state_block,RU,asset_onchain,not_applicable,not_applicable,layer_not_applicable_to_trigger_target,events/*.yaml,no,0,0,0,0,0,,events/russia-mining-regional-ban-2024-12.yaml
russia-mining-regional-ban-2024-12,draft,S4_nation_state,empirical_case,nation_state_block,RU,offramp_cex,not_applicable,not_applicable,layer_not_applicable_to_trigger_target,events/*.yaml,no,0,0,0,0,0,,events/russia-mining-regional-ban-2024-12.yaml
russian-cyber-theft-ofac-2020,admitted,S1_ofac_sdn,empirical_case,ofac_sdn_designation,US,l0_network,not_applicable,not_applicable,layer_not_applicable_to_trigger_target,events/*.yaml,no,0,0,0,0,0,,events/russian-cyber-theft-ofac-2020.yaml
russian-cyber-theft-ofac-2020,admitted,S1_ofac_sdn,empirical_case,ofac_sdn_designation,US,l1_consensus,not_applicable,not_applicable,layer_not_applicable_to_trigger_target,events/*.yaml,no,0,0,0,0,0,,events/russian-cyber-theft-ofac-2020.yaml
russian-cyber-theft-ofac-2020,admitted,S1_ofac_sdn,empirical_case,ofac_sdn_designation,US,l3_rpc,not_applicable,not_applicable,layer_not_applicable_to_trigger_target,events/*.yaml,no,0,0,0,0,0,,events/russian-cyber-theft-ofac-2020.yaml
russian-cyber-theft-ofac-2020,admitted,S1_ofac_sdn,empirical_case,ofac_sdn_designation,US,l4_frontend,not_applicable,not_applicable,layer_not_applicable_to_trigger_target,events/*.yaml,no,0,0,0,0,0,,events/russian-cyber-theft-ofac-2020.yaml
russian-cyber-theft-ofac-2020,admitted,S1_ofac_sdn,empirical_case,ofac_sdn_designation,US,asset_onchain,measured,descriptive_only_structural_circularity_v0_1,positive_onchain_receipts_only_no_independent_no_change_denominator,docs/paper_claims.md#c1--upper-layer-concentration-of-observed-reactions,no,1,0,0,1,0,2021-04-21T09:04:00+00:00,events/russian-cyber-theft-ofac-2020.yaml
russian-cyber-theft-ofac-2020,admitted,S1_ofac_sdn,empirical_case,ofac_sdn_designation,US,offramp_cex,not_measured,observability_gap,not_measured_no_rate_denominator,events/*.yaml,no,0,0,0,0,0,,events/russian-cyber-theft-ofac-2020.yaml
russian-cybercrime-infra-ofac-2025,admitted,S1_ofac_sdn,null_case,ofac_sdn_designation,"US,UK,AU",l0_network,not_applicable,not_applicable,layer_not_applicable_to_trigger_target,events/*.yaml,no,0,0,0,0,0,,events/russian-cybercrime-infra-ofac-2025.yaml
russian-cybercrime-infra-ofac-2025,admitted,S1_ofac_sdn,null_case,ofac_sdn_designation,"US,UK,AU",l1_consensus,not_applicable,not_applicable,layer_not_applicable_to_trigger_target,events/*.yaml,no,0,0,0,0,0,,events/russian-cybercrime-infra-ofac-2025.yaml
russian-cybercrime-infra-ofac-2025,admitted,S1_ofac_sdn,null_case,ofac_sdn_designation,"US,UK,AU",l3_rpc,not_applicable,not_applicable,layer_not_applicable_to_trigger_target,events/*.yaml,no,0,0,0,0,0,,events/russian-cybercrime-infra-ofac-2025.yaml
russian-cybercrime-infra-ofac-2025,admitted,S1_ofac_sdn,null_case,ofac_sdn_designation,"US,UK,AU",l4_frontend,not_applicable,not_applicable,layer_not_applicable_to_trigger_target,events/*.yaml,no,0,0,0,0,0,,events/russian-cybercrime-infra-ofac-2025.yaml
russian-cybercrime-infra-ofac-2025,admitted,S1_ofac_sdn,null_case,ofac_sdn_designation,"US,UK,AU",asset_onchain,not_applicable,not_applicable,layer_not_applicable_to_trigger_target,events/*.yaml,no,0,0,0,0,0,,events/russian-cybercrime-infra-ofac-2025.yaml
russian-cybercrime-infra-ofac-2025,admitted,S1_ofac_sdn,null_case,ofac_sdn_designation,"US,UK,AU",offramp_cex,measured,measured_rate_denominator,coverage_status_measured_under_layer_protocol,events/*.yaml,yes,0,1,0,0,0,,events/russian-cybercrime-infra-ofac-2025.yaml
samourai-doj-2024,admitted,S3_doj_sec_cftc_fiod,empirical_case,doj_indictment,"US,PT,IS,EU",l0_network,not_measured,observability_gap,ooni_queried_no_measurements; cp_not_ingested_v0_1,derived/l0_coverage_summary.md,no,0,0,0,0,0,,events/samourai-doj-2024.yaml
samourai-doj-2024,admitted,S3_doj_sec_cftc_fiod,empirical_case,doj_indictment,"US,PT,IS,EU",l1_consensus,not_applicable,not_applicable,layer_not_applicable_to_trigger_target,events/*.yaml,no,0,0,0,0,0,,events/samourai-doj-2024.yaml
samourai-doj-2024,admitted,S3_doj_sec_cftc_fiod,empirical_case,doj_indictment,"US,PT,IS,EU",l3_rpc,not_applicable,not_applicable,layer_not_applicable_to_trigger_target,events/*.yaml,no,0,0,0,0,0,,events/samourai-doj-2024.yaml
samourai-doj-2024,admitted,S3_doj_sec_cftc_fiod,empirical_case,doj_indictment,"US,PT,IS,EU",l4_frontend,measured,measured_rate_denominator,coverage_status_measured_under_layer_protocol,events/*.yaml,yes,1,0,0,1,0,2024-04-24T19:39:38+00:00,events/samourai-doj-2024.yaml
samourai-doj-2024,admitted,S3_doj_sec_cftc_fiod,empirical_case,doj_indictment,"US,PT,IS,EU",asset_onchain,not_applicable,not_applicable,layer_not_applicable_to_trigger_target,events/*.yaml,no,0,0,0,0,0,,events/samourai-doj-2024.yaml
samourai-doj-2024,admitted,S3_doj_sec_cftc_fiod,empirical_case,doj_indictment,"US,PT,IS,EU",offramp_cex,not_measured,observability_gap,not_measured_no_rate_denominator,events/*.yaml,no,0,0,0,0,0,,events/samourai-doj-2024.yaml
sec-beaxy-platform-shutdown-2023,admitted,S3_doj_sec_cftc_fiod,empirical_case,sec_action,US,l0_network,not_measured,observability_gap,not_queried_yet; cp_not_ingested_v0_1,derived/coverage_matrix.md,no,0,0,0,0,0,,events/sec-beaxy-platform-shutdown-2023.yaml
sec-beaxy-platform-shutdown-2023,admitted,S3_doj_sec_cftc_fiod,empirical_case,sec_action,US,l1_consensus,not_applicable,not_applicable,layer_not_applicable_to_trigger_target,events/*.yaml,no,0,0,0,0,0,,events/sec-beaxy-platform-shutdown-2023.yaml
sec-beaxy-platform-shutdown-2023,admitted,S3_doj_sec_cftc_fiod,empirical_case,sec_action,US,l3_rpc,not_applicable,not_applicable,layer_not_applicable_to_trigger_target,events/*.yaml,no,0,0,0,0,0,,events/sec-beaxy-platform-shutdown-2023.yaml
sec-beaxy-platform-shutdown-2023,admitted,S3_doj_sec_cftc_fiod,empirical_case,sec_action,US,l4_frontend,measured,measured_rate_denominator,coverage_status_measured_under_layer_protocol,events/*.yaml,yes,1,0,0,1,0,2023-03-29T00:00:00+00:00,events/sec-beaxy-platform-shutdown-2023.yaml
sec-beaxy-platform-shutdown-2023,admitted,S3_doj_sec_cftc_fiod,empirical_case,sec_action,US,asset_onchain,not_applicable,not_applicable,layer_not_applicable_to_trigger_target,events/*.yaml,no,0,0,0,0,0,,events/sec-beaxy-platform-shutdown-2023.yaml
sec-beaxy-platform-shutdown-2023,admitted,S3_doj_sec_cftc_fiod,empirical_case,sec_action,US,offramp_cex,measured,measured_rate_denominator,coverage_status_measured_under_layer_protocol,events/*.yaml,yes,1,0,0,1,0,2023-03-29T00:00:00+00:00,events/sec-beaxy-platform-shutdown-2023.yaml
sec-burnside-bitcoin-stock-exchange-2014,admitted,S3_doj_sec_cftc_fiod,empirical_case,sec_action,US,l0_network,not_applicable,not_applicable,layer_not_applicable_to_trigger_target,events/*.yaml,no,0,0,0,0,0,,events/sec-burnside-bitcoin-stock-exchange-2014.yaml
sec-burnside-bitcoin-stock-exchange-2014,admitted,S3_doj_sec_cftc_fiod,empirical_case,sec_action,US,l1_consensus,not_applicable,not_applicable,layer_not_applicable_to_trigger_target,events/*.yaml,no,0,0,0,0,0,,events/sec-burnside-bitcoin-stock-exchange-2014.yaml
sec-burnside-bitcoin-stock-exchange-2014,admitted,S3_doj_sec_cftc_fiod,empirical_case,sec_action,US,l3_rpc,not_applicable,not_applicable,layer_not_applicable_to_trigger_target,events/*.yaml,no,0,0,0,0,0,,events/sec-burnside-bitcoin-stock-exchange-2014.yaml
sec-burnside-bitcoin-stock-exchange-2014,admitted,S3_doj_sec_cftc_fiod,empirical_case,sec_action,US,l4_frontend,measured,measured_rate_denominator,coverage_status_measured_under_layer_protocol,events/*.yaml,yes,1,0,0,1,0,2014-12-08T00:00:00+00:00,events/sec-burnside-bitcoin-stock-exchange-2014.yaml
sec-burnside-bitcoin-stock-exchange-2014,admitted,S3_doj_sec_cftc_fiod,empirical_case,sec_action,US,asset_onchain,not_applicable,not_applicable,layer_not_applicable_to_trigger_target,events/*.yaml,no,0,0,0,0,0,,events/sec-burnside-bitcoin-stock-exchange-2014.yaml
sec-burnside-bitcoin-stock-exchange-2014,admitted,S3_doj_sec_cftc_fiod,empirical_case,sec_action,US,offramp_cex,measured,measured_rate_denominator,coverage_status_measured_under_layer_protocol,events/*.yaml,yes,1,0,0,1,0,2014-12-08T00:00:00+00:00,events/sec-burnside-bitcoin-stock-exchange-2014.yaml
sec-garza-gaw-miners-zenminer-2015,draft,S3_doj_sec_cftc_fiod,empirical_case,sec_action,US,l0_network,not_applicable,not_applicable,layer_not_applicable_to_trigger_target,events/*.yaml,no,0,0,0,0,0,,events/sec-garza-gaw-miners-zenminer-2015.yaml
sec-garza-gaw-miners-zenminer-2015,draft,S3_doj_sec_cftc_fiod,empirical_case,sec_action,US,l1_consensus,not_applicable,not_applicable,layer_not_applicable_to_trigger_target,events/*.yaml,no,0,0,0,0,0,,events/sec-garza-gaw-miners-zenminer-2015.yaml
sec-garza-gaw-miners-zenminer-2015,draft,S3_doj_sec_cftc_fiod,empirical_case,sec_action,US,l3_rpc,not_applicable,not_applicable,layer_not_applicable_to_trigger_target,events/*.yaml,no,0,0,0,0,0,,events/sec-garza-gaw-miners-zenminer-2015.yaml
sec-garza-gaw-miners-zenminer-2015,draft,S3_doj_sec_cftc_fiod,empirical_case,sec_action,US,l4_frontend,partially_measured,partial_sensitivity_denominator,partially_measured_sensitivity_only,events/*.yaml,sensitivity_only,1,0,0,1,0,2015-12-01T00:00:00+00:00,events/sec-garza-gaw-miners-zenminer-2015.yaml
sec-garza-gaw-miners-zenminer-2015,draft,S3_doj_sec_cftc_fiod,empirical_case,sec_action,US,asset_onchain,not_applicable,not_applicable,layer_not_applicable_to_trigger_target,events/*.yaml,no,0,0,0,0,0,,events/sec-garza-gaw-miners-zenminer-2015.yaml
sec-garza-gaw-miners-zenminer-2015,draft,S3_doj_sec_cftc_fiod,empirical_case,sec_action,US,offramp_cex,not_applicable,not_applicable,layer_not_applicable_to_trigger_target,events/*.yaml,no,0,0,0,0,0,,events/sec-garza-gaw-miners-zenminer-2015.yaml
sec-shavers-btcst-2013,admitted,S3_doj_sec_cftc_fiod,empirical_case,sec_action,US,l0_network,not_applicable,not_applicable,layer_not_applicable_to_trigger_target,events/*.yaml,no,0,0,0,0,0,,events/sec-shavers-btcst-2013.yaml
sec-shavers-btcst-2013,admitted,S3_doj_sec_cftc_fiod,empirical_case,sec_action,US,l1_consensus,not_applicable,not_applicable,layer_not_applicable_to_trigger_target,events/*.yaml,no,0,0,0,0,0,,events/sec-shavers-btcst-2013.yaml
sec-shavers-btcst-2013,admitted,S3_doj_sec_cftc_fiod,empirical_case,sec_action,US,l3_rpc,not_applicable,not_applicable,layer_not_applicable_to_trigger_target,events/*.yaml,no,0,0,0,0,0,,events/sec-shavers-btcst-2013.yaml
sec-shavers-btcst-2013,admitted,S3_doj_sec_cftc_fiod,empirical_case,sec_action,US,l4_frontend,not_applicable,not_applicable,layer_not_applicable_to_trigger_target,events/*.yaml,no,0,0,0,0,0,,events/sec-shavers-btcst-2013.yaml
sec-shavers-btcst-2013,admitted,S3_doj_sec_cftc_fiod,empirical_case,sec_action,US,asset_onchain,not_applicable,not_applicable,layer_not_applicable_to_trigger_target,events/*.yaml,no,0,0,0,0,0,,events/sec-shavers-btcst-2013.yaml
sec-shavers-btcst-2013,admitted,S3_doj_sec_cftc_fiod,empirical_case,sec_action,US,offramp_cex,measured,measured_rate_denominator,coverage_status_measured_under_layer_protocol,events/*.yaml,yes,1,0,0,1,0,2013-07-23T00:00:00+00:00,events/sec-shavers-btcst-2013.yaml
sec-v-binance-2023,admitted,S3_doj_sec_cftc_fiod,empirical_case,sec_action,US,l0_network,not_applicable,not_applicable,layer_not_applicable_to_trigger_target,events/*.yaml,no,0,0,0,0,0,,events/sec-v-binance-2023.yaml
sec-v-binance-2023,admitted,S3_doj_sec_cftc_fiod,empirical_case,sec_action,US,l1_consensus,not_applicable,not_applicable,layer_not_applicable_to_trigger_target,events/*.yaml,no,0,0,0,0,0,,events/sec-v-binance-2023.yaml
sec-v-binance-2023,admitted,S3_doj_sec_cftc_fiod,empirical_case,sec_action,US,l3_rpc,not_applicable,not_applicable,layer_not_applicable_to_trigger_target,events/*.yaml,no,0,0,0,0,0,,events/sec-v-binance-2023.yaml
sec-v-binance-2023,admitted,S3_doj_sec_cftc_fiod,empirical_case,sec_action,US,l4_frontend,not_measured,observability_gap,not_measured_no_rate_denominator,events/*.yaml,no,0,0,0,0,0,,events/sec-v-binance-2023.yaml
sec-v-binance-2023,admitted,S3_doj_sec_cftc_fiod,empirical_case,sec_action,US,asset_onchain,not_applicable,not_applicable,layer_not_applicable_to_trigger_target,events/*.yaml,no,0,0,0,0,0,,events/sec-v-binance-2023.yaml
sec-v-binance-2023,admitted,S3_doj_sec_cftc_fiod,empirical_case,sec_action,US,offramp_cex,measured,measured_rate_denominator,coverage_status_measured_under_layer_protocol,events/*.yaml,yes,1,0,0,0,1,2023-06-08T00:00:00+00:00,events/sec-v-binance-2023.yaml
sec-v-bittrex-2023,admitted,S3_doj_sec_cftc_fiod,empirical_case,sec_action,US,l0_network,not_applicable,not_applicable,layer_not_applicable_to_trigger_target,events/*.yaml,no,0,0,0,0,0,,events/sec-v-bittrex-2023.yaml
sec-v-bittrex-2023,admitted,S3_doj_sec_cftc_fiod,empirical_case,sec_action,US,l1_consensus,not_applicable,not_applicable,layer_not_applicable_to_trigger_target,events/*.yaml,no,0,0,0,0,0,,events/sec-v-bittrex-2023.yaml
sec-v-bittrex-2023,admitted,S3_doj_sec_cftc_fiod,empirical_case,sec_action,US,l3_rpc,not_applicable,not_applicable,layer_not_applicable_to_trigger_target,events/*.yaml,no,0,0,0,0,0,,events/sec-v-bittrex-2023.yaml
sec-v-bittrex-2023,admitted,S3_doj_sec_cftc_fiod,empirical_case,sec_action,US,l4_frontend,not_measured,observability_gap,not_measured_no_rate_denominator,events/*.yaml,no,0,0,0,0,0,,events/sec-v-bittrex-2023.yaml
sec-v-bittrex-2023,admitted,S3_doj_sec_cftc_fiod,empirical_case,sec_action,US,asset_onchain,not_applicable,not_applicable,layer_not_applicable_to_trigger_target,events/*.yaml,no,0,0,0,0,0,,events/sec-v-bittrex-2023.yaml
sec-v-bittrex-2023,admitted,S3_doj_sec_cftc_fiod,empirical_case,sec_action,US,offramp_cex,measured,measured_rate_denominator,coverage_status_measured_under_layer_protocol,events/*.yaml,yes,1,0,0,0,1,2023-04-30T00:00:00+00:00,events/sec-v-bittrex-2023.yaml
sec-v-coinbase-2023,admitted,S3_doj_sec_cftc_fiod,empirical_case,sec_action,US,l0_network,not_applicable,not_applicable,layer_not_applicable_to_trigger_target,events/*.yaml,no,0,0,0,0,0,,events/sec-v-coinbase-2023.yaml
sec-v-coinbase-2023,admitted,S3_doj_sec_cftc_fiod,empirical_case,sec_action,US,l1_consensus,not_applicable,not_applicable,layer_not_applicable_to_trigger_target,events/*.yaml,no,0,0,0,0,0,,events/sec-v-coinbase-2023.yaml
sec-v-coinbase-2023,admitted,S3_doj_sec_cftc_fiod,empirical_case,sec_action,US,l3_rpc,not_applicable,not_applicable,layer_not_applicable_to_trigger_target,events/*.yaml,no,0,0,0,0,0,,events/sec-v-coinbase-2023.yaml
sec-v-coinbase-2023,admitted,S3_doj_sec_cftc_fiod,empirical_case,sec_action,US,l4_frontend,not_measured,observability_gap,not_measured_no_rate_denominator,events/*.yaml,no,0,0,0,0,0,,events/sec-v-coinbase-2023.yaml
sec-v-coinbase-2023,admitted,S3_doj_sec_cftc_fiod,empirical_case,sec_action,US,asset_onchain,not_applicable,not_applicable,layer_not_applicable_to_trigger_target,events/*.yaml,no,0,0,0,0,0,,events/sec-v-coinbase-2023.yaml
sec-v-coinbase-2023,admitted,S3_doj_sec_cftc_fiod,empirical_case,sec_action,US,offramp_cex,measured,measured_rate_denominator,coverage_status_measured_under_layer_protocol,events/*.yaml,yes,1,0,0,0,1,2023-07-14T00:00:00+00:00,events/sec-v-coinbase-2023.yaml
sec-v-ripple-2020,admitted,S3_doj_sec_cftc_fiod,empirical_case,sec_action,US,l0_network,not_applicable,not_applicable,layer_not_applicable_to_trigger_target,events/*.yaml,no,0,0,0,0,0,,events/sec-v-ripple-2020.yaml
sec-v-ripple-2020,admitted,S3_doj_sec_cftc_fiod,empirical_case,sec_action,US,l1_consensus,not_applicable,not_applicable,layer_not_applicable_to_trigger_target,events/*.yaml,no,0,0,0,0,0,,events/sec-v-ripple-2020.yaml
sec-v-ripple-2020,admitted,S3_doj_sec_cftc_fiod,empirical_case,sec_action,US,l3_rpc,not_applicable,not_applicable,layer_not_applicable_to_trigger_target,events/*.yaml,no,0,0,0,0,0,,events/sec-v-ripple-2020.yaml
sec-v-ripple-2020,admitted,S3_doj_sec_cftc_fiod,empirical_case,sec_action,US,l4_frontend,measured,measured_rate_denominator,coverage_status_measured_under_layer_protocol,events/*.yaml,yes,1,0,0,1,0,2020-12-22T00:00:00+00:00,events/sec-v-ripple-2020.yaml
sec-v-ripple-2020,admitted,S3_doj_sec_cftc_fiod,empirical_case,sec_action,US,asset_onchain,not_applicable,not_applicable,layer_not_applicable_to_trigger_target,events/*.yaml,no,0,0,0,0,0,,events/sec-v-ripple-2020.yaml
sec-v-ripple-2020,admitted,S3_doj_sec_cftc_fiod,empirical_case,sec_action,US,offramp_cex,measured,measured_rate_denominator,coverage_status_measured_under_layer_protocol,events/*.yaml,yes,4,0,0,4,0,2020-12-28T00:00:00+00:00,events/sec-v-ripple-2020.yaml
sec-v-telegram-ton-2020,admitted,S3_doj_sec_cftc_fiod,empirical_case,sec_action,US,l0_network,not_applicable,not_applicable,layer_not_applicable_to_trigger_target,events/*.yaml,no,0,0,0,0,0,,events/sec-v-telegram-ton-2020.yaml
sec-v-telegram-ton-2020,admitted,S3_doj_sec_cftc_fiod,empirical_case,sec_action,US,l1_consensus,not_applicable,not_applicable,layer_not_applicable_to_trigger_target,events/*.yaml,no,0,0,0,0,0,,events/sec-v-telegram-ton-2020.yaml
sec-v-telegram-ton-2020,admitted,S3_doj_sec_cftc_fiod,empirical_case,sec_action,US,l3_rpc,not_applicable,not_applicable,layer_not_applicable_to_trigger_target,events/*.yaml,no,0,0,0,0,0,,events/sec-v-telegram-ton-2020.yaml
sec-v-telegram-ton-2020,admitted,S3_doj_sec_cftc_fiod,empirical_case,sec_action,US,l4_frontend,not_applicable,not_applicable,layer_not_applicable_to_trigger_target,events/*.yaml,no,0,0,0,0,0,,events/sec-v-telegram-ton-2020.yaml
sec-v-telegram-ton-2020,admitted,S3_doj_sec_cftc_fiod,empirical_case,sec_action,US,asset_onchain,not_applicable,not_applicable,layer_not_applicable_to_trigger_target,events/*.yaml,no,0,0,0,0,0,,events/sec-v-telegram-ton-2020.yaml
sec-v-telegram-ton-2020,admitted,S3_doj_sec_cftc_fiod,empirical_case,sec_action,US,offramp_cex,measured,measured_rate_denominator,coverage_status_measured_under_layer_protocol,events/*.yaml,yes,1,0,0,1,0,2020-05-12T00:00:00+00:00,events/sec-v-telegram-ton-2020.yaml
sec-v-uniswap-wells-notice-2024,rejected,S3_doj_sec_cftc_fiod,null_case,sec_action,US,l0_network,not_applicable,not_applicable,layer_not_applicable_to_trigger_target,events/*.yaml,no,0,0,0,0,0,,events/sec-v-uniswap-wells-notice-2024.yaml
sec-v-uniswap-wells-notice-2024,rejected,S3_doj_sec_cftc_fiod,null_case,sec_action,US,l1_consensus,not_applicable,not_applicable,layer_not_applicable_to_trigger_target,events/*.yaml,no,0,0,0,0,0,,events/sec-v-uniswap-wells-notice-2024.yaml
sec-v-uniswap-wells-notice-2024,rejected,S3_doj_sec_cftc_fiod,null_case,sec_action,US,l3_rpc,not_applicable,not_applicable,layer_not_applicable_to_trigger_target,events/*.yaml,no,0,0,0,0,0,,events/sec-v-uniswap-wells-notice-2024.yaml
sec-v-uniswap-wells-notice-2024,rejected,S3_doj_sec_cftc_fiod,null_case,sec_action,US,l4_frontend,measured,measured_rate_denominator,coverage_status_measured_under_layer_protocol,events/*.yaml,yes,0,1,0,0,0,,events/sec-v-uniswap-wells-notice-2024.yaml
sec-v-uniswap-wells-notice-2024,rejected,S3_doj_sec_cftc_fiod,null_case,sec_action,US,asset_onchain,not_applicable,not_applicable,layer_not_applicable_to_trigger_target,events/*.yaml,no,0,0,0,0,0,,events/sec-v-uniswap-wells-notice-2024.yaml
sec-v-uniswap-wells-notice-2024,rejected,S3_doj_sec_cftc_fiod,null_case,sec_action,US,offramp_cex,not_applicable,not_applicable,layer_not_applicable_to_trigger_target,events/*.yaml,no,0,0,0,0,0,,events/sec-v-uniswap-wells-notice-2024.yaml
sec-voorhees-satoshidice-2014,admitted,S3_doj_sec_cftc_fiod,empirical_case,sec_action,US,l0_network,not_applicable,not_applicable,layer_not_applicable_to_trigger_target,events/*.yaml,no,0,0,0,0,0,,events/sec-voorhees-satoshidice-2014.yaml
sec-voorhees-satoshidice-2014,admitted,S3_doj_sec_cftc_fiod,empirical_case,sec_action,US,l1_consensus,not_applicable,not_applicable,layer_not_applicable_to_trigger_target,events/*.yaml,no,0,0,0,0,0,,events/sec-voorhees-satoshidice-2014.yaml
sec-voorhees-satoshidice-2014,admitted,S3_doj_sec_cftc_fiod,empirical_case,sec_action,US,l3_rpc,not_applicable,not_applicable,layer_not_applicable_to_trigger_target,events/*.yaml,no,0,0,0,0,0,,events/sec-voorhees-satoshidice-2014.yaml
sec-voorhees-satoshidice-2014,admitted,S3_doj_sec_cftc_fiod,empirical_case,sec_action,US,l4_frontend,measured,measured_rate_denominator,coverage_status_measured_under_layer_protocol,events/*.yaml,yes,1,0,0,0,1,2014-06-03T00:00:00+00:00,events/sec-voorhees-satoshidice-2014.yaml
sec-voorhees-satoshidice-2014,admitted,S3_doj_sec_cftc_fiod,empirical_case,sec_action,US,asset_onchain,not_applicable,not_applicable,layer_not_applicable_to_trigger_target,events/*.yaml,no,0,0,0,0,0,,events/sec-voorhees-satoshidice-2014.yaml
sec-voorhees-satoshidice-2014,admitted,S3_doj_sec_cftc_fiod,empirical_case,sec_action,US,offramp_cex,measured,measured_rate_denominator,coverage_status_measured_under_layer_protocol,events/*.yaml,yes,1,0,0,1,0,2014-06-03T00:00:00+00:00,events/sec-voorhees-satoshidice-2014.yaml
semenov-ofac-2023,admitted,S1_ofac_sdn,empirical_case,ofac_sdn_designation,US,l0_network,not_measured,observability_gap,not_queried_yet; cp_not_ingested_v0_1,derived/coverage_matrix.md,no,0,0,0,0,0,,events/semenov-ofac-2023.yaml
semenov-ofac-2023,admitted,S1_ofac_sdn,empirical_case,ofac_sdn_designation,US,l1_consensus,measured,measured_rate_denominator,coverage_status_measured_under_layer_protocol,events/*.yaml,yes,0,1,0,0,0,,events/semenov-ofac-2023.yaml
semenov-ofac-2023,admitted,S1_ofac_sdn,empirical_case,ofac_sdn_designation,US,l3_rpc,not_measured,observability_gap,no_event_specific_rpc_provider_artifact_or_probe_denominator,derived/l3_provider_census.md,no,0,0,0,0,0,,events/semenov-ofac-2023.yaml
semenov-ofac-2023,admitted,S1_ofac_sdn,empirical_case,ofac_sdn_designation,US,l4_frontend,not_measured,observability_gap,not_measured_no_rate_denominator,events/*.yaml,no,0,0,0,0,0,,events/semenov-ofac-2023.yaml
semenov-ofac-2023,admitted,S1_ofac_sdn,empirical_case,ofac_sdn_designation,US,asset_onchain,measured,descriptive_only_structural_circularity_v0_1,positive_onchain_receipts_only_no_independent_no_change_denominator,docs/paper_claims.md#c1--upper-layer-concentration-of-observed-reactions,no,2,0,0,2,0,2023-08-24T00:16:00+00:00,events/semenov-ofac-2023.yaml
semenov-ofac-2023,admitted,S1_ofac_sdn,empirical_case,ofac_sdn_designation,US,offramp_cex,not_measured,observability_gap,not_measured_no_rate_denominator,events/*.yaml,no,0,0,0,0,0,,events/semenov-ofac-2023.yaml
shrem-faiella-bitcoin-exchange-2014,admitted,S3_doj_sec_cftc_fiod,empirical_case,doj_indictment,US,l0_network,not_applicable,not_applicable,layer_not_applicable_to_trigger_target,events/*.yaml,no,0,0,0,0,0,,events/shrem-faiella-bitcoin-exchange-2014.yaml
shrem-faiella-bitcoin-exchange-2014,admitted,S3_doj_sec_cftc_fiod,empirical_case,doj_indictment,US,l1_consensus,not_applicable,not_applicable,layer_not_applicable_to_trigger_target,events/*.yaml,no,0,0,0,0,0,,events/shrem-faiella-bitcoin-exchange-2014.yaml
shrem-faiella-bitcoin-exchange-2014,admitted,S3_doj_sec_cftc_fiod,empirical_case,doj_indictment,US,l3_rpc,not_applicable,not_applicable,layer_not_applicable_to_trigger_target,events/*.yaml,no,0,0,0,0,0,,events/shrem-faiella-bitcoin-exchange-2014.yaml
shrem-faiella-bitcoin-exchange-2014,admitted,S3_doj_sec_cftc_fiod,empirical_case,doj_indictment,US,l4_frontend,not_applicable,not_applicable,layer_not_applicable_to_trigger_target,events/*.yaml,no,0,0,0,0,0,,events/shrem-faiella-bitcoin-exchange-2014.yaml
shrem-faiella-bitcoin-exchange-2014,admitted,S3_doj_sec_cftc_fiod,empirical_case,doj_indictment,US,asset_onchain,not_applicable,not_applicable,layer_not_applicable_to_trigger_target,events/*.yaml,no,0,0,0,0,0,,events/shrem-faiella-bitcoin-exchange-2014.yaml
shrem-faiella-bitcoin-exchange-2014,admitted,S3_doj_sec_cftc_fiod,empirical_case,doj_indictment,US,offramp_cex,measured,measured_rate_denominator,coverage_status_measured_under_layer_protocol,events/*.yaml,yes,1,0,0,0,1,2014-09-04T00:00:00+00:00,events/shrem-faiella-bitcoin-exchange-2014.yaml
sichuan-silence-ofac-2024,admitted,S1_ofac_sdn,null_case,ofac_sdn_designation,US,l0_network,not_applicable,not_applicable,layer_not_applicable_to_trigger_target,events/*.yaml,no,0,0,0,0,0,,events/sichuan-silence-ofac-2024.yaml
sichuan-silence-ofac-2024,admitted,S1_ofac_sdn,null_case,ofac_sdn_designation,US,l1_consensus,not_applicable,not_applicable,layer_not_applicable_to_trigger_target,events/*.yaml,no,0,0,0,0,0,,events/sichuan-silence-ofac-2024.yaml
sichuan-silence-ofac-2024,admitted,S1_ofac_sdn,null_case,ofac_sdn_designation,US,l3_rpc,not_applicable,not_applicable,layer_not_applicable_to_trigger_target,events/*.yaml,no,0,0,0,0,0,,events/sichuan-silence-ofac-2024.yaml
sichuan-silence-ofac-2024,admitted,S1_ofac_sdn,null_case,ofac_sdn_designation,US,l4_frontend,not_applicable,not_applicable,layer_not_applicable_to_trigger_target,events/*.yaml,no,0,0,0,0,0,,events/sichuan-silence-ofac-2024.yaml
sichuan-silence-ofac-2024,admitted,S1_ofac_sdn,null_case,ofac_sdn_designation,US,asset_onchain,not_measured,observability_gap,not_measured_no_rate_denominator,events/*.yaml,no,0,0,0,0,0,,events/sichuan-silence-ofac-2024.yaml
sichuan-silence-ofac-2024,admitted,S1_ofac_sdn,null_case,ofac_sdn_designation,US,offramp_cex,measured,measured_rate_denominator,coverage_status_measured_under_layer_protocol,events/*.yaml,yes,0,1,0,0,0,,events/sichuan-silence-ofac-2024.yaml
silk-road-doj-seizure-2013,admitted,S3_doj_sec_cftc_fiod,empirical_case,doj_seizure_order,US,l0_network,not_applicable,not_applicable,layer_not_applicable_to_trigger_target,events/*.yaml,no,0,0,0,0,0,,events/silk-road-doj-seizure-2013.yaml
silk-road-doj-seizure-2013,admitted,S3_doj_sec_cftc_fiod,empirical_case,doj_seizure_order,US,l1_consensus,not_applicable,not_applicable,layer_not_applicable_to_trigger_target,events/*.yaml,no,0,0,0,0,0,,events/silk-road-doj-seizure-2013.yaml
silk-road-doj-seizure-2013,admitted,S3_doj_sec_cftc_fiod,empirical_case,doj_seizure_order,US,l3_rpc,not_applicable,not_applicable,layer_not_applicable_to_trigger_target,events/*.yaml,no,0,0,0,0,0,,events/silk-road-doj-seizure-2013.yaml
silk-road-doj-seizure-2013,admitted,S3_doj_sec_cftc_fiod,empirical_case,doj_seizure_order,US,l4_frontend,measured,measured_rate_denominator,coverage_status_measured_under_layer_protocol,events/*.yaml,yes,1,0,0,1,0,2013-10-02T00:00:00+00:00,events/silk-road-doj-seizure-2013.yaml
silk-road-doj-seizure-2013,admitted,S3_doj_sec_cftc_fiod,empirical_case,doj_seizure_order,US,asset_onchain,not_applicable,not_applicable,layer_not_applicable_to_trigger_target,events/*.yaml,no,0,0,0,0,0,,events/silk-road-doj-seizure-2013.yaml
silk-road-doj-seizure-2013,admitted,S3_doj_sec_cftc_fiod,empirical_case,doj_seizure_order,US,offramp_cex,not_applicable,not_applicable,layer_not_applicable_to_trigger_target,events/*.yaml,no,0,0,0,0,0,,events/silk-road-doj-seizure-2013.yaml
sinbad-doj-2024,admitted,S3_doj_sec_cftc_fiod,empirical_case,doj_indictment,"US,NL",l0_network,not_measured,observability_gap,not_queried_yet; cp_not_ingested_v0_1,derived/coverage_matrix.md,no,0,0,0,0,0,,events/sinbad-doj-2024.yaml
sinbad-doj-2024,admitted,S3_doj_sec_cftc_fiod,empirical_case,doj_indictment,"US,NL",l1_consensus,not_applicable,not_applicable,layer_not_applicable_to_trigger_target,events/*.yaml,no,0,0,0,0,0,,events/sinbad-doj-2024.yaml
sinbad-doj-2024,admitted,S3_doj_sec_cftc_fiod,empirical_case,doj_indictment,"US,NL",l3_rpc,not_applicable,not_applicable,layer_not_applicable_to_trigger_target,events/*.yaml,no,0,0,0,0,0,,events/sinbad-doj-2024.yaml
sinbad-doj-2024,admitted,S3_doj_sec_cftc_fiod,empirical_case,doj_indictment,"US,NL",l4_frontend,measured,measured_rate_denominator,coverage_status_measured_under_layer_protocol,events/*.yaml,yes,1,0,0,1,0,2025-01-10T00:00:00+00:00,events/sinbad-doj-2024.yaml
sinbad-doj-2024,admitted,S3_doj_sec_cftc_fiod,empirical_case,doj_indictment,"US,NL",asset_onchain,not_applicable,not_applicable,layer_not_applicable_to_trigger_target,events/*.yaml,no,0,0,0,0,0,,events/sinbad-doj-2024.yaml
sinbad-doj-2024,admitted,S3_doj_sec_cftc_fiod,empirical_case,doj_indictment,"US,NL",offramp_cex,measured,measured_rate_denominator,coverage_status_measured_under_layer_protocol,events/*.yaml,yes,1,0,0,1,0,2025-01-10T00:00:00+00:00,events/sinbad-doj-2024.yaml
sinbad-ofac-2023,admitted,S1_ofac_sdn,null_case,ofac_sdn_designation,US,l0_network,not_measured,observability_gap,ooni_queried_no_measurements; cp_not_ingested_v0_1,derived/l0_coverage_summary.md,no,0,0,0,0,0,,events/sinbad-ofac-2023.yaml
sinbad-ofac-2023,admitted,S1_ofac_sdn,null_case,ofac_sdn_designation,US,l1_consensus,not_applicable,not_applicable,layer_not_applicable_to_trigger_target,events/*.yaml,no,0,0,0,0,0,,events/sinbad-ofac-2023.yaml
sinbad-ofac-2023,admitted,S1_ofac_sdn,null_case,ofac_sdn_designation,US,l3_rpc,not_applicable,not_applicable,layer_not_applicable_to_trigger_target,events/*.yaml,no,0,0,0,0,0,,events/sinbad-ofac-2023.yaml
sinbad-ofac-2023,admitted,S1_ofac_sdn,null_case,ofac_sdn_designation,US,l4_frontend,measured,measured_rate_denominator,coverage_status_measured_under_layer_protocol,events/*.yaml,yes,0,1,0,0,0,,events/sinbad-ofac-2023.yaml
sinbad-ofac-2023,admitted,S1_ofac_sdn,null_case,ofac_sdn_designation,US,asset_onchain,not_applicable,not_applicable,layer_not_applicable_to_trigger_target,events/*.yaml,no,0,0,0,0,0,,events/sinbad-ofac-2023.yaml
sinbad-ofac-2023,admitted,S1_ofac_sdn,null_case,ofac_sdn_designation,US,offramp_cex,not_measured,observability_gap,not_measured_no_rate_denominator,events/*.yaml,no,0,0,0,0,0,,events/sinbad-ofac-2023.yaml
singapore-mas-binance-services-2021,admitted,S4_nation_state,empirical_case,nation_state_block,SG,l0_network,not_applicable,not_applicable,layer_not_applicable_to_trigger_target,events/*.yaml,no,0,0,0,0,0,,events/singapore-mas-binance-services-2021.yaml
singapore-mas-binance-services-2021,admitted,S4_nation_state,empirical_case,nation_state_block,SG,l1_consensus,not_applicable,not_applicable,layer_not_applicable_to_trigger_target,events/*.yaml,no,0,0,0,0,0,,events/singapore-mas-binance-services-2021.yaml
singapore-mas-binance-services-2021,admitted,S4_nation_state,empirical_case,nation_state_block,SG,l3_rpc,not_applicable,not_applicable,layer_not_applicable_to_trigger_target,events/*.yaml,no,0,0,0,0,0,,events/singapore-mas-binance-services-2021.yaml
singapore-mas-binance-services-2021,admitted,S4_nation_state,empirical_case,nation_state_block,SG,l4_frontend,partially_measured,partial_sensitivity_denominator,partially_measured_sensitivity_only,events/*.yaml,sensitivity_only,1,0,0,1,0,2021-09-05T00:00:00+00:00,events/singapore-mas-binance-services-2021.yaml
singapore-mas-binance-services-2021,admitted,S4_nation_state,empirical_case,nation_state_block,SG,asset_onchain,not_applicable,not_applicable,layer_not_applicable_to_trigger_target,events/*.yaml,no,0,0,0,0,0,,events/singapore-mas-binance-services-2021.yaml
singapore-mas-binance-services-2021,admitted,S4_nation_state,empirical_case,nation_state_block,SG,offramp_cex,partially_measured,partial_sensitivity_denominator,partially_measured_sensitivity_only,events/*.yaml,sensitivity_only,1,0,0,1,0,2022-02-01T00:00:00+00:00,events/singapore-mas-binance-services-2021.yaml
storm-semenov-doj-2023,admitted,S3_doj_sec_cftc_fiod,null_case,doj_indictment,US,l0_network,not_applicable,not_applicable,layer_not_applicable_to_trigger_target,events/*.yaml,no,0,0,0,0,0,,events/storm-semenov-doj-2023.yaml
storm-semenov-doj-2023,admitted,S3_doj_sec_cftc_fiod,null_case,doj_indictment,US,l1_consensus,not_applicable,not_applicable,layer_not_applicable_to_trigger_target,events/*.yaml,no,0,0,0,0,0,,events/storm-semenov-doj-2023.yaml
storm-semenov-doj-2023,admitted,S3_doj_sec_cftc_fiod,null_case,doj_indictment,US,l3_rpc,not_applicable,not_applicable,layer_not_applicable_to_trigger_target,events/*.yaml,no,0,0,0,0,0,,events/storm-semenov-doj-2023.yaml
storm-semenov-doj-2023,admitted,S3_doj_sec_cftc_fiod,null_case,doj_indictment,US,l4_frontend,not_applicable,not_applicable,layer_not_applicable_to_trigger_target,events/*.yaml,no,0,0,0,0,0,,events/storm-semenov-doj-2023.yaml
storm-semenov-doj-2023,admitted,S3_doj_sec_cftc_fiod,null_case,doj_indictment,US,asset_onchain,not_applicable,not_applicable,layer_not_applicable_to_trigger_target,events/*.yaml,no,0,0,0,0,0,,events/storm-semenov-doj-2023.yaml
storm-semenov-doj-2023,admitted,S3_doj_sec_cftc_fiod,null_case,doj_indictment,US,offramp_cex,measured,measured_rate_denominator,coverage_status_measured_under_layer_protocol,events/*.yaml,yes,0,1,0,0,0,,events/storm-semenov-doj-2023.yaml
suex-ofac-2021,admitted,S1_ofac_sdn,empirical_case,ofac_sdn_designation,US,l0_network,not_measured,observability_gap,ooni_queried_no_measurements; cp_not_ingested_v0_1,derived/l0_coverage_summary.md,no,0,0,0,0,0,,events/suex-ofac-2021.yaml
suex-ofac-2021,admitted,S1_ofac_sdn,empirical_case,ofac_sdn_designation,US,l1_consensus,not_applicable,not_applicable,layer_not_applicable_to_trigger_target,events/*.yaml,no,0,0,0,0,0,,events/suex-ofac-2021.yaml
suex-ofac-2021,admitted,S1_ofac_sdn,empirical_case,ofac_sdn_designation,US,l3_rpc,not_applicable,not_applicable,layer_not_applicable_to_trigger_target,events/*.yaml,no,0,0,0,0,0,,events/suex-ofac-2021.yaml
suex-ofac-2021,admitted,S1_ofac_sdn,empirical_case,ofac_sdn_designation,US,l4_frontend,measured,measured_rate_denominator,coverage_status_measured_under_layer_protocol,events/*.yaml,yes,0,1,0,0,0,,events/suex-ofac-2021.yaml
suex-ofac-2021,admitted,S1_ofac_sdn,empirical_case,ofac_sdn_designation,US,asset_onchain,measured,descriptive_only_structural_circularity_v0_1,positive_onchain_receipts_only_no_independent_no_change_denominator,docs/paper_claims.md#c1--upper-layer-concentration-of-observed-reactions,no,1,0,0,1,0,2021-09-23T01:44:00+00:00,events/suex-ofac-2021.yaml
suex-ofac-2021,admitted,S1_ofac_sdn,empirical_case,ofac_sdn_designation,US,offramp_cex,not_measured,observability_gap,not_measured_no_rate_denominator,events/*.yaml,no,0,0,0,0,0,,events/suex-ofac-2021.yaml
teraexchange-cftc-bitcoin-swap-2015,admitted,S3_doj_sec_cftc_fiod,empirical_case,cftc_action,US,l0_network,not_applicable,not_applicable,layer_not_applicable_to_trigger_target,events/*.yaml,no,0,0,0,0,0,,events/teraexchange-cftc-bitcoin-swap-2015.yaml
teraexchange-cftc-bitcoin-swap-2015,admitted,S3_doj_sec_cftc_fiod,empirical_case,cftc_action,US,l1_consensus,not_applicable,not_applicable,layer_not_applicable_to_trigger_target,events/*.yaml,no,0,0,0,0,0,,events/teraexchange-cftc-bitcoin-swap-2015.yaml
teraexchange-cftc-bitcoin-swap-2015,admitted,S3_doj_sec_cftc_fiod,empirical_case,cftc_action,US,l3_rpc,not_applicable,not_applicable,layer_not_applicable_to_trigger_target,events/*.yaml,no,0,0,0,0,0,,events/teraexchange-cftc-bitcoin-swap-2015.yaml
teraexchange-cftc-bitcoin-swap-2015,admitted,S3_doj_sec_cftc_fiod,empirical_case,cftc_action,US,l4_frontend,not_applicable,not_applicable,layer_not_applicable_to_trigger_target,events/*.yaml,no,0,0,0,0,0,,events/teraexchange-cftc-bitcoin-swap-2015.yaml
teraexchange-cftc-bitcoin-swap-2015,admitted,S3_doj_sec_cftc_fiod,empirical_case,cftc_action,US,asset_onchain,not_applicable,not_applicable,layer_not_applicable_to_trigger_target,events/*.yaml,no,0,0,0,0,0,,events/teraexchange-cftc-bitcoin-swap-2015.yaml
teraexchange-cftc-bitcoin-swap-2015,admitted,S3_doj_sec_cftc_fiod,empirical_case,cftc_action,US,offramp_cex,partially_measured,partial_sensitivity_denominator,partially_measured_sensitivity_only,events/*.yaml,sensitivity_only,1,0,0,1,0,2015-09-24T00:00:00+00:00,events/teraexchange-cftc-bitcoin-swap-2015.yaml
tether-doj-pig-butchering-freeze-2023,admitted,S5_corporate,empirical_case,corporate_policy_change,"corporate_global,US",l0_network,not_applicable,not_applicable,layer_not_applicable_to_trigger_target,events/*.yaml,no,0,0,0,0,0,,events/tether-doj-pig-butchering-freeze-2023.yaml
tether-doj-pig-butchering-freeze-2023,admitted,S5_corporate,empirical_case,corporate_policy_change,"corporate_global,US",l1_consensus,not_applicable,not_applicable,layer_not_applicable_to_trigger_target,events/*.yaml,no,0,0,0,0,0,,events/tether-doj-pig-butchering-freeze-2023.yaml
tether-doj-pig-butchering-freeze-2023,admitted,S5_corporate,empirical_case,corporate_policy_change,"corporate_global,US",l3_rpc,not_applicable,not_applicable,layer_not_applicable_to_trigger_target,events/*.yaml,no,0,0,0,0,0,,events/tether-doj-pig-butchering-freeze-2023.yaml
tether-doj-pig-butchering-freeze-2023,admitted,S5_corporate,empirical_case,corporate_policy_change,"corporate_global,US",l4_frontend,not_applicable,not_applicable,layer_not_applicable_to_trigger_target,events/*.yaml,no,0,0,0,0,0,,events/tether-doj-pig-butchering-freeze-2023.yaml
tether-doj-pig-butchering-freeze-2023,admitted,S5_corporate,empirical_case,corporate_policy_change,"corporate_global,US",asset_onchain,not_measured,observability_gap,not_measured_no_rate_denominator,events/*.yaml,no,0,0,0,0,0,,events/tether-doj-pig-butchering-freeze-2023.yaml
tether-doj-pig-butchering-freeze-2023,admitted,S5_corporate,empirical_case,corporate_policy_change,"corporate_global,US",offramp_cex,measured,measured_rate_denominator,coverage_status_measured_under_layer_protocol,events/*.yaml,yes,1,0,0,1,0,2023-11-20T00:00:00+00:00,events/tether-doj-pig-butchering-freeze-2023.yaml
tether-dprk-precommit-freeze-2025,admitted,S5_corporate,empirical_case,corporate_policy_change,corporate_global,l0_network,not_applicable,not_applicable,layer_not_applicable_to_trigger_target,events/*.yaml,no,0,0,0,0,0,,events/tether-dprk-precommit-freeze-2025.yaml
tether-dprk-precommit-freeze-2025,admitted,S5_corporate,empirical_case,corporate_policy_change,corporate_global,l1_consensus,not_applicable,not_applicable,layer_not_applicable_to_trigger_target,events/*.yaml,no,0,0,0,0,0,,events/tether-dprk-precommit-freeze-2025.yaml
tether-dprk-precommit-freeze-2025,admitted,S5_corporate,empirical_case,corporate_policy_change,corporate_global,l3_rpc,not_applicable,not_applicable,layer_not_applicable_to_trigger_target,events/*.yaml,no,0,0,0,0,0,,events/tether-dprk-precommit-freeze-2025.yaml
tether-dprk-precommit-freeze-2025,admitted,S5_corporate,empirical_case,corporate_policy_change,corporate_global,l4_frontend,not_applicable,not_applicable,layer_not_applicable_to_trigger_target,events/*.yaml,no,0,0,0,0,0,,events/tether-dprk-precommit-freeze-2025.yaml
tether-dprk-precommit-freeze-2025,admitted,S5_corporate,empirical_case,corporate_policy_change,corporate_global,asset_onchain,measured,descriptive_only_structural_circularity_v0_1,positive_onchain_receipts_only_no_independent_no_change_denominator,docs/paper_claims.md#c1--upper-layer-concentration-of-observed-reactions,no,1,0,0,1,0,2025-04-30T07:05:00+00:00,events/tether-dprk-precommit-freeze-2025.yaml
tether-dprk-precommit-freeze-2025,admitted,S5_corporate,empirical_case,corporate_policy_change,corporate_global,offramp_cex,not_applicable,not_applicable,layer_not_applicable_to_trigger_target,events/*.yaml,no,0,0,0,0,0,,events/tether-dprk-precommit-freeze-2025.yaml
tether-retroactive-sweep-2023,admitted,S5_corporate,empirical_case,corporate_policy_change,corporate_global,l0_network,not_applicable,not_applicable,layer_not_applicable_to_trigger_target,events/*.yaml,no,0,0,0,0,0,,events/tether-retroactive-sweep-2023.yaml
tether-retroactive-sweep-2023,admitted,S5_corporate,empirical_case,corporate_policy_change,corporate_global,l1_consensus,not_applicable,not_applicable,layer_not_applicable_to_trigger_target,events/*.yaml,no,0,0,0,0,0,,events/tether-retroactive-sweep-2023.yaml
tether-retroactive-sweep-2023,admitted,S5_corporate,empirical_case,corporate_policy_change,corporate_global,l3_rpc,not_applicable,not_applicable,layer_not_applicable_to_trigger_target,events/*.yaml,no,0,0,0,0,0,,events/tether-retroactive-sweep-2023.yaml
tether-retroactive-sweep-2023,admitted,S5_corporate,empirical_case,corporate_policy_change,corporate_global,l4_frontend,not_applicable,not_applicable,layer_not_applicable_to_trigger_target,events/*.yaml,no,0,0,0,0,0,,events/tether-retroactive-sweep-2023.yaml
tether-retroactive-sweep-2023,admitted,S5_corporate,empirical_case,corporate_policy_change,corporate_global,asset_onchain,measured,descriptive_only_structural_circularity_v0_1,positive_onchain_receipts_only_no_independent_no_change_denominator,docs/paper_claims.md#c1--upper-layer-concentration-of-observed-reactions,no,1,0,0,1,0,2023-12-09T04:30:00+00:00,events/tether-retroactive-sweep-2023.yaml
tether-retroactive-sweep-2023,admitted,S5_corporate,empirical_case,corporate_policy_change,corporate_global,offramp_cex,not_applicable,not_applicable,layer_not_applicable_to_trigger_target,events/*.yaml,no,0,0,0,0,0,,events/tether-retroactive-sweep-2023.yaml
tornado-cash-ofac-2022,admitted,S1_ofac_sdn,anchor_case,ofac_sdn_designation,US,l0_network,not_measured,observability_gap,ooni_queried_no_measurements; cp_not_ingested_v0_1,derived/l0_coverage_summary.md,no,0,0,0,0,0,,events/tornado-cash-ofac-2022.yaml
tornado-cash-ofac-2022,admitted,S1_ofac_sdn,anchor_case,ofac_sdn_designation,US,l1_consensus,partially_measured,partial_sensitivity_denominator,partially_measured_sensitivity_only,events/*.yaml,sensitivity_only,1,0,0,0,1,2022-09-16T00:00:00+00:00,events/tornado-cash-ofac-2022.yaml
tornado-cash-ofac-2022,admitted,S1_ofac_sdn,anchor_case,ofac_sdn_designation,US,l3_rpc,partially_measured,named_partial_only_no_conditional_rate,named_public_git_observation_no_provider_universe_denominator,derived/l3_provider_census.md,no,1,0,0,1,0,2022-08-08T16:20:50+00:00,events/tornado-cash-ofac-2022.yaml
tornado-cash-ofac-2022,admitted,S1_ofac_sdn,anchor_case,ofac_sdn_designation,US,l4_frontend,measured,measured_rate_denominator,coverage_status_measured_under_layer_protocol,events/*.yaml,yes,1,0,0,0,1,2022-08-09T12:00:00+00:00,events/tornado-cash-ofac-2022.yaml
tornado-cash-ofac-2022,admitted,S1_ofac_sdn,anchor_case,ofac_sdn_designation,US,asset_onchain,measured,descriptive_only_structural_circularity_v0_1,positive_onchain_receipts_only_no_independent_no_change_denominator,docs/paper_claims.md#c1--upper-layer-concentration-of-observed-reactions,no,1,0,0,1,0,2022-08-08T19:25:35+00:00,events/tornado-cash-ofac-2022.yaml
tornado-cash-ofac-2022,admitted,S1_ofac_sdn,anchor_case,ofac_sdn_designation,US,offramp_cex,partially_measured,partial_sensitivity_denominator,partially_measured_sensitivity_only,events/*.yaml,sensitivity_only,1,0,0,1,0,2022-08-10T00:00:00+00:00,events/tornado-cash-ofac-2022.yaml
tornado-cash-ofac-delisting-2025,admitted,S2_ofac_removal,empirical_case,ofac_sdn_removal,US,l0_network,not_measured,observability_gap,not_queried_yet; cp_not_ingested_v0_1,derived/coverage_matrix.md,no,0,0,0,0,0,,events/tornado-cash-ofac-delisting-2025.yaml
tornado-cash-ofac-delisting-2025,admitted,S2_ofac_removal,empirical_case,ofac_sdn_removal,US,l1_consensus,measured,measured_rate_denominator,coverage_status_measured_under_layer_protocol,events/*.yaml,yes,1,0,0,0,1,2025-03-21T00:00:00+00:00,events/tornado-cash-ofac-delisting-2025.yaml
tornado-cash-ofac-delisting-2025,admitted,S2_ofac_removal,empirical_case,ofac_sdn_removal,US,l3_rpc,partially_measured,named_partial_only_no_conditional_rate,named_public_git_observation_no_provider_universe_denominator,derived/l3_provider_census.md,no,1,0,0,0,1,2025-04-01T19:28:21+00:00,events/tornado-cash-ofac-delisting-2025.yaml
tornado-cash-ofac-delisting-2025,admitted,S2_ofac_removal,empirical_case,ofac_sdn_removal,US,l4_frontend,partially_measured,partial_sensitivity_denominator,partially_measured_sensitivity_only,events/*.yaml,sensitivity_only,1,0,0,1,0,2025-03-25T14:31:33+00:00,events/tornado-cash-ofac-delisting-2025.yaml
tornado-cash-ofac-delisting-2025,admitted,S2_ofac_removal,empirical_case,ofac_sdn_removal,US,asset_onchain,measured,descriptive_only_structural_circularity_v0_1,positive_onchain_receipts_only_no_independent_no_change_denominator,docs/paper_claims.md#c1--upper-layer-concentration-of-observed-reactions,no,1,0,0,1,0,2025-03-22T01:22:00+00:00,events/tornado-cash-ofac-delisting-2025.yaml
tornado-cash-ofac-delisting-2025,admitted,S2_ofac_removal,empirical_case,ofac_sdn_removal,US,offramp_cex,not_measured,observability_gap,not_measured_no_rate_denominator,events/*.yaml,no,0,0,0,0,0,,events/tornado-cash-ofac-delisting-2025.yaml
tornado-cash-ofac-redesignation-2022,admitted,S1_ofac_sdn,empirical_case,ofac_sdn_designation,US,l0_network,not_measured,observability_gap,not_queried_yet; cp_not_ingested_v0_1,derived/coverage_matrix.md,no,0,0,0,0,0,,events/tornado-cash-ofac-redesignation-2022.yaml
tornado-cash-ofac-redesignation-2022,admitted,S1_ofac_sdn,empirical_case,ofac_sdn_designation,US,l1_consensus,measured,measured_rate_denominator,coverage_status_measured_under_layer_protocol,events/*.yaml,yes,0,1,0,0,0,,events/tornado-cash-ofac-redesignation-2022.yaml
tornado-cash-ofac-redesignation-2022,admitted,S1_ofac_sdn,empirical_case,ofac_sdn_designation,US,l3_rpc,not_measured,observability_gap,no_event_specific_rpc_provider_artifact_or_probe_denominator,derived/l3_provider_census.md,no,0,0,0,0,0,,events/tornado-cash-ofac-redesignation-2022.yaml
tornado-cash-ofac-redesignation-2022,admitted,S1_ofac_sdn,empirical_case,ofac_sdn_designation,US,l4_frontend,not_measured,observability_gap,not_measured_no_rate_denominator,events/*.yaml,no,0,0,0,0,0,,events/tornado-cash-ofac-redesignation-2022.yaml
tornado-cash-ofac-redesignation-2022,admitted,S1_ofac_sdn,empirical_case,ofac_sdn_designation,US,asset_onchain,measured,descriptive_only_structural_circularity_v0_1,positive_onchain_receipts_only_no_independent_no_change_denominator,docs/paper_claims.md#c1--upper-layer-concentration-of-observed-reactions,no,1,0,0,1,0,2023-12-09T05:18:00+00:00,events/tornado-cash-ofac-redesignation-2022.yaml
tornado-cash-ofac-redesignation-2022,admitted,S1_ofac_sdn,empirical_case,ofac_sdn_designation,US,offramp_cex,not_measured,observability_gap,not_measured_no_rate_denominator,events/*.yaml,no,0,0,0,0,0,,events/tornado-cash-ofac-redesignation-2022.yaml
tornado-cash-storm-conviction-2025,admitted,S3_doj_sec_cftc_fiod,empirical_case,doj_indictment,US,l0_network,not_applicable,not_applicable,layer_not_applicable_to_trigger_target,events/*.yaml,no,0,0,0,0,0,,events/tornado-cash-storm-conviction-2025.yaml
tornado-cash-storm-conviction-2025,admitted,S3_doj_sec_cftc_fiod,empirical_case,doj_indictment,US,l1_consensus,not_applicable,not_applicable,layer_not_applicable_to_trigger_target,events/*.yaml,no,0,0,0,0,0,,events/tornado-cash-storm-conviction-2025.yaml
tornado-cash-storm-conviction-2025,admitted,S3_doj_sec_cftc_fiod,empirical_case,doj_indictment,US,l3_rpc,not_applicable,not_applicable,layer_not_applicable_to_trigger_target,events/*.yaml,no,0,0,0,0,0,,events/tornado-cash-storm-conviction-2025.yaml
tornado-cash-storm-conviction-2025,admitted,S3_doj_sec_cftc_fiod,empirical_case,doj_indictment,US,l4_frontend,partially_measured,partial_sensitivity_denominator,partially_measured_sensitivity_only,events/*.yaml,sensitivity_only,1,0,0,0,1,2025-08-06T00:00:00+00:00,events/tornado-cash-storm-conviction-2025.yaml
tornado-cash-storm-conviction-2025,admitted,S3_doj_sec_cftc_fiod,empirical_case,doj_indictment,US,asset_onchain,not_measured,observability_gap,not_measured_no_rate_denominator,events/*.yaml,no,0,0,0,0,0,,events/tornado-cash-storm-conviction-2025.yaml
tornado-cash-storm-conviction-2025,admitted,S3_doj_sec_cftc_fiod,empirical_case,doj_indictment,US,offramp_cex,not_measured,observability_gap,not_measured_no_rate_denominator,events/*.yaml,no,0,0,0,0,0,,events/tornado-cash-storm-conviction-2025.yaml
turkey-cbrt-crypto-ban-2021,admitted,S4_nation_state,empirical_case,nation_state_block,TR,l0_network,not_applicable,not_applicable,layer_not_applicable_to_trigger_target,events/*.yaml,no,0,0,0,0,0,,events/turkey-cbrt-crypto-ban-2021.yaml
turkey-cbrt-crypto-ban-2021,admitted,S4_nation_state,empirical_case,nation_state_block,TR,l1_consensus,not_applicable,not_applicable,layer_not_applicable_to_trigger_target,events/*.yaml,no,0,0,0,0,0,,events/turkey-cbrt-crypto-ban-2021.yaml
turkey-cbrt-crypto-ban-2021,admitted,S4_nation_state,empirical_case,nation_state_block,TR,l3_rpc,not_applicable,not_applicable,layer_not_applicable_to_trigger_target,events/*.yaml,no,0,0,0,0,0,,events/turkey-cbrt-crypto-ban-2021.yaml
turkey-cbrt-crypto-ban-2021,admitted,S4_nation_state,empirical_case,nation_state_block,TR,l4_frontend,not_applicable,not_applicable,layer_not_applicable_to_trigger_target,events/*.yaml,no,0,0,0,0,0,,events/turkey-cbrt-crypto-ban-2021.yaml
turkey-cbrt-crypto-ban-2021,admitted,S4_nation_state,empirical_case,nation_state_block,TR,asset_onchain,not_applicable,not_applicable,layer_not_applicable_to_trigger_target,events/*.yaml,no,0,0,0,0,0,,events/turkey-cbrt-crypto-ban-2021.yaml
turkey-cbrt-crypto-ban-2021,admitted,S4_nation_state,empirical_case,nation_state_block,TR,offramp_cex,measured,measured_rate_denominator,coverage_status_measured_under_layer_protocol,events/*.yaml,yes,1,0,0,1,0,2021-04-30T00:00:00+00:00,events/turkey-cbrt-crypto-ban-2021.yaml
uk-fca-binance-markets-2021,admitted,S4_nation_state,empirical_case,nation_state_block,UK,l0_network,not_applicable,not_applicable,layer_not_applicable_to_trigger_target,events/*.yaml,no,0,0,0,0,0,,events/uk-fca-binance-markets-2021.yaml
uk-fca-binance-markets-2021,admitted,S4_nation_state,empirical_case,nation_state_block,UK,l1_consensus,not_applicable,not_applicable,layer_not_applicable_to_trigger_target,events/*.yaml,no,0,0,0,0,0,,events/uk-fca-binance-markets-2021.yaml
uk-fca-binance-markets-2021,admitted,S4_nation_state,empirical_case,nation_state_block,UK,l3_rpc,not_applicable,not_applicable,layer_not_applicable_to_trigger_target,events/*.yaml,no,0,0,0,0,0,,events/uk-fca-binance-markets-2021.yaml
uk-fca-binance-markets-2021,admitted,S4_nation_state,empirical_case,nation_state_block,UK,l4_frontend,partially_measured,partial_sensitivity_denominator,partially_measured_sensitivity_only,events/*.yaml,sensitivity_only,1,0,0,0,1,2021-06-27T00:00:00+00:00,events/uk-fca-binance-markets-2021.yaml
uk-fca-binance-markets-2021,admitted,S4_nation_state,empirical_case,nation_state_block,UK,asset_onchain,not_applicable,not_applicable,layer_not_applicable_to_trigger_target,events/*.yaml,no,0,0,0,0,0,,events/uk-fca-binance-markets-2021.yaml
uk-fca-binance-markets-2021,admitted,S4_nation_state,empirical_case,nation_state_block,UK,offramp_cex,measured,measured_rate_denominator,coverage_status_measured_under_layer_protocol,events/*.yaml,yes,1,0,0,1,0,2021-07-05T00:00:00+00:00,events/uk-fca-binance-markets-2021.yaml
ukraine-virtual-assets-law-2022-03,draft,S4_nation_state,empirical_case,nation_state_block,UA,l0_network,not_applicable,not_applicable,layer_not_applicable_to_trigger_target,events/*.yaml,no,0,0,0,0,0,,events/ukraine-virtual-assets-law-2022-03.yaml
ukraine-virtual-assets-law-2022-03,draft,S4_nation_state,empirical_case,nation_state_block,UA,l1_consensus,not_applicable,not_applicable,layer_not_applicable_to_trigger_target,events/*.yaml,no,0,0,0,0,0,,events/ukraine-virtual-assets-law-2022-03.yaml
ukraine-virtual-assets-law-2022-03,draft,S4_nation_state,empirical_case,nation_state_block,UA,l3_rpc,not_applicable,not_applicable,layer_not_applicable_to_trigger_target,events/*.yaml,no,0,0,0,0,0,,events/ukraine-virtual-assets-law-2022-03.yaml
ukraine-virtual-assets-law-2022-03,draft,S4_nation_state,empirical_case,nation_state_block,UA,l4_frontend,not_applicable,not_applicable,layer_not_applicable_to_trigger_target,events/*.yaml,no,0,0,0,0,0,,events/ukraine-virtual-assets-law-2022-03.yaml
ukraine-virtual-assets-law-2022-03,draft,S4_nation_state,empirical_case,nation_state_block,UA,asset_onchain,not_applicable,not_applicable,layer_not_applicable_to_trigger_target,events/*.yaml,no,0,0,0,0,0,,events/ukraine-virtual-assets-law-2022-03.yaml
ukraine-virtual-assets-law-2022-03,draft,S4_nation_state,empirical_case,nation_state_block,UA,offramp_cex,partially_measured,partial_sensitivity_denominator,partially_measured_sensitivity_only,events/*.yaml,sensitivity_only,1,0,1,0,1,2022-03-16T00:00:00+00:00,events/ukraine-virtual-assets-law-2022-03.yaml
uniswap-balancer-tornado-frontend-block-2022-08,draft,S5_corporate,empirical_case,corporate_policy_change,"US,corporate_global",l0_network,not_applicable,not_applicable,layer_not_applicable_to_trigger_target,events/*.yaml,no,0,0,0,0,0,,events/uniswap-balancer-tornado-frontend-block-2022-08.yaml
uniswap-balancer-tornado-frontend-block-2022-08,draft,S5_corporate,empirical_case,corporate_policy_change,"US,corporate_global",l1_consensus,not_applicable,not_applicable,layer_not_applicable_to_trigger_target,events/*.yaml,no,0,0,0,0,0,,events/uniswap-balancer-tornado-frontend-block-2022-08.yaml
uniswap-balancer-tornado-frontend-block-2022-08,draft,S5_corporate,empirical_case,corporate_policy_change,"US,corporate_global",l3_rpc,not_applicable,not_applicable,layer_not_applicable_to_trigger_target,events/*.yaml,no,0,0,0,0,0,,events/uniswap-balancer-tornado-frontend-block-2022-08.yaml
uniswap-balancer-tornado-frontend-block-2022-08,draft,S5_corporate,empirical_case,corporate_policy_change,"US,corporate_global",l4_frontend,measured,measured_rate_denominator,coverage_status_measured_under_layer_protocol,events/*.yaml,yes,2,0,0,2,0,2022-08-12T00:00:00+00:00,events/uniswap-balancer-tornado-frontend-block-2022-08.yaml
uniswap-balancer-tornado-frontend-block-2022-08,draft,S5_corporate,empirical_case,corporate_policy_change,"US,corporate_global",asset_onchain,not_applicable,not_applicable,layer_not_applicable_to_trigger_target,events/*.yaml,no,0,0,0,0,0,,events/uniswap-balancer-tornado-frontend-block-2022-08.yaml
uniswap-balancer-tornado-frontend-block-2022-08,draft,S5_corporate,empirical_case,corporate_policy_change,"US,corporate_global",offramp_cex,not_applicable,not_applicable,layer_not_applicable_to_trigger_target,events/*.yaml,no,0,0,0,0,0,,events/uniswap-balancer-tornado-frontend-block-2022-08.yaml
uniswap-frontend-delisting-2023,admitted,S5_corporate,empirical_case,corporate_policy_change,US,l0_network,not_applicable,not_applicable,layer_not_applicable_to_trigger_target,events/*.yaml,no,0,0,0,0,0,,events/uniswap-frontend-delisting-2023.yaml
uniswap-frontend-delisting-2023,admitted,S5_corporate,empirical_case,corporate_policy_change,US,l1_consensus,not_applicable,not_applicable,layer_not_applicable_to_trigger_target,events/*.yaml,no,0,0,0,0,0,,events/uniswap-frontend-delisting-2023.yaml
uniswap-frontend-delisting-2023,admitted,S5_corporate,empirical_case,corporate_policy_change,US,l3_rpc,not_applicable,not_applicable,layer_not_applicable_to_trigger_target,events/*.yaml,no,0,0,0,0,0,,events/uniswap-frontend-delisting-2023.yaml
uniswap-frontend-delisting-2023,admitted,S5_corporate,empirical_case,corporate_policy_change,US,l4_frontend,measured,measured_rate_denominator,coverage_status_measured_under_layer_protocol,events/*.yaml,yes,1,0,0,1,0,2023-07-21T00:00:00+00:00,events/uniswap-frontend-delisting-2023.yaml
uniswap-frontend-delisting-2023,admitted,S5_corporate,empirical_case,corporate_policy_change,US,asset_onchain,not_applicable,not_applicable,layer_not_applicable_to_trigger_target,events/*.yaml,no,0,0,0,0,0,,events/uniswap-frontend-delisting-2023.yaml
uniswap-frontend-delisting-2023,admitted,S5_corporate,empirical_case,corporate_policy_change,US,offramp_cex,not_applicable,not_applicable,layer_not_applicable_to_trigger_target,events/*.yaml,no,0,0,0,0,0,,events/uniswap-frontend-delisting-2023.yaml
uniswap-tokenized-stocks-delisting-2021-07,draft,S5_corporate,empirical_case,corporate_policy_change,US,l0_network,not_applicable,not_applicable,layer_not_applicable_to_trigger_target,events/*.yaml,no,0,0,0,0,0,,events/uniswap-tokenized-stocks-delisting-2021-07.yaml
uniswap-tokenized-stocks-delisting-2021-07,draft,S5_corporate,empirical_case,corporate_policy_change,US,l1_consensus,not_applicable,not_applicable,layer_not_applicable_to_trigger_target,events/*.yaml,no,0,0,0,0,0,,events/uniswap-tokenized-stocks-delisting-2021-07.yaml
uniswap-tokenized-stocks-delisting-2021-07,draft,S5_corporate,empirical_case,corporate_policy_change,US,l3_rpc,not_applicable,not_applicable,layer_not_applicable_to_trigger_target,events/*.yaml,no,0,0,0,0,0,,events/uniswap-tokenized-stocks-delisting-2021-07.yaml
uniswap-tokenized-stocks-delisting-2021-07,draft,S5_corporate,empirical_case,corporate_policy_change,US,l4_frontend,measured,measured_rate_denominator,coverage_status_measured_under_layer_protocol,events/*.yaml,yes,1,0,0,1,0,2021-07-23T00:00:00+00:00,events/uniswap-tokenized-stocks-delisting-2021-07.yaml
uniswap-tokenized-stocks-delisting-2021-07,draft,S5_corporate,empirical_case,corporate_policy_change,US,asset_onchain,not_applicable,not_applicable,layer_not_applicable_to_trigger_target,events/*.yaml,no,0,0,0,0,0,,events/uniswap-tokenized-stocks-delisting-2021-07.yaml
uniswap-tokenized-stocks-delisting-2021-07,draft,S5_corporate,empirical_case,corporate_policy_change,US,offramp_cex,not_applicable,not_applicable,layer_not_applicable_to_trigger_target,events/*.yaml,no,0,0,0,0,0,,events/uniswap-tokenized-stocks-delisting-2021-07.yaml
welcome-to-video-doj-2019,admitted,S3_doj_sec_cftc_fiod,empirical_case,doj_seizure_order,"US,KR,UK",l0_network,not_applicable,not_applicable,layer_not_applicable_to_trigger_target,events/*.yaml,no,0,0,0,0,0,,events/welcome-to-video-doj-2019.yaml
welcome-to-video-doj-2019,admitted,S3_doj_sec_cftc_fiod,empirical_case,doj_seizure_order,"US,KR,UK",l1_consensus,not_applicable,not_applicable,layer_not_applicable_to_trigger_target,events/*.yaml,no,0,0,0,0,0,,events/welcome-to-video-doj-2019.yaml
welcome-to-video-doj-2019,admitted,S3_doj_sec_cftc_fiod,empirical_case,doj_seizure_order,"US,KR,UK",l3_rpc,not_applicable,not_applicable,layer_not_applicable_to_trigger_target,events/*.yaml,no,0,0,0,0,0,,events/welcome-to-video-doj-2019.yaml
welcome-to-video-doj-2019,admitted,S3_doj_sec_cftc_fiod,empirical_case,doj_seizure_order,"US,KR,UK",l4_frontend,measured,measured_rate_denominator,coverage_status_measured_under_layer_protocol,events/*.yaml,yes,1,0,0,1,0,2019-10-16T00:00:00+00:00,events/welcome-to-video-doj-2019.yaml
welcome-to-video-doj-2019,admitted,S3_doj_sec_cftc_fiod,empirical_case,doj_seizure_order,"US,KR,UK",asset_onchain,not_measured,observability_gap,not_measured_no_rate_denominator,events/*.yaml,no,0,0,0,0,0,,events/welcome-to-video-doj-2019.yaml
welcome-to-video-doj-2019,admitted,S3_doj_sec_cftc_fiod,empirical_case,doj_seizure_order,"US,KR,UK",offramp_cex,not_applicable,not_applicable,layer_not_applicable_to_trigger_target,events/*.yaml,no,0,0,0,0,0,,events/welcome-to-video-doj-2019.yaml
zservers-ofac-2025,admitted,S1_ofac_sdn,null_case,ofac_sdn_designation,"US,UK,AU",l0_network,not_measured,observability_gap,not_queried_yet; cp_not_ingested_v0_1,derived/coverage_matrix.md,no,0,0,0,0,0,,events/zservers-ofac-2025.yaml
zservers-ofac-2025,admitted,S1_ofac_sdn,null_case,ofac_sdn_designation,"US,UK,AU",l1_consensus,not_applicable,not_applicable,layer_not_applicable_to_trigger_target,events/*.yaml,no,0,0,0,0,0,,events/zservers-ofac-2025.yaml
zservers-ofac-2025,admitted,S1_ofac_sdn,null_case,ofac_sdn_designation,"US,UK,AU",l3_rpc,not_applicable,not_applicable,layer_not_applicable_to_trigger_target,events/*.yaml,no,0,0,0,0,0,,events/zservers-ofac-2025.yaml
zservers-ofac-2025,admitted,S1_ofac_sdn,null_case,ofac_sdn_designation,"US,UK,AU",l4_frontend,not_applicable,not_applicable,layer_not_applicable_to_trigger_target,events/*.yaml,no,0,0,0,0,0,,events/zservers-ofac-2025.yaml
zservers-ofac-2025,admitted,S1_ofac_sdn,null_case,ofac_sdn_designation,"US,UK,AU",asset_onchain,not_applicable,not_applicable,layer_not_applicable_to_trigger_target,events/*.yaml,no,0,0,0,0,0,,events/zservers-ofac-2025.yaml
zservers-ofac-2025,admitted,S1_ofac_sdn,null_case,ofac_sdn_designation,"US,UK,AU",offramp_cex,measured,measured_rate_denominator,coverage_status_measured_under_layer_protocol,events/*.yaml,yes,0,1,0,0,0,,events/zservers-ofac-2025.yaml
