event_id,event_status,source_yaml,observation_index,layer,observation_kind,legacy_claim,matches,trigger_sources,observation_sources,verdict
1inch-us-geofence-2021-09,admitted,events/1inch-us-geofence-2021-09.yaml,0,l4_frontend,observed_change,1inch_network_geofenced_us_vantage_users_from_app_1inch_io,"[{""matching_fields"": [""url""], ""observation_source_index"": 0, ""trigger_source_index"": 1}]","[{""url"": ""https://help.1inch.io/en/articles/5099197-which-countries-are-restricted-from-using-the-1inch-dapp"", ""wayback"": ""https://web.archive.org/web/2021/https://help.1inch.io/en/articles/5099197-which-countries-are-restricted-from-using-the-1inch-dapp""}, {""url"": ""https://cryptoslate.com/1inch-geofences-us-ip-addresses-says-new-product-for-the-american-market-is-in-prep/"", ""wayback"": ""https://web.archive.org/web/2021/https://cryptoslate.com/1inch-geofences-us-ip-addresses-says-new-product-for-the-american-market-is-in-prep/""}]","[{""body_hash"": ""sha256:87ad7bd98fcbbe6a4e6be4640ac3cbdf7e8577970bac02469ab9d48445ad86c9"", ""body_path"": ""sources/http_captures/1inch-us-geofence-2021-09/primary/web.archive.org__web-20210901000000-https-cryptoslate.com-1inch-geofences-us-ip-addresses-says-new-product-for-the-american-market-is-in-prep__c72e4057ad.html"", ""url"": ""https://cryptoslate.com/1inch-geofences-us-ip-addresses-says-new-product-for-the-american-market-is-in-prep/"", ""wayback"": ""https://web.archive.org/web/20210930195439/https://cryptoslate.com/1inch-geofences-us-ip-addresses-says-new-product-for-the-american-market-is-in-prep/""}, {""body_hash"": ""sha256:4af48ed8d37143a6efaad103fe89456aa9963e4ea1e56c52a3494cfd96f58b58"", ""body_path"": ""sources/http_captures/1inch-us-geofence-2021-09/primary/web.archive.org__web-20211001000000-https-www.theblock.co-linked-119055-dex-aggregator-1inch-blocks-out-us-trades-in-preparation-for-separate-american-platform__a0864347cd.html"", ""url"": ""https://www.theblock.co/linked/119055/dex-aggregator-1inch-blocks-out-us-trades-in-preparation-for-separate-american-platform"", ""wayback"": ""https://web.archive.org/web/20211001000000/https://www.theblock.co/linked/119055/dex-aggregator-1inch-blocks-out-us-trades-in-preparation-for-separate-american-platform""}]",unadjudicated_risk_flag
1mdc-egold-account-freeze-2007-04,admitted,events/1mdc-egold-account-freeze-2007-04.yaml,0,offramp_cex,observed_change,court_order_froze_and_liquidated_1mdc_backing_egold_accounts_ending_service,"[{""matching_fields"": [""url"", ""body_hash""], ""observation_source_index"": 0, ""trigger_source_index"": 1}, {""matching_fields"": [""url"", ""body_hash""], ""observation_source_index"": 1, ""trigger_source_index"": 0}]","[{""body_hash"": ""sha256:61540013bbabcf9330f52f862e9b625f96a821af3ffd882c40631ee17815dd50"", ""body_path"": ""sources/http_captures/1mdc-egold-account-freeze-2007-04/primary/web.archive.org__web-20210401004405-https-www.justice.gov-archive-criminal-cybercrime-press-releases-2007-egoldIndict.htm__9c96372596.html"", ""url"": ""https://www.justice.gov/archive/criminal/cybercrime/press-releases/2007/egoldIndict.htm"", ""wayback"": ""https://web.archive.org/web/20210401004405/https://www.justice.gov/archive/criminal/cybercrime/press-releases/2007/egoldIndict.htm""}, {""body_hash"": ""sha256:688c3732c0bfff067b7f2cfd6ae537748d47fa42a4880c6d9bd31e9847cf7fca"", ""body_path"": ""sources/http_captures/1mdc-egold-account-freeze-2007-04/primary/web.archive.org__web-20251129000000-https-en.wikipedia.org-wiki-1mdc__7048e5fe3c.html"", ""url"": ""https://en.wikipedia.org/wiki/1mdc"", ""wayback"": ""https://web.archive.org/web/20251129151946/https://en.wikipedia.org/wiki/1mdc""}]","[{""body_hash"": ""sha256:688c3732c0bfff067b7f2cfd6ae537748d47fa42a4880c6d9bd31e9847cf7fca"", ""body_path"": ""sources/http_captures/1mdc-egold-account-freeze-2007-04/primary/web.archive.org__web-20251129000000-https-en.wikipedia.org-wiki-1mdc__7048e5fe3c.html"", ""url"": ""https://en.wikipedia.org/wiki/1mdc"", ""wayback"": ""https://web.archive.org/web/20251129151946/https://en.wikipedia.org/wiki/1mdc""}, {""body_hash"": ""sha256:61540013bbabcf9330f52f862e9b625f96a821af3ffd882c40631ee17815dd50"", ""body_path"": ""sources/http_captures/1mdc-egold-account-freeze-2007-04/primary/web.archive.org__web-20210401004405-https-www.justice.gov-archive-criminal-cybercrime-press-releases-2007-egoldIndict.htm__9c96372596.html"", ""url"": ""https://www.justice.gov/archive/criminal/cybercrime/press-releases/2007/egoldIndict.htm"", ""wayback"": ""https://web.archive.org/web/20210401004405/https://www.justice.gov/archive/criminal/cybercrime/press-releases/2007/egoldIndict.htm""}]",unadjudicated_risk_flag
aave-arc-fireblocks-whitelist-2022-01,admitted,events/aave-arc-fireblocks-whitelist-2022-01.yaml,0,l4_frontend,observed_change,aave_arc_frontend_surface_reflects_protocol_whitelist_inclusion_class,"[{""matching_fields"": [""url""], ""observation_source_index"": 0, ""trigger_source_index"": 0}]","[{""url"": ""https://www.fireblocks.com/press/fireblocks-whitelists-30-licensed-financial-institutions-to-participate-in-permissioned-defi-with-the-launch-of-aave-arc"", ""wayback"": ""https://web.archive.org/web/2022/https://www.fireblocks.com/press/fireblocks-whitelists-30-licensed-financial-institutions-to-participate-in-permissioned-defi-with-the-launch-of-aave-arc""}, {""url"": ""https://www.coindesk.com/business/2022/01/05/fireblocks-whitelists-30-trading-firms-for-aaves-institutional-defi-debut"", ""wayback"": ""https://web.archive.org/web/2022/https://www.coindesk.com/business/2022/01/05/fireblocks-whitelists-30-trading-firms-for-aaves-institutional-defi-debut""}, {""url"": ""https://cointelegraph.com/news/aave-launches-its-permissioned-pool-aave-arc-with-30-institutions-set-to-join"", ""wayback"": ""https://web.archive.org/web/2022/https://cointelegraph.com/news/aave-launches-its-permissioned-pool-aave-arc-with-30-institutions-set-to-join""}]","[{""body_hash"": ""sha256:7f7255026aa31498113ef97e30d9c1155b6e167e19513c7d471f6fd9cbc72672"", ""body_path"": ""sources/http_captures/aave-arc-fireblocks-whitelist-2022-01/primary/web.archive.org__web-20220110000000-https-www.fireblocks.com-press-fireblocks-whitelists-30-licensed-financial-institutions-to-participate-in-permissioned-defi-with-the__30e6368e01.html"", ""url"": ""https://www.fireblocks.com/press/fireblocks-whitelists-30-licensed-financial-institutions-to-participate-in-permissioned-defi-with-the-launch-of-aave-arc"", ""wayback"": ""https://web.archive.org/web/20240613130657/https://www.fireblocks.com/press/fireblocks-whitelists-30-licensed-financial-institutions-to-participate-in-permissioned-defi-with-the-launch-of-aave-arc/""}]",unadjudicated_risk_flag
aave-tornado-frontend-block-2022-08,admitted,events/aave-tornado-frontend-block-2022-08.yaml,0,l4_frontend,observed_change,aave_frontend_integrated_trm_labs_api_blocking_tornado_tainted_wallets,"[{""matching_fields"": [""url""], ""observation_source_index"": 0, ""trigger_source_index"": 2}, {""matching_fields"": [""url""], ""observation_source_index"": 1, ""trigger_source_index"": 1}]","[{""url"": ""https://twitter.com/AaveAave/status/1558414985380536321"", ""wayback"": ""https://web.archive.org/web/2022/https://twitter.com/AaveAave/status/1558414985380536321""}, {""url"": ""https://blockworks.co/news/defi-web-apps-block-users-hit-by-tornado-cash-dust-attack"", ""wayback"": ""https://web.archive.org/web/2022/https://blockworks.co/news/defi-web-apps-block-users-hit-by-tornado-cash-dust-attack""}, {""url"": ""https://cryptoslate.com/aave-confirms-trm-labs-api-blocked-dusted-ethereum-wallets-access-restored/"", ""wayback"": ""https://web.archive.org/web/2022/https://cryptoslate.com/aave-confirms-trm-labs-api-blocked-dusted-ethereum-wallets-access-restored/""}, {""url"": ""https://decrypt.co/107890/meet-the-sleuthing-firm-helping-defi-projects-stay-compliant-with-tornado-cash-sanctions"", ""wayback"": ""https://web.archive.org/web/2022/https://decrypt.co/107890/meet-the-sleuthing-firm-helping-defi-projects-stay-compliant-with-tornado-cash-sanctions""}]","[{""body_hash"": ""sha256:e88c85a98c8a2ac17f71f50577b21f6d792dcdb21c8fcf41a91c92566cfd3c69"", ""body_path"": ""sources/http_captures/aave-tornado-frontend-block-2022-08/primary/web.archive.org__web-20220815000000-https-cryptoslate.com-aave-confirms-trm-labs-api-blocked-dusted-ethereum-wallets-access-restored__8ef9258569.html"", ""url"": ""https://cryptoslate.com/aave-confirms-trm-labs-api-blocked-dusted-ethereum-wallets-access-restored/"", ""wayback"": ""https://web.archive.org/web/20220814221048/https://cryptoslate.com/aave-confirms-trm-labs-api-blocked-dusted-ethereum-wallets-access-restored/""}, {""body_hash"": ""sha256:0f471941c9c5143b13e359562ec7e079a06b2291236c22c5776b9f3cbee52baa"", ""body_path"": ""sources/http_captures/aave-tornado-frontend-block-2022-08/primary/web.archive.org__web-20220815000000-https-blockworks.co-news-defi-web-apps-block-users-hit-by-tornado-cash-dust-attack__e4493a1e17.html"", ""url"": ""https://blockworks.co/news/defi-web-apps-block-users-hit-by-tornado-cash-dust-attack"", ""wayback"": ""https://web.archive.org/web/20221121141935/https://blockworks.co/news/defi-web-apps-block-users-hit-by-tornado-cash-dust-attack""}]",unadjudicated_risk_flag
algeria-finance-law-2018-crypto-prohibition,admitted,events/algeria-finance-law-2018-crypto-prohibition.yaml,0,offramp_cex,observed_change,virtual_currency_purchase_sale_use_possession_prohibited_by_statute,"[{""matching_fields"": [""url"", ""body_hash""], ""observation_source_index"": 0, ""trigger_source_index"": 0}]","[{""body_hash"": ""sha256:0e73a9f71de0d7514761b7667ac22d9ceeafb13b408fd4e98ec8072eb4bdb2a7"", ""body_path"": ""sources/http_captures/algeria-finance-law-2018-crypto-prohibition/primary/web.archive.org__web-20190312173325id_-https-www.joradp.dz-FTP-jo-francais-2017-F2017076.pdf__6c420ff786.bin"", ""url"": ""https://www.joradp.dz/FTP/jo-francais/2017/F2017076.pdf"", ""wayback"": ""https://web.archive.org/web/20190312173325id_/https://www.joradp.dz/FTP/jo-francais/2017/F2017076.pdf""}]","[{""body_hash"": ""sha256:0e73a9f71de0d7514761b7667ac22d9ceeafb13b408fd4e98ec8072eb4bdb2a7"", ""body_path"": ""sources/http_captures/algeria-finance-law-2018-crypto-prohibition/primary/web.archive.org__web-20190312173325id_-https-www.joradp.dz-FTP-jo-francais-2017-F2017076.pdf__6c420ff786.bin"", ""url"": ""https://www.joradp.dz/FTP/jo-francais/2017/F2017076.pdf"", ""wayback"": ""https://web.archive.org/web/20190312173325id_/https://www.joradp.dz/FTP/jo-francais/2017/F2017076.pdf""}]",unadjudicated_risk_flag
alphabay-hansa-doj-2017,admitted,events/alphabay-hansa-doj-2017.yaml,0,l4_frontend,observed_change,darknet_marketplaces_seized_and_shut_down,"[{""matching_fields"": [""url"", ""body_hash""], ""observation_source_index"": 0, ""trigger_source_index"": 0}, {""matching_fields"": [""url"", ""body_hash""], ""observation_source_index"": 1, ""trigger_source_index"": 1}]","[{""body_hash"": ""sha256:4f90921a411efba76eb17c1320af8c9ee1950288c76b7583a6b1c8ac329d7638"", ""body_path"": ""sources/http_captures/alphabay-hansa-doj-2017/primary/www.justice.gov__opa-pr-alphabay-largest-online-dark-market-shut-down__afe1f984e7.html"", ""url"": ""https://www.justice.gov/opa/pr/alphabay-largest-online-dark-market-shut-down""}, {""body_hash"": ""sha256:89078288ae4abe8f80852eb1fe2d3bb15d6781611a51fcf396fdb7f205281970"", ""body_path"": ""sources/http_captures/alphabay-hansa-doj-2017/primary/www.fbi.gov__news-stories-alphabay-takedown__675e2f71fc.html"", ""url"": ""https://www.fbi.gov/news/stories/alphabay-takedown""}]","[{""body_hash"": ""sha256:4f90921a411efba76eb17c1320af8c9ee1950288c76b7583a6b1c8ac329d7638"", ""body_path"": ""sources/http_captures/alphabay-hansa-doj-2017/primary/www.justice.gov__opa-pr-alphabay-largest-online-dark-market-shut-down__afe1f984e7.html"", ""url"": ""https://www.justice.gov/opa/pr/alphabay-largest-online-dark-market-shut-down""}, {""body_hash"": ""sha256:89078288ae4abe8f80852eb1fe2d3bb15d6781611a51fcf396fdb7f205281970"", ""body_path"": ""sources/http_captures/alphabay-hansa-doj-2017/primary/www.fbi.gov__news-stories-alphabay-takedown__675e2f71fc.html"", ""url"": ""https://www.fbi.gov/news/stories/alphabay-takedown""}]",unadjudicated_risk_flag
apple-india-crypto-exchange-removal-2024-01,admitted,events/apple-india-crypto-exchange-removal-2024-01.yaml,0,l4_frontend,observed_change,offshore_vda_exchange_apps_removed_from_apple_app_store_in_regional_storefront,"[{""matching_fields"": [""url""], ""observation_source_index"": 0, ""trigger_source_index"": 0}, {""matching_fields"": [""url""], ""observation_source_index"": 1, ""trigger_source_index"": 1}]","[{""url"": ""https://techcrunch.com/2024/01/09/apple-crypto-apps-binance-india/"", ""wayback"": ""https://web.archive.org/web/2024/https://techcrunch.com/2024/01/09/apple-crypto-apps-binance-india/""}, {""url"": ""https://www.coindesk.com/policy/2024/01/10/binance-kucoin-other-exchanges-served-notice-by-indian-government-removed-from-apples-app-store"", ""wayback"": ""https://web.archive.org/web/2024/https://www.coindesk.com/policy/2024/01/10/binance-kucoin-other-exchanges-served-notice-by-indian-government-removed-from-apples-app-store""}, {""url"": ""https://cointelegraph.com/news/apple-india-binance-kraken-crypto-exchanges-delist-fiu-notice"", ""wayback"": ""https://web.archive.org/web/2024/https://cointelegraph.com/news/apple-india-binance-kraken-crypto-exchanges-delist-fiu-notice""}]","[{""body_hash"": ""sha256:7591234aa85b03f5be1fb5dc4f0628874f9817430e21e6404a052aab7d25210f"", ""body_path"": ""sources/http_captures/apple-india-crypto-exchange-removal-2024-01/primary/web.archive.org__web-20240110000000-https-techcrunch.com-2024-01-09-apple-crypto-apps-binance-india__ba5097b1f3.html"", ""url"": ""https://techcrunch.com/2024/01/09/apple-crypto-apps-binance-india/"", ""wayback"": ""https://web.archive.org/web/20240110032452/https://techcrunch.com/2024/01/09/apple-crypto-apps-binance-india/""}, {""body_hash"": ""sha256:136d065ee7b942d7be875ce6bbb904ddb214acc49ac804fca7a66ced6f0dbb0a"", ""body_path"": ""sources/http_captures/apple-india-crypto-exchange-removal-2024-01/primary/web.archive.org__web-20240111000000-https-www.coindesk.com-policy-2024-01-10-binance-kucoin-other-exchanges-served-notice-by-indian-government-removed-from-apples-app-s__dafb2ced4f.html"", ""url"": ""https://www.coindesk.com/policy/2024/01/10/binance-kucoin-other-exchanges-served-notice-by-indian-government-removed-from-apples-app-store"", ""wayback"": ""https://web.archive.org/web/20240110205329/https://www.coindesk.com/policy/2024/01/10/binance-kucoin-other-exchanges-served-notice-by-indian-government-removed-from-apples-app-store/""}]",unadjudicated_risk_flag
apple-uniswap-wallet-app-store-rejection-2023-03,admitted,events/apple-uniswap-wallet-app-store-rejection-2023-03.yaml,0,l4_frontend,observed_change,apple_refuses_uniswap_wallet_app_store_approval,"[{""matching_fields"": [""url"", ""body_hash""], ""observation_source_index"": 0, ""trigger_source_index"": 0}, {""matching_fields"": [""url"", ""body_hash""], ""observation_source_index"": 1, ""trigger_source_index"": 1}]","[{""body_hash"": ""sha256:9c5bfeac32305cb73c8dcfbc16665fb3af9201acc48f95982ed71ffd7603987f"", ""body_path"": ""sources/http_captures/apple-uniswap-wallet-app-store-rejection-2023-03/official-uniswap-blog/blog.uniswap.org__uniswap-mobile-wallet-early-access__fd779939e8.html"", ""url"": ""https://blog.uniswap.org/uniswap-mobile-wallet-early-access""}, {""body_hash"": ""sha256:119e6bd8b94763bcbb78109a4183b6ec062937a941d588595ee43ec0ec9c3837"", ""body_path"": ""sources/http_captures/apple-uniswap-wallet-app-store-rejection-2023-03/primary/web.archive.org__web-20250428020543-https-fortune.com-crypto-2023-03-03-uniswap-wallet-apple-app-store__0546440ba0.html"", ""url"": ""https://fortune.com/crypto/2023/03/03/uniswap-wallet-apple-app-store/"", ""wayback"": ""https://web.archive.org/web/20250428020543/https://fortune.com/crypto/2023/03/03/uniswap-wallet-apple-app-store/""}]","[{""body_hash"": ""sha256:9c5bfeac32305cb73c8dcfbc16665fb3af9201acc48f95982ed71ffd7603987f"", ""body_path"": ""sources/http_captures/apple-uniswap-wallet-app-store-rejection-2023-03/official-uniswap-blog/blog.uniswap.org__uniswap-mobile-wallet-early-access__fd779939e8.html"", ""url"": ""https://blog.uniswap.org/uniswap-mobile-wallet-early-access""}, {""body_hash"": ""sha256:119e6bd8b94763bcbb78109a4183b6ec062937a941d588595ee43ec0ec9c3837"", ""body_path"": ""sources/http_captures/apple-uniswap-wallet-app-store-rejection-2023-03/primary/web.archive.org__web-20250428020543-https-fortune.com-crypto-2023-03-03-uniswap-wallet-apple-app-store__0546440ba0.html"", ""url"": ""https://fortune.com/crypto/2023/03/03/uniswap-wallet-apple-app-store/"", ""wayback"": ""https://web.archive.org/web/20250428020543/https://fortune.com/crypto/2023/03/03/uniswap-wallet-apple-app-store/""}, {""body_hash"": ""sha256:e771da735d7327df1f6dd67f5a8a8bb59c6175f8af2b865dcf737ab234727eaf"", ""body_path"": ""sources/http_captures/apple-uniswap-wallet-app-store-rejection-2023-03/primary/web.archive.org__web-20240907112054-https-www.coindesk.com-business-2023-03-03-uniswap-wants-to-launch-crypto-wallet-app-but-apple-says-not-so-fast__8ac039667b.html"", ""url"": ""https://www.coindesk.com/business/2023/03/03/uniswap-wants-to-launch-crypto-wallet-app-but-apple-says-not-so-fast"", ""wayback"": ""https://web.archive.org/web/20240907112054/https://www.coindesk.com/business/2023/03/03/uniswap-wants-to-launch-crypto-wallet-app-but-apple-says-not-so-fast/""}]",unadjudicated_risk_flag
argentina-bcra-banks-crypto-services-ban-2022-05,admitted,events/argentina-bcra-banks-crypto-services-ban-2022-05.yaml,0,offramp_cex,observed_change,bank_crypto_services_prohibited_class_wide_de_facto_ban,"[{""matching_fields"": [""url"", ""body_hash""], ""observation_source_index"": 0, ""trigger_source_index"": 0}, {""matching_fields"": [""url"", ""body_hash""], ""observation_source_index"": 1, ""trigger_source_index"": 1}]","[{""body_hash"": ""sha256:09fe0a3415d8e8c574e42aafb454d69758b236187548649d457c9d6d0552bbbe"", ""body_path"": ""sources/http_captures/argentina-bcra-banks-crypto-services-ban-2022-05/primary/www.bcra.gob.ar__Pdfs-comytexord-A7506.pdf__6a3303756d.bin"", ""url"": ""https://www.bcra.gob.ar/Pdfs/comytexord/A7506.pdf"", ""wayback"": ""https://web.archive.org/web/20260531041114/https://www.bcra.gob.ar/archivos/Pdfs/comytexord/A7506.pdf""}, {""body_hash"": ""sha256:4ff33339e508064b7a6a279bc3219e43b8f1585904fcf15d425910526b6e0db9"", ""body_path"": ""sources/http_captures/argentina-bcra-banks-crypto-services-ban-2022-05/primary/web.archive.org__web-20220510051130-https-www.coindesk.com-policy-2022-05-05-argentinas-central-bank-bans-lenders-from-offering-crypto-services__700217215a.html"", ""url"": ""https://web.archive.org/web/20220510051130/https://www.coindesk.com/policy/2022/05/05/argentinas-central-bank-bans-lenders-from-offering-crypto-services/"", ""wayback"": ""https://web.archive.org/web/20220510051130/https://www.coindesk.com/policy/2022/05/05/argentinas-central-bank-bans-lenders-from-offering-crypto-services/""}]","[{""body_hash"": ""sha256:09fe0a3415d8e8c574e42aafb454d69758b236187548649d457c9d6d0552bbbe"", ""body_path"": ""sources/http_captures/argentina-bcra-banks-crypto-services-ban-2022-05/primary/www.bcra.gob.ar__Pdfs-comytexord-A7506.pdf__6a3303756d.bin"", ""url"": ""https://www.bcra.gob.ar/Pdfs/comytexord/A7506.pdf"", ""wayback"": ""https://web.archive.org/web/20260531041114/https://www.bcra.gob.ar/archivos/Pdfs/comytexord/A7506.pdf""}, {""body_hash"": ""sha256:4ff33339e508064b7a6a279bc3219e43b8f1585904fcf15d425910526b6e0db9"", ""body_path"": ""sources/http_captures/argentina-bcra-banks-crypto-services-ban-2022-05/primary/web.archive.org__web-20220510051130-https-www.coindesk.com-policy-2022-05-05-argentinas-central-bank-bans-lenders-from-offering-crypto-services__700217215a.html"", ""url"": ""https://web.archive.org/web/20220510051130/https://www.coindesk.com/policy/2022/05/05/argentinas-central-bank-bans-lenders-from-offering-crypto-services/"", ""wayback"": ""https://web.archive.org/web/20220510051130/https://www.coindesk.com/policy/2022/05/05/argentinas-central-bank-bans-lenders-from-offering-crypto-services/""}]",unadjudicated_risk_flag
augur-v2-us-uk-geofence-2020-07,admitted,events/augur-v2-us-uk-geofence-2020-07.yaml,0,l4_frontend,observed_change,augur_v2_us_uk_geofence_primary_confirmation_gap,"[{""matching_fields"": [""url"", ""body_hash""], ""observation_source_index"": 0, ""trigger_source_index"": 0}]","[{""body_hash"": ""sha256:d4c71248c4e940cf061df9fd99c5da07577c1fe66a69ab9381ac946b0459bc18"", ""body_path"": ""sources/http_captures/augur-v2-us-uk-geofence-2020-07/v0_3_primary_repair/web.archive.org__web-20200801000000-https-www.augur.net-disclaimer__113e5a0d64.html"", ""url"": ""https://augur.net/disclaimer/"", ""wayback"": ""https://web.archive.org/web/20200806153113/https://augur.net/disclaimer/""}, {""url"": ""https://www.coindesk.com/tech/2020/07/28/5-years-after-launch-predictions-market-platform-augur-releases-version-2"", ""wayback"": ""https://web.archive.org/web/2020/https://www.coindesk.com/tech/2020/07/28/5-years-after-launch-predictions-market-platform-augur-releases-version-2""}]","[{""body_hash"": ""sha256:d4c71248c4e940cf061df9fd99c5da07577c1fe66a69ab9381ac946b0459bc18"", ""body_path"": ""sources/http_captures/augur-v2-us-uk-geofence-2020-07/v0_3_primary_repair/web.archive.org__web-20200801000000-https-www.augur.net-disclaimer__113e5a0d64.html"", ""url"": ""https://augur.net/disclaimer/"", ""wayback"": ""https://web.archive.org/web/20200806153113/https://augur.net/disclaimer/""}, {""url"": ""https://en.wikipedia.org/wiki/Augur_(software)"", ""wayback"": ""https://web.archive.org/web/2020/https://en.wikipedia.org/wiki/Augur_(software)""}]",unadjudicated_risk_flag
australia-asic-binance-derivatives-2023,admitted,events/australia-asic-binance-derivatives-2023.yaml,0,offramp_cex,observed_change,binance_australia_derivatives_afsl_cancelled_operations_shut_down,"[{""matching_fields"": [""url"", ""body_hash""], ""observation_source_index"": 0, ""trigger_source_index"": 0}]","[{""body_hash"": ""sha256:697f54c2792390c0ebf27994c3d15079598372cf6799662fb9c5210262b889ed"", ""body_path"": ""sources/http_captures/australia-asic-binance-derivatives-2023/asic-media-release/asic.gov.au__about-asic-news-centre-find-a-media-release-2023-releases-23-091mr-binance-australia-derivatives-afs-licence-cancelled__5f5971f9a2.html"", ""url"": ""https://asic.gov.au/about-asic/news-centre/find-a-media-release/2023-releases/23-091mr-binance-australia-derivatives-afs-licence-cancelled/"", ""wayback"": ""https://web.archive.org/web/2023/https://asic.gov.au/about-asic/news-centre/find-a-media-release/2023-releases/23-091mr-binance-australia-derivatives-afs-licence-cancelled/""}]","[{""body_hash"": ""sha256:697f54c2792390c0ebf27994c3d15079598372cf6799662fb9c5210262b889ed"", ""body_path"": ""sources/http_captures/australia-asic-binance-derivatives-2023/asic-media-release/asic.gov.au__about-asic-news-centre-find-a-media-release-2023-releases-23-091mr-binance-australia-derivatives-afs-licence-cancelled__5f5971f9a2.html"", ""url"": ""https://asic.gov.au/about-asic/news-centre/find-a-media-release/2023-releases/23-091mr-binance-australia-derivatives-afs-licence-cancelled/"", ""wayback"": ""https://web.archive.org/web/2023/https://asic.gov.au/about-asic/news-centre/find-a-media-release/2023-releases/23-091mr-binance-australia-derivatives-afs-licence-cancelled/""}]",unadjudicated_risk_flag
bangladesh-bank-fepd-virtual-assets-prohibition-2022-09,admitted,events/bangladesh-bank-fepd-virtual-assets-prohibition-2022-09.yaml,0,offramp_cex,observed_change,virtual_asset_dealing_and_facilitation_not_permitted_by_bangladesh_bank,"[{""matching_fields"": [""url"", ""body_hash""], ""observation_source_index"": 0, ""trigger_source_index"": 0}, {""matching_fields"": [""url"", ""body_hash""], ""observation_source_index"": 1, ""trigger_source_index"": 1}]","[{""body_hash"": ""sha256:f88145cd6358c849b0e23c1ea2453392d2b2e917152aeb670aad7005868c81d8"", ""body_path"": ""sources/http_captures/bangladesh-bank-fepd-virtual-assets-prohibition-2022-09/primary/www.bb.org.bd__mediaroom-circulars-fepd-sep152022fepd24e.pdf__a437219e06.bin"", ""url"": ""https://www.bb.org.bd/mediaroom/circulars/fepd/sep152022fepd24e.pdf""}, {""body_hash"": ""sha256:c46b2f47c8c2fe0bdad07cc1ab35a7039915762c2f2d9886557d929a45299e7f"", ""body_path"": ""sources/http_captures/bangladesh-bank-fepd-virtual-assets-prohibition-2022-09/primary/www.bb.org.bd__pub-annual-bfiu-bfiu_2021-2022.pdf__5f0c377ee2.bin"", ""url"": ""https://www.bb.org.bd/pub/annual/bfiu/bfiu_2021-2022.pdf""}]","[{""body_hash"": ""sha256:f88145cd6358c849b0e23c1ea2453392d2b2e917152aeb670aad7005868c81d8"", ""body_path"": ""sources/http_captures/bangladesh-bank-fepd-virtual-assets-prohibition-2022-09/primary/www.bb.org.bd__mediaroom-circulars-fepd-sep152022fepd24e.pdf__a437219e06.bin"", ""url"": ""https://www.bb.org.bd/mediaroom/circulars/fepd/sep152022fepd24e.pdf""}, {""body_hash"": ""sha256:c46b2f47c8c2fe0bdad07cc1ab35a7039915762c2f2d9886557d929a45299e7f"", ""body_path"": ""sources/http_captures/bangladesh-bank-fepd-virtual-assets-prohibition-2022-09/primary/www.bb.org.bd__pub-annual-bfiu-bfiu_2021-2022.pdf__5f0c377ee2.bin"", ""url"": ""https://www.bb.org.bd/pub/annual/bfiu/bfiu_2021-2022.pdf""}]",unadjudicated_risk_flag
bcbs-cryptoasset-prudential-standard-sco60-2022,admitted,events/bcbs-cryptoasset-prudential-standard-sco60-2022.yaml,0,offramp_cex,observed_change,bcbs_imposes_punitive_capital_treatment_on_group2_cryptoassets,"[{""matching_fields"": [""url"", ""body_hash""], ""observation_source_index"": 0, ""trigger_source_index"": 0}, {""matching_fields"": [""url"", ""body_hash""], ""observation_source_index"": 1, ""trigger_source_index"": 1}]","[{""body_hash"": ""sha256:9acfcc4667ea2c1eaa4aa10433f9b3bf686ec6dd3ca4c50b182a94d9a0bda09b"", ""body_path"": ""sources/http_captures/bcbs-cryptoasset-prudential-standard-sco60-2022/primary/web.archive.org__web-20221216235557id_-https-www.bis.org-bcbs-publ-d545.pdf__008d2f6e87.bin"", ""url"": ""https://www.bis.org/bcbs/publ/d545.pdf"", ""wayback"": ""https://web.archive.org/web/20221216235557id_/https://www.bis.org/bcbs/publ/d545.pdf""}, {""body_hash"": ""sha256:fb7a445e01395325401976ed8932c8383e7199694ef9490a47347716c89f8815"", ""body_path"": ""sources/http_captures/bcbs-cryptoasset-prudential-standard-sco60-2022/primary/web.archive.org__web-20260210113309-https-www.bis.org-press-p221216.htm__fa704df9ff.html"", ""url"": ""https://www.bis.org/press/p221216.htm"", ""wayback"": ""https://web.archive.org/web/20260210113309/https://www.bis.org/press/p221216.htm""}]","[{""body_hash"": ""sha256:9acfcc4667ea2c1eaa4aa10433f9b3bf686ec6dd3ca4c50b182a94d9a0bda09b"", ""body_path"": ""sources/http_captures/bcbs-cryptoasset-prudential-standard-sco60-2022/primary/web.archive.org__web-20221216235557id_-https-www.bis.org-bcbs-publ-d545.pdf__008d2f6e87.bin"", ""url"": ""https://www.bis.org/bcbs/publ/d545.pdf"", ""wayback"": ""https://web.archive.org/web/20221216235557id_/https://www.bis.org/bcbs/publ/d545.pdf""}, {""body_hash"": ""sha256:fb7a445e01395325401976ed8932c8383e7199694ef9490a47347716c89f8815"", ""body_path"": ""sources/http_captures/bcbs-cryptoasset-prudential-standard-sco60-2022/primary/web.archive.org__web-20260210113309-https-www.bis.org-press-p221216.htm__fa704df9ff.html"", ""url"": ""https://www.bis.org/press/p221216.htm"", ""wayback"": ""https://web.archive.org/web/20260210113309/https://www.bis.org/press/p221216.htm""}]",unadjudicated_risk_flag
belgium-fsma-binance-cease-2023,admitted,events/belgium-fsma-binance-cease-2023.yaml,0,offramp_cex,observed_change,binance_belgium_services_ordered_to_cease_and_assets_repatriated,"[{""matching_fields"": [""url"", ""body_hash""], ""observation_source_index"": 0, ""trigger_source_index"": 0}]","[{""body_hash"": ""sha256:4d7a9bb2e5d336b51cfadc5a4826ad9cc7af3c11f5ded7f60594172ee26ca1d5"", ""body_path"": ""sources/http_captures/belgium-fsma-binance-cease-2023/fsma-press-item/www.fsma.be__en-news-fsma-orders-binance-cease-immediately-all-offers-virtual-currency-services-belgium__f00da6751a.html"", ""url"": ""https://www.fsma.be/en/news/fsma-orders-binance-cease-immediately-all-offers-virtual-currency-services-belgium"", ""wayback"": ""https://web.archive.org/web/2023/https://www.fsma.be/en/news/fsma-orders-binance-cease-immediately-all-offers-virtual-currency-services-belgium""}]","[{""body_hash"": ""sha256:4d7a9bb2e5d336b51cfadc5a4826ad9cc7af3c11f5ded7f60594172ee26ca1d5"", ""body_path"": ""sources/http_captures/belgium-fsma-binance-cease-2023/fsma-press-item/www.fsma.be__en-news-fsma-orders-binance-cease-immediately-all-offers-virtual-currency-services-belgium__f00da6751a.html"", ""url"": ""https://www.fsma.be/en/news/fsma-orders-binance-cease-immediately-all-offers-virtual-currency-services-belgium"", ""wayback"": ""https://web.archive.org/web/2023/https://www.fsma.be/en/news/fsma-orders-binance-cease-immediately-all-offers-virtual-currency-services-belgium""}]",unadjudicated_risk_flag
binance-4framework-2023,admitted,events/binance-4framework-2023.yaml,1,offramp_cex,observed_change,compliance_remediation_program_mandated,"[{""matching_fields"": [""url"", ""body_hash""], ""observation_source_index"": 0, ""trigger_source_index"": 1}, {""matching_fields"": [""url"", ""body_hash""], ""observation_source_index"": 1, ""trigger_source_index"": 0}]","[{""body_hash"": ""sha256:fe6c94a854a7600c6a431a88677f4566b02413935b8111aa421c8e0e29c2bafe"", ""body_path"": ""sources/http_captures/binance-4framework-2023/primary/www.justice.gov__archives-opa-pr-binance-and-ceo-plead-guilty-federal-charges-4b-resolution__1d3bf7f1b0.html"", ""url"": ""https://www.justice.gov/archives/opa/pr/binance-and-ceo-plead-guilty-federal-charges-4b-resolution""}, {""body_hash"": ""sha256:ed854249a4a3e2fafbeb93d8e310f7e21456ee7bad51680c6a764b490647c234"", ""body_path"": ""sources/http_captures/binance-4framework-2023/primary/home.treasury.gov__news-press-releases-jy1925__4346771bca.html"", ""url"": ""https://home.treasury.gov/news/press-releases/jy1925""}]","[{""body_hash"": ""sha256:ed854249a4a3e2fafbeb93d8e310f7e21456ee7bad51680c6a764b490647c234"", ""body_path"": ""sources/http_captures/binance-4framework-2023/primary/home.treasury.gov__news-press-releases-jy1925__4346771bca.html"", ""url"": ""https://home.treasury.gov/news/press-releases/jy1925""}, {""body_hash"": ""sha256:fe6c94a854a7600c6a431a88677f4566b02413935b8111aa421c8e0e29c2bafe"", ""body_path"": ""sources/http_captures/binance-4framework-2023/primary/www.justice.gov__archives-opa-pr-binance-and-ceo-plead-guilty-federal-charges-4b-resolution__1d3bf7f1b0.html"", ""url"": ""https://www.justice.gov/archives/opa/pr/binance-and-ceo-plead-guilty-federal-charges-4b-resolution""}]",unadjudicated_risk_flag
binance-busd-wind-down-2024,admitted,events/binance-busd-wind-down-2024.yaml,0,offramp_cex,observed_change,binance_busd_spot_pair_removal_and_balance_auto_conversion_to_fdusd,"[{""matching_fields"": [""url""], ""observation_source_index"": 0, ""trigger_source_index"": 0}]","[{""url"": ""https://www.binance.com/en/support/announcement/notice-regarding-the-removal-of-busd-and-conversion-of-busd-to-fdusd-1c98ce7bb464422dbbaeda7066ae445b"", ""wayback"": ""https://web.archive.org/web/20240222000000/https://www.binance.com/en/support/announcement/notice-regarding-the-removal-of-busd-and-conversion-of-busd-to-fdusd-1c98ce7bb464422dbbaeda7066ae445b""}, {""url"": ""https://www.binance.com/en/support/announcement/binance-encourages-users-to-convert-busd-to-other-stablecoins-prior-to-february-2024-d392843e81fd4bc3a5f7e219aa01f34d"", ""wayback"": ""https://web.archive.org/web/2023/https://www.binance.com/en/support/announcement/binance-encourages-users-to-convert-busd-to-other-stablecoins-prior-to-february-2024-d392843e81fd4bc3a5f7e219aa01f34d""}]","[{""body_hash"": ""sha256:64e42f5fc0ebf0b45bb5c80c1bf3f97dc2f5fc1b325f67067637ccf3739848f1"", ""body_path"": ""sources/http_captures/binance-busd-wind-down-2024/primary/web.archive.org__web-20240101000000-https-www.binance.com-en-support-announcement-notice-regarding-the-removal-of-busd-and-conversion-of-busd-to-fdusd-1c98ce7bb464422db__19fe3d27b2.html"", ""url"": ""https://www.binance.com/en/support/announcement/notice-regarding-the-removal-of-busd-and-conversion-of-busd-to-fdusd-1c98ce7bb464422dbbaeda7066ae445b"", ""wayback"": ""https://web.archive.org/web/20231212193137/https://www.binance.com/en/support/announcement/notice-regarding-the-removal-of-busd-and-conversion-of-busd-to-fdusd-1c98ce7bb464422dbbaeda7066ae445b""}, {""body_hash"": ""sha256:67f027b7c64203a51d4ef876e5d66c8b4d90cd7cbc4198a62e0f9575858f9413"", ""body_path"": ""sources/http_captures/binance-busd-wind-down-2024/primary/web.archive.org__web-20231215000000-https-www.theblock.co-post-248301-binance-ends-busd-support-fdusd__5d71382cd6.html"", ""url"": ""https://www.theblock.co/post/248301/binance-ends-busd-support-fdusd"", ""wayback"": ""https://web.archive.org/web/20231010072759/https://www.theblock.co/post/248301/binance-ends-busd-support-fdusd""}]",unadjudicated_risk_flag
binance-cftc-2023,admitted,events/binance-cftc-2023.yaml,0,offramp_cex,observed_change,cftc_complaint_initiates_binance_us_rails_enforcement_axis,"[{""matching_fields"": [""url""], ""observation_source_index"": 0, ""trigger_source_index"": 0}]","[{""url"": ""https://www.cftc.gov/PressRoom/PressReleases/8680-23"", ""wayback"": ""https://web.archive.org/web/20260516000000/https://www.cftc.gov/PressRoom/PressReleases/8680-23""}]","[{""url"": ""https://www.cftc.gov/PressRoom/PressReleases/8680-23"", ""wayback"": ""https://web.archive.org/web/20260516000000/https://www.cftc.gov/PressRoom/PressReleases/8680-23""}]",unadjudicated_risk_flag
binance-com-us-customer-geofence-2019-06,admitted,events/binance-com-us-customer-geofence-2019-06.yaml,0,offramp_cex,observed_change,binance_com_bars_us_persons_from_trading_and_deposits,"[{""matching_fields"": [""url"", ""body_hash""], ""observation_source_index"": 0, ""trigger_source_index"": 0}, {""matching_fields"": [""url"", ""body_hash""], ""observation_source_index"": 1, ""trigger_source_index"": 1}, {""matching_fields"": [""url"", ""body_hash""], ""observation_source_index"": 2, ""trigger_source_index"": 2}]","[{""body_hash"": ""sha256:567ddd89e8f29dd0f8fb5b8190a080258bf0013dca0b944c9f3d9ea4a5b07224"", ""body_path"": ""sources/http_captures/binance-com-us-customer-geofence-2019-06/official_support_360029196512/web.archive.org__web-20190614175800-https-www.binance.com-en-support-articles-360029196512__93d106315f.html"", ""url"": ""https://www.binance.com/en/support/articles/360029196512"", ""wayback"": ""https://web.archive.org/web/20190614192737/https://www.binance.com/en/support/articles/360029196512""}, {""body_hash"": ""sha256:cefd1bd90cacd52f998442695dfb474dc8f6cc2230a49e277b4faae81fc17a98"", ""body_path"": ""sources/http_captures/binance-com-us-customer-geofence-2019-06/official_terms/web.archive.org__web-20190614104622-https-www.binance.com-agreement.html__3fbaa8673a.html"", ""url"": ""https://www.binance.com/agreement.html"", ""wayback"": ""https://web.archive.org/web/20190614175800/https://www.binance.com/agreement.html""}, {""body_hash"": ""sha256:3dee385b4d89d4fa787fb9a1f61fabe73c67393dc1a1a446b187fe75e0a322ea"", ""body_path"": ""sources/http_captures/binance-com-us-customer-geofence-2019-06/primary/web.archive.org__web-20210921042151-https-www.coindesk.com-markets-2019-06-14-crypto-exchange-binancecom-to-block-us-customers-from-trading__accd4baaa0.html"", ""url"": ""https://www.coindesk.com/markets/2019/06/14/crypto-exchange-binancecom-to-block-us-customers-from-trading/"", ""wayback"": ""https://web.archive.org/web/20210921042151/https://www.coindesk.com/markets/2019/06/14/crypto-exchange-binancecom-to-block-us-customers-from-trading/""}]","[{""body_hash"": ""sha256:567ddd89e8f29dd0f8fb5b8190a080258bf0013dca0b944c9f3d9ea4a5b07224"", ""body_path"": ""sources/http_captures/binance-com-us-customer-geofence-2019-06/official_support_360029196512/web.archive.org__web-20190614175800-https-www.binance.com-en-support-articles-360029196512__93d106315f.html"", ""url"": ""https://www.binance.com/en/support/articles/360029196512"", ""wayback"": ""https://web.archive.org/web/20190614192737/https://www.binance.com/en/support/articles/360029196512""}, {""body_hash"": ""sha256:cefd1bd90cacd52f998442695dfb474dc8f6cc2230a49e277b4faae81fc17a98"", ""body_path"": ""sources/http_captures/binance-com-us-customer-geofence-2019-06/official_terms/web.archive.org__web-20190614104622-https-www.binance.com-agreement.html__3fbaa8673a.html"", ""url"": ""https://www.binance.com/agreement.html"", ""wayback"": ""https://web.archive.org/web/20190614175800/https://www.binance.com/agreement.html""}, {""body_hash"": ""sha256:3dee385b4d89d4fa787fb9a1f61fabe73c67393dc1a1a446b187fe75e0a322ea"", ""body_path"": ""sources/http_captures/binance-com-us-customer-geofence-2019-06/primary/web.archive.org__web-20210921042151-https-www.coindesk.com-markets-2019-06-14-crypto-exchange-binancecom-to-block-us-customers-from-trading__accd4baaa0.html"", ""url"": ""https://www.coindesk.com/markets/2019/06/14/crypto-exchange-binancecom-to-block-us-customers-from-trading/"", ""wayback"": ""https://web.archive.org/web/20210921042151/https://www.coindesk.com/markets/2019/06/14/crypto-exchange-binancecom-to-block-us-customers-from-trading/""}, {""body_hash"": ""sha256:d9156b1d39ca6deb4277a556ea7ef4552d783f6da1c0c5009bc02d2dabb964e2"", ""body_path"": ""sources/http_captures/binance-com-us-customer-geofence-2019-06/primary/web.archive.org__web-20190614104622-https-techcrunch.com-2019-06-14-binance-begins-to-restrict-us-customers__1a503a0968.html"", ""url"": ""https://techcrunch.com/2019/06/14/binance-begins-to-restrict-us-customers/"", ""wayback"": ""https://web.archive.org/web/20190614104622/https://techcrunch.com/2019/06/14/binance-begins-to-restrict-us-customers/""}]",unadjudicated_risk_flag
binance-dex-29-country-geoblock-2019-07,admitted,events/binance-dex-29-country-geoblock-2019-07.yaml,0,l4_frontend,observed_change,binance_org_dex_frontend_geoblocks_29_countries,"[{""matching_fields"": [""url"", ""body_hash""], ""observation_source_index"": 0, ""trigger_source_index"": 0}, {""matching_fields"": [""url""], ""observation_source_index"": 1, ""trigger_source_index"": 0}]","[{""body_hash"": ""sha256:628f19716d0fce5c46df4ce3fc216b4e8394f611d6aa1aee53e1f7b18676004f"", ""body_path"": ""sources/http_captures/binance-dex-29-country-geoblock-2019-07/primary/web.archive.org__web-20190607134838-https-www.financemagnates.com-cryptocurrency-news-binance-dex-to-geoblock-traders-from-29-countries-us-included__86aacc573c.html"", ""url"": ""https://www.financemagnates.com/cryptocurrency/news/binance-dex-to-geoblock-traders-from-29-countries-us-included/"", ""wayback"": ""https://web.archive.org/web/20190607134838/https://www.financemagnates.com/cryptocurrency/news/binance-dex-to-geoblock-traders-from-29-countries-us-included/""}]","[{""body_hash"": ""sha256:628f19716d0fce5c46df4ce3fc216b4e8394f611d6aa1aee53e1f7b18676004f"", ""body_path"": ""sources/http_captures/binance-dex-29-country-geoblock-2019-07/primary/web.archive.org__web-20190607134838-https-www.financemagnates.com-cryptocurrency-news-binance-dex-to-geoblock-traders-from-29-countries-us-included__86aacc573c.html"", ""url"": ""https://www.financemagnates.com/cryptocurrency/news/binance-dex-to-geoblock-traders-from-29-countries-us-included/"", ""wayback"": ""https://web.archive.org/web/20190607134838/https://www.financemagnates.com/cryptocurrency/news/binance-dex-to-geoblock-traders-from-29-countries-us-included/""}, {""body_hash"": ""sha256:496ae2790f494f86f4171784e5103b508cdbbf27b26e87d335a12fa4ba1b5644"", ""body_path"": ""sources/http_captures/binance-dex-29-country-geoblock-2019-07/primary/web.archive.org__web-20190714020909-https-www.financemagnates.com-cryptocurrency-news-binance-dex-to-geoblock-traders-from-29-countries-us-included__7902d53d42.html"", ""url"": ""https://www.financemagnates.com/cryptocurrency/news/binance-dex-to-geoblock-traders-from-29-countries-us-included/"", ""wayback"": ""https://web.archive.org/web/20190714020909/https://www.financemagnates.com/cryptocurrency/news/binance-dex-to-geoblock-traders-from-29-countries-us-included/""}]",unadjudicated_risk_flag
binance-eea-usdt-spot-delisting-2025-03,admitted,events/binance-eea-usdt-spot-delisting-2025-03.yaml,0,offramp_cex,observed_change,binance_delists_non_mica_stablecoin_spot_pairs_for_eea_users,"[{""matching_fields"": [""url"", ""body_hash""], ""observation_source_index"": 0, ""trigger_source_index"": 0}, {""matching_fields"": [""url"", ""body_hash""], ""observation_source_index"": 1, ""trigger_source_index"": 1}]","[{""body_hash"": ""sha256:ab9421ce805ee409ca5d0cc720ecd4ff3a0a5887b843de0d1c5f7f73d43e4343"", ""body_path"": ""sources/http_captures/binance-eea-usdt-spot-delisting-2025-03/primary/www.binance.com__bapi-composite-v1-public-cms-article-detail-query__3f0c263400.json"", ""url"": ""https://www.binance.com/bapi/composite/v1/public/cms/article/detail/query?articleCode=bcaa1f68d6a6450099056ff694ad6c46""}, {""body_hash"": ""sha256:c8e6dc2f6cbf689fa951e3ff8560c97e317c1771c1d5a2a88f8714c79826fb18"", ""body_path"": ""sources/http_captures/binance-eea-usdt-spot-delisting-2025-03/primary/web.archive.org__web-20250401151406-https-www.financemagnates.com-cryptocurrency-binance-finally-delists-tether-usdt-from-european-spot-trading-in-compliance-with-mica__5e927feefb.html"", ""url"": ""https://www.financemagnates.com/cryptocurrency/binance-finally-delists-tether-usdt-from-european-spot-trading-in-compliance-with-mica/"", ""wayback"": ""https://web.archive.org/web/20250401151406/https://www.financemagnates.com/cryptocurrency/binance-finally-delists-tether-usdt-from-european-spot-trading-in-compliance-with-mica/""}]","[{""body_hash"": ""sha256:ab9421ce805ee409ca5d0cc720ecd4ff3a0a5887b843de0d1c5f7f73d43e4343"", ""body_path"": ""sources/http_captures/binance-eea-usdt-spot-delisting-2025-03/primary/www.binance.com__bapi-composite-v1-public-cms-article-detail-query__3f0c263400.json"", ""url"": ""https://www.binance.com/bapi/composite/v1/public/cms/article/detail/query?articleCode=bcaa1f68d6a6450099056ff694ad6c46""}, {""body_hash"": ""sha256:c8e6dc2f6cbf689fa951e3ff8560c97e317c1771c1d5a2a88f8714c79826fb18"", ""body_path"": ""sources/http_captures/binance-eea-usdt-spot-delisting-2025-03/primary/web.archive.org__web-20250401151406-https-www.financemagnates.com-cryptocurrency-binance-finally-delists-tether-usdt-from-european-spot-trading-in-compliance-with-mica__5e927feefb.html"", ""url"": ""https://www.financemagnates.com/cryptocurrency/binance-finally-delists-tether-usdt-from-european-spot-trading-in-compliance-with-mica/"", ""wayback"": ""https://web.archive.org/web/20250401151406/https://www.financemagnates.com/cryptocurrency/binance-finally-delists-tether-usdt-from-european-spot-trading-in-compliance-with-mica/""}]",unadjudicated_risk_flag
binance-hamas-account-freeze-israel-2023-10,admitted,events/binance-hamas-account-freeze-israel-2023-10.yaml,0,offramp_cex,observed_change,binance_freezes_hamas_linked_accounts_at_israeli_le_request,"[{""matching_fields"": [""url"", ""body_hash""], ""observation_source_index"": 0, ""trigger_source_index"": 0}]","[{""body_hash"": ""sha256:088d77dc114cd382054e9d91000977b41621db57a843311a5f516e1ed87d3705"", ""body_path"": ""sources/http_captures/binance-hamas-account-freeze-israel-2023-10/primary/web.archive.org__web-20260117195331-https-www.dlnews.com-articles-regulation-israeli-police-seize-binance-account-linked-to-hamas__c80d6b79b1.html"", ""url"": ""https://www.dlnews.com/articles/regulation/israeli-police-seize-binance-account-linked-to-hamas/"", ""wayback"": ""https://web.archive.org/web/20260117195331/https://www.dlnews.com/articles/regulation/israeli-police-seize-binance-account-linked-to-hamas/""}]","[{""body_hash"": ""sha256:088d77dc114cd382054e9d91000977b41621db57a843311a5f516e1ed87d3705"", ""body_path"": ""sources/http_captures/binance-hamas-account-freeze-israel-2023-10/primary/web.archive.org__web-20260117195331-https-www.dlnews.com-articles-regulation-israeli-police-seize-binance-account-linked-to-hamas__c80d6b79b1.html"", ""url"": ""https://www.dlnews.com/articles/regulation/israeli-police-seize-binance-account-linked-to-hamas/"", ""wayback"": ""https://web.archive.org/web/20260117195331/https://www.dlnews.com/articles/regulation/israeli-police-seize-binance-account-linked-to-hamas/""}, {""body_hash"": ""sha256:963f5cdf4e44604bd386c9a5040293397a3824dd90dfc4320da34785b2766ece"", ""body_path"": ""sources/http_captures/binance-hamas-account-freeze-israel-2023-10/primary/web.archive.org__web-20250720194349-https-unchainedcrypto.com-binance-helps-israel-police-freeze-hamas-crypto-accounts-report__74d7358f26.html"", ""url"": ""https://unchainedcrypto.com/binance-helps-israel-police-freeze-hamas-crypto-accounts-report/"", ""wayback"": ""https://web.archive.org/web/20250720194349/https://unchainedcrypto.com/binance-helps-israel-police-freeze-hamas-crypto-accounts-report/""}]",unadjudicated_risk_flag
binance-monero-global-delisting-2024-02,admitted,events/binance-monero-global-delisting-2024-02.yaml,0,offramp_cex,observed_change,binance_removes_xmr_global_spot_markets_privacy_coin_delisting,"[{""matching_fields"": [""url"", ""body_hash""], ""observation_source_index"": 0, ""trigger_source_index"": 0}, {""matching_fields"": [""url"", ""body_hash""], ""observation_source_index"": 1, ""trigger_source_index"": 1}, {""matching_fields"": [""url"", ""body_hash""], ""observation_source_index"": 2, ""trigger_source_index"": 2}]","[{""body_hash"": ""sha256:8f8b06e0db16e8ec1d4aa6248a4e377a64723d1d7ee42598be0e6ef433452a7c"", ""body_path"": ""sources/http_captures/binance-monero-global-delisting-2024-02/official-binance-info/www.binance.info__en-support-announcement-f73b083ba6834771b07dbe5319917ae5__0886efb112.html"", ""url"": ""https://www.binance.info/en/support/announcement/f73b083ba6834771b07dbe5319917ae5""}, {""body_hash"": ""sha256:bbc323c99e91135ebd5ea34ec58d7e99ec63afe434fbcffe034ccb355dae7cb4"", ""body_path"": ""sources/http_captures/binance-monero-global-delisting-2024-02/primary/web.archive.org__web-20250911142709-https-www.coindesk.com-markets-2024-02-06-binance-to-delist-monero-privacy-token-xmr-slides__4b64544058.html"", ""url"": ""https://www.coindesk.com/markets/2024/02/06/binance-to-delist-monero-privacy-token-xmr-slides"", ""wayback"": ""https://web.archive.org/web/20250911142709/https://www.coindesk.com/markets/2024/02/06/binance-to-delist-monero-privacy-token-xmr-slides""}, {""body_hash"": ""sha256:33f4c71dd5e945bcbffb4b047ed5cc947eac7485c59723404cdd107f60779fca"", ""body_path"": ""sources/http_captures/binance-monero-global-delisting-2024-02/primary/web.archive.org__web-20240207035541-https-www.theblock.co-post-276176-binance-delisting-monero__cc3f5e5a64.html"", ""url"": ""https://www.theblock.co/post/276176/binance-delisting-monero"", ""wayback"": ""https://web.archive.org/web/20240207035541/https://www.theblock.co/post/276176/binance-delisting-monero""}]","[{""body_hash"": ""sha256:8f8b06e0db16e8ec1d4aa6248a4e377a64723d1d7ee42598be0e6ef433452a7c"", ""body_path"": ""sources/http_captures/binance-monero-global-delisting-2024-02/official-binance-info/www.binance.info__en-support-announcement-f73b083ba6834771b07dbe5319917ae5__0886efb112.html"", ""url"": ""https://www.binance.info/en/support/announcement/f73b083ba6834771b07dbe5319917ae5""}, {""body_hash"": ""sha256:bbc323c99e91135ebd5ea34ec58d7e99ec63afe434fbcffe034ccb355dae7cb4"", ""body_path"": ""sources/http_captures/binance-monero-global-delisting-2024-02/primary/web.archive.org__web-20250911142709-https-www.coindesk.com-markets-2024-02-06-binance-to-delist-monero-privacy-token-xmr-slides__4b64544058.html"", ""url"": ""https://www.coindesk.com/markets/2024/02/06/binance-to-delist-monero-privacy-token-xmr-slides"", ""wayback"": ""https://web.archive.org/web/20250911142709/https://www.coindesk.com/markets/2024/02/06/binance-to-delist-monero-privacy-token-xmr-slides""}, {""body_hash"": ""sha256:33f4c71dd5e945bcbffb4b047ed5cc947eac7485c59723404cdd107f60779fca"", ""body_path"": ""sources/http_captures/binance-monero-global-delisting-2024-02/primary/web.archive.org__web-20240207035541-https-www.theblock.co-post-276176-binance-delisting-monero__cc3f5e5a64.html"", ""url"": ""https://www.theblock.co/post/276176/binance-delisting-monero"", ""wayback"": ""https://web.archive.org/web/20240207035541/https://www.theblock.co/post/276176/binance-delisting-monero""}]",unadjudicated_risk_flag
binance-netherlands-exit-2023-07,admitted,events/binance-netherlands-exit-2023-07.yaml,0,offramp_cex,observed_change,binance_netherlands_market_withdrawal_announced,"[{""matching_fields"": [""url"", ""body_hash""], ""observation_source_index"": 0, ""trigger_source_index"": 0}, {""matching_fields"": [""url"", ""body_hash""], ""observation_source_index"": 1, ""trigger_source_index"": 1}]","[{""body_hash"": ""sha256:01617926483c08666d267f9f54ab30377ca18fec9f517fcc86f5360bd413631b"", ""body_path"": ""sources/http_captures/binance-netherlands-exit-2023-07/official-binance-wayback/web.archive.org__web-20230616171924-https-www.binance.com-en-support-announcement-notice-on-changes-of-services-in-the-netherlands-b5a647be31cf469b87fc3337fd461ced__517a24b988.html"", ""url"": ""https://www.binance.com/en/support/announcement/notice-on-changes-of-services-in-the-netherlands-b5a647be31cf469b87fc3337fd461ced"", ""wayback"": ""https://web.archive.org/web/20230616171924/https://www.binance.com/en/support/announcement/notice-on-changes-of-services-in-the-netherlands-b5a647be31cf469b87fc3337fd461ced""}, {""body_hash"": ""sha256:f409e0479abad2aeabc1ee9beb7596da07c4276a2dcdb945eb39b2fbaf8b8180"", ""body_path"": ""sources/http_captures/binance-netherlands-exit-2023-07/primary/web.archive.org__web-20251212094859-https-decrypt.co-144920-binance-to-leave-netherlands-after-failing-to-acquire-vasp-license__2fe0a699ed.html"", ""url"": ""https://decrypt.co/144920/binance-to-leave-netherlands-after-failing-to-acquire-vasp-license"", ""wayback"": ""https://web.archive.org/web/20251212094859/https://decrypt.co/144920/binance-to-leave-netherlands-after-failing-to-acquire-vasp-license""}]","[{""body_hash"": ""sha256:01617926483c08666d267f9f54ab30377ca18fec9f517fcc86f5360bd413631b"", ""body_path"": ""sources/http_captures/binance-netherlands-exit-2023-07/official-binance-wayback/web.archive.org__web-20230616171924-https-www.binance.com-en-support-announcement-notice-on-changes-of-services-in-the-netherlands-b5a647be31cf469b87fc3337fd461ced__517a24b988.html"", ""url"": ""https://www.binance.com/en/support/announcement/notice-on-changes-of-services-in-the-netherlands-b5a647be31cf469b87fc3337fd461ced"", ""wayback"": ""https://web.archive.org/web/20230616171924/https://www.binance.com/en/support/announcement/notice-on-changes-of-services-in-the-netherlands-b5a647be31cf469b87fc3337fd461ced""}, {""body_hash"": ""sha256:f409e0479abad2aeabc1ee9beb7596da07c4276a2dcdb945eb39b2fbaf8b8180"", ""body_path"": ""sources/http_captures/binance-netherlands-exit-2023-07/primary/web.archive.org__web-20251212094859-https-decrypt.co-144920-binance-to-leave-netherlands-after-failing-to-acquire-vasp-license__2fe0a699ed.html"", ""url"": ""https://decrypt.co/144920/binance-to-leave-netherlands-after-failing-to-acquire-vasp-license"", ""wayback"": ""https://web.archive.org/web/20251212094859/https://decrypt.co/144920/binance-to-leave-netherlands-after-failing-to-acquire-vasp-license""}, {""body_hash"": ""sha256:ceec80967bddde68d8f2026112c864b047210a4f71f5459b881507d4577f149e"", ""body_path"": ""sources/http_captures/binance-netherlands-exit-2023-07/primary/web.archive.org__web-20251217033958-https-cryptoslate.com-binance-withdraws-from-netherlands-following-vasp-license-snub__713e9f9c2f.html"", ""url"": ""https://cryptoslate.com/binance-withdraws-from-netherlands-following-vasp-license-snub/"", ""wayback"": ""https://web.archive.org/web/20251217033958/https://cryptoslate.com/binance-withdraws-from-netherlands-following-vasp-license-snub/""}]",unadjudicated_risk_flag
binance-nigeria-naira-services-end-2024-03,admitted,events/binance-nigeria-naira-services-end-2024-03.yaml,0,offramp_cex,observed_change,binance_discontinues_all_nigerian_naira_services,"[{""matching_fields"": [""url"", ""body_hash""], ""observation_source_index"": 0, ""trigger_source_index"": 0}, {""matching_fields"": [""url"", ""body_hash""], ""observation_source_index"": 1, ""trigger_source_index"": 1}]","[{""body_hash"": ""sha256:dd10bee8b0af68a2b04d4902fe606cab0186aaa1d7b2db43005ae7747d16d3f1"", ""body_path"": ""sources/http_captures/binance-nigeria-naira-services-end-2024-03/primary/web.archive.org__web-20240306000000-https-www.coindesk.com-policy-2024-03-05-binance-will-discontinue-its-nigerian-naira-services-after-government-scrutiny__97537db759.html"", ""url"": ""https://www.coindesk.com/policy/2024/03/05/binance-will-discontinue-its-nigerian-naira-services-after-government-scrutiny"", ""wayback"": ""https://web.archive.org/web/20240305220110/https://www.coindesk.com/policy/2024/03/05/binance-will-discontinue-its-nigerian-naira-services-after-government-scrutiny/""}, {""body_hash"": ""sha256:1ece5d57c223b89189c75c3449bb8d0f0ea0fc48b129ff89d10331e7ae8a3a57"", ""body_path"": ""sources/http_captures/binance-nigeria-naira-services-end-2024-03/primary/web.archive.org__web-20240307000000-https-www.binance.com-en-support-announcement-binance-to-discontinue-all-nigerian-naira-ngn-services-f9857dc2fea4448ba1fb8815d87d814__702cbe50f7.html"", ""url"": ""https://www.binance.com/en/support/announcement/binance-to-discontinue-all-nigerian-naira-ngn-services-f9857dc2fea4448ba1fb8815d87d8144"", ""wayback"": ""https://web.archive.org/web/20240306114131/https://www.binance.com/en/support/announcement/binance-to-discontinue-all-nigerian-naira-ngn-services-f9857dc2fea4448ba1fb8815d87d8144""}]","[{""body_hash"": ""sha256:dd10bee8b0af68a2b04d4902fe606cab0186aaa1d7b2db43005ae7747d16d3f1"", ""body_path"": ""sources/http_captures/binance-nigeria-naira-services-end-2024-03/primary/web.archive.org__web-20240306000000-https-www.coindesk.com-policy-2024-03-05-binance-will-discontinue-its-nigerian-naira-services-after-government-scrutiny__97537db759.html"", ""url"": ""https://www.coindesk.com/policy/2024/03/05/binance-will-discontinue-its-nigerian-naira-services-after-government-scrutiny"", ""wayback"": ""https://web.archive.org/web/20240305220110/https://www.coindesk.com/policy/2024/03/05/binance-will-discontinue-its-nigerian-naira-services-after-government-scrutiny/""}, {""body_hash"": ""sha256:1ece5d57c223b89189c75c3449bb8d0f0ea0fc48b129ff89d10331e7ae8a3a57"", ""body_path"": ""sources/http_captures/binance-nigeria-naira-services-end-2024-03/primary/web.archive.org__web-20240307000000-https-www.binance.com-en-support-announcement-binance-to-discontinue-all-nigerian-naira-ngn-services-f9857dc2fea4448ba1fb8815d87d814__702cbe50f7.html"", ""url"": ""https://www.binance.com/en/support/announcement/binance-to-discontinue-all-nigerian-naira-ngn-services-f9857dc2fea4448ba1fb8815d87d8144"", ""wayback"": ""https://web.archive.org/web/20240306114131/https://www.binance.com/en/support/announcement/binance-to-discontinue-all-nigerian-naira-ngn-services-f9857dc2fea4448ba1fb8815d87d8144""}]",unadjudicated_risk_flag
binance-palestinian-accounts-seizure-israel-2023-11,admitted,events/binance-palestinian-accounts-seizure-israel-2023-11.yaml,0,offramp_cex,observed_change,binance_blocks_palestinian_user_accounts_under_israeli_nbctf_order,"[{""matching_fields"": [""url"", ""body_hash""], ""observation_source_index"": 0, ""trigger_source_index"": 0}, {""matching_fields"": [""url"", ""body_hash""], ""observation_source_index"": 1, ""trigger_source_index"": 1}]","[{""body_hash"": ""sha256:c33a10e717954b66726ad2befd49f1a22dc05de6a43543866c85adc9d8be7102"", ""body_path"": ""sources/http_captures/binance-palestinian-accounts-seizure-israel-2023-11/primary/web.archive.org__web-20240827142258-https-cointelegraph.com-news-binance-seize-funds-palestine-israel__51e5185689.html"", ""url"": ""https://cointelegraph.com/news/binance-seize-funds-palestine-israel"", ""wayback"": ""https://web.archive.org/web/20240827142258/https://cointelegraph.com/news/binance-seize-funds-palestine-israel""}, {""body_hash"": ""sha256:ea7ab115856d2c3bb7ac0435bb6068fa7cfdd1e7c0fc1748431c483a77373afe"", ""body_path"": ""sources/http_captures/binance-palestinian-accounts-seizure-israel-2023-11/primary/web.archive.org__web-20241008190737-https-skylineforhuman.org-en-news-details-801-binances-response-to-skylines-letter-on-seizure-of-palestinian-cryptocurrency-wallets__c6a6fa0209.html"", ""url"": ""https://skylineforhuman.org/en/news/details/801/binances-response-to-skylines-letter-on-seizure-of-palestinian-cryptocurrency-wallets"", ""wayback"": ""https://web.archive.org/web/20241008190737/https://skylineforhuman.org/en/news/details/801/binances-response-to-skylines-letter-on-seizure-of-palestinian-cryptocurrency-wallets""}]","[{""body_hash"": ""sha256:c33a10e717954b66726ad2befd49f1a22dc05de6a43543866c85adc9d8be7102"", ""body_path"": ""sources/http_captures/binance-palestinian-accounts-seizure-israel-2023-11/primary/web.archive.org__web-20240827142258-https-cointelegraph.com-news-binance-seize-funds-palestine-israel__51e5185689.html"", ""url"": ""https://cointelegraph.com/news/binance-seize-funds-palestine-israel"", ""wayback"": ""https://web.archive.org/web/20240827142258/https://cointelegraph.com/news/binance-seize-funds-palestine-israel""}, {""body_hash"": ""sha256:ea7ab115856d2c3bb7ac0435bb6068fa7cfdd1e7c0fc1748431c483a77373afe"", ""body_path"": ""sources/http_captures/binance-palestinian-accounts-seizure-israel-2023-11/primary/web.archive.org__web-20241008190737-https-skylineforhuman.org-en-news-details-801-binances-response-to-skylines-letter-on-seizure-of-palestinian-cryptocurrency-wallets__c6a6fa0209.html"", ""url"": ""https://skylineforhuman.org/en/news/details/801/binances-response-to-skylines-letter-on-seizure-of-palestinian-cryptocurrency-wallets"", ""wayback"": ""https://web.archive.org/web/20241008190737/https://skylineforhuman.org/en/news/details/801/binances-response-to-skylines-letter-on-seizure-of-palestinian-cryptocurrency-wallets""}]",unadjudicated_risk_flag
binance-privacy-coin-delisting-2023,admitted,events/binance-privacy-coin-delisting-2023.yaml,0,offramp_cex,observed_change,binance_privacy_asset_restriction_eu4_final_cohort,"[{""matching_fields"": [""url"", ""body_hash""], ""observation_source_index"": 0, ""trigger_source_index"": 0}, {""matching_fields"": [""url"", ""body_hash""], ""observation_source_index"": 2, ""trigger_source_index"": 1}]","[{""body_hash"": ""sha256:b88e4a673b199fd4a7b6f655f06cbba54db22330b412b43a83602920bd7d4d7d"", ""body_path"": ""sources/http_captures/binance-privacy-coin-delisting-2023/secondary/web.archive.org__web-20230626230325-https-www.theblock.co-amp-post-236340-binance-privacy-coins__21c914e44d.html"", ""url"": ""https://www.theblock.co/post/236340/binance-privacy-coins"", ""wayback"": ""https://web.archive.org/web/20230626230325/https://www.theblock.co/amp/post/236340/binance-privacy-coins""}, {""body_hash"": ""sha256:8bfb9f11b5166ea504a570dab808a49bb12254ed35e70cfb0fbd21f7cf093afc"", ""body_path"": ""sources/http_captures/binance-privacy-coin-delisting-2023/secondary/web.archive.org__web-20230601034432-https-www.theblock.co-amp-post-232751-binance-privacy-coins-delisting-europe__d2c944110b.html"", ""url"": ""https://www.theblock.co/post/232751/binance-privacy-coins-delisting-europe"", ""wayback"": ""https://web.archive.org/web/20230601034432/https://www.theblock.co/amp/post/232751/binance-privacy-coins-delisting-europe""}]","[{""body_hash"": ""sha256:b88e4a673b199fd4a7b6f655f06cbba54db22330b412b43a83602920bd7d4d7d"", ""body_path"": ""sources/http_captures/binance-privacy-coin-delisting-2023/secondary/web.archive.org__web-20230626230325-https-www.theblock.co-amp-post-236340-binance-privacy-coins__21c914e44d.html"", ""url"": ""https://www.theblock.co/post/236340/binance-privacy-coins"", ""wayback"": ""https://web.archive.org/web/20230626230325/https://www.theblock.co/amp/post/236340/binance-privacy-coins""}, {""body_hash"": ""sha256:b8f3945743ec0ec5fd288521e087e72e38bd678502ebbab455ce2398859156dd"", ""body_path"": ""sources/http_captures/binance-privacy-coin-delisting-2023/secondary/web.archive.org__web-20230627030458-https-blockworks.co-news-binance-backtracks-delisting-privacy-coins__cec8c15106.html"", ""url"": ""https://blockworks.co/news/binance-backtracks-delisting-privacy-coins"", ""wayback"": ""https://web.archive.org/web/20230627030458/https://blockworks.co/news/binance-backtracks-delisting-privacy-coins""}, {""body_hash"": ""sha256:8bfb9f11b5166ea504a570dab808a49bb12254ed35e70cfb0fbd21f7cf093afc"", ""body_path"": ""sources/http_captures/binance-privacy-coin-delisting-2023/secondary/web.archive.org__web-20230601034432-https-www.theblock.co-amp-post-232751-binance-privacy-coins-delisting-europe__d2c944110b.html"", ""url"": ""https://www.theblock.co/post/232751/binance-privacy-coins-delisting-europe"", ""wayback"": ""https://web.archive.org/web/20230601034432/https://www.theblock.co/amp/post/232751/binance-privacy-coins-delisting-europe""}]",unadjudicated_risk_flag
binance-russia-exit-commex-2023,admitted,events/binance-russia-exit-commex-2023.yaml,0,offramp_cex,observed_change,binance_russia_business_sale_user_offboarding_and_exchange_service_sunset,"[{""matching_fields"": [""url"", ""body_hash""], ""observation_source_index"": 0, ""trigger_source_index"": 0}]","[{""body_hash"": ""sha256:a6cdb7081b51df793a5beefc20866e02cf41d33d0141f1ddade7c9f94f102200"", ""body_path"": ""sources/http_captures/binance-russia-exit-commex-2023/primary/www.prnewswire.com__news-releases-binance-fully-exits-russia-with-sale-to-commex-301940042.html__e360ad5131.html"", ""url"": ""https://www.prnewswire.com/news-releases/binance-fully-exits-russia-with-sale-to-commex-301940042.html""}]","[{""body_hash"": ""sha256:a6cdb7081b51df793a5beefc20866e02cf41d33d0141f1ddade7c9f94f102200"", ""body_path"": ""sources/http_captures/binance-russia-exit-commex-2023/primary/www.prnewswire.com__news-releases-binance-fully-exits-russia-with-sale-to-commex-301940042.html__e360ad5131.html"", ""url"": ""https://www.prnewswire.com/news-releases/binance-fully-exits-russia-with-sale-to-commex-301940042.html""}]",unadjudicated_risk_flag
binance-russia-gunmaker-asset-freeze-ukraine-2022-08,admitted,events/binance-russia-gunmaker-asset-freeze-ukraine-2022-08.yaml,0,offramp_cex,observed_change,binance_freezes_lobaev_account_after_ukrainian_le_pressure,"[{""matching_fields"": [""url"", ""body_hash""], ""observation_source_index"": 0, ""trigger_source_index"": 0}]","[{""body_hash"": ""sha256:4a9db4928be5154a6b069d5fea5012cdbdbde5afa7bfe964b0b0c2019af22ccb"", ""body_path"": ""sources/http_captures/binance-russia-gunmaker-asset-freeze-ukraine-2022-08/primary/web.archive.org__web-20220914203535-https-www.nasdaq.com-articles-binance-froze-russian-gun-makers-crypto-assets-amid-ukrainian-pressure__8e0848db7b.html"", ""url"": ""https://www.nasdaq.com/articles/binance-froze-russian-gun-makers-crypto-assets-amid-ukrainian-pressure"", ""wayback"": ""https://web.archive.org/web/20220914203535/https://www.nasdaq.com/articles/binance-froze-russian-gun-makers-crypto-assets-amid-ukrainian-pressure""}]","[{""body_hash"": ""sha256:4a9db4928be5154a6b069d5fea5012cdbdbde5afa7bfe964b0b0c2019af22ccb"", ""body_path"": ""sources/http_captures/binance-russia-gunmaker-asset-freeze-ukraine-2022-08/primary/web.archive.org__web-20220914203535-https-www.nasdaq.com-articles-binance-froze-russian-gun-makers-crypto-assets-amid-ukrainian-pressure__8e0848db7b.html"", ""url"": ""https://www.nasdaq.com/articles/binance-froze-russian-gun-makers-crypto-assets-amid-ukrainian-pressure"", ""wayback"": ""https://web.archive.org/web/20220914203535/https://www.nasdaq.com/articles/binance-froze-russian-gun-makers-crypto-assets-amid-ukrainian-pressure""}]",unadjudicated_risk_flag
binance-uk-new-user-halt-2023-10,admitted,events/binance-uk-new-user-halt-2023-10.yaml,0,offramp_cex,observed_change,binance_stops_accepting_new_uk_users_fca_promotions_regime,"[{""matching_fields"": [""url"", ""body_hash""], ""observation_source_index"": 0, ""trigger_source_index"": 0}, {""matching_fields"": [""url"", ""body_hash""], ""observation_source_index"": 1, ""trigger_source_index"": 1}]","[{""body_hash"": ""sha256:c943fd2bddc6c2cf9ace48131fd44bd71c96445f7b076a2909ff72a8221848a1"", ""body_path"": ""sources/http_captures/binance-uk-new-user-halt-2023-10/official-binance-wayback/web.archive.org__web-20231016152836-https-www.binance.com-en-GB-blog-all-update-on-binance-for-uk-users-937596818854026589__5e20698543.html"", ""url"": ""https://www.binance.com/en-GB/blog/all/update-on-binance-for-uk-users-937596818854026589"", ""wayback"": ""https://web.archive.org/web/20231016152836/https://www.binance.com/en-GB/blog/all/update-on-binance-for-uk-users-937596818854026589""}, {""body_hash"": ""sha256:8dd55e39e5f52cbe99f24c92a7a599d107ca39f501dacbdd16f2918b70d7433c"", ""body_path"": ""sources/http_captures/binance-uk-new-user-halt-2023-10/primary/web.archive.org__web-20231018060034-https-www.theblock.co-post-257721-binance-to-temporarily-stop-accepting-new-uk-users-after-fca-restriction__e41e95ff76.html"", ""url"": ""https://www.theblock.co/post/257721/binance-to-temporarily-stop-accepting-new-uk-users-after-fca-restriction"", ""wayback"": ""https://web.archive.org/web/20231018060034/https://www.theblock.co/post/257721/binance-to-temporarily-stop-accepting-new-uk-users-after-fca-restriction""}]","[{""body_hash"": ""sha256:c943fd2bddc6c2cf9ace48131fd44bd71c96445f7b076a2909ff72a8221848a1"", ""body_path"": ""sources/http_captures/binance-uk-new-user-halt-2023-10/official-binance-wayback/web.archive.org__web-20231016152836-https-www.binance.com-en-GB-blog-all-update-on-binance-for-uk-users-937596818854026589__5e20698543.html"", ""url"": ""https://www.binance.com/en-GB/blog/all/update-on-binance-for-uk-users-937596818854026589"", ""wayback"": ""https://web.archive.org/web/20231016152836/https://www.binance.com/en-GB/blog/all/update-on-binance-for-uk-users-937596818854026589""}, {""body_hash"": ""sha256:8dd55e39e5f52cbe99f24c92a7a599d107ca39f501dacbdd16f2918b70d7433c"", ""body_path"": ""sources/http_captures/binance-uk-new-user-halt-2023-10/primary/web.archive.org__web-20231018060034-https-www.theblock.co-post-257721-binance-to-temporarily-stop-accepting-new-uk-users-after-fca-restriction__e41e95ff76.html"", ""url"": ""https://www.theblock.co/post/257721/binance-to-temporarily-stop-accepting-new-uk-users-after-fca-restriction"", ""wayback"": ""https://web.archive.org/web/20231018060034/https://www.theblock.co/post/257721/binance-to-temporarily-stop-accepting-new-uk-users-after-fca-restriction""}]",unadjudicated_risk_flag
bitcoin-fog-sterlingov-doj-2024,draft,events/bitcoin-fog-sterlingov-doj-2024.yaml,0,offramp_cex,observed_change,bitcoin_fog_operator_convicted_sentenced_and_forfeiture_ordered,"[{""matching_fields"": [""url"", ""body_hash""], ""observation_source_index"": 0, ""trigger_source_index"": 0}, {""matching_fields"": [""url"", ""body_hash""], ""observation_source_index"": 1, ""trigger_source_index"": 1}]","[{""body_hash"": ""sha256:37a75d8bc698b3acebc347bcac71f914720316969481d59bb0520d5f7e420d65"", ""body_path"": ""sources/http_captures/bitcoin-fog-sterlingov-doj-2024/primary/web.archive.org__web-20240312213825-https-www.justice.gov-usao-dc-pr-jury-finds-russian-swedish-operator-bitcoin-fog-guilty-running-darknet-cryptocurrency__8be7be24e5.html"", ""url"": ""https://www.justice.gov/usao-dc/pr/jury-finds-russian-swedish-operator-bitcoin-fog-guilty-running-darknet-cryptocurrency"", ""wayback"": ""https://web.archive.org/web/20240312213825/https://www.justice.gov/usao-dc/pr/jury-finds-russian-swedish-operator-bitcoin-fog-guilty-running-darknet-cryptocurrency""}, {""body_hash"": ""sha256:43e935f6f157c009c78438f6c9f00d37241a70a8a40ede5651d1cc73ef68a316"", ""body_path"": ""sources/http_captures/bitcoin-fog-sterlingov-doj-2024/primary/web.archive.org__web-20241112223112-https-www.justice.gov-usao-dc-pr-operator-bitcoin-fog-sentenced-more-12-years-prison-running-notorious-darknet__a173e27cb9.html"", ""url"": ""https://www.justice.gov/usao-dc/pr/operator-bitcoin-fog-sentenced-more-12-years-prison-running-notorious-darknet"", ""wayback"": ""https://web.archive.org/web/20241112223112/https://www.justice.gov/usao-dc/pr/operator-bitcoin-fog-sentenced-more-12-years-prison-running-notorious-darknet""}]","[{""body_hash"": ""sha256:37a75d8bc698b3acebc347bcac71f914720316969481d59bb0520d5f7e420d65"", ""body_path"": ""sources/http_captures/bitcoin-fog-sterlingov-doj-2024/primary/web.archive.org__web-20240312213825-https-www.justice.gov-usao-dc-pr-jury-finds-russian-swedish-operator-bitcoin-fog-guilty-running-darknet-cryptocurrency__8be7be24e5.html"", ""url"": ""https://www.justice.gov/usao-dc/pr/jury-finds-russian-swedish-operator-bitcoin-fog-guilty-running-darknet-cryptocurrency"", ""wayback"": ""https://web.archive.org/web/20240312213825/https://www.justice.gov/usao-dc/pr/jury-finds-russian-swedish-operator-bitcoin-fog-guilty-running-darknet-cryptocurrency""}, {""body_hash"": ""sha256:43e935f6f157c009c78438f6c9f00d37241a70a8a40ede5651d1cc73ef68a316"", ""body_path"": ""sources/http_captures/bitcoin-fog-sterlingov-doj-2024/primary/web.archive.org__web-20241112223112-https-www.justice.gov-usao-dc-pr-operator-bitcoin-fog-sentenced-more-12-years-prison-running-notorious-darknet__a173e27cb9.html"", ""url"": ""https://www.justice.gov/usao-dc/pr/operator-bitcoin-fog-sentenced-more-12-years-prison-running-notorious-darknet"", ""wayback"": ""https://web.archive.org/web/20241112223112/https://www.justice.gov/usao-dc/pr/operator-bitcoin-fog-sentenced-more-12-years-prison-running-notorious-darknet""}]",unadjudicated_risk_flag
bitcoin-maven-tetley-doj-2018,admitted,events/bitcoin-maven-tetley-doj-2018.yaml,0,offramp_cex,observed_change,tetley_bitcoin_for_cash_msb_terminated_by_doj_sentencing,"[{""matching_fields"": [""url"", ""body_hash""], ""observation_source_index"": 0, ""trigger_source_index"": 0}]","[{""body_hash"": ""sha256:9635191abc6428fe45c63c676552aba881abc8e42190373ac2aae53ddea46dc7"", ""body_path"": ""sources/http_captures/bitcoin-maven-tetley-doj-2018/primary/web.archive.org__web-20180711091804-https-www.justice.gov-usao-cdca-pr-bitcoin-maven-sentenced-one-year-federal-prison-bitcoin-money-laundering-case__66dc046376.html"", ""url"": ""https://www.justice.gov/usao-cdca/pr/bitcoin-maven-sentenced-one-year-federal-prison-bitcoin-money-laundering-case"", ""wayback"": ""https://web.archive.org/web/20180711091804/https://www.justice.gov/usao-cdca/pr/bitcoin-maven-sentenced-one-year-federal-prison-bitcoin-money-laundering-case""}]","[{""body_hash"": ""sha256:9635191abc6428fe45c63c676552aba881abc8e42190373ac2aae53ddea46dc7"", ""body_path"": ""sources/http_captures/bitcoin-maven-tetley-doj-2018/primary/web.archive.org__web-20180711091804-https-www.justice.gov-usao-cdca-pr-bitcoin-maven-sentenced-one-year-federal-prison-bitcoin-money-laundering-case__66dc046376.html"", ""url"": ""https://www.justice.gov/usao-cdca/pr/bitcoin-maven-sentenced-one-year-federal-prison-bitcoin-money-laundering-case"", ""wayback"": ""https://web.archive.org/web/20180711091804/https://www.justice.gov/usao-cdca/pr/bitcoin-maven-sentenced-one-year-federal-prison-bitcoin-money-laundering-case""}]",unadjudicated_risk_flag
bitcoinica-shutdown-2012-05,admitted,events/bitcoinica-shutdown-2012-05.yaml,0,offramp_cex,observed_change,operator_led_shutdown_of_bitcoinica_trading_platform_after_hack,"[{""matching_fields"": [""url""], ""observation_source_index"": 0, ""trigger_source_index"": 0}, {""matching_fields"": [""url""], ""observation_source_index"": 1, ""trigger_source_index"": 2}]","[{""body_hash"": ""sha256:80fa473578d432c6cc17587e137986a6b76cbb01412f5bd9d469678e6f2c2530"", ""body_path"": ""sources/http_captures/bitcoinica-shutdown-2012-05/v0_3_primary_repair/bitcointalk.org__index.php__55a567b6fd.html"", ""url"": ""https://bitcointalk.org/index.php?topic=81045.0""}, {""body_hash"": ""sha256:da16c8ed0a0056ab469eaf11f79f0d1b297b02b2e2628475b13b723624aa7939"", ""body_path"": ""sources/http_captures/bitcoinica-shutdown-2012-05/v0_3_primary_repair/bitcointalk.org__index.php__019b83ef1f.html"", ""url"": ""https://bitcointalk.org/index.php?topic=81045.840""}, {""url"": ""https://bitcoinmagazine.com/business/bitcoinica-stolen-from-again"", ""wayback"": ""https://web.archive.org/web/2012/https://bitcoinmagazine.com/business/bitcoinica-stolen-from-again""}, {""url"": ""https://www.bitdefender.com/en-us/blog/hotforsecurity/exchange-site-bitcoinica-hacked-us90000-stolen"", ""wayback"": ""https://web.archive.org/web/2012/https://www.bitdefender.com/en-us/blog/hotforsecurity/exchange-site-bitcoinica-hacked-us90000-stolen""}, {""url"": ""https://medium.com/coinmonks/bitcoinica-40bed6569354"", ""wayback"": ""https://web.archive.org/web/2012/https://medium.com/coinmonks/bitcoinica-40bed6569354""}, {""url"": ""https://crypto.bi/2012-hacks/"", ""wayback"": ""https://web.archive.org/web/2012/https://crypto.bi/2012-hacks/""}, {""url"": ""https://bitcoinmagazine.com/business/tihan-seale-announces-bitcoinica-liquidation-1343945511"", ""wayback"": ""https://web.archive.org/web/2012/https://bitcoinmagazine.com/business/tihan-seale-announces-bitcoinica-liquidation-1343945511""}]","[{""body_hash"": ""sha256:c9ca1b3ac58c319fdb8de960533eaa092ea894d3e90051144b8e5de887c43fe0"", ""body_path"": ""sources/http_captures/bitcoinica-shutdown-2012-05/primary/web.archive.org__web-20120601000000-https-bitcointalk.org-index.php__09f020ab4e.html"", ""url"": ""https://bitcointalk.org/index.php?topic=81045.0"", ""wayback"": ""https://web.archive.org/web/20130426085224/https://bitcointalk.org/index.php?topic=81045.0""}, {""body_hash"": ""sha256:eed6e31b295a126116cb49a714a5abd156f41c7a8c0583f304d600336296e217"", ""body_path"": ""sources/http_captures/bitcoinica-shutdown-2012-05/primary/web.archive.org__web-20120701000000-https-bitcoinmagazine.com-business-bitcoinica-stolen-from-again__d87097d3d1.html"", ""url"": ""https://bitcoinmagazine.com/business/bitcoinica-stolen-from-again"", ""wayback"": ""https://web.archive.org/web/20210413045351/https://bitcoinmagazine.com/business/bitcoinica-stolen-from-again""}]",unadjudicated_risk_flag
bitfinex-cftc-retail-commodity-2016,admitted,events/bitfinex-cftc-retail-commodity-2016.yaml,0,offramp_cex,observed_change,cftc_ordered_bitfinex_cease_desist_for_financed_retail_bitcoin_transactions,"[{""matching_fields"": [""url"", ""body_hash""], ""observation_source_index"": 0, ""trigger_source_index"": 0}, {""matching_fields"": [""url"", ""body_hash""], ""observation_source_index"": 1, ""trigger_source_index"": 1}]","[{""body_hash"": ""sha256:8671fe9136935077a06ac5155a3ad04076587b7315d4cacd5cd3770edbaf3029"", ""body_path"": ""sources/http_captures/bitfinex-cftc-retail-commodity-2016/cftc-primary/www.cftc.gov__PressRoom-PressReleases-7380-16__d5a12cecf5.html"", ""url"": ""https://www.cftc.gov/PressRoom/PressReleases/7380-16"", ""wayback"": ""https://web.archive.org/web/2016/https://www.cftc.gov/PressRoom/PressReleases/7380-16""}, {""body_hash"": ""sha256:d5de7084ee9f5c4a3e575dda3d6f996ba5e521fed4064674ae9eea1aa4dd9f2c"", ""body_path"": ""sources/http_captures/bitfinex-cftc-retail-commodity-2016/cftc-primary/www.cftc.gov__sites-default-files-idc-groups-public-lrenforcementactions-documents-legalpleading-enfbfxnaorder060216.pdf__e226b247ff.bin"", ""url"": ""https://www.cftc.gov/sites/default/files/idc/groups/public/@lrenforcementactions/documents/legalpleading/enfbfxnaorder060216.pdf"", ""wayback"": ""https://web.archive.org/web/2016/https://www.cftc.gov/sites/default/files/idc/groups/public/@lrenforcementactions/documents/legalpleading/enfbfxnaorder060216.pdf""}]","[{""body_hash"": ""sha256:8671fe9136935077a06ac5155a3ad04076587b7315d4cacd5cd3770edbaf3029"", ""body_path"": ""sources/http_captures/bitfinex-cftc-retail-commodity-2016/cftc-primary/www.cftc.gov__PressRoom-PressReleases-7380-16__d5a12cecf5.html"", ""url"": ""https://www.cftc.gov/PressRoom/PressReleases/7380-16"", ""wayback"": ""https://web.archive.org/web/2016/https://www.cftc.gov/PressRoom/PressReleases/7380-16""}, {""body_hash"": ""sha256:d5de7084ee9f5c4a3e575dda3d6f996ba5e521fed4064674ae9eea1aa4dd9f2c"", ""body_path"": ""sources/http_captures/bitfinex-cftc-retail-commodity-2016/cftc-primary/www.cftc.gov__sites-default-files-idc-groups-public-lrenforcementactions-documents-legalpleading-enfbfxnaorder060216.pdf__e226b247ff.bin"", ""url"": ""https://www.cftc.gov/sites/default/files/idc/groups/public/@lrenforcementactions/documents/legalpleading/enfbfxnaorder060216.pdf"", ""wayback"": ""https://web.archive.org/web/2016/https://www.cftc.gov/sites/default/files/idc/groups/public/@lrenforcementactions/documents/legalpleading/enfbfxnaorder060216.pdf""}]",unadjudicated_risk_flag
bitfinex-tether-cftc-2021,admitted,events/bitfinex-tether-cftc-2021.yaml,0,offramp_cex,observed_change,cftc_ordered_bitfinex_us_retail_financed_commodity_product_remediation_2021,"[{""matching_fields"": [""url"", ""body_hash""], ""observation_source_index"": 0, ""trigger_source_index"": 0}, {""matching_fields"": [""url"", ""body_hash""], ""observation_source_index"": 1, ""trigger_source_index"": 2}]","[{""body_hash"": ""sha256:e47dfb31a0775ccb4a4ad732240723f741a2230709b2c0342b9eef53bf467c88"", ""body_path"": ""sources/http_captures/bitfinex-tether-cftc-2021/cftc-tether-primary/www.cftc.gov__PressRoom-PressReleases-8450-21__6ca0538f56.html"", ""url"": ""https://www.cftc.gov/PressRoom/PressReleases/8450-21"", ""wayback"": ""https://web.archive.org/web/20260516000000/https://www.cftc.gov/PressRoom/PressReleases/8450-21""}, {""body_hash"": ""sha256:b468b9aafb63849fc1d699379b58f182220b5d01202d73c603a10c575159a3ca"", ""body_path"": ""sources/http_captures/bitfinex-tether-cftc-2021/cftc-tether-primary/www.cftc.gov__media-6646-enftetherholdingsorder101521-download__e295e95279.bin"", ""url"": ""https://www.cftc.gov/media/6646/enftetherholdingsorder101521/download""}, {""body_hash"": ""sha256:2c26ec526ea15e84fa6e242f80006121d5f36ee16a0ce85694a3a585e00e7683"", ""body_path"": ""sources/http_captures/bitfinex-tether-cftc-2021/cftc-tether-primary/www.cftc.gov__media-6651-enfbfxnaincorder101521-download__6d43b4e1fc.bin"", ""url"": ""https://www.cftc.gov/media/6651/enfbfxnaincorder101521/download""}]","[{""body_hash"": ""sha256:e47dfb31a0775ccb4a4ad732240723f741a2230709b2c0342b9eef53bf467c88"", ""body_path"": ""sources/http_captures/bitfinex-tether-cftc-2021/cftc-tether-primary/www.cftc.gov__PressRoom-PressReleases-8450-21__6ca0538f56.html"", ""url"": ""https://www.cftc.gov/PressRoom/PressReleases/8450-21"", ""wayback"": ""https://web.archive.org/web/20260516000000/https://www.cftc.gov/PressRoom/PressReleases/8450-21""}, {""body_hash"": ""sha256:2c26ec526ea15e84fa6e242f80006121d5f36ee16a0ce85694a3a585e00e7683"", ""body_path"": ""sources/http_captures/bitfinex-tether-cftc-2021/cftc-tether-primary/www.cftc.gov__media-6651-enfbfxnaincorder101521-download__6d43b4e1fc.bin"", ""url"": ""https://www.cftc.gov/media/6651/enfbfxnaincorder101521/download""}]",unadjudicated_risk_flag
bitfinex-tether-cftc-2021,admitted,events/bitfinex-tether-cftc-2021.yaml,1,offramp_cex,observed_change,cftc_ordered_tether_usdt_reserve_disclosure_remediation_2021,"[{""matching_fields"": [""url"", ""body_hash""], ""observation_source_index"": 0, ""trigger_source_index"": 0}, {""matching_fields"": [""url"", ""body_hash""], ""observation_source_index"": 1, ""trigger_source_index"": 1}]","[{""body_hash"": ""sha256:e47dfb31a0775ccb4a4ad732240723f741a2230709b2c0342b9eef53bf467c88"", ""body_path"": ""sources/http_captures/bitfinex-tether-cftc-2021/cftc-tether-primary/www.cftc.gov__PressRoom-PressReleases-8450-21__6ca0538f56.html"", ""url"": ""https://www.cftc.gov/PressRoom/PressReleases/8450-21"", ""wayback"": ""https://web.archive.org/web/20260516000000/https://www.cftc.gov/PressRoom/PressReleases/8450-21""}, {""body_hash"": ""sha256:b468b9aafb63849fc1d699379b58f182220b5d01202d73c603a10c575159a3ca"", ""body_path"": ""sources/http_captures/bitfinex-tether-cftc-2021/cftc-tether-primary/www.cftc.gov__media-6646-enftetherholdingsorder101521-download__e295e95279.bin"", ""url"": ""https://www.cftc.gov/media/6646/enftetherholdingsorder101521/download""}, {""body_hash"": ""sha256:2c26ec526ea15e84fa6e242f80006121d5f36ee16a0ce85694a3a585e00e7683"", ""body_path"": ""sources/http_captures/bitfinex-tether-cftc-2021/cftc-tether-primary/www.cftc.gov__media-6651-enfbfxnaincorder101521-download__6d43b4e1fc.bin"", ""url"": ""https://www.cftc.gov/media/6651/enfbfxnaincorder101521/download""}]","[{""body_hash"": ""sha256:e47dfb31a0775ccb4a4ad732240723f741a2230709b2c0342b9eef53bf467c88"", ""body_path"": ""sources/http_captures/bitfinex-tether-cftc-2021/cftc-tether-primary/www.cftc.gov__PressRoom-PressReleases-8450-21__6ca0538f56.html"", ""url"": ""https://www.cftc.gov/PressRoom/PressReleases/8450-21"", ""wayback"": ""https://web.archive.org/web/20260516000000/https://www.cftc.gov/PressRoom/PressReleases/8450-21""}, {""body_hash"": ""sha256:b468b9aafb63849fc1d699379b58f182220b5d01202d73c603a10c575159a3ca"", ""body_path"": ""sources/http_captures/bitfinex-tether-cftc-2021/cftc-tether-primary/www.cftc.gov__media-6646-enftetherholdingsorder101521-download__e295e95279.bin"", ""url"": ""https://www.cftc.gov/media/6646/enftetherholdingsorder101521/download""}]",unadjudicated_risk_flag
bitfinex-tether-nyag-2021,admitted,events/bitfinex-tether-nyag-2021.yaml,0,offramp_cex,observed_change,nyag_ordered_bitfinex_tether_ny_resident_trading_prohibition_2021,"[{""matching_fields"": [""url"", ""body_hash""], ""observation_source_index"": 0, ""trigger_source_index"": 0}, {""matching_fields"": [""url""], ""observation_source_index"": 1, ""trigger_source_index"": 1}]","[{""body_hash"": ""sha256:6d6e10deed411922611fb5469a24f36d17d1f3c41cd423df6705299652e935bd"", ""body_path"": ""sources/http_captures/bitfinex-tether-nyag-2021/primary/web.archive.org__web-20210223124635id_-https-ag.ny.gov-sites-default-files-2021.02.17_-_settlement_agreement_-_execution_version.b-t_signed-c2_oag_signed.pdf__ec36bec9cb.bin"", ""url"": ""https://ag.ny.gov/sites/default/files/2021.02.17_-_settlement_agreement_-_execution_version.b-t_signed-c2_oag_signed.pdf"", ""wayback"": ""https://web.archive.org/web/20210223124635id_/https://ag.ny.gov/sites/default/files/2021.02.17_-_settlement_agreement_-_execution_version.b-t_signed-c2_oag_signed.pdf""}, {""url"": ""https://tether.io/news/tether-and-bitfinex-reach-settlement-with-new-york-attorney-generals-office/"", ""wayback"": ""https://web.archive.org/web/2021/https://tether.io/news/tether-and-bitfinex-reach-settlement-with-new-york-attorney-generals-office/""}]","[{""body_hash"": ""sha256:6d6e10deed411922611fb5469a24f36d17d1f3c41cd423df6705299652e935bd"", ""body_path"": ""sources/http_captures/bitfinex-tether-nyag-2021/primary/web.archive.org__web-20210223124635id_-https-ag.ny.gov-sites-default-files-2021.02.17_-_settlement_agreement_-_execution_version.b-t_signed-c2_oag_signed.pdf__ec36bec9cb.bin"", ""url"": ""https://ag.ny.gov/sites/default/files/2021.02.17_-_settlement_agreement_-_execution_version.b-t_signed-c2_oag_signed.pdf"", ""wayback"": ""https://web.archive.org/web/20210223124635id_/https://ag.ny.gov/sites/default/files/2021.02.17_-_settlement_agreement_-_execution_version.b-t_signed-c2_oag_signed.pdf""}, {""url"": ""https://tether.io/news/tether-and-bitfinex-reach-settlement-with-new-york-attorney-generals-office/"", ""wayback"": ""https://web.archive.org/web/2021/https://tether.io/news/tether-and-bitfinex-reach-settlement-with-new-york-attorney-generals-office/""}]",unadjudicated_risk_flag
bitfinex-tether-nyag-2021,admitted,events/bitfinex-tether-nyag-2021.yaml,1,offramp_cex,observed_change,nyag_ordered_tether_usdt_reserve_attestation_regime_change_2021,"[{""matching_fields"": [""url"", ""body_hash""], ""observation_source_index"": 0, ""trigger_source_index"": 0}, {""matching_fields"": [""url""], ""observation_source_index"": 1, ""trigger_source_index"": 1}]","[{""body_hash"": ""sha256:6d6e10deed411922611fb5469a24f36d17d1f3c41cd423df6705299652e935bd"", ""body_path"": ""sources/http_captures/bitfinex-tether-nyag-2021/primary/web.archive.org__web-20210223124635id_-https-ag.ny.gov-sites-default-files-2021.02.17_-_settlement_agreement_-_execution_version.b-t_signed-c2_oag_signed.pdf__ec36bec9cb.bin"", ""url"": ""https://ag.ny.gov/sites/default/files/2021.02.17_-_settlement_agreement_-_execution_version.b-t_signed-c2_oag_signed.pdf"", ""wayback"": ""https://web.archive.org/web/20210223124635id_/https://ag.ny.gov/sites/default/files/2021.02.17_-_settlement_agreement_-_execution_version.b-t_signed-c2_oag_signed.pdf""}, {""url"": ""https://tether.io/news/tether-and-bitfinex-reach-settlement-with-new-york-attorney-generals-office/"", ""wayback"": ""https://web.archive.org/web/2021/https://tether.io/news/tether-and-bitfinex-reach-settlement-with-new-york-attorney-generals-office/""}]","[{""body_hash"": ""sha256:6d6e10deed411922611fb5469a24f36d17d1f3c41cd423df6705299652e935bd"", ""body_path"": ""sources/http_captures/bitfinex-tether-nyag-2021/primary/web.archive.org__web-20210223124635id_-https-ag.ny.gov-sites-default-files-2021.02.17_-_settlement_agreement_-_execution_version.b-t_signed-c2_oag_signed.pdf__ec36bec9cb.bin"", ""url"": ""https://ag.ny.gov/sites/default/files/2021.02.17_-_settlement_agreement_-_execution_version.b-t_signed-c2_oag_signed.pdf"", ""wayback"": ""https://web.archive.org/web/20210223124635id_/https://ag.ny.gov/sites/default/files/2021.02.17_-_settlement_agreement_-_execution_version.b-t_signed-c2_oag_signed.pdf""}, {""url"": ""https://tether.io/news/tether-and-bitfinex-reach-settlement-with-new-york-attorney-generals-office/"", ""wayback"": ""https://web.archive.org/web/2021/https://tether.io/news/tether-and-bitfinex-reach-settlement-with-new-york-attorney-generals-office/""}]",unadjudicated_risk_flag
bitfinex-us-retail-customer-exit-2017-11,admitted,events/bitfinex-us-retail-customer-exit-2017-11.yaml,0,offramp_cex,observed_change,bitfinex_terminates_us_retail_access,"[{""matching_fields"": [""url"", ""body_hash""], ""observation_source_index"": 1, ""trigger_source_index"": 1}]","[{""body_hash"": ""sha256:3aeb5ddb3641fbc4a7d1aa5a473832b0e0e2c9c3bd94bbb50ea213e600d2daa5"", ""body_path"": ""sources/http_captures/bitfinex-us-retail-customer-exit-2017-11/official_bitfinex/web.archive.org__web-20170811184809-https-www.bitfinex.com-posts-216__bcdcdd5a39.html"", ""url"": ""https://www.bitfinex.com/posts/216"", ""wayback"": ""https://web.archive.org/web/20170811184809/https://www.bitfinex.com/posts/216""}, {""body_hash"": ""sha256:5a26060a406b8a6b4c8e5459d177802d17c18a8b1b445994531b2c008a140fd9"", ""body_path"": ""sources/http_captures/bitfinex-us-retail-customer-exit-2017-11/primary/web.archive.org__web-20171018121607-https-news.bitcoin.com-bitfinex-to-terminate-services-to-us-retail-customers-by-november-9__f781837006.html"", ""url"": ""https://news.bitcoin.com/bitfinex-to-terminate-services-to-us-retail-customers-by-november-9/"", ""wayback"": ""https://web.archive.org/web/20171018121607/https://news.bitcoin.com/bitfinex-to-terminate-services-to-us-retail-customers-by-november-9/""}]","[{""body_hash"": ""sha256:e4cea1f8dd6de3168fac04cae27a079065b4d9711898a7c8864c804ddb74585c"", ""body_path"": ""sources/http_captures/bitfinex-us-retail-customer-exit-2017-11/official_bitfinex/web.archive.org__web-20171017060118-https-www.bitfinex.com-posts-227__440056aa06.html"", ""url"": ""https://www.bitfinex.com/posts/227"", ""wayback"": ""https://web.archive.org/web/20171017060118/https://www.bitfinex.com/posts/227""}, {""body_hash"": ""sha256:5a26060a406b8a6b4c8e5459d177802d17c18a8b1b445994531b2c008a140fd9"", ""body_path"": ""sources/http_captures/bitfinex-us-retail-customer-exit-2017-11/primary/web.archive.org__web-20171018121607-https-news.bitcoin.com-bitfinex-to-terminate-services-to-us-retail-customers-by-november-9__f781837006.html"", ""url"": ""https://news.bitcoin.com/bitfinex-to-terminate-services-to-us-retail-customers-by-november-9/"", ""wayback"": ""https://web.archive.org/web/20171018121607/https://news.bitcoin.com/bitfinex-to-terminate-services-to-us-retail-customers-by-november-9/""}]",unadjudicated_risk_flag
bitfloor-capital-one-debanking-2013-04,admitted,events/bitfloor-capital-one-debanking-2013-04.yaml,0,offramp_cex,observed_change,capital_one_closes_bitfloor_usd_bank_account,"[{""matching_fields"": [""url"", ""body_hash""], ""observation_source_index"": 0, ""trigger_source_index"": 0}]","[{""body_hash"": ""sha256:5e4542aedb281c462119f7061b674645ca6e04fc0f2bae7ae9194c916a8291c3"", ""body_path"": ""sources/http_captures/bitfloor-capital-one-debanking-2013-04/primary/web.archive.org__web-20241130191119-https-www.americanbanker.com-fincen-regulations-choking-bitcoin-entrepreneurs-1058606-1.html__242252ee6d.html"", ""url"": ""https://www.americanbanker.com/fincen-regulations-choking-bitcoin-entrepreneurs-1058606-1.html"", ""wayback"": ""https://web.archive.org/web/20241130191119/https://www.americanbanker.com/fincen-regulations-choking-bitcoin-entrepreneurs-1058606-1.html""}]","[{""body_hash"": ""sha256:5e4542aedb281c462119f7061b674645ca6e04fc0f2bae7ae9194c916a8291c3"", ""body_path"": ""sources/http_captures/bitfloor-capital-one-debanking-2013-04/primary/web.archive.org__web-20241130191119-https-www.americanbanker.com-fincen-regulations-choking-bitcoin-entrepreneurs-1058606-1.html__242252ee6d.html"", ""url"": ""https://www.americanbanker.com/fincen-regulations-choking-bitcoin-entrepreneurs-1058606-1.html"", ""wayback"": ""https://web.archive.org/web/20241130191119/https://www.americanbanker.com/fincen-regulations-choking-bitcoin-entrepreneurs-1058606-1.html""}, {""body_hash"": ""sha256:ceba4a4321475fc97fbc665c07f1c183a3457a11a2123fb1ca22f5ea3d710f92"", ""body_path"": ""sources/http_captures/bitfloor-capital-one-debanking-2013-04/primary/web.archive.org__web-20260121151931-https-bitcoinmagazine.com-markets-bitfloor-shuts-down-1366351632__2b2d5f7223.html"", ""url"": ""https://bitcoinmagazine.com/markets/bitfloor-shuts-down-1366351632"", ""wayback"": ""https://web.archive.org/web/20260121151931/https://bitcoinmagazine.com/markets/bitfloor-shuts-down-1366351632""}]",unadjudicated_risk_flag
bitmex-cftc-doj-2020,admitted,events/bitmex-cftc-doj-2020.yaml,0,l4_frontend,observed_change,bitmex_us_retail_geoblock_and_kyc_mandate_announcement,"[{""matching_fields"": [""url""], ""observation_source_index"": 0, ""trigger_source_index"": 2}, {""matching_fields"": [""url""], ""observation_source_index"": 1, ""trigger_source_index"": 1}]","[{""url"": ""https://www.cftc.gov/PressRoom/PressReleases/8270-20"", ""wayback"": ""https://web.archive.org/web/20260516000000/https://www.cftc.gov/PressRoom/PressReleases/8270-20""}, {""url"": ""https://www.justice.gov/usao-sdny/pr/founders-and-executive-cryptocurrency-exchange-charged-violation-bank-secrecy-act"", ""wayback"": ""https://web.archive.org/web/20260516000000/https://www.justice.gov/usao-sdny/pr/founders-and-executive-cryptocurrency-exchange-charged-violation-bank-secrecy-act""}, {""url"": ""https://blog.bitmex.com/hdr-global-trading-limited-response-to-the-cftc-and-fincen/"", ""wayback"": ""https://web.archive.org/web/20260516000000/https://blog.bitmex.com/hdr-global-trading-limited-response-to-the-cftc-and-fincen/""}]","[{""url"": ""https://blog.bitmex.com/hdr-global-trading-limited-response-to-the-cftc-and-fincen/"", ""wayback"": ""https://web.archive.org/web/20260516000000/https://blog.bitmex.com/hdr-global-trading-limited-response-to-the-cftc-and-fincen/""}, {""url"": ""https://www.justice.gov/usao-sdny/pr/founders-and-executive-cryptocurrency-exchange-charged-violation-bank-secrecy-act"", ""wayback"": ""https://web.archive.org/web/20260516000000/https://www.justice.gov/usao-sdny/pr/founders-and-executive-cryptocurrency-exchange-charged-violation-bank-secrecy-act""}]",unadjudicated_risk_flag
bitmex-cftc-doj-2020,admitted,events/bitmex-cftc-doj-2020.yaml,1,offramp_cex,observed_change,bitmex_us_retail_rails_restricted_and_global_kyc_enforced,"[{""matching_fields"": [""url""], ""observation_source_index"": 0, ""trigger_source_index"": 0}, {""matching_fields"": [""url""], ""observation_source_index"": 1, ""trigger_source_index"": 2}]","[{""url"": ""https://www.cftc.gov/PressRoom/PressReleases/8270-20"", ""wayback"": ""https://web.archive.org/web/20260516000000/https://www.cftc.gov/PressRoom/PressReleases/8270-20""}, {""url"": ""https://www.justice.gov/usao-sdny/pr/founders-and-executive-cryptocurrency-exchange-charged-violation-bank-secrecy-act"", ""wayback"": ""https://web.archive.org/web/20260516000000/https://www.justice.gov/usao-sdny/pr/founders-and-executive-cryptocurrency-exchange-charged-violation-bank-secrecy-act""}, {""url"": ""https://blog.bitmex.com/hdr-global-trading-limited-response-to-the-cftc-and-fincen/"", ""wayback"": ""https://web.archive.org/web/20260516000000/https://blog.bitmex.com/hdr-global-trading-limited-response-to-the-cftc-and-fincen/""}]","[{""url"": ""https://www.cftc.gov/PressRoom/PressReleases/8270-20"", ""wayback"": ""https://web.archive.org/web/20260516000000/https://www.cftc.gov/PressRoom/PressReleases/8270-20""}, {""url"": ""https://blog.bitmex.com/hdr-global-trading-limited-response-to-the-cftc-and-fincen/"", ""wayback"": ""https://web.archive.org/web/20260516000000/https://blog.bitmex.com/hdr-global-trading-limited-response-to-the-cftc-and-fincen/""}]",unadjudicated_risk_flag
bittrex-global-shutdown-2023-11,rejected,events/bittrex-global-shutdown-2023-11.yaml,0,offramp_cex,observed_change,bittrex_global_trading_terminated_with_withdrawal_only_mode,"[{""matching_fields"": [""url"", ""body_hash""], ""observation_source_index"": 0, ""trigger_source_index"": 0}]","[{""body_hash"": ""sha256:ff1ba76b499cb93934781eacc1c26d4eef45dbf2971cd10090720b3658fb22c6"", ""body_path"": ""sources/http_captures/bittrex-global-shutdown-2023-11/primary/bittrexglobal.zendesk.com__hc-en-us-articles-14887148127517-Important-Information-for-Bittrex-Global-Customers__fc11384e12.html"", ""url"": ""https://bittrexglobal.zendesk.com/hc/en-us/articles/14887148127517-Important-Information-for-Bittrex-Global-Customers""}]","[{""body_hash"": ""sha256:ff1ba76b499cb93934781eacc1c26d4eef45dbf2971cd10090720b3658fb22c6"", ""body_path"": ""sources/http_captures/bittrex-global-shutdown-2023-11/primary/bittrexglobal.zendesk.com__hc-en-us-articles-14887148127517-Important-Information-for-Bittrex-Global-Customers__fc11384e12.html"", ""url"": ""https://bittrexglobal.zendesk.com/hc/en-us/articles/14887148127517-Important-Information-for-Bittrex-Global-Customers""}]",unadjudicated_risk_flag
bittrex-privacy-coin-delisting-2021-01,admitted,events/bittrex-privacy-coin-delisting-2021-01.yaml,0,offramp_cex,observed_change,bittrex_removes_xmr_zec_dash_privacy_coin_markets,"[{""matching_fields"": [""url"", ""body_hash""], ""observation_source_index"": 0, ""trigger_source_index"": 0}, {""matching_fields"": [""url"", ""body_hash""], ""observation_source_index"": 1, ""trigger_source_index"": 1}, {""matching_fields"": [""url"", ""body_hash""], ""observation_source_index"": 2, ""trigger_source_index"": 2}]","[{""body_hash"": ""sha256:933c8cd6fb17fc7e94d67faec7ed7890dab04d61a18b2ca9f3917654e74205b4"", ""body_path"": ""sources/http_captures/bittrex-privacy-coin-delisting-2021-01/official-bittrex-global/bittrexglobal.zendesk.com__hc-en-us-articles-6448634669083-Delisting-of-XMR-ZEC-DASH-and-GRIN__251360c3ae.html"", ""url"": ""https://bittrexglobal.zendesk.com/hc/en-us/articles/6448634669083-Delisting-of-XMR-ZEC-DASH-and-GRIN""}, {""body_hash"": ""sha256:ba86a3e7b95a384c04b8e01c605aa340bd79d92ad1860e9b9cd27e996a379da5"", ""body_path"": ""sources/http_captures/bittrex-privacy-coin-delisting-2021-01/primary/web.archive.org__web-20210105000000-https-www.coindesk.com-markets-2021-01-01-bittrex-to-delist-privacy-coins-monero-dash-and-zcash__20b4279319.html"", ""url"": ""https://www.coindesk.com/markets/2021/01/01/bittrex-to-delist-privacy-coins-monero-dash-and-zcash"", ""wayback"": ""https://web.archive.org/web/20210924223600/https://www.coindesk.com/markets/2021/01/01/bittrex-to-delist-privacy-coins-monero-dash-and-zcash/""}, {""body_hash"": ""sha256:109fe61b58409e5e047339f2c04bef8419be3b144b219cd9f00b8603019880cd"", ""body_path"": ""sources/http_captures/bittrex-privacy-coin-delisting-2021-01/primary/web.archive.org__web-20210105000000-https-decrypt.co-53012-bittrex-to-delist-privacy-coins-monero-zcash-and-dash-in-two-weeks__c2b9ffb649.html"", ""url"": ""https://decrypt.co/53012/bittrex-to-delist-privacy-coins-monero-zcash-and-dash-in-two-weeks"", ""wayback"": ""https://web.archive.org/web/20210104061602/https://decrypt.co/53012/bittrex-to-delist-privacy-coins-monero-zcash-and-dash-in-two-weeks""}]","[{""body_hash"": ""sha256:933c8cd6fb17fc7e94d67faec7ed7890dab04d61a18b2ca9f3917654e74205b4"", ""body_path"": ""sources/http_captures/bittrex-privacy-coin-delisting-2021-01/official-bittrex-global/bittrexglobal.zendesk.com__hc-en-us-articles-6448634669083-Delisting-of-XMR-ZEC-DASH-and-GRIN__251360c3ae.html"", ""url"": ""https://bittrexglobal.zendesk.com/hc/en-us/articles/6448634669083-Delisting-of-XMR-ZEC-DASH-and-GRIN""}, {""body_hash"": ""sha256:ba86a3e7b95a384c04b8e01c605aa340bd79d92ad1860e9b9cd27e996a379da5"", ""body_path"": ""sources/http_captures/bittrex-privacy-coin-delisting-2021-01/primary/web.archive.org__web-20210105000000-https-www.coindesk.com-markets-2021-01-01-bittrex-to-delist-privacy-coins-monero-dash-and-zcash__20b4279319.html"", ""url"": ""https://www.coindesk.com/markets/2021/01/01/bittrex-to-delist-privacy-coins-monero-dash-and-zcash"", ""wayback"": ""https://web.archive.org/web/20210924223600/https://www.coindesk.com/markets/2021/01/01/bittrex-to-delist-privacy-coins-monero-dash-and-zcash/""}, {""body_hash"": ""sha256:109fe61b58409e5e047339f2c04bef8419be3b144b219cd9f00b8603019880cd"", ""body_path"": ""sources/http_captures/bittrex-privacy-coin-delisting-2021-01/primary/web.archive.org__web-20210105000000-https-decrypt.co-53012-bittrex-to-delist-privacy-coins-monero-zcash-and-dash-in-two-weeks__c2b9ffb649.html"", ""url"": ""https://decrypt.co/53012/bittrex-to-delist-privacy-coins-monero-zcash-and-dash-in-two-weeks"", ""wayback"": ""https://web.archive.org/web/20210104061602/https://decrypt.co/53012/bittrex-to-delist-privacy-coins-monero-zcash-and-dash-in-two-weeks""}]",unadjudicated_risk_flag
bitzlato-doj-2023,admitted,events/bitzlato-doj-2023.yaml,0,offramp_cex,observed_change,exchange_operations_disrupted_by_enforcement,"[{""matching_fields"": [""url"", ""body_hash""], ""observation_source_index"": 0, ""trigger_source_index"": 0}, {""matching_fields"": [""url"", ""body_hash""], ""observation_source_index"": 1, ""trigger_source_index"": 2}]","[{""body_hash"": ""sha256:f329a65084549262222dbcdba541f48123bff56247cbe0f932e3e025f70f1318"", ""body_path"": ""sources/http_captures/bitzlato-doj-2023/backfill-1.3/www.justice.gov__opa-pr-founder-and-majority-owner-cryptocurrency-exchange-charged-processing-over-700-million__a42e944c97.html"", ""url"": ""https://www.justice.gov/opa/pr/founder-and-majority-owner-cryptocurrency-exchange-charged-processing-over-700-million""}, {""url"": ""https://www.justice.gov/usao-edny/pr/founder-and-majority-owner-bitzlato-cryptocurrency-exchange-charged-unlicensed-money""}, {""body_hash"": ""sha256:bf2c40b29895e11a97510321b0a33003b56802ad3349fac1357f4b927cf143e6"", ""body_path"": ""sources/http_captures/bitzlato-doj-2023/backfill-1.3/www.fincen.gov__news-news-releases-fincen-identifies-virtual-currency-exchange-bitzlato-primary-money-laundering__c4a9bf0d08.html"", ""url"": ""https://www.fincen.gov/news/news-releases/fincen-identifies-virtual-currency-exchange-bitzlato-primary-money-laundering"", ""wayback"": ""https://web.archive.org/web/20260421105235/https://www.fincen.gov/news/news-releases/fincen-identifies-virtual-currency-exchange-bitzlato-primary-money-laundering""}]","[{""body_hash"": ""sha256:f329a65084549262222dbcdba541f48123bff56247cbe0f932e3e025f70f1318"", ""body_path"": ""sources/http_captures/bitzlato-doj-2023/backfill-1.3/www.justice.gov__opa-pr-founder-and-majority-owner-cryptocurrency-exchange-charged-processing-over-700-million__a42e944c97.html"", ""url"": ""https://www.justice.gov/opa/pr/founder-and-majority-owner-cryptocurrency-exchange-charged-processing-over-700-million""}, {""body_hash"": ""sha256:bf2c40b29895e11a97510321b0a33003b56802ad3349fac1357f4b927cf143e6"", ""body_path"": ""sources/http_captures/bitzlato-doj-2023/backfill-1.3/www.fincen.gov__news-news-releases-fincen-identifies-virtual-currency-exchange-bitzlato-primary-money-laundering__c4a9bf0d08.html"", ""url"": ""https://www.fincen.gov/news/news-releases/fincen-identifies-virtual-currency-exchange-bitzlato-primary-money-laundering"", ""wayback"": ""https://web.archive.org/web/20260421105235/https://www.fincen.gov/news/news-releases/fincen-identifies-virtual-currency-exchange-bitzlato-primary-money-laundering""}]",unadjudicated_risk_flag
blender-ofac-2022,admitted,events/blender-ofac-2022.yaml,0,l4_frontend,observed_change,canonical_frontend_stripped_to_default_nginx_by_operators,"[{""matching_fields"": [""url"", ""body_hash""], ""observation_source_index"": 1, ""trigger_source_index"": 1}]","[{""body_hash"": ""sha256:088245cfd0563f12865e84bf51db27dffdd2de2eadb742d278b3f901ca55f3ee"", ""body_path"": ""sources/http_captures/blender-ofac-2022/ofac-recent-actions/ofac.treasury.gov__recent-actions-20220506__7887ae4d27.html"", ""url"": ""https://ofac.treasury.gov/recent-actions/20220506"", ""wayback"": ""https://web.archive.org/web/20260421135013/https://ofac.treasury.gov/recent-actions/20220506""}, {""body_hash"": ""sha256:52cf5226e2f155aff279a140d5fc7555f1c0faddec59f77ecba48df5a70c35b4"", ""body_path"": ""sources/http_captures/blender-ofac-2022/press-release/home.treasury.gov__news-press-releases-jy0768__25ddcdc9ec.html"", ""url"": ""https://home.treasury.gov/news/press-releases/jy0768"", ""wayback"": ""https://web.archive.org/web/20260421234013/https://home.treasury.gov/news/press-releases/jy0768""}]","[{""body_hash"": ""sha256:e5e5eaae392f6c13af512e1000be2270a5b983fe5ca84457a3a0507a2cb31ad0"", ""body_path"": ""sources/http_captures/blender-ofac-2022/frontend-wayback/web.archive.org__web-20220516113713-http-blender.io__240e6c7838.html"", ""url"": ""https://web.archive.org/web/20220516113713/http://blender.io/""}, {""body_hash"": ""sha256:52cf5226e2f155aff279a140d5fc7555f1c0faddec59f77ecba48df5a70c35b4"", ""body_path"": ""sources/http_captures/blender-ofac-2022/press-release/home.treasury.gov__news-press-releases-jy0768__25ddcdc9ec.html"", ""url"": ""https://home.treasury.gov/news/press-releases/jy0768"", ""wayback"": ""https://web.archive.org/web/20260421234013/https://home.treasury.gov/news/press-releases/jy0768""}]",unadjudicated_risk_flag
blockfi-multistate-cease-desist-bia-2021-07,admitted,events/blockfi-multistate-cease-desist-bia-2021-07.yaml,0,offramp_cex,observed_change,blockfi_interest_account_offering_ordered_to_cease_new_jersey,"[{""matching_fields"": [""url"", ""body_hash""], ""observation_source_index"": 0, ""trigger_source_index"": 0}]","[{""body_hash"": ""sha256:b235ce2adf08dcfd40e5f38fc9c262407c0dc60cfbddd1d887baa75f67209771"", ""body_path"": ""sources/http_captures/blockfi-multistate-cease-desist-bia-2021-07/primary/web.archive.org__web-20210801000000id_-https-www.nj.gov-oag-newsreleases21-BlockFi-Cease-and-Desist-Order.pdf__5e0feb98af.bin"", ""url"": ""https://www.nj.gov/oag/newsreleases21/BlockFi-Cease-and-Desist-Order.pdf"", ""wayback"": ""https://web.archive.org/web/20210731004209id_/https://www.nj.gov/oag/newsreleases21/BlockFi-Cease-and-Desist-Order.pdf""}]","[{""body_hash"": ""sha256:b235ce2adf08dcfd40e5f38fc9c262407c0dc60cfbddd1d887baa75f67209771"", ""body_path"": ""sources/http_captures/blockfi-multistate-cease-desist-bia-2021-07/primary/web.archive.org__web-20210801000000id_-https-www.nj.gov-oag-newsreleases21-BlockFi-Cease-and-Desist-Order.pdf__5e0feb98af.bin"", ""url"": ""https://www.nj.gov/oag/newsreleases21/BlockFi-Cease-and-Desist-Order.pdf"", ""wayback"": ""https://web.archive.org/web/20210731004209id_/https://www.nj.gov/oag/newsreleases21/BlockFi-Cease-and-Desist-Order.pdf""}, {""body_hash"": ""sha256:a4248a370d087feaf5bbdaa79493dc041013d07033f7df178624a5ea9a5f3a22"", ""body_path"": ""sources/http_captures/blockfi-multistate-cease-desist-bia-2021-07/primary/web.archive.org__web-20210722000000-https-www.njoag.gov-new-jersey-bureau-of-securities-orders-cryptocurrency-company-blockfi-to-stop-offering-interest-bearing-accounts__6397a0cfdd.html"", ""url"": ""https://www.njoag.gov/new-jersey-bureau-of-securities-orders-cryptocurrency-company-blockfi-to-stop-offering-interest-bearing-accounts/"", ""wayback"": ""https://web.archive.org/web/20210721210617/https://www.njoag.gov/new-jersey-bureau-of-securities-orders-cryptocurrency-company-blockfi-to-stop-offering-interest-bearing-accounts/""}]",unadjudicated_risk_flag
blockfi-sec-lending-2022,admitted,events/blockfi-sec-lending-2022.yaml,0,offramp_cex,observed_change,unregistered_interest_account_offers_and_sales_ceased,"[{""matching_fields"": [""url"", ""body_hash""], ""observation_source_index"": 0, ""trigger_source_index"": 0}, {""matching_fields"": [""url"", ""body_hash""], ""observation_source_index"": 1, ""trigger_source_index"": 1}]","[{""body_hash"": ""sha256:805ea579d1452e64855b30ea674d7e83f960dc40c996dec5b469c24c781bfa01"", ""body_path"": ""sources/http_captures/blockfi-sec-lending-2022/primary/www.sec.gov__newsroom-press-releases-2022-26__ae4da616fa.html"", ""url"": ""https://www.sec.gov/newsroom/press-releases/2022-26""}, {""body_hash"": ""sha256:1f0a57b3706af2a0f94c4ff3fb5e86db2c2cc8f82eab20093350b82304888a3e"", ""body_path"": ""sources/http_captures/blockfi-sec-lending-2022/primary/www.sec.gov__litigation-admin-2022-33-11029.pdf__19ddea27cd.bin"", ""url"": ""https://www.sec.gov/litigation/admin/2022/33-11029.pdf""}]","[{""body_hash"": ""sha256:805ea579d1452e64855b30ea674d7e83f960dc40c996dec5b469c24c781bfa01"", ""body_path"": ""sources/http_captures/blockfi-sec-lending-2022/primary/www.sec.gov__newsroom-press-releases-2022-26__ae4da616fa.html"", ""url"": ""https://www.sec.gov/newsroom/press-releases/2022-26""}, {""body_hash"": ""sha256:1f0a57b3706af2a0f94c4ff3fb5e86db2c2cc8f82eab20093350b82304888a3e"", ""body_path"": ""sources/http_captures/blockfi-sec-lending-2022/primary/www.sec.gov__litigation-admin-2022-33-11029.pdf__19ddea27cd.bin"", ""url"": ""https://www.sec.gov/litigation/admin/2022/33-11029.pdf""}]",unadjudicated_risk_flag
btc-e-doj-2017,admitted,events/btc-e-doj-2017.yaml,0,l4_frontend,observed_change,canonical_domain_seized_by_DOJ_IRSCI,"[{""matching_fields"": [""url"", ""body_hash""], ""observation_source_index"": 0, ""trigger_source_index"": 0}]","[{""body_hash"": ""sha256:2cf3684bc3a1e169adc66e01c3a615540c81a3061eedac0609422559383f0919"", ""body_path"": ""sources/http_captures/btc-e-doj-2017/wayback_doj_press_snapshot/web.archive.org__web-20170727013407-https-www.justice.gov-usao-ndca-pr-russian-national-and-bitcoin-exchange-charged-21-count-indictment-operating-alleged__359babd4a6.html"", ""url"": ""https://www.justice.gov/usao-ndca/pr/russian-national-and-bitcoin-exchange-charged-21-count-indictment-operating-alleged"", ""wayback"": ""https://web.archive.org/web/20170727013407/https://www.justice.gov/usao-ndca/pr/russian-national-and-bitcoin-exchange-charged-21-count-indictment-operating-alleged""}, {""url"": ""https://www.justice.gov/archives/opa/pr/russian-national-and-bitcoin-exchange-charged-21-count-indictment-operating-alleged""}]","[{""body_hash"": ""sha256:2cf3684bc3a1e169adc66e01c3a615540c81a3061eedac0609422559383f0919"", ""body_path"": ""sources/http_captures/btc-e-doj-2017/wayback_doj_press_snapshot/web.archive.org__web-20170727013407-https-www.justice.gov-usao-ndca-pr-russian-national-and-bitcoin-exchange-charged-21-count-indictment-operating-alleged__359babd4a6.html"", ""url"": ""https://www.justice.gov/usao-ndca/pr/russian-national-and-bitcoin-exchange-charged-21-count-indictment-operating-alleged"", ""wayback"": ""https://web.archive.org/web/20170727013407/https://www.justice.gov/usao-ndca/pr/russian-national-and-bitcoin-exchange-charged-21-count-indictment-operating-alleged""}]",unadjudicated_risk_flag
bybit-canada-exit-2023-05,admitted,events/bybit-canada-exit-2023-05.yaml,0,offramp_cex,observed_change,bybit_canadian_market_withdrawal_announced,"[{""matching_fields"": [""url"", ""body_hash""], ""observation_source_index"": 0, ""trigger_source_index"": 0}, {""matching_fields"": [""url"", ""body_hash""], ""observation_source_index"": 1, ""trigger_source_index"": 1}]","[{""body_hash"": ""sha256:a802fe5845ac3071f4bbd7b438903a39be4c11464e5ba742737727e35b7c4699"", ""body_path"": ""sources/http_captures/bybit-canada-exit-2023-05/official-bybit-notice/announcements.bybitglobal.com__en-article-notice-on-exit-from-canadian-market-bltc1bfb8746d077fda__5dc8a1eae2.html"", ""url"": ""https://announcements.bybitglobal.com/en/article/notice-on-exit-from-canadian-market-bltc1bfb8746d077fda/""}, {""body_hash"": ""sha256:7257f0b9e14465adee90ecab6f733b287974e96710d8239dcdae6fe0f1dbf17a"", ""body_path"": ""sources/http_captures/bybit-canada-exit-2023-05/primary/web.archive.org__web-20250505011102-https-www.coindesk.com-business-2023-05-30-crypto-exchange-bybit-exit-canada-citing-recent-regulatory-development__f6923b8b16.html"", ""url"": ""https://www.coindesk.com/business/2023/05/30/crypto-exchange-bybit-exit-canada-citing-recent-regulatory-development"", ""wayback"": ""https://web.archive.org/web/20250505011102/https://www.coindesk.com/business/2023/05/30/crypto-exchange-bybit-exit-canada-citing-recent-regulatory-development""}]","[{""body_hash"": ""sha256:a802fe5845ac3071f4bbd7b438903a39be4c11464e5ba742737727e35b7c4699"", ""body_path"": ""sources/http_captures/bybit-canada-exit-2023-05/official-bybit-notice/announcements.bybitglobal.com__en-article-notice-on-exit-from-canadian-market-bltc1bfb8746d077fda__5dc8a1eae2.html"", ""url"": ""https://announcements.bybitglobal.com/en/article/notice-on-exit-from-canadian-market-bltc1bfb8746d077fda/""}, {""body_hash"": ""sha256:7257f0b9e14465adee90ecab6f733b287974e96710d8239dcdae6fe0f1dbf17a"", ""body_path"": ""sources/http_captures/bybit-canada-exit-2023-05/primary/web.archive.org__web-20250505011102-https-www.coindesk.com-business-2023-05-30-crypto-exchange-bybit-exit-canada-citing-recent-regulatory-development__f6923b8b16.html"", ""url"": ""https://www.coindesk.com/business/2023/05/30/crypto-exchange-bybit-exit-canada-citing-recent-regulatory-development"", ""wayback"": ""https://web.archive.org/web/20250505011102/https://www.coindesk.com/business/2023/05/30/crypto-exchange-bybit-exit-canada-citing-recent-regulatory-development""}]",unadjudicated_risk_flag
bybit-france-exit-2024-12,admitted,events/bybit-france-exit-2024-12.yaml,0,offramp_cex,observed_change,bybit_ends_withdrawal_custody_services_for_french_users,"[{""matching_fields"": [""url"", ""body_hash""], ""observation_source_index"": 0, ""trigger_source_index"": 0}, {""matching_fields"": [""url"", ""body_hash""], ""observation_source_index"": 1, ""trigger_source_index"": 1}, {""matching_fields"": [""url"", ""body_hash""], ""observation_source_index"": 2, ""trigger_source_index"": 2}]","[{""body_hash"": ""sha256:79e09ba4530055d5df75a1364cc8505fa826771e04b42cdbb12f51482b2b0cb6"", ""body_path"": ""sources/http_captures/bybit-france-exit-2024-12/official-bybit/www.bybit.com__en-help-center-article-How-to-Onboard-Coinhouse-and-Manage-Your-Assets__4d26279d3f.html"", ""url"": ""https://www.bybit.com/en/help-center/article/How-to-Onboard-Coinhouse-and-Manage-Your-Assets""}, {""body_hash"": ""sha256:8e69c8cffcc27109edd08f805b80e3477a0e5fa2bc78f5abd2b562d34ab5bdbb"", ""body_path"": ""sources/http_captures/bybit-france-exit-2024-12/primary/web.archive.org__web-20241218000000-https-www.fxleaders.com-news-2024-12-17-bybit-to-end-services-in-france-key-deadlines-and-next-steps-for-users__267a0afd51.html"", ""url"": ""https://www.fxleaders.com/news/2024/12/17/bybit-to-end-services-in-france-key-deadlines-and-next-steps-for-users/"", ""wayback"": ""https://web.archive.org/web/20250327225010/https://www.fxleaders.com/news/2024/12/17/bybit-to-end-services-in-france-key-deadlines-and-next-steps-for-users/""}, {""body_hash"": ""sha256:350318c5ac66766b11d407a537ccd6d931e9b19d088abe6dc46428363f8e893e"", ""body_path"": ""sources/http_captures/bybit-france-exit-2024-12/primary/web.archive.org__web-20241218000000-https-beincrypto.com-bybit-france-crypto-services-end-january-2025__e7acda9ab1.html"", ""url"": ""https://beincrypto.com/bybit-france-crypto-services-end-january-2025/"", ""wayback"": ""https://web.archive.org/web/20241218104424/https://beincrypto.com/bybit-france-crypto-services-end-january-2025/""}]","[{""body_hash"": ""sha256:79e09ba4530055d5df75a1364cc8505fa826771e04b42cdbb12f51482b2b0cb6"", ""body_path"": ""sources/http_captures/bybit-france-exit-2024-12/official-bybit/www.bybit.com__en-help-center-article-How-to-Onboard-Coinhouse-and-Manage-Your-Assets__4d26279d3f.html"", ""url"": ""https://www.bybit.com/en/help-center/article/How-to-Onboard-Coinhouse-and-Manage-Your-Assets""}, {""body_hash"": ""sha256:8e69c8cffcc27109edd08f805b80e3477a0e5fa2bc78f5abd2b562d34ab5bdbb"", ""body_path"": ""sources/http_captures/bybit-france-exit-2024-12/primary/web.archive.org__web-20241218000000-https-www.fxleaders.com-news-2024-12-17-bybit-to-end-services-in-france-key-deadlines-and-next-steps-for-users__267a0afd51.html"", ""url"": ""https://www.fxleaders.com/news/2024/12/17/bybit-to-end-services-in-france-key-deadlines-and-next-steps-for-users/"", ""wayback"": ""https://web.archive.org/web/20250327225010/https://www.fxleaders.com/news/2024/12/17/bybit-to-end-services-in-france-key-deadlines-and-next-steps-for-users/""}, {""body_hash"": ""sha256:350318c5ac66766b11d407a537ccd6d931e9b19d088abe6dc46428363f8e893e"", ""body_path"": ""sources/http_captures/bybit-france-exit-2024-12/primary/web.archive.org__web-20241218000000-https-beincrypto.com-bybit-france-crypto-services-end-january-2025__e7acda9ab1.html"", ""url"": ""https://beincrypto.com/bybit-france-crypto-services-end-january-2025/"", ""wayback"": ""https://web.archive.org/web/20241218104424/https://beincrypto.com/bybit-france-crypto-services-end-january-2025/""}]",unadjudicated_risk_flag
cambodia-nbc-joint-crypto-prohibition-2018-05,admitted,events/cambodia-nbc-joint-crypto-prohibition-2018-05.yaml,0,offramp_cex,observed_change,crypto_trading_and_settlement_declared_illegal_without_license,"[{""matching_fields"": [""url"", ""body_hash""], ""observation_source_index"": 0, ""trigger_source_index"": 0}, {""matching_fields"": [""url"", ""body_hash""], ""observation_source_index"": 1, ""trigger_source_index"": 1}, {""matching_fields"": [""url"", ""body_hash""], ""observation_source_index"": 2, ""trigger_source_index"": 2}]","[{""body_hash"": ""sha256:21ea89870f7dc2410603614d23f78f5d9e7cedf1de7d51151ecb05f275f54d7c"", ""body_path"": ""sources/http_captures/cambodia-nbc-joint-crypto-prohibition-2018-05/primary-nbc-pdf/www.nbc.gov.kh__download_files-news_and_events-news_eng-5223Joint_statement_NBC_SECC_POLICE_ENG.pdf__3b5478c840.bin"", ""url"": ""https://www.nbc.gov.kh/download_files/news_and_events/news_eng/5223Joint_statement_NBC_SECC_POLICE_ENG.pdf"", ""wayback"": ""https://web.archive.org/web/20260601125313/https://www.nbc.gov.kh/download_files/news_and_events/news_eng/5223Joint_statement_NBC_SECC_POLICE_ENG.pdf""}, {""body_hash"": ""sha256:8c8215744a74e3fdbb52d7c302ae874eb2c212820cf4a59b5f681c1bfd444d7b"", ""body_path"": ""sources/http_captures/cambodia-nbc-joint-crypto-prohibition-2018-05/primary-nbc-page/www.nbc.gov.kh__english-news_and_events-news_info.php__8390f78670.html"", ""url"": ""https://www.nbc.gov.kh/english/news_and_events/news_info.php?id=380"", ""wayback"": ""https://web.archive.org/web/20260601125236/https://www.nbc.gov.kh/english/news_and_events/news_info.php?id=380""}, {""body_hash"": ""sha256:c8acdc033a4946eef66dde5c4d2ae7858c2aec180a64696a3ba09b74ac99edb6"", ""body_path"": ""sources/http_captures/cambodia-nbc-joint-crypto-prohibition-2018-05/primary/web.archive.org__web-20180620031123-https-www.phnompenhpost.com-business-cryptos-illegal-kingdom-regulators__3512288dd1.html"", ""url"": ""https://web.archive.org/web/20180620031123/https://www.phnompenhpost.com/business/cryptos-illegal-kingdom-regulators"", ""wayback"": ""https://web.archive.org/web/20180620031123/https://www.phnompenhpost.com/business/cryptos-illegal-kingdom-regulators""}]","[{""body_hash"": ""sha256:21ea89870f7dc2410603614d23f78f5d9e7cedf1de7d51151ecb05f275f54d7c"", ""body_path"": ""sources/http_captures/cambodia-nbc-joint-crypto-prohibition-2018-05/primary-nbc-pdf/www.nbc.gov.kh__download_files-news_and_events-news_eng-5223Joint_statement_NBC_SECC_POLICE_ENG.pdf__3b5478c840.bin"", ""url"": ""https://www.nbc.gov.kh/download_files/news_and_events/news_eng/5223Joint_statement_NBC_SECC_POLICE_ENG.pdf"", ""wayback"": ""https://web.archive.org/web/20260601125313/https://www.nbc.gov.kh/download_files/news_and_events/news_eng/5223Joint_statement_NBC_SECC_POLICE_ENG.pdf""}, {""body_hash"": ""sha256:8c8215744a74e3fdbb52d7c302ae874eb2c212820cf4a59b5f681c1bfd444d7b"", ""body_path"": ""sources/http_captures/cambodia-nbc-joint-crypto-prohibition-2018-05/primary-nbc-page/www.nbc.gov.kh__english-news_and_events-news_info.php__8390f78670.html"", ""url"": ""https://www.nbc.gov.kh/english/news_and_events/news_info.php?id=380"", ""wayback"": ""https://web.archive.org/web/20260601125236/https://www.nbc.gov.kh/english/news_and_events/news_info.php?id=380""}, {""body_hash"": ""sha256:c8acdc033a4946eef66dde5c4d2ae7858c2aec180a64696a3ba09b74ac99edb6"", ""body_path"": ""sources/http_captures/cambodia-nbc-joint-crypto-prohibition-2018-05/primary/web.archive.org__web-20180620031123-https-www.phnompenhpost.com-business-cryptos-illegal-kingdom-regulators__3512288dd1.html"", ""url"": ""https://web.archive.org/web/20180620031123/https://www.phnompenhpost.com/business/cryptos-illegal-kingdom-regulators"", ""wayback"": ""https://web.archive.org/web/20180620031123/https://www.phnompenhpost.com/business/cryptos-illegal-kingdom-regulators""}]",unadjudicated_risk_flag
canada-convoy-freeze-2022,admitted,events/canada-convoy-freeze-2022.yaml,0,offramp_cex,observed_change,canadian_regulated_exchanges_frozen_convoy_addresses,"[{""matching_fields"": [""url"", ""body_hash""], ""observation_source_index"": 0, ""trigger_source_index"": 0}]","[{""body_hash"": ""sha256:fac09fbd776f03ca74a2a6fbafe17f46caa346a89980ca75e44b1aca40dd9d02"", ""body_path"": ""sources/http_captures/canada-convoy-freeze-2022/primary/canadagazette.gc.ca__rp-pr-p2-2022-2022-02-16-x1-html-sor-dors21-eng.html__798548451d.html"", ""url"": ""https://gazette.gc.ca/rp-pr/p2/2022/2022-02-16-x1/html/sor-dors21-eng.html""}]","[{""body_hash"": ""sha256:fac09fbd776f03ca74a2a6fbafe17f46caa346a89980ca75e44b1aca40dd9d02"", ""body_path"": ""sources/http_captures/canada-convoy-freeze-2022/primary/canadagazette.gc.ca__rp-pr-p2-2022-2022-02-16-x1-html-sor-dors21-eng.html__798548451d.html"", ""url"": ""https://gazette.gc.ca/rp-pr/p2/2022/2022-02-16-x1/html/sor-dors21-eng.html""}]",unadjudicated_risk_flag
canada-csa-binance-withdrawal-2023,admitted,events/canada-csa-binance-withdrawal-2023.yaml,0,offramp_cex,observed_change,binance_canada_market_withdrawal_announcement,"[{""matching_fields"": [""url"", ""body_hash""], ""observation_source_index"": 1, ""trigger_source_index"": 0}]","[{""body_hash"": ""sha256:98feda91a13238ce5af49cb958314fed8c98f8297acff5e390cf240f56089fb1"", ""body_path"": ""sources/http_captures/canada-csa-binance-withdrawal-2023/primary/www.osc.ca__sites-default-files-2023-02-csa_20230222_21-332_crypto-trading-platforms-pre-reg-undertakings.pdf__a38823bba3.bin"", ""url"": ""https://www.osc.ca/sites/default/files/2023-02/csa_20230222_21-332_crypto-trading-platforms-pre-reg-undertakings.pdf""}]","[{""body_hash"": ""sha256:76e74a1dc89e79f326dd3d4de04e7465fa897a0941f19840a62826b8af2cf456"", ""body_path"": ""sources/http_captures/canada-csa-binance-withdrawal-2023/binance-x/x.com__binance-status-1657099651210969088__017fd8e815.html"", ""url"": ""https://x.com/binance/status/1657099651210969088""}, {""body_hash"": ""sha256:98feda91a13238ce5af49cb958314fed8c98f8297acff5e390cf240f56089fb1"", ""body_path"": ""sources/http_captures/canada-csa-binance-withdrawal-2023/primary/www.osc.ca__sites-default-files-2023-02-csa_20230222_21-332_crypto-trading-platforms-pre-reg-undertakings.pdf__a38823bba3.bin"", ""url"": ""https://www.osc.ca/sites/default/files/2023-02/csa_20230222_21-332_crypto-trading-platforms-pre-reg-undertakings.pdf""}]",unadjudicated_risk_flag
celsius-bankruptcy-mashinsky-doj-2023,admitted,events/celsius-bankruptcy-mashinsky-doj-2023.yaml,0,offramp_cex,observed_change,celsius_lending_platform_collapse_codified_by_doj_sec_cftc_ftc_actions,"[{""matching_fields"": [""url""], ""observation_source_index"": 0, ""trigger_source_index"": 0}, {""matching_fields"": [""url""], ""observation_source_index"": 1, ""trigger_source_index"": 1}, {""matching_fields"": [""url""], ""observation_source_index"": 2, ""trigger_source_index"": 2}, {""matching_fields"": [""url""], ""observation_source_index"": 3, ""trigger_source_index"": 3}]","[{""url"": ""https://www.justice.gov/usao-sdny/pr/founder-and-former-chief-executive-officer-celsius-network-limited-charged-multi"", ""wayback"": ""https://web.archive.org/web/20260516000000/https://www.justice.gov/usao-sdny/pr/founder-and-former-chief-executive-officer-celsius-network-limited-charged-multi""}, {""url"": ""https://www.sec.gov/news/press-release/2023-127"", ""wayback"": ""https://web.archive.org/web/20260516000000/https://www.sec.gov/news/press-release/2023-127""}, {""url"": ""https://www.cftc.gov/PressRoom/PressReleases/8758-23"", ""wayback"": ""https://web.archive.org/web/20260516000000/https://www.cftc.gov/PressRoom/PressReleases/8758-23""}, {""url"": ""https://www.ftc.gov/news-events/news/press-releases/2023/07/ftc-action-leads-record-47-billion-imposed-judgment-against-crypto-platform-celsius"", ""wayback"": ""https://web.archive.org/web/20260516000000/https://www.ftc.gov/news-events/news/press-releases/2023/07/ftc-action-leads-record-47-billion-imposed-judgment-against-crypto-platform-celsius""}, {""body_hash"": ""sha256:b889e7875b38b8d0ad0f91f7f24388aa1f36b0af797d1ff4c094f032ac0c74f6"", ""body_path"": ""sources/http_captures/celsius-bankruptcy-mashinsky-doj-2023/v0_3_repair/cases.stretto.com__celsius__f15ad87980.html"", ""url"": ""https://cases.stretto.com/celsius/""}]","[{""url"": ""https://www.justice.gov/usao-sdny/pr/founder-and-former-chief-executive-officer-celsius-network-limited-charged-multi"", ""wayback"": ""https://web.archive.org/web/20260516000000/https://www.justice.gov/usao-sdny/pr/founder-and-former-chief-executive-officer-celsius-network-limited-charged-multi""}, {""url"": ""https://www.sec.gov/news/press-release/2023-127"", ""wayback"": ""https://web.archive.org/web/20260516000000/https://www.sec.gov/news/press-release/2023-127""}, {""url"": ""https://www.cftc.gov/PressRoom/PressReleases/8758-23"", ""wayback"": ""https://web.archive.org/web/20260516000000/https://www.cftc.gov/PressRoom/PressReleases/8758-23""}, {""url"": ""https://www.ftc.gov/news-events/news/press-releases/2023/07/ftc-action-leads-record-47-billion-imposed-judgment-against-crypto-platform-celsius"", ""wayback"": ""https://web.archive.org/web/20260516000000/https://www.ftc.gov/news-events/news/press-releases/2023/07/ftc-action-leads-record-47-billion-imposed-judgment-against-crypto-platform-celsius""}]",unadjudicated_risk_flag
celsius-multistate-cease-desist-earn-2021-09,admitted,events/celsius-multistate-cease-desist-earn-2021-09.yaml,0,offramp_cex,observed_change,celsius_earn_interest_accounts_ordered_to_cease_new_jersey,"[{""matching_fields"": [""url"", ""body_hash""], ""observation_source_index"": 0, ""trigger_source_index"": 0}, {""matching_fields"": [""url"", ""body_hash""], ""observation_source_index"": 1, ""trigger_source_index"": 1}]","[{""body_hash"": ""sha256:18efa19cba2ec30ccf0e54eb42702a0cdc7cf91fcd31b3d9a7c37fb7b3d6cce1"", ""body_path"": ""sources/http_captures/celsius-multistate-cease-desist-earn-2021-09/primary/www.nj.gov__oag-newsreleases21-Celsius-Order-9.17.21.pdf__7854d9917f.bin"", ""url"": ""https://www.nj.gov/oag/newsreleases21/Celsius-Order-9.17.21.pdf""}, {""body_hash"": ""sha256:076fd36529cf24c4e5b8b9668615a634d5f29be6f2015d4a3c50dc005f49074c"", ""body_path"": ""sources/http_captures/celsius-multistate-cease-desist-earn-2021-09/primary/www.ssb.texas.gov__sites-default-files-2021-09-20210917_FINAL_Celsius_NOH_js_signed.pdf__5db9ed62fd.bin"", ""url"": ""https://www.ssb.texas.gov/sites/default/files/2021-09/20210917_FINAL_Celsius_NOH_js_signed.pdf""}]","[{""body_hash"": ""sha256:18efa19cba2ec30ccf0e54eb42702a0cdc7cf91fcd31b3d9a7c37fb7b3d6cce1"", ""body_path"": ""sources/http_captures/celsius-multistate-cease-desist-earn-2021-09/primary/www.nj.gov__oag-newsreleases21-Celsius-Order-9.17.21.pdf__7854d9917f.bin"", ""url"": ""https://www.nj.gov/oag/newsreleases21/Celsius-Order-9.17.21.pdf""}, {""body_hash"": ""sha256:076fd36529cf24c4e5b8b9668615a634d5f29be6f2015d4a3c50dc005f49074c"", ""body_path"": ""sources/http_captures/celsius-multistate-cease-desist-earn-2021-09/primary/www.ssb.texas.gov__sites-default-files-2021-09-20210917_FINAL_Celsius_NOH_js_signed.pdf__5db9ed62fd.bin"", ""url"": ""https://www.ssb.texas.gov/sites/default/files/2021-09/20210917_FINAL_Celsius_NOH_js_signed.pdf""}]",unadjudicated_risk_flag
cftc-defi-opyn-zeroex-deridex-2023-09,admitted,events/cftc-defi-opyn-zeroex-deridex-2023-09.yaml,0,l4_frontend,observed_change,cftc_orders_three_defi_operators_to_cease_offering_to_us_persons,"[{""matching_fields"": [""url"", ""body_hash""], ""observation_source_index"": 0, ""trigger_source_index"": 0}]","[{""body_hash"": ""sha256:a013f296efc95d37f306e1a41c1f9cacb9510e4eab2745b4cf4eaed40b535918"", ""body_path"": ""sources/http_captures/cftc-defi-opyn-zeroex-deridex-2023-09/primary/web.archive.org__web-20230908000000-https-www.cftc.gov-PressRoom-PressReleases-8774-23__1c73b942d5.html"", ""url"": ""https://www.cftc.gov/PressRoom/PressReleases/8774-23"", ""wayback"": ""https://web.archive.org/web/20230908043407/https://www.cftc.gov/PressRoom/PressReleases/8774-23""}]","[{""body_hash"": ""sha256:a013f296efc95d37f306e1a41c1f9cacb9510e4eab2745b4cf4eaed40b535918"", ""body_path"": ""sources/http_captures/cftc-defi-opyn-zeroex-deridex-2023-09/primary/web.archive.org__web-20230908000000-https-www.cftc.gov-PressRoom-PressReleases-8774-23__1c73b942d5.html"", ""url"": ""https://www.cftc.gov/PressRoom/PressReleases/8774-23"", ""wayback"": ""https://web.archive.org/web/20230908043407/https://www.cftc.gov/PressRoom/PressReleases/8774-23""}]",unadjudicated_risk_flag
cftc-v-ooki-dao-2022,admitted,events/cftc-v-ooki-dao-2022.yaml,0,l4_frontend,observed_change,cftc_enforced_frontend_geo_blocking_us_via_default_judgment,"[{""matching_fields"": [""url"", ""body_hash""], ""observation_source_index"": 2, ""trigger_source_index"": 0}]","[{""body_hash"": ""sha256:a241fc6b6dc9ff3a73c8a9a39fe49032c591a62ca4c84841521b532c26f0ed3d"", ""body_path"": ""sources/http_captures/cftc-v-ooki-dao-2022/primary/www.cftc.gov__PressRoom-PressReleases-8590-22__bd77d22b3b.html"", ""url"": ""https://www.cftc.gov/PressRoom/PressReleases/8590-22""}]","[{""body_hash"": ""sha256:cb8789ad3283645a8ffef6ce726701e72373417a781c48097237685135e37673"", ""body_path"": ""sources/http_captures/cftc-v-ooki-dao-2022/cftc_judgment_pdf/cftc_v_ooki_dao_judgment_20230608.pdf"", ""url"": ""https://www.cftc.gov/media/8741/enfookidaojudgment060923/download"", ""wayback"": ""https://web.archive.org/web/20230610092333/https://www.cftc.gov/media/8741/enfookidaojudgment060923/download""}, {""body_hash"": ""sha256:370136f5c29b0a814c8142c454f678111ee0610b4aad9eff6c8a943b7972bbc1"", ""body_path"": ""sources/http_captures/cftc-v-ooki-dao-2022/cftc_order_pdf/cftc_v_ooki_dao_order_20230608.pdf"", ""url"": ""https://www.cftc.gov/media/8736/enfookidaoorder060923/download"", ""wayback"": ""https://web.archive.org/web/20230609212231/https://www.cftc.gov/media/8736/enfookidaoorder060923/download""}, {""body_hash"": ""sha256:a241fc6b6dc9ff3a73c8a9a39fe49032c591a62ca4c84841521b532c26f0ed3d"", ""body_path"": ""sources/http_captures/cftc-v-ooki-dao-2022/primary/www.cftc.gov__PressRoom-PressReleases-8590-22__bd77d22b3b.html"", ""url"": ""https://www.cftc.gov/PressRoom/PressReleases/8590-22""}]",unadjudicated_risk_flag
china-ico-ban-2017-09,admitted,events/china-ico-ban-2017-09.yaml,0,offramp_cex,observed_change,ico_token_cny_pairs_delisted_sector_wide,"[{""matching_fields"": [""url"", ""body_hash""], ""observation_source_index"": 0, ""trigger_source_index"": 0}, {""matching_fields"": [""url"", ""body_hash""], ""observation_source_index"": 1, ""trigger_source_index"": 2}]","[{""body_hash"": ""sha256:48cad3d18bb9d1d59fb58b3ba398bfcc70a1dd74cabf81d554094f9f981983ca"", ""body_path"": ""sources/http_captures/china-ico-ban-2017-09/primary/web.archive.org__web-20170904083557-http-www.pbc.gov.cn-goutongjiaoliu-113456-113469-3374222-index.html__0aa94d8f93.html"", ""url"": ""http://www.pbc.gov.cn/goutongjiaoliu/113456/113469/3374222/index.html"", ""wayback"": ""https://web.archive.org/web/20170904083557/http://www.pbc.gov.cn/goutongjiaoliu/113456/113469/3374222/index.html""}, {""url"": ""https://www.loc.gov/item/global-legal-monitor/2017-10-19/china-regulators-ban-companies-from-raising-money-through-virtual-currencies/"", ""wayback"": ""https://web.archive.org/web/2020/https://www.loc.gov/item/global-legal-monitor/2017-10-19/china-regulators-ban-companies-from-raising-money-through-virtual-currencies/""}, {""body_hash"": ""sha256:4b10ede20fb7ed959ddcf52630d092ffe2d5fa5598cd2f2f4a228fa5d5dd24dd"", ""body_path"": ""sources/http_captures/china-ico-ban-2017-09/primary/web.archive.org__web-20170904084200-https-www.cnbc.com-2017-09-04-chinese-icos-china-bans-fundraising-through-initial-coin-offerings-report-says.html__a27d6aec56.html"", ""url"": ""https://www.cnbc.com/2017/09/04/chinese-icos-china-bans-fundraising-through-initial-coin-offerings-report-says.html"", ""wayback"": ""https://web.archive.org/web/20170904084200/https://www.cnbc.com/2017/09/04/chinese-icos-china-bans-fundraising-through-initial-coin-offerings-report-says.html""}]","[{""body_hash"": ""sha256:48cad3d18bb9d1d59fb58b3ba398bfcc70a1dd74cabf81d554094f9f981983ca"", ""body_path"": ""sources/http_captures/china-ico-ban-2017-09/primary/web.archive.org__web-20170904083557-http-www.pbc.gov.cn-goutongjiaoliu-113456-113469-3374222-index.html__0aa94d8f93.html"", ""url"": ""http://www.pbc.gov.cn/goutongjiaoliu/113456/113469/3374222/index.html"", ""wayback"": ""https://web.archive.org/web/20170904083557/http://www.pbc.gov.cn/goutongjiaoliu/113456/113469/3374222/index.html""}, {""body_hash"": ""sha256:4b10ede20fb7ed959ddcf52630d092ffe2d5fa5598cd2f2f4a228fa5d5dd24dd"", ""body_path"": ""sources/http_captures/china-ico-ban-2017-09/primary/web.archive.org__web-20170904084200-https-www.cnbc.com-2017-09-04-chinese-icos-china-bans-fundraising-through-initial-coin-offerings-report-says.html__a27d6aec56.html"", ""url"": ""https://www.cnbc.com/2017/09/04/chinese-icos-china-bans-fundraising-through-initial-coin-offerings-report-says.html"", ""wayback"": ""https://web.archive.org/web/20170904084200/https://www.cnbc.com/2017/09/04/chinese-icos-china-bans-fundraising-through-initial-coin-offerings-report-says.html""}]",unadjudicated_risk_flag
china-inner-mongolia-mining-ban-2021-05,admitted,events/china-inner-mongolia-mining-ban-2021-05.yaml,0,l1_consensus,observed_change,inner_mongolia_provincial_mining_ban_enforcement_notice_published_with_public_reporting_hotline,"[{""matching_fields"": [""url""], ""observation_source_index"": 0, ""trigger_source_index"": 0}, {""matching_fields"": [""url""], ""observation_source_index"": 1, ""trigger_source_index"": 1}, {""matching_fields"": [""url""], ""observation_source_index"": 2, ""trigger_source_index"": 3}]","[{""url"": ""https://fgw.nmg.gov.cn/"", ""wayback"": ""https://web.archive.org/web/2021/https://fgw.nmg.gov.cn/""}, {""url"": ""https://www.coindesk.com/policy/2021/05/25/inner-mongolia-outlines-how-it-may-ban-crypto-mining/"", ""wayback"": ""https://web.archive.org/web/2021/https://www.coindesk.com/policy/2021/05/25/inner-mongolia-outlines-how-it-may-ban-crypto-mining/""}, {""url"": ""https://www.scmp.com/economy/china-economy/article/3134058/chinas-cryptocurrency-crackdown-sees-inner-mongolia-call"", ""wayback"": ""https://web.archive.org/web/2021/https://www.scmp.com/economy/china-economy/article/3134058/chinas-cryptocurrency-crackdown-sees-inner-mongolia-call""}, {""url"": ""https://www.cnbc.com/2021/05/26/major-china-bitcoin-mining-hub-lays-out-harsher-crackdown-measures.html"", ""wayback"": ""https://web.archive.org/web/2021/https://www.cnbc.com/2021/05/26/major-china-bitcoin-mining-hub-lays-out-harsher-crackdown-measures.html""}]","[{""url"": ""https://fgw.nmg.gov.cn/"", ""wayback"": ""https://web.archive.org/web/2021/https://fgw.nmg.gov.cn/""}, {""body_hash"": ""sha256:3653ba7dd17cb7227fd62bbb1afcf73cfc291620fb8124aa77899f6457f44b6f"", ""body_path"": ""sources/http_captures/china-inner-mongolia-mining-ban-2021-05/primary/web.archive.org__web-20211009120544-https-www.coindesk.com-policy-2021-05-25-inner-mongolia-outlines-how-it-may-ban-crypto-mining__a6d5cd5aca.html"", ""url"": ""https://www.coindesk.com/policy/2021/05/25/inner-mongolia-outlines-how-it-may-ban-crypto-mining/"", ""wayback"": ""https://web.archive.org/web/20211009120544/https://www.coindesk.com/policy/2021/05/25/inner-mongolia-outlines-how-it-may-ban-crypto-mining/""}, {""body_hash"": ""sha256:39cc001b9025c12bceebf5ed9ab2474d22db86b24c318cce8dab746b0b177c02"", ""body_path"": ""sources/http_captures/china-inner-mongolia-mining-ban-2021-05/primary/web.archive.org__web-20210526031619-https-www.cnbc.com-2021-05-26-major-china-bitcoin-mining-hub-lays-out-harsher-crackdown-measures.html__b5996837bb.html"", ""url"": ""https://www.cnbc.com/2021/05/26/major-china-bitcoin-mining-hub-lays-out-harsher-crackdown-measures.html"", ""wayback"": ""https://web.archive.org/web/20210526031619/https://www.cnbc.com/2021/05/26/major-china-bitcoin-mining-hub-lays-out-harsher-crackdown-measures.html""}]",unadjudicated_risk_flag
china-ndrc-mining-eliminated-industry-notice-2021-09,admitted,events/china-ndrc-mining-eliminated-industry-notice-2021-09.yaml,0,offramp_cex,observed_change,ndrc_ordered_phase_out_and_support_severance_for_mining_industry,"[{""matching_fields"": [""url"", ""body_hash""], ""observation_source_index"": 0, ""trigger_source_index"": 0}, {""matching_fields"": [""url"", ""body_hash""], ""observation_source_index"": 1, ""trigger_source_index"": 1}, {""matching_fields"": [""url"", ""body_hash""], ""observation_source_index"": 2, ""trigger_source_index"": 3}]","[{""body_hash"": ""sha256:1ca312cc544d16e6f582911da15e9f65531a965b126423876aa39fcde8095023"", ""body_path"": ""sources/http_captures/china-ndrc-mining-eliminated-industry-notice-2021-09/primary-ndrc-notice/www.ndrc.gov.cn__xxgk-zcfb-tz-202109-t20210924_1297474.html__fd9fe59fce.html"", ""url"": ""https://www.ndrc.gov.cn/xxgk/zcfb/tz/202109/t20210924_1297474.html""}, {""body_hash"": ""sha256:574e87be343b08784b36be665ad885583a6747ce842dc1ee475debf732508369"", ""body_path"": ""sources/http_captures/china-ndrc-mining-eliminated-industry-notice-2021-09/primary-ndrc-repair/www.ndrc.gov.cn__xxgk-jd-jd-202109-t20210924_1297478.html__c6b5d23876.html"", ""url"": ""https://www.ndrc.gov.cn/xxgk/jd/jd/202109/t20210924_1297478.html""}, {""body_hash"": ""sha256:1e5fd8a3c88524a574c1fa3ebad59fd2bbf23115786d608fe658347b48a04619"", ""body_path"": ""sources/http_captures/china-ndrc-mining-eliminated-industry-notice-2021-09/primary-ndrc-repair/www.gov.cn__zhengce-zhengceku-2021-09-25-content_5639225.htm__41b5b19af7.html"", ""url"": ""https://www.gov.cn/zhengce/zhengceku/2021-09/25/content_5639225.htm""}, {""body_hash"": ""sha256:b505020728a83401e6239e5abc8dffcf164838a7254c78a93d8af14abf8541a9"", ""body_path"": ""sources/http_captures/china-ndrc-mining-eliminated-industry-notice-2021-09/primary/web.archive.org__web-20210925053628-https-www.coindesk.com-policy-2021-09-24-china-tightens-crypto-mining-crackdown-bans-trading__98e697480d.html"", ""url"": ""https://www.coindesk.com/policy/2021/09/24/china-tightens-crypto-mining-crackdown-bans-trading"", ""wayback"": ""https://web.archive.org/web/20210925053628/https://www.coindesk.com/policy/2021/09/24/china-tightens-crypto-mining-crackdown-bans-trading/""}]","[{""body_hash"": ""sha256:1ca312cc544d16e6f582911da15e9f65531a965b126423876aa39fcde8095023"", ""body_path"": ""sources/http_captures/china-ndrc-mining-eliminated-industry-notice-2021-09/primary-ndrc-notice/www.ndrc.gov.cn__xxgk-zcfb-tz-202109-t20210924_1297474.html__fd9fe59fce.html"", ""url"": ""https://www.ndrc.gov.cn/xxgk/zcfb/tz/202109/t20210924_1297474.html""}, {""body_hash"": ""sha256:574e87be343b08784b36be665ad885583a6747ce842dc1ee475debf732508369"", ""body_path"": ""sources/http_captures/china-ndrc-mining-eliminated-industry-notice-2021-09/primary-ndrc-repair/www.ndrc.gov.cn__xxgk-jd-jd-202109-t20210924_1297478.html__c6b5d23876.html"", ""url"": ""https://www.ndrc.gov.cn/xxgk/jd/jd/202109/t20210924_1297478.html""}, {""body_hash"": ""sha256:b505020728a83401e6239e5abc8dffcf164838a7254c78a93d8af14abf8541a9"", ""body_path"": ""sources/http_captures/china-ndrc-mining-eliminated-industry-notice-2021-09/primary/web.archive.org__web-20210925053628-https-www.coindesk.com-policy-2021-09-24-china-tightens-crypto-mining-crackdown-bans-trading__98e697480d.html"", ""url"": ""https://www.coindesk.com/policy/2021/09/24/china-tightens-crypto-mining-crackdown-bans-trading"", ""wayback"": ""https://web.archive.org/web/20210925053628/https://www.coindesk.com/policy/2021/09/24/china-tightens-crypto-mining-crackdown-bans-trading/""}]",unadjudicated_risk_flag
china-nft-secondary-trading-self-discipline-2022-06,admitted,events/china-nft-secondary-trading-self-discipline-2022-06.yaml,0,l4_frontend,observed_change,secondary_trading_ui_removed_on_permissioned_nft_platforms,"[{""matching_fields"": [""url""], ""observation_source_index"": 0, ""trigger_source_index"": 0}, {""matching_fields"": [""url""], ""observation_source_index"": 1, ""trigger_source_index"": 1}]","[{""url"": ""https://www.scmp.com/tech/big-tech/article/3184021/china-nfts-tencent-and-ant-group-join-industry-pledge-ban"", ""wayback"": ""https://web.archive.org/web/2022/https://www.scmp.com/tech/big-tech/article/3184021/china-nfts-tencent-and-ant-group-join-industry-pledge-ban""}, {""url"": ""https://www.euronews.com/next/2022/06/30/china-tech-nfts"", ""wayback"": ""https://web.archive.org/web/2022/https://www.euronews.com/next/2022/06/30/china-tech-nfts""}, {""url"": ""https://www.asiafinancial.com/chinas-big-tech-groups-pledge-to-help-ban-nft-trading"", ""wayback"": ""https://web.archive.org/web/2022/https://www.asiafinancial.com/chinas-big-tech-groups-pledge-to-help-ban-nft-trading""}]","[{""body_hash"": ""sha256:ac27466af354d93275c187d729312d84c215a3aadb3effde9fb4742cee08006c"", ""body_path"": ""sources/http_captures/china-nft-secondary-trading-self-discipline-2022-06/primary/web.archive.org__web-20220704063908-https-www.scmp.com-tech-big-tech-article-3184021-china-nfts-tencent-and-ant-group-join-industry-pledge-ban__78af278bf5.html"", ""url"": ""https://www.scmp.com/tech/big-tech/article/3184021/china-nfts-tencent-and-ant-group-join-industry-pledge-ban"", ""wayback"": ""https://web.archive.org/web/20220704063908/https://www.scmp.com/tech/big-tech/article/3184021/china-nfts-tencent-and-ant-group-join-industry-pledge-ban""}, {""body_hash"": ""sha256:38ea040ca96c51a7a274657321492ad5e29312623b3290e0f5d143eaf677affd"", ""body_path"": ""sources/http_captures/china-nft-secondary-trading-self-discipline-2022-06/primary/web.archive.org__web-20230927063655-https-www.euronews.com-next-2022-06-30-china-tech-nfts__192df1ba93.html"", ""url"": ""https://www.euronews.com/next/2022/06/30/china-tech-nfts"", ""wayback"": ""https://web.archive.org/web/20230927063655/https://www.euronews.com/next/2022/06/30/china-tech-nfts""}]",unadjudicated_risk_flag
china-pboc-banks-alipay-payment-channel-block-2021-06,admitted,events/china-pboc-banks-alipay-payment-channel-block-2021-06.yaml,0,offramp_cex,observed_change,crypto_payment_channels_cut_and_accounts_closed,"[{""matching_fields"": [""url"", ""body_hash""], ""observation_source_index"": 0, ""trigger_source_index"": 0}, {""matching_fields"": [""url"", ""body_hash""], ""observation_source_index"": 1, ""trigger_source_index"": 1}]","[{""body_hash"": ""sha256:4be9779e2b2f10333311958a6aa32e4b5c26b8687b06e3202cbf2cb76e80658b"", ""body_path"": ""sources/http_captures/china-pboc-banks-alipay-payment-channel-block-2021-06/primary-pboc-repair/www.pbc.gov.cn__goutongjiaoliu-113456-113469-2025092212551612812-index.html__abab2abcf4.html"", ""url"": ""https://www.pbc.gov.cn/goutongjiaoliu/113456/113469/2025092212551612812/index.html""}, {""body_hash"": ""sha256:893e2c9855fd706c7f3e19aaf03544126d5ef3868afff1207a9b732d10f9ad2d"", ""body_path"": ""sources/http_captures/china-pboc-banks-alipay-payment-channel-block-2021-06/primary/web.archive.org__web-20210621175818-https-beincrypto.com-pboc-orders-major-banks-alipay-to-cease-servicing-crypto-companies__2116be5c41.html"", ""url"": ""https://beincrypto.com/pboc-orders-major-banks-alipay-to-cease-servicing-crypto-companies/"", ""wayback"": ""https://web.archive.org/web/20210621175818/https://beincrypto.com/pboc-orders-major-banks-alipay-to-cease-servicing-crypto-companies/""}]","[{""body_hash"": ""sha256:4be9779e2b2f10333311958a6aa32e4b5c26b8687b06e3202cbf2cb76e80658b"", ""body_path"": ""sources/http_captures/china-pboc-banks-alipay-payment-channel-block-2021-06/primary-pboc-repair/www.pbc.gov.cn__goutongjiaoliu-113456-113469-2025092212551612812-index.html__abab2abcf4.html"", ""url"": ""https://www.pbc.gov.cn/goutongjiaoliu/113456/113469/2025092212551612812/index.html""}, {""body_hash"": ""sha256:893e2c9855fd706c7f3e19aaf03544126d5ef3868afff1207a9b732d10f9ad2d"", ""body_path"": ""sources/http_captures/china-pboc-banks-alipay-payment-channel-block-2021-06/primary/web.archive.org__web-20210621175818-https-beincrypto.com-pboc-orders-major-banks-alipay-to-cease-servicing-crypto-companies__2116be5c41.html"", ""url"": ""https://beincrypto.com/pboc-orders-major-banks-alipay-to-cease-servicing-crypto-companies/"", ""wayback"": ""https://web.archive.org/web/20210621175818/https://beincrypto.com/pboc-orders-major-banks-alipay-to-cease-servicing-crypto-companies/""}, {""body_hash"": ""sha256:92f8db927b56a6d37b3a2e4648f6c85b4d39ef362efe9e4558f6155af6b62117"", ""body_path"": ""sources/http_captures/china-pboc-banks-alipay-payment-channel-block-2021-06/primary/web.archive.org__web-20210623023627-https-www.regulationasia.com-pboc-directs-banks-alipay-to-stamp-out-crypto-activity__dc6a276e02.html"", ""url"": ""https://www.regulationasia.com/pboc-directs-banks-alipay-to-stamp-out-crypto-activity/"", ""wayback"": ""https://web.archive.org/web/20210623023627/https://www.regulationasia.com/pboc-directs-banks-alipay-to-stamp-out-crypto-activity/""}]",unadjudicated_risk_flag
china-pboc-banks-close-exchange-accounts-2014-04,admitted,events/china-pboc-banks-close-exchange-accounts-2014-04.yaml,0,offramp_cex,observed_change,exchange_bank_accounts_closed_following_pboc_deadline,"[{""matching_fields"": [""url"", ""body_hash""], ""observation_source_index"": 0, ""trigger_source_index"": 0}]","[{""body_hash"": ""sha256:022abe686c4f11d75f8ca2e31eaf3f3593db658ae67a06c45ae77be3441a80d8"", ""body_path"": ""sources/http_captures/china-pboc-banks-close-exchange-accounts-2014-04/primary/web.archive.org__web-20140418000000-https-www.coindesk.com-markets-2014-04-17-chinas-banks-close-more-bitcoin-accounts-following-pboc-deadline__c560f7f2c5.html"", ""url"": ""https://web.archive.org/web/20140418000000/https://www.coindesk.com/markets/2014/04/17/chinas-banks-close-more-bitcoin-accounts-following-pboc-deadline"", ""wayback"": ""https://web.archive.org/web/20210918082857/https://www.coindesk.com/markets/2014/04/17/chinas-banks-close-more-bitcoin-accounts-following-pboc-deadline/""}]","[{""body_hash"": ""sha256:022abe686c4f11d75f8ca2e31eaf3f3593db658ae67a06c45ae77be3441a80d8"", ""body_path"": ""sources/http_captures/china-pboc-banks-close-exchange-accounts-2014-04/primary/web.archive.org__web-20140418000000-https-www.coindesk.com-markets-2014-04-17-chinas-banks-close-more-bitcoin-accounts-following-pboc-deadline__c560f7f2c5.html"", ""url"": ""https://web.archive.org/web/20140418000000/https://www.coindesk.com/markets/2014/04/17/chinas-banks-close-more-bitcoin-accounts-following-pboc-deadline"", ""wayback"": ""https://web.archive.org/web/20210918082857/https://www.coindesk.com/markets/2014/04/17/chinas-banks-close-more-bitcoin-accounts-following-pboc-deadline/""}]",unadjudicated_risk_flag
china-pboc-crypto-ban-2013-12,admitted,events/china-pboc-crypto-ban-2013-12.yaml,0,offramp_cex,observed_change,financial_and_payment_institution_bitcoin_service_prohibition,"[{""matching_fields"": [""url"", ""body_hash""], ""observation_source_index"": 0, ""trigger_source_index"": 2}, {""matching_fields"": [""url"", ""body_hash""], ""observation_source_index"": 1, ""trigger_source_index"": 1}]","[{""body_hash"": ""sha256:054dce6a61ceda31c3438ee10b9c81da2eb42c05bf487d319273b32a96c8d3a0"", ""body_path"": ""sources/http_captures/china-pboc-crypto-ban-2013-12/primary/www.pbc.gov.cn__tiaofasi-144941-3581332-3587306-index.html__ae42a4eb2c.html"", ""url"": ""https://www.pbc.gov.cn/tiaofasi/144941/3581332/3587306/index.html""}, {""body_hash"": ""sha256:5522c48edcffc33d96c13d41d44cfe8dfd0791c211ed93885e188a3bc15a1b9b"", ""body_path"": ""sources/http_captures/china-pboc-crypto-ban-2013-12/primary/www.pbc.gov.cn__tiaofasi-fileDir-resource-cms-2018-07-2018072615002921168.pdf__7180e9bb41.bin"", ""url"": ""https://www.pbc.gov.cn/tiaofasi/fileDir/resource/cms/2018/07/2018072615002921168.pdf""}, {""body_hash"": ""sha256:fd834ddbf817a7e65d70ba0e13e2ee1695dbd039e09918e1e1eee4d348c1c70a"", ""body_path"": ""sources/http_captures/china-pboc-crypto-ban-2013-12/primary/www.miit.gov.cn__zwgk-zcwj-wjfb-tz-art-2013-art_d7241872221f43708e47fd30ac30eac0.html__a2558c2094.html"", ""url"": ""https://www.miit.gov.cn/zwgk/zcwj/wjfb/tz/art/2013/art_d7241872221f43708e47fd30ac30eac0.html""}]","[{""body_hash"": ""sha256:fd834ddbf817a7e65d70ba0e13e2ee1695dbd039e09918e1e1eee4d348c1c70a"", ""body_path"": ""sources/http_captures/china-pboc-crypto-ban-2013-12/primary/www.miit.gov.cn__zwgk-zcwj-wjfb-tz-art-2013-art_d7241872221f43708e47fd30ac30eac0.html__a2558c2094.html"", ""url"": ""https://www.miit.gov.cn/zwgk/zcwj/wjfb/tz/art/2013/art_d7241872221f43708e47fd30ac30eac0.html""}, {""body_hash"": ""sha256:5522c48edcffc33d96c13d41d44cfe8dfd0791c211ed93885e188a3bc15a1b9b"", ""body_path"": ""sources/http_captures/china-pboc-crypto-ban-2013-12/primary/www.pbc.gov.cn__tiaofasi-fileDir-resource-cms-2018-07-2018072615002921168.pdf__7180e9bb41.bin"", ""url"": ""https://www.pbc.gov.cn/tiaofasi/fileDir/resource/cms/2018/07/2018072615002921168.pdf""}]",unadjudicated_risk_flag
china-pboc-exchange-access-block-2019-06,admitted,events/china-pboc-exchange-access-block-2019-06.yaml,0,offramp_cex,observed_change,pboc_shanghai_ordered_probe_rectification_of_local_crypto_services,"[{""matching_fields"": [""url"", ""body_hash""], ""observation_source_index"": 0, ""trigger_source_index"": 0}]","[{""body_hash"": ""sha256:a037751523e22bd2292daa22aacfa2b359fe8d39880f39f2b2474b8351155227"", ""body_path"": ""sources/http_captures/china-pboc-exchange-access-block-2019-06/primary/web.archive.org__web-20191126000000-https-technode.com-2019-11-25-chinas-regulators-launch-all-around-crackdown-on-cryptocurrency__300169d4f1.html"", ""url"": ""https://web.archive.org/web/20191126000000/https://technode.com/2019/11/25/chinas-regulators-launch-all-around-crackdown-on-cryptocurrency/"", ""wayback"": ""https://web.archive.org/web/20191128215110/https://technode.com/2019/11/25/chinas-regulators-launch-all-around-crackdown-on-cryptocurrency/""}]","[{""body_hash"": ""sha256:a037751523e22bd2292daa22aacfa2b359fe8d39880f39f2b2474b8351155227"", ""body_path"": ""sources/http_captures/china-pboc-exchange-access-block-2019-06/primary/web.archive.org__web-20191126000000-https-technode.com-2019-11-25-chinas-regulators-launch-all-around-crackdown-on-cryptocurrency__300169d4f1.html"", ""url"": ""https://web.archive.org/web/20191126000000/https://technode.com/2019/11/25/chinas-regulators-launch-all-around-crackdown-on-cryptocurrency/""}]",unadjudicated_risk_flag
china-pboc-exchange-shutdown-2017-09,admitted,events/china-pboc-exchange-shutdown-2017-09.yaml,0,offramp_cex,observed_change,cny_paired_trading_ceased_domestic_shutdown,"[{""matching_fields"": [""url""], ""observation_source_index"": 2, ""trigger_source_index"": 1}, {""matching_fields"": [""url""], ""observation_source_index"": 3, ""trigger_source_index"": 2}, {""matching_fields"": [""url""], ""observation_source_index"": 4, ""trigger_source_index"": 3}]","[{""url"": ""http://www.pbc.gov.cn/"", ""wayback"": ""https://web.archive.org/web/2017/http://www.pbc.gov.cn/""}, {""url"": ""https://www.coindesk.com/markets/2017/09/15/chinas-bitcoin-exchanges-receive-shutdown-orders-and-closure-timeline/"", ""wayback"": ""https://web.archive.org/web/2017/https://www.coindesk.com/markets/2017/09/15/chinas-bitcoin-exchanges-receive-shutdown-orders-and-closure-timeline/""}, {""url"": ""https://www.coindesk.com/markets/2017/09/15/huobi-okcoin-to-stop-yuan-to-bitcoin-trading-by-octobers-end/"", ""wayback"": ""https://web.archive.org/web/2017/https://www.coindesk.com/markets/2017/09/15/huobi-okcoin-to-stop-yuan-to-bitcoin-trading-by-octobers-end/""}, {""url"": ""https://qz.com/1079908/huobi-and-okcoin-chinas-two-biggest-bitcoin-exchanges-will-halt-all-trading-services-for-local-customers"", ""wayback"": ""https://web.archive.org/web/2017/https://qz.com/1079908/huobi-and-okcoin-chinas-two-biggest-bitcoin-exchanges-will-halt-all-trading-services-for-local-customers""}]","[{""body_hash"": ""sha256:ab4798c8baaa1efb74ae71b3ce98a4f3fd516b77be60ca04d6a8824e5a1b7fd5"", ""body_path"": ""sources/http_captures/china-pboc-exchange-shutdown-2017-09/v0_3_primary_repair/web.archive.org__web-20170928090826id_-https-www.btcchina.com__40bc25c910.html"", ""url"": ""https://web.archive.org/web/20170928090826id_/https://www.btcchina.com/"", ""wayback"": ""https://web.archive.org/web/20170928090826/https://www.btcchina.com/""}, {""body_hash"": ""sha256:f62795572a145030797fa9a0f035195798bd761ab70b94d81689836235202634"", ""body_path"": ""sources/http_captures/china-pboc-exchange-shutdown-2017-09/v0_3_primary_repair/web.archive.org__web-20171014094506id_-https-www.btcchina.com__960d3ee20e.html"", ""url"": ""https://web.archive.org/web/20171014094506id_/https://www.btcchina.com/"", ""wayback"": ""https://web.archive.org/web/20171014094506/https://www.btcchina.com/""}, {""body_hash"": ""sha256:a9aee20a19c03500e416cfdb15f8762bffb16f0358978cc14f19584d767e1189"", ""body_path"": ""sources/http_captures/china-pboc-exchange-shutdown-2017-09/primary/web.archive.org__web-20210919090731-https-www.coindesk.com-markets-2017-09-15-chinas-bitcoin-exchanges-receive-shutdown-orders-and-closure-timeline__a7913f1395.html"", ""url"": ""https://www.coindesk.com/markets/2017/09/15/chinas-bitcoin-exchanges-receive-shutdown-orders-and-closure-timeline/"", ""wayback"": ""https://web.archive.org/web/20210919090731/https://www.coindesk.com/markets/2017/09/15/chinas-bitcoin-exchanges-receive-shutdown-orders-and-closure-timeline/""}, {""body_hash"": ""sha256:f4c6e516a5e12e75595c3e53352ba979cfc0cb99c069f1f61482bd4a9c0eaca2"", ""body_path"": ""sources/http_captures/china-pboc-exchange-shutdown-2017-09/primary/web.archive.org__web-20210920212107-https-www.coindesk.com-markets-2017-09-15-huobi-okcoin-to-stop-yuan-to-bitcoin-trading-by-octobers-end__48e43adec1.html"", ""url"": ""https://www.coindesk.com/markets/2017/09/15/huobi-okcoin-to-stop-yuan-to-bitcoin-trading-by-octobers-end/"", ""wayback"": ""https://web.archive.org/web/20210920212107/https://www.coindesk.com/markets/2017/09/15/huobi-okcoin-to-stop-yuan-to-bitcoin-trading-by-octobers-end/""}, {""url"": ""https://qz.com/1079908/huobi-and-okcoin-chinas-two-biggest-bitcoin-exchanges-will-halt-all-trading-services-for-local-customers"", ""wayback"": ""https://web.archive.org/web/2017/https://qz.com/1079908/huobi-and-okcoin-chinas-two-biggest-bitcoin-exchanges-will-halt-all-trading-services-for-local-customers""}, {""url"": ""https://www.coindesk.com/markets/2017/09/27/bitcoin-exchange-btcc-sets-deadline-for-yuan-withdrawals"", ""wayback"": ""https://web.archive.org/web/2017/https://www.coindesk.com/markets/2017/09/27/bitcoin-exchange-btcc-sets-deadline-for-yuan-withdrawals""}]",unadjudicated_risk_flag
china-search-engine-social-keyword-exchange-block-2021-06,admitted,events/china-search-engine-social-keyword-exchange-block-2021-06.yaml,0,l4_frontend,observed_change,exchange_name_search_results_suppressed,"[{""matching_fields"": [""url"", ""body_hash""], ""observation_source_index"": 0, ""trigger_source_index"": 0}]","[{""body_hash"": ""sha256:e8573402493c3e3443a340e27eec4231f07bde2ec659cd3ede9c374dec9cd419"", ""body_path"": ""sources/http_captures/china-search-engine-social-keyword-exchange-block-2021-06/primary/web.archive.org__web-20210609164859-https-www.aljazeera.com-economy-2021-6-9-searches-for-crypto-exchanges-currently-blocked-in-china__c4c365caac.html"", ""url"": ""https://www.aljazeera.com/economy/2021/6/9/searches-for-crypto-exchanges-currently-blocked-in-china"", ""wayback"": ""https://web.archive.org/web/20210609164859/https://www.aljazeera.com/economy/2021/6/9/searches-for-crypto-exchanges-currently-blocked-in-china""}]","[{""body_hash"": ""sha256:e8573402493c3e3443a340e27eec4231f07bde2ec659cd3ede9c374dec9cd419"", ""body_path"": ""sources/http_captures/china-search-engine-social-keyword-exchange-block-2021-06/primary/web.archive.org__web-20210609164859-https-www.aljazeera.com-economy-2021-6-9-searches-for-crypto-exchanges-currently-blocked-in-china__c4c365caac.html"", ""url"": ""https://www.aljazeera.com/economy/2021/6/9/searches-for-crypto-exchanges-currently-blocked-in-china"", ""wayback"": ""https://web.archive.org/web/20210609164859/https://www.aljazeera.com/economy/2021/6/9/searches-for-crypto-exchanges-currently-blocked-in-china""}, {""body_hash"": ""sha256:6d652d18d15f2b3ca09e5b364deb68a749707c490bf26ef13e5a51f17ca4ca99"", ""body_path"": ""sources/http_captures/china-search-engine-social-keyword-exchange-block-2021-06/primary/web.archive.org__web-20210924222230-https-www.coindesk.com-markets-2021-06-09-chinese-internet-services-are-censoring-binance-huobi-and-okex-related-keywords__33292c0ec4.html"", ""url"": ""https://www.coindesk.com/markets/2021/06/09/chinese-internet-services-are-censoring-binance-huobi-and-okex-related-keywords"", ""wayback"": ""https://web.archive.org/web/20210924222230/https://www.coindesk.com/markets/2021/06/09/chinese-internet-services-are-censoring-binance-huobi-and-okex-related-keywords/""}]",unadjudicated_risk_flag
china-state-council-mining-crackdown-2021-05,admitted,events/china-state-council-mining-crackdown-2021-05.yaml,0,l1_consensus,observed_change,cn_bitcoin_hashrate_share_collapse,"[{""matching_fields"": [""url"", ""body_hash""], ""observation_source_index"": 0, ""trigger_source_index"": 0}]","[{""body_hash"": ""sha256:0dc104d32ebe49522590e6f1b999aac1a88304a93c84b85db74857499d6bb2c4"", ""body_path"": ""sources/http_captures/china-state-council-mining-crackdown-2021-05/primary/web.archive.org__web-20210521153842-http-www.gov.cn-guowuyuan-2021-05-21-content_5610192.htm__a4e95ada52.html"", ""url"": ""http://www.gov.cn/guowuyuan/2021-05/21/content_5610192.htm"", ""wayback"": ""https://web.archive.org/web/20210521153842/http://www.gov.cn/guowuyuan/2021-05/21/content_5610192.htm""}, {""url"": ""https://www.reuters.com/technology/chinese-financial-payment-bodies-barred-cryptocurrency-business-2021-05-18/"", ""wayback"": ""https://web.archive.org/web/2021/https://www.reuters.com/technology/chinese-financial-payment-bodies-barred-cryptocurrency-business-2021-05-18/""}, {""body_hash"": ""sha256:dd0f548582f23ecad905039c1e4aeba7fbb49a7aac10482edc94a059fcd5f47c"", ""body_path"": ""sources/http_captures/china-state-council-mining-crackdown-2021-05/primary/web.archive.org__web-20210521160706-https-www.cnbc.com-2021-05-21-bitcoin-falls-after-china-calls-for-crackdown-on-bitcoin-mining-and-trading-behavior.html__1d9eaab499.html"", ""url"": ""https://www.cnbc.com/2021/05/21/bitcoin-falls-after-china-calls-for-crackdown-on-bitcoin-mining-and-trading-behavior.html"", ""wayback"": ""https://web.archive.org/web/20210521160706/https://www.cnbc.com/2021/05/21/bitcoin-falls-after-china-calls-for-crackdown-on-bitcoin-mining-and-trading-behavior.html""}]","[{""body_hash"": ""sha256:0dc104d32ebe49522590e6f1b999aac1a88304a93c84b85db74857499d6bb2c4"", ""body_path"": ""sources/http_captures/china-state-council-mining-crackdown-2021-05/primary/web.archive.org__web-20210521153842-http-www.gov.cn-guowuyuan-2021-05-21-content_5610192.htm__a4e95ada52.html"", ""url"": ""http://www.gov.cn/guowuyuan/2021-05/21/content_5610192.htm"", ""wayback"": ""https://web.archive.org/web/20210521153842/http://www.gov.cn/guowuyuan/2021-05/21/content_5610192.htm""}, {""url"": ""https://ccaf.io/cbnsi/cbeci/mining_map"", ""wayback"": ""https://web.archive.org/web/2021/https://ccaf.io/cbnsi/cbeci/mining_map""}, {""url"": ""https://www.scmp.com/tech/policy/article/3141231/china-widens-crackdown-cryptocurrency-miners-shrinking-countrys-share"", ""wayback"": ""https://web.archive.org/web/2021/https://www.scmp.com/tech/policy/article/3141231/china-widens-crackdown-cryptocurrency-miners-shrinking-countrys-share""}]",unadjudicated_risk_flag
china-state-council-mining-crackdown-2021-05,admitted,events/china-state-council-mining-crackdown-2021-05.yaml,1,offramp_cex,observed_change,cn_mining_service_and_trading_pause_announcements,"[{""matching_fields"": [""url"", ""body_hash""], ""observation_source_index"": 0, ""trigger_source_index"": 0}, {""matching_fields"": [""url"", ""body_hash""], ""observation_source_index"": 1, ""trigger_source_index"": 2}, {""matching_fields"": [""url""], ""observation_source_index"": 3, ""trigger_source_index"": 2}]","[{""body_hash"": ""sha256:0dc104d32ebe49522590e6f1b999aac1a88304a93c84b85db74857499d6bb2c4"", ""body_path"": ""sources/http_captures/china-state-council-mining-crackdown-2021-05/primary/web.archive.org__web-20210521153842-http-www.gov.cn-guowuyuan-2021-05-21-content_5610192.htm__a4e95ada52.html"", ""url"": ""http://www.gov.cn/guowuyuan/2021-05/21/content_5610192.htm"", ""wayback"": ""https://web.archive.org/web/20210521153842/http://www.gov.cn/guowuyuan/2021-05/21/content_5610192.htm""}, {""url"": ""https://www.reuters.com/technology/chinese-financial-payment-bodies-barred-cryptocurrency-business-2021-05-18/"", ""wayback"": ""https://web.archive.org/web/2021/https://www.reuters.com/technology/chinese-financial-payment-bodies-barred-cryptocurrency-business-2021-05-18/""}, {""body_hash"": ""sha256:dd0f548582f23ecad905039c1e4aeba7fbb49a7aac10482edc94a059fcd5f47c"", ""body_path"": ""sources/http_captures/china-state-council-mining-crackdown-2021-05/primary/web.archive.org__web-20210521160706-https-www.cnbc.com-2021-05-21-bitcoin-falls-after-china-calls-for-crackdown-on-bitcoin-mining-and-trading-behavior.html__1d9eaab499.html"", ""url"": ""https://www.cnbc.com/2021/05/21/bitcoin-falls-after-china-calls-for-crackdown-on-bitcoin-mining-and-trading-behavior.html"", ""wayback"": ""https://web.archive.org/web/20210521160706/https://www.cnbc.com/2021/05/21/bitcoin-falls-after-china-calls-for-crackdown-on-bitcoin-mining-and-trading-behavior.html""}]","[{""body_hash"": ""sha256:0dc104d32ebe49522590e6f1b999aac1a88304a93c84b85db74857499d6bb2c4"", ""body_path"": ""sources/http_captures/china-state-council-mining-crackdown-2021-05/primary/web.archive.org__web-20210521153842-http-www.gov.cn-guowuyuan-2021-05-21-content_5610192.htm__a4e95ada52.html"", ""url"": ""http://www.gov.cn/guowuyuan/2021-05/21/content_5610192.htm"", ""wayback"": ""https://web.archive.org/web/20210521153842/http://www.gov.cn/guowuyuan/2021-05/21/content_5610192.htm""}, {""body_hash"": ""sha256:dd0f548582f23ecad905039c1e4aeba7fbb49a7aac10482edc94a059fcd5f47c"", ""body_path"": ""sources/http_captures/china-state-council-mining-crackdown-2021-05/primary/web.archive.org__web-20210521160706-https-www.cnbc.com-2021-05-21-bitcoin-falls-after-china-calls-for-crackdown-on-bitcoin-mining-and-trading-behavior.html__1d9eaab499.html"", ""url"": ""https://www.cnbc.com/2021/05/21/bitcoin-falls-after-china-calls-for-crackdown-on-bitcoin-mining-and-trading-behavior.html"", ""wayback"": ""https://web.archive.org/web/20210521160706/https://www.cnbc.com/2021/05/21/bitcoin-falls-after-china-calls-for-crackdown-on-bitcoin-mining-and-trading-behavior.html""}, {""url"": ""https://www.aljazeera.com/economy/2021/5/24/china-crackdown-forces-crypto-mining-operators-to-end-operations"", ""wayback"": ""https://web.archive.org/web/2021/https://www.aljazeera.com/economy/2021/5/24/china-crackdown-forces-crypto-mining-operators-to-end-operations""}, {""url"": ""https://www.cnbc.com/2021/05/21/bitcoin-falls-after-china-calls-for-crackdown-on-bitcoin-mining-and-trading-behavior.html"", ""wayback"": ""https://web.archive.org/web/2021/https://www.cnbc.com/2021/05/21/bitcoin-falls-after-china-calls-for-crackdown-on-bitcoin-mining-and-trading-behavior.html""}]",unadjudicated_risk_flag
china-weibo-crypto-exchange-purge-2021-03,admitted,events/china-weibo-crypto-exchange-purge-2021-03.yaml,0,l4_frontend,observed_change,binance_official_weibo_account_inaccessible,"[{""matching_fields"": [""url""], ""observation_source_index"": 0, ""trigger_source_index"": 0}]","[{""url"": ""https://www.coindesk.com/policy/2021/03/11/weibo-suspends-huobi-binance-okex-accounts-after-bitcoin-surge"", ""wayback"": ""https://web.archive.org/web/2021/https://www.coindesk.com/policy/2021/03/11/weibo-suspends-huobi-binance-okex-accounts-after-bitcoin-surge""}, {""url"": ""https://www.globaltimes.cn/page/202103/1218100.shtml"", ""wayback"": ""https://web.archive.org/web/2021/https://www.globaltimes.cn/page/202103/1218100.shtml""}, {""url"": ""https://forkast.news/weibo-takedown-huobi-binance-okex-crypto-china/"", ""wayback"": ""https://web.archive.org/web/2021/https://forkast.news/weibo-takedown-huobi-binance-okex-crypto-china/""}]","[{""body_hash"": ""sha256:f0e6472e00c1935e316f2e10cb759e253cc3dd3e1a90590264f7c873ac00953c"", ""body_path"": ""sources/http_captures/china-weibo-crypto-exchange-purge-2021-03/primary/web.archive.org__web-20210924122319-https-www.coindesk.com-policy-2021-03-11-weibo-suspends-huobi-binance-okex-accounts-after-bitcoin-surge__980be17d26.html"", ""url"": ""https://www.coindesk.com/policy/2021/03/11/weibo-suspends-huobi-binance-okex-accounts-after-bitcoin-surge"", ""wayback"": ""https://web.archive.org/web/20210924122319/https://www.coindesk.com/policy/2021/03/11/weibo-suspends-huobi-binance-okex-accounts-after-bitcoin-surge""}, {""body_hash"": ""sha256:25844db1b7fc789cb548fd8879f79fd8d30abf60cbeb26f9bd866409aaf19967"", ""body_path"": ""sources/http_captures/china-weibo-crypto-exchange-purge-2021-03/primary/web.archive.org__web-20210311120450-https-ambcrypto.com-china-weibo-deactivates-accounts-of-huobi-okex-binance__88af85fc5c.html"", ""url"": ""https://ambcrypto.com/china-weibo-deactivates-accounts-of-huobi-okex-binance/"", ""wayback"": ""https://web.archive.org/web/20210311120450/https://ambcrypto.com/china-weibo-deactivates-accounts-of-huobi-okex-binance/""}]",unadjudicated_risk_flag
china-weibo-crypto-exchange-purge-2021-03,admitted,events/china-weibo-crypto-exchange-purge-2021-03.yaml,1,l4_frontend,observed_change,huobi_official_weibo_account_inaccessible,"[{""matching_fields"": [""url""], ""observation_source_index"": 0, ""trigger_source_index"": 0}, {""matching_fields"": [""url""], ""observation_source_index"": 1, ""trigger_source_index"": 1}]","[{""url"": ""https://www.coindesk.com/policy/2021/03/11/weibo-suspends-huobi-binance-okex-accounts-after-bitcoin-surge"", ""wayback"": ""https://web.archive.org/web/2021/https://www.coindesk.com/policy/2021/03/11/weibo-suspends-huobi-binance-okex-accounts-after-bitcoin-surge""}, {""url"": ""https://www.globaltimes.cn/page/202103/1218100.shtml"", ""wayback"": ""https://web.archive.org/web/2021/https://www.globaltimes.cn/page/202103/1218100.shtml""}, {""url"": ""https://forkast.news/weibo-takedown-huobi-binance-okex-crypto-china/"", ""wayback"": ""https://web.archive.org/web/2021/https://forkast.news/weibo-takedown-huobi-binance-okex-crypto-china/""}]","[{""body_hash"": ""sha256:f0e6472e00c1935e316f2e10cb759e253cc3dd3e1a90590264f7c873ac00953c"", ""body_path"": ""sources/http_captures/china-weibo-crypto-exchange-purge-2021-03/primary/web.archive.org__web-20210924122319-https-www.coindesk.com-policy-2021-03-11-weibo-suspends-huobi-binance-okex-accounts-after-bitcoin-surge__980be17d26.html"", ""url"": ""https://www.coindesk.com/policy/2021/03/11/weibo-suspends-huobi-binance-okex-accounts-after-bitcoin-surge"", ""wayback"": ""https://web.archive.org/web/20210924122319/https://www.coindesk.com/policy/2021/03/11/weibo-suspends-huobi-binance-okex-accounts-after-bitcoin-surge""}, {""body_hash"": ""sha256:52c3a8339c7f032e9bf4f36555cfee156f4923cfe511e6030bbcf5711a1efbfc"", ""body_path"": ""sources/http_captures/china-weibo-crypto-exchange-purge-2021-03/primary/web.archive.org__web-20210311115433-https-www.globaltimes.cn-page-202103-1218100.shtml__cc628cad9c.html"", ""url"": ""https://www.globaltimes.cn/page/202103/1218100.shtml"", ""wayback"": ""https://web.archive.org/web/20210311115433/https://www.globaltimes.cn/page/202103/1218100.shtml""}]",unadjudicated_risk_flag
china-weibo-crypto-exchange-purge-2021-03,admitted,events/china-weibo-crypto-exchange-purge-2021-03.yaml,2,l4_frontend,observed_change,okex_official_weibo_account_inaccessible,"[{""matching_fields"": [""url""], ""observation_source_index"": 0, ""trigger_source_index"": 0}]","[{""url"": ""https://www.coindesk.com/policy/2021/03/11/weibo-suspends-huobi-binance-okex-accounts-after-bitcoin-surge"", ""wayback"": ""https://web.archive.org/web/2021/https://www.coindesk.com/policy/2021/03/11/weibo-suspends-huobi-binance-okex-accounts-after-bitcoin-surge""}, {""url"": ""https://www.globaltimes.cn/page/202103/1218100.shtml"", ""wayback"": ""https://web.archive.org/web/2021/https://www.globaltimes.cn/page/202103/1218100.shtml""}, {""url"": ""https://forkast.news/weibo-takedown-huobi-binance-okex-crypto-china/"", ""wayback"": ""https://web.archive.org/web/2021/https://forkast.news/weibo-takedown-huobi-binance-okex-crypto-china/""}]","[{""body_hash"": ""sha256:f0e6472e00c1935e316f2e10cb759e253cc3dd3e1a90590264f7c873ac00953c"", ""body_path"": ""sources/http_captures/china-weibo-crypto-exchange-purge-2021-03/primary/web.archive.org__web-20210924122319-https-www.coindesk.com-policy-2021-03-11-weibo-suspends-huobi-binance-okex-accounts-after-bitcoin-surge__980be17d26.html"", ""url"": ""https://www.coindesk.com/policy/2021/03/11/weibo-suspends-huobi-binance-okex-accounts-after-bitcoin-surge"", ""wayback"": ""https://web.archive.org/web/20210924122319/https://www.coindesk.com/policy/2021/03/11/weibo-suspends-huobi-binance-okex-accounts-after-bitcoin-surge""}, {""body_hash"": ""sha256:2baf04a1846f0f1d170c4bfcbeaeb3ca016b0e7c609935cebbb8d148d865aa67"", ""body_path"": ""sources/http_captures/china-weibo-crypto-exchange-purge-2021-03/primary/web.archive.org__web-20210607085825-https-www.financemagnates.com-cryptocurrency-news-weibo-bans-more-than-12-crypto-related-accounts-amid-chinas-crypto-crackdown__a75acc1d2b.html"", ""url"": ""https://www.financemagnates.com/cryptocurrency/news/weibo-bans-more-than-12-crypto-related-accounts-amid-chinas-crypto-crackdown/"", ""wayback"": ""https://web.archive.org/web/20210607085825/https://www.financemagnates.com/cryptocurrency/news/weibo-bans-more-than-12-crypto-related-accounts-amid-chinas-crypto-crackdown/""}]",unadjudicated_risk_flag
chipmixer-doj-2023,admitted,events/chipmixer-doj-2023.yaml,0,l4_frontend,observed_change,canonical_domain_seized_by_fbi_and_international_partners,"[{""matching_fields"": [""url"", ""body_hash""], ""observation_source_index"": 0, ""trigger_source_index"": 1}]","[{""url"": ""https://www.justice.gov/usao-edpa/pr/justice-department-investigation-leads-takedown-darknet-cryptocurrency-mixer-processed""}, {""body_hash"": ""sha256:280d29cf15a4a644dc174f059f031e3e067cd56d0bd52b5de305ccdb022eb2bd"", ""body_path"": ""sources/http_captures/chipmixer-doj-2023/frontend-wayback/web.archive.org__web-20230315170606-https-chipmixer.com__4c13a2baa9.html"", ""url"": ""https://web.archive.org/web/20230315170606/https://chipmixer.com/""}]","[{""body_hash"": ""sha256:280d29cf15a4a644dc174f059f031e3e067cd56d0bd52b5de305ccdb022eb2bd"", ""body_path"": ""sources/http_captures/chipmixer-doj-2023/frontend-wayback/web.archive.org__web-20230315170606-https-chipmixer.com__4c13a2baa9.html"", ""url"": ""https://web.archive.org/web/20230315170606/https://chipmixer.com/""}, {""body_hash"": ""sha256:2e2844e7df71fd71a4b0c1d257adc370ceb9865dd95e8c9a08102e1584c144e0"", ""body_path"": ""sources/http_captures/chipmixer-doj-2023/frontend-wayback/web.archive.org__web-20230314171941-https-chipmixer.com__ab048b5f9a.html"", ""url"": ""https://web.archive.org/web/20230314171941/https://chipmixer.com/""}]",unadjudicated_risk_flag
circle-usdc-cryptex-freeze-2024,admitted,events/circle-usdc-cryptex-freeze-2024.yaml,0,asset_onchain,observed_change,usdc_blacklist_cryptex_sdn_address_within_27h,"[{""matching_fields"": [""url""], ""observation_source_index"": 0, ""trigger_source_index"": 1}]","[{""url"": ""https://ofac.treasury.gov/recent-actions/20240926"", ""wayback"": ""https://web.archive.org/web/2024/https://ofac.treasury.gov/recent-actions/20240926""}, {""tx_hash"": ""0xa10d4e1a29a6eb30579b8cba5e1316d27ab120eff5944cce6836c8a837ffd8da"", ""url"": ""https://etherscan.io/tx/0xa10d4e1a29a6eb30579b8cba5e1316d27ab120eff5944cce6836c8a837ffd8da"", ""wayback"": ""https://web.archive.org/web/2024/https://etherscan.io/tx/0xa10d4e1a29a6eb30579b8cba5e1316d27ab120eff5944cce6836c8a837ffd8da""}]","[{""tx_hash"": ""0xa10d4e1a29a6eb30579b8cba5e1316d27ab120eff5944cce6836c8a837ffd8da"", ""url"": ""https://etherscan.io/tx/0xa10d4e1a29a6eb30579b8cba5e1316d27ab120eff5944cce6836c8a837ffd8da"", ""wayback"": ""https://web.archive.org/web/2024/https://etherscan.io/tx/0xa10d4e1a29a6eb30579b8cba5e1316d27ab120eff5944cce6836c8a837ffd8da""}, {""body_hash"": ""sha256:145f410f6a396bd596c3dda51ea5040b505b08b5712f23edf8744fe438c48faa"", ""body_path"": ""sources/http_captures/cryptex-ofac-2024/asset-layer-check/usdtbanlist.com__address-0x0931cA4D13BB4ba75D9B7132AB690265D749a5E7__169bb88c26.html"", ""url"": ""https://usdtbanlist.com/address/0x0931cA4D13BB4ba75D9B7132AB690265D749a5E7"", ""wayback"": ""https://web.archive.org/web/2024/https://usdtbanlist.com/address/0x0931cA4D13BB4ba75D9B7132AB690265D749a5E7""}]",unadjudicated_risk_flag
circle-usdc-multichain-hack-freeze-2023-07,admitted,events/circle-usdc-multichain-hack-freeze-2023-07.yaml,0,asset_onchain,observed_change,circle_blacklists_three_multichain_linked_usdc_addresses,"[{""matching_fields"": [""url""], ""observation_source_index"": 0, ""trigger_source_index"": 1}, {""matching_fields"": [""url""], ""observation_source_index"": 1, ""trigger_source_index"": 2}, {""matching_fields"": [""url""], ""observation_source_index"": 2, ""trigger_source_index"": 3}]","[{""body_hash"": ""sha256:7987c110d42af1ce73124dbf1c72d0af5e38345fa0bf1128639ae64ec13d077e"", ""body_path"": ""sources/http_captures/circle-usdc-multichain-hack-freeze-2023-10/primary/web.archive.org__web-20251129153811-https-www.theblock.co-post-377094-multichain-extends-freeze-stolen-usdc__bc93fd3241.html"", ""url"": ""https://www.theblock.co/post/377094/multichain-extends-freeze-stolen-usdc"", ""wayback"": ""https://web.archive.org/web/20251129153811/https://www.theblock.co/post/377094/multichain-extends-freeze-stolen-usdc""}, {""tx_hash"": ""0x5a6ccaebe4e97298e27a40d8dd3fc59661935694c7a96b28c0de1165a725d3fc"", ""url"": ""https://etherscan.io/tx/0x5a6ccaebe4e97298e27a40d8dd3fc59661935694c7a96b28c0de1165a725d3fc""}, {""tx_hash"": ""0xed97f73fc7c1ae7679b1572b08f16c422445e8ca575c643bd8c9c0ea3e1ad69b"", ""url"": ""https://etherscan.io/tx/0xed97f73fc7c1ae7679b1572b08f16c422445e8ca575c643bd8c9c0ea3e1ad69b""}, {""tx_hash"": ""0xd568f3d01f052050efa2b6a0cedf89dd01f9597b6d9972be18996f9a5f5751c5"", ""url"": ""https://etherscan.io/tx/0xd568f3d01f052050efa2b6a0cedf89dd01f9597b6d9972be18996f9a5f5751c5""}]","[{""tx_hash"": ""0x5a6ccaebe4e97298e27a40d8dd3fc59661935694c7a96b28c0de1165a725d3fc"", ""url"": ""https://etherscan.io/tx/0x5a6ccaebe4e97298e27a40d8dd3fc59661935694c7a96b28c0de1165a725d3fc""}, {""tx_hash"": ""0xed97f73fc7c1ae7679b1572b08f16c422445e8ca575c643bd8c9c0ea3e1ad69b"", ""url"": ""https://etherscan.io/tx/0xed97f73fc7c1ae7679b1572b08f16c422445e8ca575c643bd8c9c0ea3e1ad69b""}, {""tx_hash"": ""0xd568f3d01f052050efa2b6a0cedf89dd01f9597b6d9972be18996f9a5f5751c5"", ""url"": ""https://etherscan.io/tx/0xd568f3d01f052050efa2b6a0cedf89dd01f9597b6d9972be18996f9a5f5751c5""}, {""body_hash"": ""sha256:e44c9d92b7c87682eb84af4751c8a7f90ab25ddc2f2f6fb9fb88bbf527d96c52"", ""body_path"": ""sources/http_captures/circle-usdc-multichain-hack-freeze-2023-10/primary/web.archive.org__web-20240418114315-https-www.theblock.co-post-238459-63-million-in-usdc-frozen-by-circle-following-multichain-breach__cc7e8b6324.html"", ""url"": ""https://www.theblock.co/post/238459/63-million-in-usdc-frozen-by-circle-following-multichain-breach"", ""wayback"": ""https://web.archive.org/web/20240418114315/https://www.theblock.co/post/238459/63-million-in-usdc-frozen-by-circle-following-multichain-breach""}, {""body_hash"": ""sha256:44996e62670db992b7d4cf0d07fb672613805b06a77b271a9b6260aed2dd0e2c"", ""body_path"": ""sources/http_captures/circle-usdc-multichain-hack-freeze-2023-10/primary/web.archive.org__web-20250806162323-https-beincrypto.com-multichain-hack-circle-tether-freeze-funds__6857cb2ee5.html"", ""url"": ""https://beincrypto.com/multichain-hack-circle-tether-freeze-funds/"", ""wayback"": ""https://web.archive.org/web/20250806162323/https://beincrypto.com/multichain-hack-circle-tether-freeze-funds/""}]",unadjudicated_risk_flag
circle-usdc-sealed-civil-case-16-address-freeze-2026-03,admitted,events/circle-usdc-sealed-civil-case-16-address-freeze-2026-03.yaml,0,asset_onchain,observed_change,circle_blacklisted_16_usdc_business_wallets_sealed_ny_case,"[{""matching_fields"": [""url"", ""body_hash""], ""observation_source_index"": 0, ""trigger_source_index"": 2}, {""matching_fields"": [""url"", ""body_hash""], ""observation_source_index"": 17, ""trigger_source_index"": 0}, {""matching_fields"": [""url"", ""body_hash""], ""observation_source_index"": 18, ""trigger_source_index"": 1}]","[{""body_hash"": ""sha256:1fca05e20b1236ccc89862b94f29fd2c1fc1be7dfd64cc724d87398af30523d1"", ""body_path"": ""sources/http_captures/circle-usdc-sealed-civil-case-16-address-freeze-2026-03/primary/web.archive.org__web-20260407171557-https-www.ccn.com-news-crypto-circle-first-froze-16-usdc-wallets-and-now-unfreezing-them-heres-why__3f4a9b8e89.html"", ""url"": ""https://www.ccn.com/news/crypto/circle-first-froze-16-usdc-wallets-and-now-unfreezing-them-heres-why/"", ""wayback"": ""https://web.archive.org/web/20260407171557/https://www.ccn.com/news/crypto/circle-first-froze-16-usdc-wallets-and-now-unfreezing-them-heres-why/""}, {""body_hash"": ""sha256:1eab6ba1366fb1cf6829c03bf55be5c1cf46539d46d88e87fd08479a05a567af"", ""body_path"": ""sources/http_captures/circle-usdc-sealed-civil-case-16-address-freeze-2026-03/primary/web.archive.org__web-20260402130148-https-www.theblock.co-post-395190-circle-unfreezes-usdc__13c810b467.html"", ""url"": ""https://www.theblock.co/post/395190/circle-unfreezes-usdc"", ""wayback"": ""https://web.archive.org/web/20260402130148/https://www.theblock.co/post/395190/circle-unfreezes-usdc""}, {""body_hash"": ""sha256:9a0a0893c00282a06c25e29cd1fcca6ae946588ebd36214727fa3214e4304f61"", ""body_path"": ""sources/http_captures/circle-usdc-sealed-civil-case-16-address-freeze-2026-03/primary/blog.amlbot.com__circle-froze-16-business-hot-wallets-including-a-blockchain-bridge-smart-contract__9bf8691e70.html"", ""url"": ""https://blog.amlbot.com/circle-froze-16-business-hot-wallets-including-a-blockchain-bridge-smart-contract/"", ""wayback"": ""https://web.archive.org/web/20260531073322/https://blog.amlbot.com/circle-froze-16-business-hot-wallets-including-a-blockchain-bridge-smart-contract/""}]","[{""body_hash"": ""sha256:9a0a0893c00282a06c25e29cd1fcca6ae946588ebd36214727fa3214e4304f61"", ""body_path"": ""sources/http_captures/circle-usdc-sealed-civil-case-16-address-freeze-2026-03/primary/blog.amlbot.com__circle-froze-16-business-hot-wallets-including-a-blockchain-bridge-smart-contract__9bf8691e70.html"", ""url"": ""https://blog.amlbot.com/circle-froze-16-business-hot-wallets-including-a-blockchain-bridge-smart-contract/"", ""wayback"": ""https://web.archive.org/web/20260531073322/https://blog.amlbot.com/circle-froze-16-business-hot-wallets-including-a-blockchain-bridge-smart-contract/""}, {""tx_hash"": ""0x19a581fe8d8a300c53da8e6e261a9fd0c09c47d5acc5a8677f7a8c7f949ec07b"", ""url"": ""https://etherscan.io/tx/0x19a581fe8d8a300c53da8e6e261a9fd0c09c47d5acc5a8677f7a8c7f949ec07b""}, {""tx_hash"": ""0x451c3b66561da4fa0f9769aaa2b6096ac430e0692012ddb4497638874ad62958"", ""url"": ""https://etherscan.io/tx/0x451c3b66561da4fa0f9769aaa2b6096ac430e0692012ddb4497638874ad62958""}, {""tx_hash"": ""0xff01e903d70618724233518a8315134ca5560f08d76dde66323018b76faa7817"", ""url"": ""https://etherscan.io/tx/0xff01e903d70618724233518a8315134ca5560f08d76dde66323018b76faa7817""}, {""tx_hash"": ""0xf4080ba2c142fcf27c93ec545a7316ced4de6fd579fa741ac75569b4c8d3d186"", ""url"": ""https://etherscan.io/tx/0xf4080ba2c142fcf27c93ec545a7316ced4de6fd579fa741ac75569b4c8d3d186""}, {""tx_hash"": ""0x36d71f32599a673998b629472e1113cbef2a437bb58b73bb12e7c69156848bd0"", ""url"": ""https://etherscan.io/tx/0x36d71f32599a673998b629472e1113cbef2a437bb58b73bb12e7c69156848bd0""}, {""tx_hash"": ""0x095f52c482279ba69bf62cc6564f3cb3a56004fbae6e6b05d28aeb52a3cc51c7"", ""url"": ""https://etherscan.io/tx/0x095f52c482279ba69bf62cc6564f3cb3a56004fbae6e6b05d28aeb52a3cc51c7""}, {""tx_hash"": ""0xd6ff5263214b50a5b90ba8689f81de9829e47b20fa6557259d754b0e5ecbaa3b"", ""url"": ""https://etherscan.io/tx/0xd6ff5263214b50a5b90ba8689f81de9829e47b20fa6557259d754b0e5ecbaa3b""}, {""tx_hash"": ""0xb7f47ee00ffca6d46795f5cbd5702291ed419148eb54b14ea3175ac39d6a2c6c"", ""url"": ""https://etherscan.io/tx/0xb7f47ee00ffca6d46795f5cbd5702291ed419148eb54b14ea3175ac39d6a2c6c""}, {""tx_hash"": ""0xcda6a29887934cd157211d5e9a2fcbd518fc4e4d5ec09fd0c174c5e90674626a"", ""url"": ""https://etherscan.io/tx/0xcda6a29887934cd157211d5e9a2fcbd518fc4e4d5ec09fd0c174c5e90674626a""}, {""tx_hash"": ""0xc15b51b4f872c952fd86bba375833f291c73ed2017a403dc0f3273f2e0ce774b"", ""url"": ""https://etherscan.io/tx/0xc15b51b4f872c952fd86bba375833f291c73ed2017a403dc0f3273f2e0ce774b""}, {""tx_hash"": ""0xa32c8f72f3125c8899dee36343cec8982c8680808b29d1b971a9ad606d8c6f38"", ""url"": ""https://etherscan.io/tx/0xa32c8f72f3125c8899dee36343cec8982c8680808b29d1b971a9ad606d8c6f38""}, {""tx_hash"": ""0xfdf311db203099da46c8437b6e3a1c38e1704a816ae2f66c12ff1920dfbb5118"", ""url"": ""https://etherscan.io/tx/0xfdf311db203099da46c8437b6e3a1c38e1704a816ae2f66c12ff1920dfbb5118""}, {""tx_hash"": ""0x07179494116f5968066adc68036d9d9834be43ef314f6540b641a64bd48be9e7"", ""url"": ""https://etherscan.io/tx/0x07179494116f5968066adc68036d9d9834be43ef314f6540b641a64bd48be9e7""}, {""tx_hash"": ""0x54575c8f685280cddaa4adfc6cae032dbc9feee8cb1e9aed4f5638c8984a9517"", ""url"": ""https://etherscan.io/tx/0x54575c8f685280cddaa4adfc6cae032dbc9feee8cb1e9aed4f5638c8984a9517""}, {""tx_hash"": ""0x9256cb93446d3e7b36353e7297808309624c47769f901c1bababeb3ba8dfcc90"", ""url"": ""https://etherscan.io/tx/0x9256cb93446d3e7b36353e7297808309624c47769f901c1bababeb3ba8dfcc90""}, {""tx_hash"": ""0xe330e98984113b7514ca5fefc7bc1b4256919e0daa558a5e4319a58618a2da2f"", ""url"": ""https://etherscan.io/tx/0xe330e98984113b7514ca5fefc7bc1b4256919e0daa558a5e4319a58618a2da2f""}, {""body_hash"": ""sha256:1fca05e20b1236ccc89862b94f29fd2c1fc1be7dfd64cc724d87398af30523d1"", ""body_path"": ""sources/http_captures/circle-usdc-sealed-civil-case-16-address-freeze-2026-03/primary/web.archive.org__web-20260407171557-https-www.ccn.com-news-crypto-circle-first-froze-16-usdc-wallets-and-now-unfreezing-them-heres-why__3f4a9b8e89.html"", ""url"": ""https://www.ccn.com/news/crypto/circle-first-froze-16-usdc-wallets-and-now-unfreezing-them-heres-why/"", ""wayback"": ""https://web.archive.org/web/20260407171557/https://www.ccn.com/news/crypto/circle-first-froze-16-usdc-wallets-and-now-unfreezing-them-heres-why/""}, {""body_hash"": ""sha256:1eab6ba1366fb1cf6829c03bf55be5c1cf46539d46d88e87fd08479a05a567af"", ""body_path"": ""sources/http_captures/circle-usdc-sealed-civil-case-16-address-freeze-2026-03/primary/web.archive.org__web-20260402130148-https-www.theblock.co-post-395190-circle-unfreezes-usdc__13c810b467.html"", ""url"": ""https://www.theblock.co/post/395190/circle-unfreezes-usdc"", ""wayback"": ""https://web.archive.org/web/20260402130148/https://www.theblock.co/post/395190/circle-unfreezes-usdc""}, {""body_hash"": ""sha256:e64797bbb71d1a4eff933b6620798fe0f1a79792d4168403c747107797d40310"", ""body_path"": ""sources/http_captures/circle-usdc-sealed-civil-case-16-address-freeze-2026-03/primary/support.dfinity.org__hc-en-us-articles-20273018220180-What-are-ckETH-and-ckERC-20-tokens__a93f3cc9c3.html"", ""url"": ""https://support.dfinity.org/hc/en-us/articles/20273018220180-What-are-ckETH-and-ckERC-20-tokens""}, {""body_hash"": ""sha256:b39f1be39a13efa3cec50a0f871de3f278f80ade0b389bd5d683f4fbee644b8c"", ""body_path"": ""sources/http_captures/circle-usdc-sealed-civil-case-16-address-freeze-2026-03/primary/forum.dfinity.org__t-ckbridge-ethereum-address-blacklisted-by-circle-usdc-withdrawals-failing-65773__a9df92b4ab.html"", ""url"": ""https://forum.dfinity.org/t/ckbridge-ethereum-address-blacklisted-by-circle-usdc-withdrawals-failing/65773"", ""wayback"": ""https://web.archive.org/web/20260531073352/https://forum.dfinity.org/t/ckbridge-ethereum-address-blacklisted-by-circle-usdc-withdrawals-failing/65773""}]",unadjudicated_risk_flag
circle-usdc-tornado-2022,admitted,events/circle-usdc-tornado-2022.yaml,0,asset_onchain,observed_change,usdc_blacklist_tornado_cash_addresses_within_6h,"[{""matching_fields"": [""url""], ""observation_source_index"": 0, ""trigger_source_index"": 1}, {""matching_fields"": [""url"", ""body_hash""], ""observation_source_index"": 1, ""trigger_source_index"": 0}]","[{""body_hash"": ""sha256:fe0c8bbff7b5e96a1c9d94884be7798891926a86beee059268d1377d8ee2e435"", ""body_path"": ""sources/http_captures/circle-usdc-tornado-2022/primary/www.circle.com__blog-ofacs-designation-of-tornado-cash-protocols-privacy-and-a-call-to-action__f24a980b38.html"", ""url"": ""https://www.circle.com/blog/ofacs-designation-of-tornado-cash-protocols-privacy-and-a-call-to-action""}, {""tx_hash"": ""0xa61326744a21ce8d5397831d107ee14909b3f4eaaaddbf1f3dce879a19e30dd9"", ""url"": ""https://etherscan.io/tx/0xa61326744a21ce8d5397831d107ee14909b3f4eaaaddbf1f3dce879a19e30dd9""}]","[{""tx_hash"": ""0xa61326744a21ce8d5397831d107ee14909b3f4eaaaddbf1f3dce879a19e30dd9"", ""url"": ""https://etherscan.io/tx/0xa61326744a21ce8d5397831d107ee14909b3f4eaaaddbf1f3dce879a19e30dd9""}, {""body_hash"": ""sha256:fe0c8bbff7b5e96a1c9d94884be7798891926a86beee059268d1377d8ee2e435"", ""body_path"": ""sources/http_captures/circle-usdc-tornado-2022/primary/www.circle.com__blog-ofacs-designation-of-tornado-cash-protocols-privacy-and-a-call-to-action__f24a980b38.html"", ""url"": ""https://www.circle.com/blog/ofacs-designation-of-tornado-cash-protocols-privacy-and-a-call-to-action""}]",unadjudicated_risk_flag
cloudflare-ethereum-gateway-tornado-block-2022-08,admitted,events/cloudflare-ethereum-gateway-tornado-block-2022-08.yaml,0,l3_rpc,observed_change,cloudflare_ethereum_gateway_blocked_ofac_tornado_cash_addresses,"[{""matching_fields"": [""url""], ""observation_source_index"": 0, ""trigger_source_index"": 0}]","[{""url"": ""https://blog.cloudflare.com/cloudflare-ethereum-gateway/"", ""wayback"": ""https://web.archive.org/web/2022/https://blog.cloudflare.com/cloudflare-ethereum-gateway/""}, {""url"": ""https://www.cloudflare.com/transparency/"", ""wayback"": ""https://web.archive.org/web/2023/https://www.cloudflare.com/transparency/""}, {""url"": ""https://www.coindesk.com/tech/2022/08/17/tornado-cash-fallout-can-ethereum-be-censored"", ""wayback"": ""https://web.archive.org/web/2022/https://www.coindesk.com/tech/2022/08/17/tornado-cash-fallout-can-ethereum-be-censored""}, {""url"": ""https://torrentfreak.com/cloudflare-blocks-abusive-content-on-its-ethereum-gateway-231121/"", ""wayback"": ""https://web.archive.org/web/2023/https://torrentfreak.com/cloudflare-blocks-abusive-content-on-its-ethereum-gateway-231121/""}]","[{""body_hash"": ""sha256:76ab7b0289d3674f65c98ada320dc61700f4f5158cf278b1139b5ef4d545e0d0"", ""body_path"": ""sources/http_captures/cloudflare-ethereum-gateway-tornado-block-2022-08/primary/web.archive.org__web-20221122000000-https-blog.cloudflare.com-cloudflare-ethereum-gateway__74e43bbfd4.html"", ""url"": ""https://blog.cloudflare.com/cloudflare-ethereum-gateway/"", ""wayback"": ""https://web.archive.org/web/20221108223358/https://blog.cloudflare.com/cloudflare-ethereum-gateway/""}]",unadjudicated_risk_flag
coin-mx-doj-murgio-2015,admitted,events/coin-mx-doj-murgio-2015.yaml,0,offramp_cex,observed_change,coin_mx_ceases_operations_and_hope_fcu_usd_rails_severed_following_indictment,"[{""matching_fields"": [""url""], ""observation_source_index"": 0, ""trigger_source_index"": 0}, {""matching_fields"": [""url""], ""observation_source_index"": 1, ""trigger_source_index"": 1}]","[{""body_hash"": ""sha256:f7479ed2097ce55639b8d506a5c1ad9fee67a9e6fb1f3489d1fed9ec9411b750"", ""body_path"": ""sources/http_captures/coin-mx-doj-murgio-2015/primary/web.archive.org__web-20150725142739-https-www.justice.gov-usao-sdny-pr-manhattan-us-attorney-announces-charges-against-two-florida-men-operating-underground__f04043f73f.html"", ""url"": ""https://www.justice.gov/usao-sdny/pr/manhattan-us-attorney-announces-charges-against-two-florida-men-operating-underground"", ""wayback"": ""https://web.archive.org/web/20150725142739/https://www.justice.gov/usao-sdny/pr/manhattan-us-attorney-announces-charges-against-two-florida-men-operating-underground""}, {""body_hash"": ""sha256:a19d2017ad35b2f12785ac090514862b32e1ffe576c43c32ba734e05550ff47d"", ""body_path"": ""sources/http_captures/coin-mx-doj-murgio-2015/primary/web.archive.org__web-20170329203707-https-www.justice.gov-usao-sdny-pr-operator-unlawful-bitcoin-exchange-pleads-guilty-multimillion-dollar-money-laundering__60279e0cd1.html"", ""url"": ""https://www.justice.gov/usao-sdny/pr/operator-unlawful-bitcoin-exchange-pleads-guilty-multimillion-dollar-money-laundering"", ""wayback"": ""https://web.archive.org/web/20170329203707/https://www.justice.gov/usao-sdny/pr/operator-unlawful-bitcoin-exchange-pleads-guilty-multimillion-dollar-money-laundering""}, {""body_hash"": ""sha256:7b866d8e7e250f45348dbebda12c6b6e17a39eff340f2ba3f95de1623df2cb7d"", ""body_path"": ""sources/http_captures/coin-mx-doj-murgio-2015/primary/web.archive.org__web-20170628201601-https-www.justice.gov-usao-sdny-pr-operator-unlawful-bitcoin-exchange-sentenced-more-5-years-prison-leading-multimillion__f3a64c1893.html"", ""url"": ""https://www.justice.gov/usao-sdny/pr/operator-unlawful-bitcoin-exchange-sentenced-more-5-years-prison-leading-multimillion"", ""wayback"": ""https://web.archive.org/web/20170628201601/https://www.justice.gov/usao-sdny/pr/operator-unlawful-bitcoin-exchange-sentenced-more-5-years-prison-leading-multimillion""}]","[{""url"": ""https://www.justice.gov/usao-sdny/pr/manhattan-us-attorney-announces-charges-against-two-florida-men-operating-underground"", ""wayback"": ""https://web.archive.org/web/2015/https://www.justice.gov/usao-sdny/pr/manhattan-us-attorney-announces-charges-against-two-florida-men-operating-underground""}, {""url"": ""https://www.justice.gov/usao-sdny/pr/operator-unlawful-bitcoin-exchange-pleads-guilty-multimillion-dollar-money-laundering"", ""wayback"": ""https://web.archive.org/web/2017/https://www.justice.gov/usao-sdny/pr/operator-unlawful-bitcoin-exchange-pleads-guilty-multimillion-dollar-money-laundering""}]",unadjudicated_risk_flag
coinbase-eu-usdt-stablecoin-delisting-2024-12,admitted,events/coinbase-eu-usdt-stablecoin-delisting-2024-12.yaml,0,offramp_cex,observed_change,coinbase_eea_retail_delists_non_mica_compliant_stablecoins,"[{""matching_fields"": [""url"", ""body_hash""], ""observation_source_index"": 0, ""trigger_source_index"": 0}, {""matching_fields"": [""url"", ""body_hash""], ""observation_source_index"": 1, ""trigger_source_index"": 1}, {""matching_fields"": [""url"", ""body_hash""], ""observation_source_index"": 2, ""trigger_source_index"": 2}]","[{""body_hash"": ""sha256:f4e774d7a1798d685490dba8925605288e320cea68c5e7d678966c793fe9ae1f"", ""body_path"": ""sources/http_captures/coinbase-eu-usdt-stablecoin-delisting-2024-12/official-coinbase-help/help.coinbase.com__en-coinbase-other-topics-other-mica-restricted-stablecoins__bdef00ee95.html"", ""url"": ""https://help.coinbase.com/en/coinbase/other-topics/other/mica-restricted-stablecoins""}, {""body_hash"": ""sha256:e7ade1d8a5346105268ac240ccf8b73012f337ee3cd5b37f62bf8081cf151732"", ""body_path"": ""sources/http_captures/coinbase-eu-usdt-stablecoin-delisting-2024-12/primary/web.archive.org__web-20241214000000-https-decrypt.co-296453-coinbase-europe-delists-usdt__385f3445ea.html"", ""url"": ""https://decrypt.co/296453/coinbase-europe-delists-usdt"", ""wayback"": ""https://web.archive.org/web/20241213163322/https://decrypt.co/296453/coinbase-europe-delists-usdt""}, {""body_hash"": ""sha256:3c1735ba40d0739c4b3a4df229bbefa699f1c8e753ade2c1bcaf8c45e238f7c9"", ""body_path"": ""sources/http_captures/coinbase-eu-usdt-stablecoin-delisting-2024-12/primary/web.archive.org__web-20241005000000-https-cointelegraph.com-news-coinbase-delist-non-compliant-stablecoins-mica__76a4dd625d.html"", ""url"": ""https://cointelegraph.com/news/coinbase-delist-non-compliant-stablecoins-mica"", ""wayback"": ""https://web.archive.org/web/20241004134144/https://cointelegraph.com/news/coinbase-delist-non-compliant-stablecoins-mica""}]","[{""body_hash"": ""sha256:f4e774d7a1798d685490dba8925605288e320cea68c5e7d678966c793fe9ae1f"", ""body_path"": ""sources/http_captures/coinbase-eu-usdt-stablecoin-delisting-2024-12/official-coinbase-help/help.coinbase.com__en-coinbase-other-topics-other-mica-restricted-stablecoins__bdef00ee95.html"", ""url"": ""https://help.coinbase.com/en/coinbase/other-topics/other/mica-restricted-stablecoins""}, {""body_hash"": ""sha256:e7ade1d8a5346105268ac240ccf8b73012f337ee3cd5b37f62bf8081cf151732"", ""body_path"": ""sources/http_captures/coinbase-eu-usdt-stablecoin-delisting-2024-12/primary/web.archive.org__web-20241214000000-https-decrypt.co-296453-coinbase-europe-delists-usdt__385f3445ea.html"", ""url"": ""https://decrypt.co/296453/coinbase-europe-delists-usdt"", ""wayback"": ""https://web.archive.org/web/20241213163322/https://decrypt.co/296453/coinbase-europe-delists-usdt""}, {""body_hash"": ""sha256:3c1735ba40d0739c4b3a4df229bbefa699f1c8e753ade2c1bcaf8c45e238f7c9"", ""body_path"": ""sources/http_captures/coinbase-eu-usdt-stablecoin-delisting-2024-12/primary/web.archive.org__web-20241005000000-https-cointelegraph.com-news-coinbase-delist-non-compliant-stablecoins-mica__76a4dd625d.html"", ""url"": ""https://cointelegraph.com/news/coinbase-delist-non-compliant-stablecoins-mica"", ""wayback"": ""https://web.archive.org/web/20241004134144/https://cointelegraph.com/news/coinbase-delist-non-compliant-stablecoins-mica""}]",unadjudicated_risk_flag
coinbase-india-exit-2022,admitted,events/coinbase-india-exit-2022.yaml,0,offramp_cex,observed_change,india_upi_rail_disabled_within_3d_of_launch,"[{""matching_fields"": [""url"", ""body_hash""], ""observation_source_index"": 0, ""trigger_source_index"": 0}]","[{""body_hash"": ""sha256:e6a793e115b6bfb11a6b75fbbc86c7cf7179e94ea13503cf4733c0fd23967fc4"", ""body_path"": ""sources/http_captures/coinbase-india-exit-2022/primary/blog.coinbase.com__where-coinbase-operates-and-how-we-comply-around-the-world-d2f6bbf53d36__2f3902d770.html"", ""url"": ""https://www.coinbase.com/en-au/blog""}]","[{""body_hash"": ""sha256:e6a793e115b6bfb11a6b75fbbc86c7cf7179e94ea13503cf4733c0fd23967fc4"", ""body_path"": ""sources/http_captures/coinbase-india-exit-2022/primary/blog.coinbase.com__where-coinbase-operates-and-how-we-comply-around-the-world-d2f6bbf53d36__2f3902d770.html"", ""url"": ""https://www.coinbase.com/en-au/blog""}]",unadjudicated_risk_flag
coinflip-cftc-derivabit-2015,admitted,events/coinflip-cftc-derivabit-2015.yaml,0,offramp_cex,observed_change,cftc_ordered_coinflip_derivabit_cease_desist_for_unregistered_bitcoin_options_facility,"[{""matching_fields"": [""url"", ""body_hash""], ""observation_source_index"": 0, ""trigger_source_index"": 0}, {""matching_fields"": [""url"", ""body_hash""], ""observation_source_index"": 1, ""trigger_source_index"": 1}]","[{""body_hash"": ""sha256:920465a3468d985460b819e166c2794fec66a7403645a91ad4aac5a6fab9c45a"", ""body_path"": ""sources/http_captures/coinflip-cftc-derivabit-2015/cftc-primary/www.cftc.gov__PressRoom-PressReleases-7231-15__baa05c2a12.html"", ""url"": ""https://www.cftc.gov/PressRoom/PressReleases/7231-15"", ""wayback"": ""https://web.archive.org/web/2015/https://www.cftc.gov/PressRoom/PressReleases/7231-15""}, {""body_hash"": ""sha256:259885f773dec60af1936fbd0eee48a5a41e62e56bcaaf7bfb7c35af18bc8ff4"", ""body_path"": ""sources/http_captures/coinflip-cftc-derivabit-2015/cftc-primary/www.cftc.gov__sites-default-files-idc-groups-public-lrenforcementactions-documents-legalpleading-enfcoinfliprorder09172015.pdf__7fe36a5fcf.bin"", ""url"": ""https://www.cftc.gov/sites/default/files/idc/groups/public/@lrenforcementactions/documents/legalpleading/enfcoinfliprorder09172015.pdf"", ""wayback"": ""https://web.archive.org/web/2015/https://www.cftc.gov/sites/default/files/idc/groups/public/@lrenforcementactions/documents/legalpleading/enfcoinfliprorder09172015.pdf""}]","[{""body_hash"": ""sha256:920465a3468d985460b819e166c2794fec66a7403645a91ad4aac5a6fab9c45a"", ""body_path"": ""sources/http_captures/coinflip-cftc-derivabit-2015/cftc-primary/www.cftc.gov__PressRoom-PressReleases-7231-15__baa05c2a12.html"", ""url"": ""https://www.cftc.gov/PressRoom/PressReleases/7231-15"", ""wayback"": ""https://web.archive.org/web/2015/https://www.cftc.gov/PressRoom/PressReleases/7231-15""}, {""body_hash"": ""sha256:259885f773dec60af1936fbd0eee48a5a41e62e56bcaaf7bfb7c35af18bc8ff4"", ""body_path"": ""sources/http_captures/coinflip-cftc-derivabit-2015/cftc-primary/www.cftc.gov__sites-default-files-idc-groups-public-lrenforcementactions-documents-legalpleading-enfcoinfliprorder09172015.pdf__7fe36a5fcf.bin"", ""url"": ""https://www.cftc.gov/sites/default/files/idc/groups/public/@lrenforcementactions/documents/legalpleading/enfcoinfliprorder09172015.pdf"", ""wayback"": ""https://web.archive.org/web/2015/https://www.cftc.gov/sites/default/files/idc/groups/public/@lrenforcementactions/documents/legalpleading/enfcoinfliprorder09172015.pdf""}]",unadjudicated_risk_flag
colonial-pipeline-darkside-ransom-clawback-doj-2021,admitted,events/colonial-pipeline-darkside-ransom-clawback-doj-2021.yaml,0,asset_onchain,observed_change,colonial_pipeline_darkside_affiliate_btc_seizure,"[{""matching_fields"": [""url"", ""body_hash""], ""observation_source_index"": 3, ""trigger_source_index"": 2}]","[{""body_hash"": ""sha256:f6b71fdf0965268ed49e0e0cab67fd6cca70d0d1f5e8c4b72b05e1b89aac4d92"", ""body_path"": ""sources/http_captures/colonial-pipeline-darkside-ransom-clawback-doj-2021/primary/web.archive.org__web-20210607195332-https-www.justice.gov-opa-pr-department-justice-seizes-23-million-cryptocurrency-paid-ransomware-extortionists-darkside__086d33c408.html"", ""url"": ""https://www.justice.gov/opa/pr/department-justice-seizes-23-million-cryptocurrency-paid-ransomware-extortionists-darkside"", ""wayback"": ""https://web.archive.org/web/20210607195332/https://www.justice.gov/opa/pr/department-justice-seizes-23-million-cryptocurrency-paid-ransomware-extortionists-darkside""}, {""body_hash"": ""sha256:4ff9bcbcbfd0fa0459a831f97d0192c4a5d8dbb1cba1a671748af2deb69f6d8f"", ""body_path"": ""sources/http_captures/colonial-pipeline-darkside-ransom-clawback-doj-2021/primary/www.justice.gov__opa-press-release-file-1402056-download__70bb25919a.bin"", ""url"": ""https://www.justice.gov/opa/press-release/file/1402056/download""}, {""body_hash"": ""sha256:7ccfb6cfc99a8a86531e1c0f874fbf6b315d02f9f8e0f049399959279f3fad01"", ""body_path"": ""sources/http_captures/colonial-pipeline-darkside-ransom-clawback-doj-2021/primary/www.paladincapgroup.com__us-authorities-seize-the-affiliates-share-of-the-darkside-ransom-paid-by-colonial-pipeline__819c6a369f.html"", ""url"": ""https://www.paladincapgroup.com/us-authorities-seize-the-affiliates-share-of-the-darkside-ransom-paid-by-colonial-pipeline/""}]","[{""tx_hash"": ""943f2d576ed8d9f388ba75eb82fe35cce29479b84121827ac368a5a94f44cf7a"", ""url"": ""https://blockstream.info/tx/943f2d576ed8d9f388ba75eb82fe35cce29479b84121827ac368a5a94f44cf7a""}, {""body_hash"": ""sha256:fbdfadd09756a9aeae59888279b58c9a85035915b589d943164cef68327887d4"", ""body_path"": ""sources/http_captures/colonial-pipeline-darkside-ransom-clawback-doj-2021/primary/blockstream.info__api-address-bc1qq2euq8pw950klpjcawuy4uj39ym43hs6cfsegq-txs__7ed12fe3c5.json"", ""url"": ""https://blockstream.info/api/address/bc1qq2euq8pw950klpjcawuy4uj39ym43hs6cfsegq/txs""}, {""body_hash"": ""sha256:526093099247a7c021ef3bbe5359b21d4ce3674dc552009580e1a9cd804ea853"", ""body_path"": ""sources/http_captures/colonial-pipeline-darkside-ransom-clawback-doj-2021/primary/mempool.space__api-address-bc1qq2euq8pw950klpjcawuy4uj39ym43hs6cfsegq-txs__3d71e0b7bb.json"", ""url"": ""https://mempool.space/api/address/bc1qq2euq8pw950klpjcawuy4uj39ym43hs6cfsegq/txs""}, {""body_hash"": ""sha256:7ccfb6cfc99a8a86531e1c0f874fbf6b315d02f9f8e0f049399959279f3fad01"", ""body_path"": ""sources/http_captures/colonial-pipeline-darkside-ransom-clawback-doj-2021/primary/www.paladincapgroup.com__us-authorities-seize-the-affiliates-share-of-the-darkside-ransom-paid-by-colonial-pipeline__819c6a369f.html"", ""url"": ""https://www.paladincapgroup.com/us-authorities-seize-the-affiliates-share-of-the-darkside-ransom-paid-by-colonial-pipeline/""}]",unadjudicated_risk_flag
cryptex-uaps-pm2btc-ivanov-shakhmametov-doj-2024,admitted,events/cryptex-uaps-pm2btc-ivanov-shakhmametov-doj-2024.yaml,0,l4_frontend,observed_change,doj_secret_service_seizes_cryptex_uaps_pm2btc_domains,"[{""matching_fields"": [""url"", ""body_hash""], ""observation_source_index"": 0, ""trigger_source_index"": 0}]","[{""body_hash"": ""sha256:c5c9eace590dee38f8593a4d597471e844caf7d670e914be663e5d0ff02f9213"", ""body_path"": ""sources/http_captures/cryptex-uaps-pm2btc-ivanov-shakhmametov-doj-2024/primary/web.archive.org__web-20240926000000-https-www.justice.gov-usao-edva-pr-two-russian-nationals-charged-connection-operating-billion-dollar-money-laundering__a7acbbf27a.html"", ""url"": ""https://www.justice.gov/usao-edva/pr/two-russian-nationals-charged-connection-operating-billion-dollar-money-laundering"", ""wayback"": ""https://web.archive.org/web/20240926181943/https://www.justice.gov/usao-edva/pr/two-russian-nationals-charged-connection-operating-billion-dollar-money-laundering""}]","[{""body_hash"": ""sha256:c5c9eace590dee38f8593a4d597471e844caf7d670e914be663e5d0ff02f9213"", ""body_path"": ""sources/http_captures/cryptex-uaps-pm2btc-ivanov-shakhmametov-doj-2024/primary/web.archive.org__web-20240926000000-https-www.justice.gov-usao-edva-pr-two-russian-nationals-charged-connection-operating-billion-dollar-money-laundering__a7acbbf27a.html"", ""url"": ""https://www.justice.gov/usao-edva/pr/two-russian-nationals-charged-connection-operating-billion-dollar-money-laundering"", ""wayback"": ""https://web.archive.org/web/20240926181943/https://www.justice.gov/usao-edva/pr/two-russian-nationals-charged-connection-operating-billion-dollar-money-laundering""}]",unadjudicated_risk_flag
cryptex-uaps-pm2btc-ivanov-shakhmametov-doj-2024,admitted,events/cryptex-uaps-pm2btc-ivanov-shakhmametov-doj-2024.yaml,1,offramp_cex,observed_change,cryptex_uaps_pm2btc_exchange_services_shut_down,"[{""matching_fields"": [""url"", ""body_hash""], ""observation_source_index"": 0, ""trigger_source_index"": 0}]","[{""body_hash"": ""sha256:c5c9eace590dee38f8593a4d597471e844caf7d670e914be663e5d0ff02f9213"", ""body_path"": ""sources/http_captures/cryptex-uaps-pm2btc-ivanov-shakhmametov-doj-2024/primary/web.archive.org__web-20240926000000-https-www.justice.gov-usao-edva-pr-two-russian-nationals-charged-connection-operating-billion-dollar-money-laundering__a7acbbf27a.html"", ""url"": ""https://www.justice.gov/usao-edva/pr/two-russian-nationals-charged-connection-operating-billion-dollar-money-laundering"", ""wayback"": ""https://web.archive.org/web/20240926181943/https://www.justice.gov/usao-edva/pr/two-russian-nationals-charged-connection-operating-billion-dollar-money-laundering""}]","[{""body_hash"": ""sha256:c5c9eace590dee38f8593a4d597471e844caf7d670e914be663e5d0ff02f9213"", ""body_path"": ""sources/http_captures/cryptex-uaps-pm2btc-ivanov-shakhmametov-doj-2024/primary/web.archive.org__web-20240926000000-https-www.justice.gov-usao-edva-pr-two-russian-nationals-charged-connection-operating-billion-dollar-money-laundering__a7acbbf27a.html"", ""url"": ""https://www.justice.gov/usao-edva/pr/two-russian-nationals-charged-connection-operating-billion-dollar-money-laundering"", ""wayback"": ""https://web.archive.org/web/20240926181943/https://www.justice.gov/usao-edva/pr/two-russian-nationals-charged-connection-operating-billion-dollar-money-laundering""}]",unadjudicated_risk_flag
crypto-capital-fowler-doj-2019,admitted,events/crypto-capital-fowler-doj-2019.yaml,0,offramp_cex,observed_change,fowler_crypto_capital_shadow_banking_service_terminated_by_doj_enforcement,"[{""matching_fields"": [""url"", ""body_hash""], ""observation_source_index"": 0, ""trigger_source_index"": 0}, {""matching_fields"": [""url"", ""body_hash""], ""observation_source_index"": 1, ""trigger_source_index"": 1}]","[{""body_hash"": ""sha256:90592afe8f3a1a8dd129d325448aed5b80880d7543ca29be3fb265c6eb9561e6"", ""body_path"": ""sources/http_captures/crypto-capital-fowler-doj-2019/primary/web.archive.org__web-20190430215003-https-www.justice.gov-usao-sdny-pr-arizona-man-and-israeli-woman-charged-connection-providing-shadow-banking-services__9305b8f917.html"", ""url"": ""https://www.justice.gov/usao-sdny/pr/arizona-man-and-israeli-woman-charged-connection-providing-shadow-banking-services"", ""wayback"": ""http://web.archive.org/web/20190430215003/https://www.justice.gov/usao-sdny/pr/arizona-man-and-israeli-woman-charged-connection-providing-shadow-banking-services""}, {""body_hash"": ""sha256:d25a49ad36c472595126a5a40fcca4db52e767c9fccb4a59828d41c3186e352d"", ""body_path"": ""sources/http_captures/crypto-capital-fowler-doj-2019/primary/web.archive.org__web-20230605174521-https-www.justice.gov-usao-sdny-pr-former-co-owner-minnesota-vikings-sentenced-75-months-prison-providing-shadow-banking__998074124d.html"", ""url"": ""https://www.justice.gov/usao-sdny/pr/former-co-owner-minnesota-vikings-sentenced-75-months-prison-providing-shadow-banking"", ""wayback"": ""http://web.archive.org/web/20230605174521/https://www.justice.gov/usao-sdny/pr/former-co-owner-minnesota-vikings-sentenced-75-months-prison-providing-shadow-banking""}]","[{""body_hash"": ""sha256:90592afe8f3a1a8dd129d325448aed5b80880d7543ca29be3fb265c6eb9561e6"", ""body_path"": ""sources/http_captures/crypto-capital-fowler-doj-2019/primary/web.archive.org__web-20190430215003-https-www.justice.gov-usao-sdny-pr-arizona-man-and-israeli-woman-charged-connection-providing-shadow-banking-services__9305b8f917.html"", ""url"": ""https://www.justice.gov/usao-sdny/pr/arizona-man-and-israeli-woman-charged-connection-providing-shadow-banking-services"", ""wayback"": ""http://web.archive.org/web/20190430215003/https://www.justice.gov/usao-sdny/pr/arizona-man-and-israeli-woman-charged-connection-providing-shadow-banking-services""}, {""body_hash"": ""sha256:d25a49ad36c472595126a5a40fcca4db52e767c9fccb4a59828d41c3186e352d"", ""body_path"": ""sources/http_captures/crypto-capital-fowler-doj-2019/primary/web.archive.org__web-20230605174521-https-www.justice.gov-usao-sdny-pr-former-co-owner-minnesota-vikings-sentenced-75-months-prison-providing-shadow-banking__998074124d.html"", ""url"": ""https://www.justice.gov/usao-sdny/pr/former-co-owner-minnesota-vikings-sentenced-75-months-prison-providing-shadow-banking"", ""wayback"": ""http://web.archive.org/web/20230605174521/https://www.justice.gov/usao-sdny/pr/former-co-owner-minnesota-vikings-sentenced-75-months-prison-providing-shadow-banking""}]",unadjudicated_risk_flag
crypto-com-eu-usdt-stablecoin-delisting-2025-01,admitted,events/crypto-com-eu-usdt-stablecoin-delisting-2025-01.yaml,0,offramp_cex,observed_change,cryptocom_suspends_usdt_and_nine_tokens_for_eea_users,"[{""matching_fields"": [""url"", ""body_hash""], ""observation_source_index"": 0, ""trigger_source_index"": 0}]","[{""body_hash"": ""sha256:a8b782cb3517021f301b0006a81cc5f6557372e79aa3cc7ad380ed67a5e002bf"", ""body_path"": ""sources/http_captures/crypto-com-eu-usdt-stablecoin-delisting-2025-01/primary/web.archive.org__web-20260309180532-https-www.dlnews.com-articles-regulation-cryptocom-to-delist-tether-usdt-in-eu__41acb0cd52.html"", ""url"": ""https://www.dlnews.com/articles/regulation/cryptocom-to-delist-tether-usdt-in-eu/"", ""wayback"": ""https://web.archive.org/web/20260309180532/https://www.dlnews.com/articles/regulation/cryptocom-to-delist-tether-usdt-in-eu/""}]","[{""body_hash"": ""sha256:a8b782cb3517021f301b0006a81cc5f6557372e79aa3cc7ad380ed67a5e002bf"", ""body_path"": ""sources/http_captures/crypto-com-eu-usdt-stablecoin-delisting-2025-01/primary/web.archive.org__web-20260309180532-https-www.dlnews.com-articles-regulation-cryptocom-to-delist-tether-usdt-in-eu__41acb0cd52.html"", ""url"": ""https://www.dlnews.com/articles/regulation/cryptocom-to-delist-tether-usdt-in-eu/"", ""wayback"": ""https://web.archive.org/web/20260309180532/https://www.dlnews.com/articles/regulation/cryptocom-to-delist-tether-usdt-in-eu/""}]",unadjudicated_risk_flag
datacell-v-valitor-iceland-district-court-2012-07,admitted,events/datacell-v-valitor-iceland-district-court-2012-07.yaml,0,offramp_cex,observed_change,court_ordered_restoration_of_valitor_datacell_merchant_gateway_for_wikileaks_donations,"[{""matching_fields"": [""url"", ""body_hash""], ""observation_source_index"": 0, ""trigger_source_index"": 0}, {""matching_fields"": [""url""], ""observation_source_index"": 1, ""trigger_source_index"": 1}, {""matching_fields"": [""url""], ""observation_source_index"": 2, ""trigger_source_index"": 2}, {""matching_fields"": [""url""], ""observation_source_index"": 3, ""trigger_source_index"": 3}]","[{""body_hash"": ""sha256:6249809726bb383b6023f7c5988edd9f1c54a15b6add541bd42a34a11bbff257"", ""body_path"": ""sources/http_captures/datacell-v-valitor-iceland-district-court-2012-07/v0_3_primary_repair/web.archive.org__web-20140210061023if_-http-www.fink.org-FILES-translated-judgment-valitor.pdf__8acb78b60c.bin"", ""url"": ""https://www.fink.org/FILES/translated-judgment-valitor.pdf"", ""wayback"": ""https://web.archive.org/web/20140210061023if_/http://www.fink.org/FILES/translated-judgment-valitor.pdf""}, {""url"": ""https://www.bloomberg.com/news/articles/2012-07-12/iceland-court-orders-valitor-to-process-wikileaks-donations-1-"", ""wayback"": ""https://web.archive.org/web/2012/https://www.bloomberg.com/news/articles/2012-07-12/iceland-court-orders-valitor-to-process-wikileaks-donations-1-""}, {""url"": ""https://grapevine.is/news/2012/07/13/datacell-wins-case-against-valitor/"", ""wayback"": ""https://web.archive.org/web/2012/https://grapevine.is/news/2012/07/13/datacell-wins-case-against-valitor/""}, {""url"": ""https://rsf.org/en/court-orders-visa-subcontractor-lift-block-payments-wikileaks"", ""wayback"": ""https://web.archive.org/web/2012/https://rsf.org/en/court-orders-visa-subcontractor-lift-block-payments-wikileaks""}, {""url"": ""https://www.computerworld.com/article/1417186/wikileaks-donations-via-visa-and-mastercard-may-resume-icelandic-court-rules.html"", ""wayback"": ""https://web.archive.org/web/2012/https://www.computerworld.com/article/1417186/wikileaks-donations-via-visa-and-mastercard-may-resume-icelandic-court-rules.html""}, {""url"": ""https://wikileaks.org/Wikileaks-has-launched-a-case.html"", ""wayback"": ""https://web.archive.org/web/2012/https://wikileaks.org/Wikileaks-has-launched-a-case.html""}]","[{""body_hash"": ""sha256:6249809726bb383b6023f7c5988edd9f1c54a15b6add541bd42a34a11bbff257"", ""body_path"": ""sources/http_captures/datacell-v-valitor-iceland-district-court-2012-07/v0_3_primary_repair/web.archive.org__web-20140210061023if_-http-www.fink.org-FILES-translated-judgment-valitor.pdf__8acb78b60c.bin"", ""url"": ""https://www.fink.org/FILES/translated-judgment-valitor.pdf"", ""wayback"": ""https://web.archive.org/web/20140210061023if_/http://www.fink.org/FILES/translated-judgment-valitor.pdf""}, {""url"": ""https://www.bloomberg.com/news/articles/2012-07-12/iceland-court-orders-valitor-to-process-wikileaks-donations-1-"", ""wayback"": ""https://web.archive.org/web/2012/https://www.bloomberg.com/news/articles/2012-07-12/iceland-court-orders-valitor-to-process-wikileaks-donations-1-""}, {""url"": ""https://grapevine.is/news/2012/07/13/datacell-wins-case-against-valitor/"", ""wayback"": ""https://web.archive.org/web/2012/https://grapevine.is/news/2012/07/13/datacell-wins-case-against-valitor/""}, {""url"": ""https://rsf.org/en/court-orders-visa-subcontractor-lift-block-payments-wikileaks"", ""wayback"": ""https://web.archive.org/web/2012/https://rsf.org/en/court-orders-visa-subcontractor-lift-block-payments-wikileaks""}]",unadjudicated_risk_flag
dydx-canada-frontend-wind-down-2023-04,admitted,events/dydx-canada-frontend-wind-down-2023-04.yaml,0,l4_frontend,observed_change,dydx_canada_frontend_geofence,"[{""matching_fields"": [""url"", ""body_hash""], ""observation_source_index"": 0, ""trigger_source_index"": 0}]","[{""body_hash"": ""sha256:2626aa386a9b161466264c834b9ade84bdd301428de3627885c571b1394ff54f"", ""body_path"": ""sources/http_captures/dydx-canada-frontend-wind-down-2023-04/primary/web.archive.org__web-20260209054353-https-dydx.exchange-blog-canada-wind-down__7698f7cb86.html"", ""url"": ""https://dydx.exchange/blog/canada-wind-down"", ""wayback"": ""https://web.archive.org/web/20260209054353/https://dydx.exchange/blog/canada-wind-down""}]","[{""body_hash"": ""sha256:2626aa386a9b161466264c834b9ade84bdd301428de3627885c571b1394ff54f"", ""body_path"": ""sources/http_captures/dydx-canada-frontend-wind-down-2023-04/primary/web.archive.org__web-20260209054353-https-dydx.exchange-blog-canada-wind-down__7698f7cb86.html"", ""url"": ""https://dydx.exchange/blog/canada-wind-down"", ""wayback"": ""https://web.archive.org/web/20260209054353/https://dydx.exchange/blog/canada-wind-down""}, {""body_hash"": ""sha256:ec86382ddecd3891fad98aef1dfef271f9fd068233f7394cc4063f5e9c477e3d"", ""body_path"": ""sources/http_captures/dydx-canada-frontend-wind-down-2023-04/primary/web.archive.org__web-20251028235922-https-www.theblock.co-post-225452-dydx-ends-support-for-canadian-users__e001b7328e.html"", ""url"": ""https://www.theblock.co/post/225452/dydx-ends-support-for-canadian-users"", ""wayback"": ""https://web.archive.org/web/20251028235922/https://www.theblock.co/post/225452/dydx-ends-support-for-canadian-users""}]",unadjudicated_risk_flag
dydx-tornado-account-block-2022-08,admitted,events/dydx-tornado-account-block-2022-08.yaml,0,l4_frontend,observed_change,dydx_blocked_accounts_with_any_historical_tornado_cash_interaction,"[{""matching_fields"": [""url""], ""observation_source_index"": 0, ""trigger_source_index"": 0}, {""matching_fields"": [""url""], ""observation_source_index"": 1, ""trigger_source_index"": 1}]","[{""url"": ""https://dydx.exchange/blog/tornado-cash-update"", ""wayback"": ""https://web.archive.org/web/2022/https://dydx.exchange/blog/tornado-cash-update""}, {""url"": ""https://www.coindesk.com/business/2022/08/11/crypto-exchange-dydx-blocked-accounts-that-received-even-small-amounts-from-tornado-cash"", ""wayback"": ""https://web.archive.org/web/2022/https://www.coindesk.com/business/2022/08/11/crypto-exchange-dydx-blocked-accounts-that-received-even-small-amounts-from-tornado-cash""}, {""url"": ""https://www.theblock.co/post/162928/dydx-confirms-blocking-user-accounts-tied-to-tornado-cash"", ""wayback"": ""https://web.archive.org/web/2022/https://www.theblock.co/post/162928/dydx-confirms-blocking-user-accounts-tied-to-tornado-cash""}, {""url"": ""https://cointelegraph.com/news/dydx-confirms-blocking-and-unblocking-some-accounts-linked-to-tornado-cash"", ""wayback"": ""https://web.archive.org/web/2022/https://cointelegraph.com/news/dydx-confirms-blocking-and-unblocking-some-accounts-linked-to-tornado-cash""}]","[{""body_hash"": ""sha256:e4f66984122b7e34fb7142f29bb5a9d1805dad6db38242a2383158abad00b817"", ""body_path"": ""sources/http_captures/dydx-tornado-account-block-2022-08/primary/web.archive.org__web-20220812000000-https-dydx.exchange-blog-tornado-cash-update__c44496f200.html"", ""url"": ""https://dydx.exchange/blog/tornado-cash-update"", ""wayback"": ""https://web.archive.org/web/20220829214213/https://dydx.exchange/blog/tornado-cash-update""}, {""body_hash"": ""sha256:4ca9dc3fc04a525ca5af4665e81b714c3df235b3d9f7546a109bb55852cc4157"", ""body_path"": ""sources/http_captures/dydx-tornado-account-block-2022-08/primary/web.archive.org__web-20220812000000-https-www.coindesk.com-business-2022-08-11-crypto-exchange-dydx-blocked-accounts-that-received-even-small-amounts-from-tornado-cash__641b67aa65.html"", ""url"": ""https://www.coindesk.com/business/2022/08/11/crypto-exchange-dydx-blocked-accounts-that-received-even-small-amounts-from-tornado-cash"", ""wayback"": ""https://web.archive.org/web/20220811213559/https://www.coindesk.com/business/2022/08/11/crypto-exchange-dydx-blocked-accounts-that-received-even-small-amounts-from-tornado-cash/""}]",unadjudicated_risk_flag
dydx-tornado-account-block-2022-08,admitted,events/dydx-tornado-account-block-2022-08.yaml,1,offramp_cex,observed_change,dydx_off_ramp_trading_restricted_for_tornado_tainted_accounts,"[{""matching_fields"": [""url""], ""observation_source_index"": 0, ""trigger_source_index"": 0}, {""matching_fields"": [""url""], ""observation_source_index"": 1, ""trigger_source_index"": 1}]","[{""url"": ""https://dydx.exchange/blog/tornado-cash-update"", ""wayback"": ""https://web.archive.org/web/2022/https://dydx.exchange/blog/tornado-cash-update""}, {""url"": ""https://www.coindesk.com/business/2022/08/11/crypto-exchange-dydx-blocked-accounts-that-received-even-small-amounts-from-tornado-cash"", ""wayback"": ""https://web.archive.org/web/2022/https://www.coindesk.com/business/2022/08/11/crypto-exchange-dydx-blocked-accounts-that-received-even-small-amounts-from-tornado-cash""}, {""url"": ""https://www.theblock.co/post/162928/dydx-confirms-blocking-user-accounts-tied-to-tornado-cash"", ""wayback"": ""https://web.archive.org/web/2022/https://www.theblock.co/post/162928/dydx-confirms-blocking-user-accounts-tied-to-tornado-cash""}, {""url"": ""https://cointelegraph.com/news/dydx-confirms-blocking-and-unblocking-some-accounts-linked-to-tornado-cash"", ""wayback"": ""https://web.archive.org/web/2022/https://cointelegraph.com/news/dydx-confirms-blocking-and-unblocking-some-accounts-linked-to-tornado-cash""}]","[{""body_hash"": ""sha256:e4f66984122b7e34fb7142f29bb5a9d1805dad6db38242a2383158abad00b817"", ""body_path"": ""sources/http_captures/dydx-tornado-account-block-2022-08/primary/web.archive.org__web-20220812000000-https-dydx.exchange-blog-tornado-cash-update__c44496f200.html"", ""url"": ""https://dydx.exchange/blog/tornado-cash-update"", ""wayback"": ""https://web.archive.org/web/20220829214213/https://dydx.exchange/blog/tornado-cash-update""}, {""body_hash"": ""sha256:4ca9dc3fc04a525ca5af4665e81b714c3df235b3d9f7546a109bb55852cc4157"", ""body_path"": ""sources/http_captures/dydx-tornado-account-block-2022-08/primary/web.archive.org__web-20220812000000-https-www.coindesk.com-business-2022-08-11-crypto-exchange-dydx-blocked-accounts-that-received-even-small-amounts-from-tornado-cash__641b67aa65.html"", ""url"": ""https://www.coindesk.com/business/2022/08/11/crypto-exchange-dydx-blocked-accounts-that-received-even-small-amounts-from-tornado-cash"", ""wayback"": ""https://web.archive.org/web/20220811213559/https://www.coindesk.com/business/2022/08/11/crypto-exchange-dydx-blocked-accounts-that-received-even-small-amounts-from-tornado-cash/""}]",unadjudicated_risk_flag
eba-virtual-currencies-opinion-eba-op-2014-08,admitted,events/eba-virtual-currencies-opinion-eba-op-2014-08.yaml,0,offramp_cex,observed_change,eba_opinion_2014_08_recommends_discouraging_institutional_vc_handling,"[{""matching_fields"": [""url"", ""body_hash""], ""observation_source_index"": 0, ""trigger_source_index"": 0}]","[{""body_hash"": ""sha256:5bb1772c847475e9c6b32bead00c446dffddd1050f0c901b81d47fe1cad832e2"", ""body_path"": ""sources/http_captures/eba-virtual-currencies-opinion-eba-op-2014-08/pdf-primary/www.eba.europa.eu__sites-default-files-documents-10180-657547-81409b94-4222-45d7-ba3b-7deb5863ab57-EBA-Op-2014-08-20Opinion-20on-20Virtual-20Currencies.pdf__2bb82434df.bin"", ""url"": ""https://www.eba.europa.eu/sites/default/files/documents/10180/657547/81409b94-4222-45d7-ba3b-7deb5863ab57/EBA-Op-2014-08%20Opinion%20on%20Virtual%20Currencies.pdf"", ""wayback"": ""https://web.archive.org/web/2014/https://www.eba.europa.eu/sites/default/files/documents/10180/657547/81409b94-4222-45d7-ba3b-7deb5863ab57/EBA-Op-2014-08%20Opinion%20on%20Virtual%20Currencies.pdf""}, {""body_hash"": ""sha256:db0c0a0913e085cf73e49b4ce0b26874ea9b4f7f1f0782aa15d5b1d4a0ace781"", ""body_path"": ""sources/http_captures/eba-virtual-currencies-opinion-eba-op-2014-08/primary/web.archive.org__web-20191031205451-https-eba.europa.eu-eba-proposes-potential-regulatory-regime-for-virtual-currencies-but-also-advises-that-financial-institutions-sho__a1903a26ac.html"", ""url"": ""https://eba.europa.eu/eba-proposes-potential-regulatory-regime-for-virtual-currencies-but-also-advises-that-financial-institutions-should-not-buy-hold-or-sell-them-whilst-n"", ""wayback"": ""https://web.archive.org/web/20191031205451/https://eba.europa.eu/eba-proposes-potential-regulatory-regime-for-virtual-currencies-but-also-advises-that-financial-institutions-should-not-buy-hold-or-sell-them-whilst-n""}]","[{""body_hash"": ""sha256:5bb1772c847475e9c6b32bead00c446dffddd1050f0c901b81d47fe1cad832e2"", ""body_path"": ""sources/http_captures/eba-virtual-currencies-opinion-eba-op-2014-08/pdf-primary/www.eba.europa.eu__sites-default-files-documents-10180-657547-81409b94-4222-45d7-ba3b-7deb5863ab57-EBA-Op-2014-08-20Opinion-20on-20Virtual-20Currencies.pdf__2bb82434df.bin"", ""url"": ""https://www.eba.europa.eu/sites/default/files/documents/10180/657547/81409b94-4222-45d7-ba3b-7deb5863ab57/EBA-Op-2014-08%20Opinion%20on%20Virtual%20Currencies.pdf"", ""wayback"": ""https://web.archive.org/web/2014/https://www.eba.europa.eu/sites/default/files/documents/10180/657547/81409b94-4222-45d7-ba3b-7deb5863ab57/EBA-Op-2014-08%20Opinion%20on%20Virtual%20Currencies.pdf""}]",unadjudicated_risk_flag
ebullion-doj-fbi-seizure-2008-08,admitted,events/ebullion-doj-fbi-seizure-2008-08.yaml,0,offramp_cex,observed_change,ebullion_ceases_operations_following_doj_fbi_seizure_and_founder_arrest,"[{""matching_fields"": [""url""], ""observation_source_index"": 0, ""trigger_source_index"": 0}, {""matching_fields"": [""url""], ""observation_source_index"": 1, ""trigger_source_index"": 1}]","[{""body_hash"": ""sha256:bb19746c6ef14797c959a127b899e90bc256ca6b352b3e0f62a3fe7f8f788da9"", ""body_path"": ""sources/http_captures/ebullion-doj-fbi-seizure-2008-08/primary/web.archive.org__web-20240515201619-https-www.justice.gov-usao-cdca-pr-united-states-returns-98-million-recovered-e-bullion-illegal-money-transmitting__c297136b99.html"", ""url"": ""https://www.justice.gov/usao-cdca/pr/united-states-returns-98-million-recovered-e-bullion-illegal-money-transmitting"", ""wayback"": ""https://web.archive.org/web/20240515201619/https://www.justice.gov/usao-cdca/pr/united-states-returns-98-million-recovered-e-bullion-illegal-money-transmitting""}, {""url"": ""https://www.fbi.gov/contact-us/field-offices/losangeles/news/press-releases/united-states-returns-nearly-12-million-to-victims-of-illegal-money-transmitting-business-called-e-bullion"", ""wayback"": ""https://web.archive.org/web/2008/https://www.fbi.gov/contact-us/field-offices/losangeles/news/press-releases/united-states-returns-nearly-12-million-to-victims-of-illegal-money-transmitting-business-called-e-bullion""}, {""url"": ""https://en.wikipedia.org/wiki/E-Bullion"", ""wayback"": ""https://web.archive.org/web/2008/https://en.wikipedia.org/wiki/E-Bullion""}]","[{""url"": ""https://www.justice.gov/usao-cdca/pr/united-states-returns-98-million-recovered-e-bullion-illegal-money-transmitting"", ""wayback"": ""https://web.archive.org/web/2008/https://www.justice.gov/usao-cdca/pr/united-states-returns-98-million-recovered-e-bullion-illegal-money-transmitting""}, {""url"": ""https://www.fbi.gov/contact-us/field-offices/losangeles/news/press-releases/united-states-returns-nearly-12-million-to-victims-of-illegal-money-transmitting-business-called-e-bullion"", ""wayback"": ""https://web.archive.org/web/2008/https://www.fbi.gov/contact-us/field-offices/losangeles/news/press-releases/united-states-returns-nearly-12-million-to-victims-of-illegal-money-transmitting-business-called-e-bullion""}]",unadjudicated_risk_flag
ecuador-national-assembly-bitcoin-ban-2014-07,admitted,events/ecuador-national-assembly-bitcoin-ban-2014-07.yaml,0,offramp_cex,observed_change,decentralized_digital_currency_circulation_prohibited,"[{""matching_fields"": [""url"", ""body_hash""], ""observation_source_index"": 0, ""trigger_source_index"": 0}, {""matching_fields"": [""url"", ""body_hash""], ""observation_source_index"": 1, ""trigger_source_index"": 1}]","[{""body_hash"": ""sha256:f8ca23dec7c8d481e9bc5e5ac284e465ae7c9b6908474d76d319fc988f188478"", ""body_path"": ""sources/http_captures/ecuador-national-assembly-bitcoin-ban-2014-07/primary/www.cosede.gob.ec__wp-content-uploads-2018-08-COMF.pdf__ce39262a7f.bin"", ""url"": ""https://www.cosede.gob.ec/wp-content/uploads/2018/08/COMF.pdf"", ""wayback"": ""https://web.archive.org/web/20260531042728/https://www.cosede.gob.ec/wp-content/uploads/2018/08/COMF.pdf""}, {""body_hash"": ""sha256:f1b980f4d1e23822b5b771209bbb54688c388a1e109a22ea3edac51007556fbf"", ""body_path"": ""sources/http_captures/ecuador-national-assembly-bitcoin-ban-2014-07/primary/web.archive.org__web-20140725000000-https-www.coindesk.com-markets-2014-07-25-ecuador-bans-bitcoin-plans-own-digital-money__3ec3340cd2.html"", ""url"": ""https://web.archive.org/web/20140725000000/https://www.coindesk.com/markets/2014/07/25/ecuador-bans-bitcoin-plans-own-digital-money"", ""wayback"": ""https://web.archive.org/web/20211018105941/https://www.coindesk.com/markets/2014/07/25/ecuador-bans-bitcoin-plans-own-digital-money/""}]","[{""body_hash"": ""sha256:f8ca23dec7c8d481e9bc5e5ac284e465ae7c9b6908474d76d319fc988f188478"", ""body_path"": ""sources/http_captures/ecuador-national-assembly-bitcoin-ban-2014-07/primary/www.cosede.gob.ec__wp-content-uploads-2018-08-COMF.pdf__ce39262a7f.bin"", ""url"": ""https://www.cosede.gob.ec/wp-content/uploads/2018/08/COMF.pdf"", ""wayback"": ""https://web.archive.org/web/20260531042728/https://www.cosede.gob.ec/wp-content/uploads/2018/08/COMF.pdf""}, {""body_hash"": ""sha256:f1b980f4d1e23822b5b771209bbb54688c388a1e109a22ea3edac51007556fbf"", ""body_path"": ""sources/http_captures/ecuador-national-assembly-bitcoin-ban-2014-07/primary/web.archive.org__web-20140725000000-https-www.coindesk.com-markets-2014-07-25-ecuador-bans-bitcoin-plans-own-digital-money__3ec3340cd2.html"", ""url"": ""https://web.archive.org/web/20140725000000/https://www.coindesk.com/markets/2014/07/25/ecuador-bans-bitcoin-plans-own-digital-money""}]",unadjudicated_risk_flag
egold-doj-guilty-plea-2008-07,admitted,events/egold-doj-guilty-plea-2008-07.yaml,0,offramp_cex,observed_change,egold_ceases_operations_following_corporate_and_ceo_guilty_plea,"[{""matching_fields"": [""url""], ""observation_source_index"": 0, ""trigger_source_index"": 0}, {""matching_fields"": [""url""], ""observation_source_index"": 1, ""trigger_source_index"": 2}]","[{""body_hash"": ""sha256:67e126e66c9e8cf3135d66267a567e87ff071bf6bd050204c790030bdb85068c"", ""body_path"": ""sources/http_captures/egold-doj-guilty-plea-2008-07/primary/web.archive.org__web-20091201212507-https-www.justice.gov-archive-opa-pr-2008-July-08-crm-635.html__a5a5bded31.html"", ""url"": ""https://www.justice.gov/archive/opa/pr/2008/July/08-crm-635.html"", ""wayback"": ""https://web.archive.org/web/20091201212507/https://www.justice.gov/archive/opa/pr/2008/July/08-crm-635.html""}, {""body_hash"": ""sha256:7eae7c4475c89ed0a2521bc3d7fc7e3210a003ea44d18068880e45254fd54497"", ""body_path"": ""sources/http_captures/egold-doj-guilty-plea-2008-07/v0_3_repair/www.secretservice.gov__press-releases-2008-07-us-secret-service-led-investigation-digital-currency-business-e-gold-pleads__fe0ccf4941.html"", ""url"": ""https://www.secretservice.gov/press/releases/2008/07/us-secret-service-led-investigation-digital-currency-business-e-gold-pleads""}, {""url"": ""https://legalupdate.e-gold.com/2008/07/plea-agreement-as-to-douglas-l-jackson-20080721.html""}]","[{""url"": ""https://www.justice.gov/archive/opa/pr/2008/July/08-crm-635.html"", ""wayback"": ""https://web.archive.org/web/2008/https://www.justice.gov/archive/opa/pr/2008/July/08-crm-635.html""}, {""url"": ""https://legalupdate.e-gold.com/2008/07/plea-agreement-as-to-douglas-l-jackson-20080721.html"", ""wayback"": ""https://web.archive.org/web/2008/https://legalupdate.e-gold.com/2008/07/plea-agreement-as-to-douglas-l-jackson-20080721.html""}]",unadjudicated_risk_flag
egold-doj-indictment-2007-04,admitted,events/egold-doj-indictment-2007-04.yaml,0,offramp_cex,observed_change,egold_operations_restricted_under_federal_indictment,"[{""matching_fields"": [""url"", ""body_hash""], ""observation_source_index"": 0, ""trigger_source_index"": 0}, {""matching_fields"": [""url"", ""body_hash""], ""observation_source_index"": 1, ""trigger_source_index"": 1}]","[{""body_hash"": ""sha256:44f71f8a576076e415daef9c169b3e44c998b1538a1e7d48a0c9d839609e7cdb"", ""body_path"": ""sources/http_captures/egold-doj-indictment-2007-04/primary/web.archive.org__web-20070601000000-https-www.justice.gov-archive-opa-pr-2007-April-07_crm_301.html__10dd69e8c1.html"", ""url"": ""https://www.justice.gov/archive/opa/pr/2007/April/07_crm_301.html"", ""wayback"": ""https://web.archive.org/web/20091201225327/http://www.justice.gov/archive/opa/pr/2007/April/07_crm_301.html""}, {""body_hash"": ""sha256:3f32e6096bc756a52f7d8473f62012c1126ab1706f81b3716fbeb507b06d3c5d"", ""body_path"": ""sources/http_captures/egold-doj-indictment-2007-04/primary/web.archive.org__web-20120101000000-https-www.justice.gov-archive-criminal-cybercrime-press-releases-2007-egoldIndict.htm__9f05621822.html"", ""url"": ""https://www.justice.gov/archive/criminal/cybercrime/press-releases/2007/egoldIndict.htm"", ""wayback"": ""https://web.archive.org/web/20170328035206/https://www.justice.gov/archive/criminal/cybercrime/press-releases/2007/egoldIndict.htm""}]","[{""body_hash"": ""sha256:44f71f8a576076e415daef9c169b3e44c998b1538a1e7d48a0c9d839609e7cdb"", ""body_path"": ""sources/http_captures/egold-doj-indictment-2007-04/primary/web.archive.org__web-20070601000000-https-www.justice.gov-archive-opa-pr-2007-April-07_crm_301.html__10dd69e8c1.html"", ""url"": ""https://www.justice.gov/archive/opa/pr/2007/April/07_crm_301.html"", ""wayback"": ""https://web.archive.org/web/20091201225327/http://www.justice.gov/archive/opa/pr/2007/April/07_crm_301.html""}, {""body_hash"": ""sha256:3f32e6096bc756a52f7d8473f62012c1126ab1706f81b3716fbeb507b06d3c5d"", ""body_path"": ""sources/http_captures/egold-doj-indictment-2007-04/primary/web.archive.org__web-20120101000000-https-www.justice.gov-archive-criminal-cybercrime-press-releases-2007-egoldIndict.htm__9f05621822.html"", ""url"": ""https://www.justice.gov/archive/criminal/cybercrime/press-releases/2007/egoldIndict.htm"", ""wayback"": ""https://web.archive.org/web/20170328035206/https://www.justice.gov/archive/criminal/cybercrime/press-releases/2007/egoldIndict.htm""}]",unadjudicated_risk_flag
egypt-cbe-banking-law-194-2020,admitted,events/egypt-cbe-banking-law-194-2020.yaml,0,offramp_cex,observed_change,crypto_issuance_trading_promotion_platform_prohibited_article_206,"[{""matching_fields"": [""url"", ""body_hash""], ""observation_source_index"": 0, ""trigger_source_index"": 0}, {""matching_fields"": [""url"", ""body_hash""], ""observation_source_index"": 1, ""trigger_source_index"": 1}, {""matching_fields"": [""url"", ""body_hash""], ""observation_source_index"": 2, ""trigger_source_index"": 2}]","[{""body_hash"": ""sha256:3010c9baac36284c3fbf1aeb04f9f859d6a4ab80af0fbe3c2255aa2aeb93393a"", ""body_path"": ""sources/http_captures/egypt-cbe-banking-law-194-2020/primary-fra-law-v1/fra.gov.eg__regulations-D9-82-D8-A7-D9-86-D9-88-D9-86--D8-B1-D9-82-D9-85-194--D9-84-D8-B3-D9-86-D8-A9-2020__059ec583b5.html"", ""url"": ""https://fra.gov.eg/regulations/%D9%82%D8%A7%D9%86%D9%88%D9%86-%D8%B1%D9%82%D9%85-194-%D9%84%D8%B3%D9%86%D8%A9-2020/""}, {""body_hash"": ""sha256:349b17f58a17f3025a35747f9fafa5739eb0ed01e02ffdf050fadf0671f8706a"", ""body_path"": ""sources/http_captures/egypt-cbe-banking-law-194-2020/primary-fra-law-v1/fra.gov.eg__wp-content-uploads-2025-01-D9-82-D8-A7-D9-86-D9-88-D9-86--D8-A7-D9-84-D8-A8-D9-86-D9-83--D8-A7-D9-84-D9-85-D8-B1-D9-83-D8-B2-D9-8A--D8-A8-D8-A7-D9-84-D8-A7__298496545b.bin"", ""url"": ""https://fra.gov.eg/wp-content/uploads/2025/01/%D9%82%D8%A7%D9%86%D9%88%D9%86-%D8%A7%D9%84%D8%A8%D9%86%D9%83-%D8%A7%D9%84%D9%85%D8%B1%D9%83%D8%B2%D9%8A-%D8%A8%D8%A7%D9%84%D8%A7%D8%B3%D8%AA%D8%AF%D8%B1%D8%A7%D9%83.pdf""}, {""body_hash"": ""sha256:9bd42acfbb503ff79c5319ca30f3deb48f4ce3f831236bf0b7057b2f9519efea"", ""body_path"": ""sources/http_captures/egypt-cbe-banking-law-194-2020/primary/web.archive.org__web-20260117012007-https-youssrysaleh.com-en-cryptocurrency-legality-in-egypt__07ac104a1e.html"", ""url"": ""https://web.archive.org/web/20260117012007/https://youssrysaleh.com/en/cryptocurrency-legality-in-egypt/"", ""wayback"": ""https://web.archive.org/web/20260117012007/https://youssrysaleh.com/en/cryptocurrency-legality-in-egypt/""}]","[{""body_hash"": ""sha256:3010c9baac36284c3fbf1aeb04f9f859d6a4ab80af0fbe3c2255aa2aeb93393a"", ""body_path"": ""sources/http_captures/egypt-cbe-banking-law-194-2020/primary-fra-law-v1/fra.gov.eg__regulations-D9-82-D8-A7-D9-86-D9-88-D9-86--D8-B1-D9-82-D9-85-194--D9-84-D8-B3-D9-86-D8-A9-2020__059ec583b5.html"", ""url"": ""https://fra.gov.eg/regulations/%D9%82%D8%A7%D9%86%D9%88%D9%86-%D8%B1%D9%82%D9%85-194-%D9%84%D8%B3%D9%86%D8%A9-2020/""}, {""body_hash"": ""sha256:349b17f58a17f3025a35747f9fafa5739eb0ed01e02ffdf050fadf0671f8706a"", ""body_path"": ""sources/http_captures/egypt-cbe-banking-law-194-2020/primary-fra-law-v1/fra.gov.eg__wp-content-uploads-2025-01-D9-82-D8-A7-D9-86-D9-88-D9-86--D8-A7-D9-84-D8-A8-D9-86-D9-83--D8-A7-D9-84-D9-85-D8-B1-D9-83-D8-B2-D9-8A--D8-A8-D8-A7-D9-84-D8-A7__298496545b.bin"", ""url"": ""https://fra.gov.eg/wp-content/uploads/2025/01/%D9%82%D8%A7%D9%86%D9%88%D9%86-%D8%A7%D9%84%D8%A8%D9%86%D9%83-%D8%A7%D9%84%D9%85%D8%B1%D9%83%D8%B2%D9%8A-%D8%A8%D8%A7%D9%84%D8%A7%D8%B3%D8%AA%D8%AF%D8%B1%D8%A7%D9%83.pdf""}, {""body_hash"": ""sha256:9bd42acfbb503ff79c5319ca30f3deb48f4ce3f831236bf0b7057b2f9519efea"", ""body_path"": ""sources/http_captures/egypt-cbe-banking-law-194-2020/primary/web.archive.org__web-20260117012007-https-youssrysaleh.com-en-cryptocurrency-legality-in-egypt__07ac104a1e.html"", ""url"": ""https://web.archive.org/web/20260117012007/https://youssrysaleh.com/en/cryptocurrency-legality-in-egypt/"", ""wayback"": ""https://web.archive.org/web/20260117012007/https://youssrysaleh.com/en/cryptocurrency-legality-in-egypt/""}]",unadjudicated_risk_flag
etherscan-tornado-cash-ui-label-2022,admitted,events/etherscan-tornado-cash-ui-label-2022.yaml,0,l4_frontend,observed_change,etherscan_applied_ofac_blocked_nametag_on_tornado_cash_contract_pages,"[{""matching_fields"": [""url""], ""observation_source_index"": 0, ""trigger_source_index"": 1}, {""matching_fields"": [""url""], ""observation_source_index"": 1, ""trigger_source_index"": 2}]","[{""url"": ""https://etherscan.io/address/0x7ff9cfad3877f21d41da833e2f775db0569ee3d9"", ""wayback"": ""https://web.archive.org/web/2022/https://etherscan.io/address/0x7ff9cfad3877f21d41da833e2f775db0569ee3d9""}, {""url"": ""https://etherscan.io/address/0xa0e1c89ef1a489c9c7de96311ed5ce5d32c20e4b"", ""wayback"": ""https://web.archive.org/web/2022/https://etherscan.io/address/0xa0e1c89ef1a489c9c7de96311ed5ce5d32c20e4b""}, {""url"": ""https://info.etherscan.com/public-name-tags-labels/"", ""wayback"": ""https://web.archive.org/web/2022/https://info.etherscan.com/public-name-tags-labels/""}]","[{""body_hash"": ""sha256:d4fabeddcc224dac5f5c4a27288f8c83639a0cd8888d1e695e6fabdb5dd95dbe"", ""body_path"": ""sources/http_captures/etherscan-tornado-cash-ui-label-2022/primary/web.archive.org__web-20221101000000-https-etherscan.io-address-0xa0e1c89ef1a489c9c7de96311ed5ce5d32c20e4b__08a9651b65.html"", ""url"": ""https://etherscan.io/address/0xa0e1c89ef1a489c9c7de96311ed5ce5d32c20e4b"", ""wayback"": ""https://web.archive.org/web/20221011000838/https://etherscan.io/address/0xa0e1c89ef1a489c9c7de96311ed5ce5d32c20e4b""}, {""body_hash"": ""sha256:cbcbc71fc222f13c54a5ae46c2f469336bd9c8b5846f9474e699864d025c5bac"", ""body_path"": ""sources/http_captures/etherscan-tornado-cash-ui-label-2022/primary/web.archive.org__web-20221001000000-https-info.etherscan.com-public-name-tags-labels__3000416fbc.html"", ""url"": ""https://info.etherscan.com/public-name-tags-labels/"", ""wayback"": ""https://web.archive.org/web/20220930202433/https://info.etherscan.com/public-name-tags-labels/""}, {""body_hash"": ""sha256:eb14e16c338197232bb7a1ef02ae0ec7263a14a279d13c960b329603b9daf861"", ""body_path"": ""sources/http_captures/etherscan-tornado-cash-ui-label-2022/primary/web.archive.org__web-20220818000000-https-www.coindesk.com-tech-2022-08-17-tornado-cash-fallout-can-ethereum-be-censored__340cca4a5f.html"", ""url"": ""https://www.coindesk.com/tech/2022/08/17/tornado-cash-fallout-can-ethereum-be-censored"", ""wayback"": ""https://web.archive.org/web/20220817122318/https://www.coindesk.com/tech/2022/08/17/tornado-cash-fallout-can-ethereum-be-censored/""}]",unadjudicated_risk_flag
ethiopia-nbe-exchange-website-block-2025-11,admitted,events/ethiopia-nbe-exchange-website-block-2025-11.yaml,0,l0_network,observed_change,isp_block_of_exchange_websites,"[{""matching_fields"": [""url"", ""body_hash""], ""observation_source_index"": 0, ""trigger_source_index"": 0}]","[{""body_hash"": ""sha256:0f879dd9a24d203ddbdf3aa6efe0eaee926c82c932a6ed5c1e76d49cb6f9ba07"", ""body_path"": ""sources/http_captures/ethiopia-nbe-exchange-website-block-2025-11/source/addisinsight.net__2025-11-06-binance-confirms-talks-with-ethiopian-regulators-as-website-access-gets-restricted__e31e7f4729.html"", ""url"": ""https://addisinsight.net/2025/11/06/binance-confirms-talks-with-ethiopian-regulators-as-website-access-gets-restricted/""}]","[{""body_hash"": ""sha256:0f879dd9a24d203ddbdf3aa6efe0eaee926c82c932a6ed5c1e76d49cb6f9ba07"", ""body_path"": ""sources/http_captures/ethiopia-nbe-exchange-website-block-2025-11/source/addisinsight.net__2025-11-06-binance-confirms-talks-with-ethiopian-regulators-as-website-access-gets-restricted__e31e7f4729.html"", ""url"": ""https://addisinsight.net/2025/11/06/binance-confirms-talks-with-ethiopian-regulators-as-website-access-gets-restricted/""}]",unadjudicated_risk_flag
ethiopia-nbe-p2p-birr-crypto-ban-2026-02,admitted,events/ethiopia-nbe-p2p-birr-crypto-ban-2026-02.yaml,0,offramp_cex,observed_change,ethiopia_nbe_p2p_birr_crypto_ban_2026_02_reaction,"[{""matching_fields"": [""url"", ""body_hash""], ""observation_source_index"": 0, ""trigger_source_index"": 0}]","[{""body_hash"": ""sha256:73c1003812f6be6226a3edaee3d437a84d45ea306cb9698367bcc79ad976b6f4"", ""body_path"": ""sources/http_captures/ethiopia-nbe-p2p-birr-crypto-ban-2026-02/source/nbe.gov.et__nbe_news-public-notice-notice-on-illegal-birr-paired-peer-to-peer-p2p-transactions-via-trading-platforms__55afed8a69.html"", ""url"": ""https://nbe.gov.et/nbe_news/public-notice-notice-on-illegal-birr-paired-peer-to-peer-p2p-transactions-via-trading-platforms/""}]","[{""body_hash"": ""sha256:73c1003812f6be6226a3edaee3d437a84d45ea306cb9698367bcc79ad976b6f4"", ""body_path"": ""sources/http_captures/ethiopia-nbe-p2p-birr-crypto-ban-2026-02/source/nbe.gov.et__nbe_news-public-notice-notice-on-illegal-birr-paired-peer-to-peer-p2p-transactions-via-trading-platforms__55afed8a69.html"", ""url"": ""https://nbe.gov.et/nbe_news/public-notice-notice-on-illegal-birr-paired-peer-to-peer-p2p-transactions-via-trading-platforms/""}]",unadjudicated_risk_flag
etoro-us-ada-trx-delisting-2021-12,admitted,events/etoro-us-ada-trx-delisting-2021-12.yaml,0,offramp_cex,observed_change,etoro_removes_us_customer_access_to_ada_trx,"[{""matching_fields"": [""url"", ""body_hash""], ""observation_source_index"": 0, ""trigger_source_index"": 0}, {""matching_fields"": [""url"", ""body_hash""], ""observation_source_index"": 1, ""trigger_source_index"": 1}]","[{""body_hash"": ""sha256:708cafdf381ecc0a944adce3d02eca6a4630f9c1f7045828a0ea7bde6567a547"", ""body_path"": ""sources/http_captures/etoro-us-ada-trx-delisting-2021-12/official-etoro-20211124/web.archive.org__web-20211124005443-https-www.etoro.com-en-us-news-and-analysis-etoro-updates-important-update-regarding-ada-and-trx__e5607995f5.html"", ""url"": ""https://www.etoro.com/en-us/news-and-analysis/etoro-updates/important-update-regarding-ada-and-trx/"", ""wayback"": ""https://web.archive.org/web/20211124005443/https://www.etoro.com/en-us/news-and-analysis/etoro-updates/important-update-regarding-ada-and-trx/""}, {""body_hash"": ""sha256:bd4e428548456eb5bfe69c831125cae7fea120dd4ef9e2b39261b3d901b68c40"", ""body_path"": ""sources/http_captures/etoro-us-ada-trx-delisting-2021-12/primary/web.archive.org__web-20250617083522-https-www.newsbtc.com-news-cardano-etoro-announces-cardano-ada-and-tron-trx-delisting-points-to-regulatory-concerns__9e6c9d8a83.html"", ""url"": ""https://www.newsbtc.com/news/cardano/etoro-announces-cardano-ada-and-tron-trx-delisting-points-to-regulatory-concerns/"", ""wayback"": ""https://web.archive.org/web/20250617083522/https://www.newsbtc.com/news/cardano/etoro-announces-cardano-ada-and-tron-trx-delisting-points-to-regulatory-concerns/""}]","[{""body_hash"": ""sha256:708cafdf381ecc0a944adce3d02eca6a4630f9c1f7045828a0ea7bde6567a547"", ""body_path"": ""sources/http_captures/etoro-us-ada-trx-delisting-2021-12/official-etoro-20211124/web.archive.org__web-20211124005443-https-www.etoro.com-en-us-news-and-analysis-etoro-updates-important-update-regarding-ada-and-trx__e5607995f5.html"", ""url"": ""https://www.etoro.com/en-us/news-and-analysis/etoro-updates/important-update-regarding-ada-and-trx/"", ""wayback"": ""https://web.archive.org/web/20211124005443/https://www.etoro.com/en-us/news-and-analysis/etoro-updates/important-update-regarding-ada-and-trx/""}, {""body_hash"": ""sha256:bd4e428548456eb5bfe69c831125cae7fea120dd4ef9e2b39261b3d901b68c40"", ""body_path"": ""sources/http_captures/etoro-us-ada-trx-delisting-2021-12/primary/web.archive.org__web-20250617083522-https-www.newsbtc.com-news-cardano-etoro-announces-cardano-ada-and-tron-trx-delisting-points-to-regulatory-concerns__9e6c9d8a83.html"", ""url"": ""https://www.newsbtc.com/news/cardano/etoro-announces-cardano-ada-and-tron-trx-delisting-points-to-regulatory-concerns/"", ""wayback"": ""https://web.archive.org/web/20250617083522/https://www.newsbtc.com/news/cardano/etoro-announces-cardano-ada-and-tron-trx-delisting-points-to-regulatory-concerns/""}]",unadjudicated_risk_flag
eu-12th-russia-sanctions-2023,admitted,events/eu-12th-russia-sanctions-2023.yaml,0,offramp_cex,observed_change,eu_casps_required_to_close_russian_user_accounts,"[{""matching_fields"": [""url"", ""body_hash""], ""observation_source_index"": 0, ""trigger_source_index"": 0}, {""matching_fields"": [""url"", ""body_hash""], ""observation_source_index"": 1, ""trigger_source_index"": 0}]","[{""body_hash"": ""sha256:aa4399798ed8607a097ada66115d43cc2a6e79f0c85fcf2f1a23222d1df6cd7b"", ""body_path"": ""sources/http_captures/eu-12th-russia-sanctions-2023/primary/eur-lex.europa.eu__eli-reg-2023-2878-oj__9901ec8fd4.html"", ""url"": ""https://eur-lex.europa.eu/eli/reg/2023/2878/oj""}]","[{""body_hash"": ""sha256:aa4399798ed8607a097ada66115d43cc2a6e79f0c85fcf2f1a23222d1df6cd7b"", ""body_path"": ""sources/http_captures/eu-12th-russia-sanctions-2023/primary/eur-lex.europa.eu__eli-reg-2023-2878-oj__9901ec8fd4.html"", ""url"": ""https://eur-lex.europa.eu/eli/reg/2023/2878/oj""}, {""body_hash"": ""sha256:aa4399798ed8607a097ada66115d43cc2a6e79f0c85fcf2f1a23222d1df6cd7b"", ""body_path"": ""sources/http_captures/eu-12th-russia-sanctions-2023/primary/eur-lex.europa.eu__eli-reg-2023-2878-oj__9901ec8fd4.html"", ""url"": ""https://eur-lex.europa.eu/eli/reg/2023/2878/oj""}]",unadjudicated_risk_flag
eu-16th-russia-sanctions-2025,admitted,events/eu-16th-russia-sanctions-2025.yaml,0,offramp_cex,observed_change,eu_16th_package_extends_transaction_ban_to_casps_and_spfs_banks,"[{""matching_fields"": [""url"", ""body_hash""], ""observation_source_index"": 0, ""trigger_source_index"": 0}]","[{""body_hash"": ""sha256:e635751e58a561c556ba39ccac4a6b8ffbc0c249c5833e5530cbe8bbcb82dac6"", ""body_path"": ""sources/http_captures/eu-16th-russia-sanctions-2025/primary/web.archive.org__web-20250301000000-https-finance.ec.europa.eu-news-eu-adopts-16th-package-sanctions-against-russia-2025-02-24_en__ef32c394a1.html"", ""url"": ""https://finance.ec.europa.eu/news/eu-adopts-16th-package-sanctions-against-russia-2025-02-24_en"", ""wayback"": ""https://web.archive.org/web/20250318121030/https://finance.ec.europa.eu/news/eu-adopts-16th-package-sanctions-against-russia-2025-02-24_en""}]","[{""body_hash"": ""sha256:e635751e58a561c556ba39ccac4a6b8ffbc0c249c5833e5530cbe8bbcb82dac6"", ""body_path"": ""sources/http_captures/eu-16th-russia-sanctions-2025/primary/web.archive.org__web-20250301000000-https-finance.ec.europa.eu-news-eu-adopts-16th-package-sanctions-against-russia-2025-02-24_en__ef32c394a1.html"", ""url"": ""https://finance.ec.europa.eu/news/eu-adopts-16th-package-sanctions-against-russia-2025-02-24_en"", ""wayback"": ""https://web.archive.org/web/20250318121030/https://finance.ec.europa.eu/news/eu-adopts-16th-package-sanctions-against-russia-2025-02-24_en""}]",unadjudicated_risk_flag
eu-18th-russia-sanctions-casp-spfs-2025,admitted,events/eu-18th-russia-sanctions-casp-spfs-2025.yaml,0,offramp_cex,observed_change,eu_18th_package_broadens_transaction_ban_on_spfs_connected_casps,"[{""matching_fields"": [""url"", ""body_hash""], ""observation_source_index"": 0, ""trigger_source_index"": 0}]","[{""body_hash"": ""sha256:48205d9d6c844e0ae49f09c880e95ec65ac77c978e557d801861f1b6919dfcb1"", ""body_path"": ""sources/http_captures/eu-18th-russia-sanctions-casp-spfs-2025/primary/web.archive.org__web-20250801000000-https-finance.ec.europa.eu-news-eu-adopts-18th-package-sanctions-against-russia-2025-07-18_en__17e8fac1f5.html"", ""url"": ""https://finance.ec.europa.eu/news/eu-adopts-18th-package-sanctions-against-russia-2025-07-18_en"", ""wayback"": ""https://web.archive.org/web/20250805164642/https://finance.ec.europa.eu/news/eu-adopts-18th-package-sanctions-against-russia-2025-07-18_en""}]","[{""body_hash"": ""sha256:48205d9d6c844e0ae49f09c880e95ec65ac77c978e557d801861f1b6919dfcb1"", ""body_path"": ""sources/http_captures/eu-18th-russia-sanctions-casp-spfs-2025/primary/web.archive.org__web-20250801000000-https-finance.ec.europa.eu-news-eu-adopts-18th-package-sanctions-against-russia-2025-07-18_en__17e8fac1f5.html"", ""url"": ""https://finance.ec.europa.eu/news/eu-adopts-18th-package-sanctions-against-russia-2025-07-18_en"", ""wayback"": ""https://web.archive.org/web/20250805164642/https://finance.ec.europa.eu/news/eu-adopts-18th-package-sanctions-against-russia-2025-07-18_en""}]",unadjudicated_risk_flag
eu-19th-russia-sanctions-a7a5-crypto-ban-2025,admitted,events/eu-19th-russia-sanctions-a7a5-crypto-ban-2025.yaml,0,offramp_cex,observed_change,eu_19th_package_prohibits_transactions_in_a7a5_stablecoin,"[{""matching_fields"": [""url"", ""body_hash""], ""observation_source_index"": 0, ""trigger_source_index"": 0}, {""matching_fields"": [""url"", ""body_hash""], ""observation_source_index"": 1, ""trigger_source_index"": 1}]","[{""body_hash"": ""sha256:405b69089a485505187b39ad3b3c07f3fdb305d340e70eabba1c46f12bb81a8d"", ""body_path"": ""sources/http_captures/eu-19th-russia-sanctions-a7a5-crypto-ban-2025/primary/web.archive.org__web-20251024000000-https-www.consilium.europa.eu-en-press-press-releases-2025-10-23-19th-package-of-sanctions-against-russia-eu-targets-russian-energy__cd341e65af.html"", ""url"": ""https://www.consilium.europa.eu/en/press/press-releases/2025/10/23/19th-package-of-sanctions-against-russia-eu-targets-russian-energy-third-country-banks-and-crypto-providers/"", ""wayback"": ""https://web.archive.org/web/20251023125146/https://www.consilium.europa.eu/en/press/press-releases/2025/10/23/19th-package-of-sanctions-against-russia-eu-targets-russian-energy-third-country-banks-and-crypto-providers/""}, {""body_hash"": ""sha256:489642274d0efd48b47f7c5941630e7455583e6005c71e7138a71fa97538fabc"", ""body_path"": ""sources/http_captures/eu-19th-russia-sanctions-a7a5-crypto-ban-2025/primary/web.archive.org__web-20260207000000-https-www.elliptic.co-blog-crypto-regulatory-affairs-eu-sanctions-target-a7a5-ruble-backed-stablecoin__fdc0f33728.html"", ""url"": ""https://www.elliptic.co/blog/crypto-regulatory-affairs-eu-sanctions-target-a7a5-ruble-backed-stablecoin"", ""wayback"": ""https://web.archive.org/web/20260207172617/https://www.elliptic.co/blog/crypto-regulatory-affairs-eu-sanctions-target-a7a5-ruble-backed-stablecoin""}]","[{""body_hash"": ""sha256:405b69089a485505187b39ad3b3c07f3fdb305d340e70eabba1c46f12bb81a8d"", ""body_path"": ""sources/http_captures/eu-19th-russia-sanctions-a7a5-crypto-ban-2025/primary/web.archive.org__web-20251024000000-https-www.consilium.europa.eu-en-press-press-releases-2025-10-23-19th-package-of-sanctions-against-russia-eu-targets-russian-energy__cd341e65af.html"", ""url"": ""https://www.consilium.europa.eu/en/press/press-releases/2025/10/23/19th-package-of-sanctions-against-russia-eu-targets-russian-energy-third-country-banks-and-crypto-providers/"", ""wayback"": ""https://web.archive.org/web/20251023125146/https://www.consilium.europa.eu/en/press/press-releases/2025/10/23/19th-package-of-sanctions-against-russia-eu-targets-russian-energy-third-country-banks-and-crypto-providers/""}, {""body_hash"": ""sha256:489642274d0efd48b47f7c5941630e7455583e6005c71e7138a71fa97538fabc"", ""body_path"": ""sources/http_captures/eu-19th-russia-sanctions-a7a5-crypto-ban-2025/primary/web.archive.org__web-20260207000000-https-www.elliptic.co-blog-crypto-regulatory-affairs-eu-sanctions-target-a7a5-ruble-backed-stablecoin__fdc0f33728.html"", ""url"": ""https://www.elliptic.co/blog/crypto-regulatory-affairs-eu-sanctions-target-a7a5-ruble-backed-stablecoin"", ""wayback"": ""https://web.archive.org/web/20260207172617/https://www.elliptic.co/blog/crypto-regulatory-affairs-eu-sanctions-target-a7a5-ruble-backed-stablecoin""}]",unadjudicated_risk_flag
eu-20th-russia-sanctions-crypto-sectoral-ban-2026,admitted,events/eu-20th-russia-sanctions-crypto-sectoral-ban-2026.yaml,0,offramp_cex,observed_change,eu_20th_package_total_sectoral_ban_on_russia_crypto_providers_platforms,"[{""matching_fields"": [""url"", ""body_hash""], ""observation_source_index"": 0, ""trigger_source_index"": 0}, {""matching_fields"": [""url"", ""body_hash""], ""observation_source_index"": 1, ""trigger_source_index"": 1}]","[{""body_hash"": ""sha256:dde0761ac107026002e4d2785237be0ae0fbfa45a06401a4b41c134e696e09e7"", ""body_path"": ""sources/http_captures/eu-20th-russia-sanctions-crypto-sectoral-ban-2026/primary/web.archive.org__web-20260429000000-https-www.consilium.europa.eu-en-press-press-releases-2026-04-23-russia-s-war-of-aggression-against-ukraine-20th-round-of-stern-eu-s__d537f28bcf.html"", ""url"": ""https://www.consilium.europa.eu/en/press/press-releases/2026/04/23/russia-s-war-of-aggression-against-ukraine-20th-round-of-stern-eu-sanctions-hits-energy-military-industrial-complex-trade-and-financial-services-including-crypto/"", ""wayback"": ""https://web.archive.org/web/20260428125431/https://www.consilium.europa.eu/en/press/press-releases/2026/04/23/russia-s-war-of-aggression-against-ukraine-20th-round-of-stern-eu-sanctions-hits-energy-military-industrial-complex-trade-and-financial-services-including-crypto/""}, {""body_hash"": ""sha256:e500e7176dd644a35d65c3bb48c3c0cfdb646520e3b2d1ce2a2be8cb2bb62992"", ""body_path"": ""sources/http_captures/eu-20th-russia-sanctions-crypto-sectoral-ban-2026/primary/web.archive.org__web-20260428000000-https-www.coindesk.com-policy-2026-04-27-eu-s-largest-measures-against-russia-yet-include-escalation-of-crypto-sanctions-evasion__07ea43a18f.html"", ""url"": ""https://www.coindesk.com/policy/2026/04/27/eu-s-largest-measures-against-russia-yet-include-escalation-of-crypto-sanctions-evasion"", ""wayback"": ""https://web.archive.org/web/20260427194653/https://www.coindesk.com/policy/2026/04/27/eu-s-largest-measures-against-russia-yet-include-escalation-of-crypto-sanctions-evasion""}]","[{""body_hash"": ""sha256:dde0761ac107026002e4d2785237be0ae0fbfa45a06401a4b41c134e696e09e7"", ""body_path"": ""sources/http_captures/eu-20th-russia-sanctions-crypto-sectoral-ban-2026/primary/web.archive.org__web-20260429000000-https-www.consilium.europa.eu-en-press-press-releases-2026-04-23-russia-s-war-of-aggression-against-ukraine-20th-round-of-stern-eu-s__d537f28bcf.html"", ""url"": ""https://www.consilium.europa.eu/en/press/press-releases/2026/04/23/russia-s-war-of-aggression-against-ukraine-20th-round-of-stern-eu-sanctions-hits-energy-military-industrial-complex-trade-and-financial-services-including-crypto/"", ""wayback"": ""https://web.archive.org/web/20260428125431/https://www.consilium.europa.eu/en/press/press-releases/2026/04/23/russia-s-war-of-aggression-against-ukraine-20th-round-of-stern-eu-sanctions-hits-energy-military-industrial-complex-trade-and-financial-services-including-crypto/""}, {""body_hash"": ""sha256:e500e7176dd644a35d65c3bb48c3c0cfdb646520e3b2d1ce2a2be8cb2bb62992"", ""body_path"": ""sources/http_captures/eu-20th-russia-sanctions-crypto-sectoral-ban-2026/primary/web.archive.org__web-20260428000000-https-www.coindesk.com-policy-2026-04-27-eu-s-largest-measures-against-russia-yet-include-escalation-of-crypto-sanctions-evasion__07ea43a18f.html"", ""url"": ""https://www.coindesk.com/policy/2026/04/27/eu-s-largest-measures-against-russia-yet-include-escalation-of-crypto-sanctions-evasion"", ""wayback"": ""https://web.archive.org/web/20260427194653/https://www.coindesk.com/policy/2026/04/27/eu-s-largest-measures-against-russia-yet-include-escalation-of-crypto-sanctions-evasion""}]",unadjudicated_risk_flag
eu-8th-package-russia-crypto-services-ban-2022-10,admitted,events/eu-8th-package-russia-crypto-services-ban-2022-10.yaml,0,offramp_cex,observed_change,eu_prohibits_all_crypto_services_to_russian_persons,"[{""matching_fields"": [""url"", ""body_hash""], ""observation_source_index"": 0, ""trigger_source_index"": 0}, {""matching_fields"": [""url"", ""body_hash""], ""observation_source_index"": 1, ""trigger_source_index"": 1}]","[{""body_hash"": ""sha256:25f907f04ba923199960626483b6dcb00b7c79ad39ff73ac2fe13947b6b19b17"", ""body_path"": ""sources/http_captures/eu-8th-package-russia-crypto-services-ban-2022-10/primary/web.archive.org__web-20221015000000-https-finance.ec.europa.eu-news-eu-agrees-eighth-package-sanctions-against-russia-2022-10-06_en__916ffa41ed.html"", ""url"": ""https://finance.ec.europa.eu/news/eu-agrees-eighth-package-sanctions-against-russia-2022-10-06_en"", ""wayback"": ""https://web.archive.org/web/20250530212527/https://finance.ec.europa.eu/news/eu-agrees-eighth-package-sanctions-against-russia-2022-10-06_en""}, {""body_hash"": ""sha256:4c49f5d6214ffd0c8bce614116e817c76a65a1b25d7dfacc7832abdc67ba588f"", ""body_path"": ""sources/http_captures/eu-8th-package-russia-crypto-services-ban-2022-10/primary/web.archive.org__web-20221008000000-https-www.coindesk.com-policy-2022-10-06-eus-russian-crypto-ban-confirmed-as-bloc-tightens-sanctions__6292511487.html"", ""url"": ""https://www.coindesk.com/policy/2022/10/06/eus-russian-crypto-ban-confirmed-as-bloc-tightens-sanctions"", ""wayback"": ""https://web.archive.org/web/20221007045409/https://www.coindesk.com/policy/2022/10/06/eus-russian-crypto-ban-confirmed-as-bloc-tightens-sanctions/""}]","[{""body_hash"": ""sha256:25f907f04ba923199960626483b6dcb00b7c79ad39ff73ac2fe13947b6b19b17"", ""body_path"": ""sources/http_captures/eu-8th-package-russia-crypto-services-ban-2022-10/primary/web.archive.org__web-20221015000000-https-finance.ec.europa.eu-news-eu-agrees-eighth-package-sanctions-against-russia-2022-10-06_en__916ffa41ed.html"", ""url"": ""https://finance.ec.europa.eu/news/eu-agrees-eighth-package-sanctions-against-russia-2022-10-06_en"", ""wayback"": ""https://web.archive.org/web/20250530212527/https://finance.ec.europa.eu/news/eu-agrees-eighth-package-sanctions-against-russia-2022-10-06_en""}, {""body_hash"": ""sha256:4c49f5d6214ffd0c8bce614116e817c76a65a1b25d7dfacc7832abdc67ba588f"", ""body_path"": ""sources/http_captures/eu-8th-package-russia-crypto-services-ban-2022-10/primary/web.archive.org__web-20221008000000-https-www.coindesk.com-policy-2022-10-06-eus-russian-crypto-ban-confirmed-as-bloc-tightens-sanctions__6292511487.html"", ""url"": ""https://www.coindesk.com/policy/2022/10/06/eus-russian-crypto-ban-confirmed-as-bloc-tightens-sanctions"", ""wayback"": ""https://web.archive.org/web/20221007045409/https://www.coindesk.com/policy/2022/10/06/eus-russian-crypto-ban-confirmed-as-bloc-tightens-sanctions/""}]",unadjudicated_risk_flag
eu-belarus-crypto-wallet-ban-2025,admitted,events/eu-belarus-crypto-wallet-ban-2025.yaml,0,offramp_cex,observed_change,eu_belarus_crypto_wallet_ban_2025_reaction,"[{""matching_fields"": [""url"", ""body_hash""], ""observation_source_index"": 0, ""trigger_source_index"": 0}]","[{""body_hash"": ""sha256:0977bf65450a79aab4aa33d1a2e52fe6275cfe0ac65ab60fc1f343a109cfc63a"", ""body_path"": ""sources/http_captures/eu-belarus-crypto-wallet-ban-2025/source/eur-lex.europa.eu__eli-reg-2025-392-oj-eng__090d0b3ded.html"", ""url"": ""https://eur-lex.europa.eu/eli/reg/2025/392/oj/eng""}]","[{""body_hash"": ""sha256:0977bf65450a79aab4aa33d1a2e52fe6275cfe0ac65ab60fc1f343a109cfc63a"", ""body_path"": ""sources/http_captures/eu-belarus-crypto-wallet-ban-2025/source/eur-lex.europa.eu__eli-reg-2025-392-oj-eng__090d0b3ded.html"", ""url"": ""https://eur-lex.europa.eu/eli/reg/2025/392/oj/eng""}]",unadjudicated_risk_flag
eu-mica-2023,admitted,events/eu-mica-2023.yaml,0,offramp_cex,observed_change,eu_mica_regulation_published_phased_rollout_begins,"[{""matching_fields"": [""url"", ""body_hash""], ""observation_source_index"": 0, ""trigger_source_index"": 0}, {""matching_fields"": [""url"", ""body_hash""], ""observation_source_index"": 1, ""trigger_source_index"": 0}]","[{""body_hash"": ""sha256:07e4a5574cc57713ecd12cb3d214843d916a5efc8919e67afc744ef5d35129a1"", ""body_path"": ""sources/http_captures/eu-mica-2023/primary/eur-lex.europa.eu__eli-reg-2023-1114-oj__2fcc7e5369.html"", ""url"": ""https://eur-lex.europa.eu/eli/reg/2023/1114/oj""}]","[{""body_hash"": ""sha256:07e4a5574cc57713ecd12cb3d214843d916a5efc8919e67afc744ef5d35129a1"", ""body_path"": ""sources/http_captures/eu-mica-2023/primary/eur-lex.europa.eu__eli-reg-2023-1114-oj__2fcc7e5369.html"", ""url"": ""https://eur-lex.europa.eu/eli/reg/2023/1114/oj""}, {""body_hash"": ""sha256:07e4a5574cc57713ecd12cb3d214843d916a5efc8919e67afc744ef5d35129a1"", ""body_path"": ""sources/http_captures/eu-mica-2023/primary/eur-lex.europa.eu__eli-reg-2023-1114-oj__2fcc7e5369.html"", ""url"": ""https://eur-lex.europa.eu/eli/reg/2023/1114/oj""}]",unadjudicated_risk_flag
eu-russia-crypto-wallet-cap-2022,admitted,events/eu-russia-crypto-wallet-cap-2022.yaml,0,offramp_cex,observed_change,eu_regulation_2022_576_created_eur_10k_crypto_wallet_account_custody_cap,"[{""matching_fields"": [""url"", ""body_hash""], ""observation_source_index"": 0, ""trigger_source_index"": 0}, {""matching_fields"": [""url""], ""observation_source_index"": 1, ""trigger_source_index"": 1}]","[{""body_hash"": ""sha256:3421ed03932de4cd7f32deb66b7bd890ef897e974152e85f6c4b4aba6978dbe1"", ""body_path"": ""sources/http_captures/eu-russia-crypto-wallet-cap-2022/primary/eur-lex.europa.eu__legal-content-EN-TXT__6c62b3cf65.html"", ""url"": ""https://eur-lex.europa.eu/legal-content/EN/TXT/?uri=CELEX:32022R0576"", ""wayback"": ""https://web.archive.org/web/2022/https://eur-lex.europa.eu/legal-content/EN/TXT/?uri=CELEX:32022R0576""}, {""url"": ""https://www.consilium.europa.eu/en/press/press-releases/2022/04/08/eu-adopts-fifth-round-of-sanctions-against-russia-over-its-military-aggression-against-ukraine/"", ""wayback"": ""https://web.archive.org/web/2022/https://www.consilium.europa.eu/en/press/press-releases/2022/04/08/eu-adopts-fifth-round-of-sanctions-against-russia-over-its-military-aggression-against-ukraine/""}]","[{""body_hash"": ""sha256:3421ed03932de4cd7f32deb66b7bd890ef897e974152e85f6c4b4aba6978dbe1"", ""body_path"": ""sources/http_captures/eu-russia-crypto-wallet-cap-2022/primary/eur-lex.europa.eu__legal-content-EN-TXT__6c62b3cf65.html"", ""url"": ""https://eur-lex.europa.eu/legal-content/EN/TXT/?uri=CELEX:32022R0576"", ""wayback"": ""https://web.archive.org/web/2022/https://eur-lex.europa.eu/legal-content/EN/TXT/?uri=CELEX:32022R0576""}, {""url"": ""https://www.consilium.europa.eu/en/press/press-releases/2022/04/08/eu-adopts-fifth-round-of-sanctions-against-russia-over-its-military-aggression-against-ukraine/"", ""wayback"": ""https://web.archive.org/web/2022/https://www.consilium.europa.eu/en/press/press-releases/2022/04/08/eu-adopts-fifth-round-of-sanctions-against-russia-over-its-military-aggression-against-ukraine/""}]",unadjudicated_risk_flag
eu-russia-full-crypto-wallet-ban-2022,admitted,events/eu-russia-full-crypto-wallet-ban-2022.yaml,0,offramp_cex,observed_change,eu_regulation_2022_1904_removed_crypto_wallet_threshold_for_russian_persons,"[{""matching_fields"": [""url"", ""body_hash""], ""observation_source_index"": 0, ""trigger_source_index"": 0}]","[{""body_hash"": ""sha256:b5db24a051dcc8184b6ac1b5a549fdeedbe07255bb476109e6db61b4edca9472"", ""body_path"": ""sources/http_captures/eu-russia-full-crypto-wallet-ban-2022/primary/eur-lex.europa.eu__legal-content-EN-TXT__c4d6e513a2.html"", ""url"": ""https://eur-lex.europa.eu/legal-content/EN/TXT/?uri=CELEX:32022R1904"", ""wayback"": ""https://web.archive.org/web/2022/https://eur-lex.europa.eu/legal-content/EN/TXT/?uri=CELEX:32022R1904""}]","[{""body_hash"": ""sha256:b5db24a051dcc8184b6ac1b5a549fdeedbe07255bb476109e6db61b4edca9472"", ""body_path"": ""sources/http_captures/eu-russia-full-crypto-wallet-ban-2022/primary/eur-lex.europa.eu__legal-content-EN-TXT__c4d6e513a2.html"", ""url"": ""https://eur-lex.europa.eu/legal-content/EN/TXT/?uri=CELEX:32022R1904"", ""wayback"": ""https://web.archive.org/web/2022/https://eur-lex.europa.eu/legal-content/EN/TXT/?uri=CELEX:32022R1904""}]",unadjudicated_risk_flag
eu-tfr-recast-2023,admitted,events/eu-tfr-recast-2023.yaml,0,offramp_cex,observed_change,eu_tfr_recast_adopted_zero_threshold_travel_rule_for_casps,"[{""matching_fields"": [""url"", ""body_hash""], ""observation_source_index"": 0, ""trigger_source_index"": 0}, {""matching_fields"": [""url"", ""body_hash""], ""observation_source_index"": 0, ""trigger_source_index"": 1}, {""matching_fields"": [""url"", ""body_hash""], ""observation_source_index"": 1, ""trigger_source_index"": 0}, {""matching_fields"": [""url"", ""body_hash""], ""observation_source_index"": 1, ""trigger_source_index"": 1}]","[{""body_hash"": ""sha256:6d2fde2549fcf25aca4602a9c693eec1589740e5a83f0cb26d303c7ec90c064e"", ""body_path"": ""sources/http_captures/eu-tfr-recast-2023/v0_3_repair/eur-lex.europa.eu__legal-content-EN-TXT__90a91a2c77.html"", ""url"": ""https://eur-lex.europa.eu/legal-content/EN/TXT/?uri=CELEX:32023R1113"", ""wayback"": ""https://web.archive.org/web/20260516000000/https://eur-lex.europa.eu/legal-content/EN/TXT/?uri=CELEX:32023R1113""}, {""body_hash"": ""sha256:6d2fde2549fcf25aca4602a9c693eec1589740e5a83f0cb26d303c7ec90c064e"", ""body_path"": ""sources/http_captures/eu-tfr-recast-2023/v0_3_repair/eur-lex.europa.eu__legal-content-EN-TXT__90a91a2c77.html"", ""url"": ""https://eur-lex.europa.eu/legal-content/EN/TXT/?uri=CELEX:32023R1113""}]","[{""body_hash"": ""sha256:6d2fde2549fcf25aca4602a9c693eec1589740e5a83f0cb26d303c7ec90c064e"", ""body_path"": ""sources/http_captures/eu-tfr-recast-2023/v0_3_repair/eur-lex.europa.eu__legal-content-EN-TXT__90a91a2c77.html"", ""url"": ""https://eur-lex.europa.eu/legal-content/EN/TXT/?uri=CELEX:32023R1113"", ""wayback"": ""https://web.archive.org/web/20260516000000/https://eur-lex.europa.eu/legal-content/EN/TXT/?uri=CELEX:32023R1113""}, {""body_hash"": ""sha256:6d2fde2549fcf25aca4602a9c693eec1589740e5a83f0cb26d303c7ec90c064e"", ""body_path"": ""sources/http_captures/eu-tfr-recast-2023/v0_3_repair/eur-lex.europa.eu__legal-content-EN-TXT__90a91a2c77.html"", ""url"": ""https://eur-lex.europa.eu/legal-content/EN/TXT/?uri=CELEX:32023R1113"", ""wayback"": ""https://web.archive.org/web/20260516000001/https://eur-lex.europa.eu/legal-content/EN/TXT/?uri=CELEX:32023R1113""}]",unadjudicated_risk_flag
falcon-labs-cftc-us-access-ban-2024,admitted,events/falcon-labs-cftc-us-access-ban-2024.yaml,0,offramp_cex,observed_change,falcon_labs_cftc_us_access_ban_2024_reaction,"[{""matching_fields"": [""url"", ""body_hash""], ""observation_source_index"": 0, ""trigger_source_index"": 0}]","[{""body_hash"": ""sha256:5b3d4aaa1ddfce44aacd5c80eb85c89437453ebc2718606215dcb5dff8418d0e"", ""body_path"": ""sources/http_captures/falcon-labs-cftc-us-access-ban-2024/source/www.cftc.gov__PressRoom-PressReleases-8909-24__3cd34ddae4.html"", ""url"": ""https://www.cftc.gov/PressRoom/PressReleases/8909-24""}]","[{""body_hash"": ""sha256:5b3d4aaa1ddfce44aacd5c80eb85c89437453ebc2718606215dcb5dff8418d0e"", ""body_path"": ""sources/http_captures/falcon-labs-cftc-us-access-ban-2024/source/www.cftc.gov__PressRoom-PressReleases-8909-24__3cd34ddae4.html"", ""url"": ""https://www.cftc.gov/PressRoom/PressReleases/8909-24""}]",unadjudicated_risk_flag
fatf-r15-vasp-travel-rule-2019,admitted,events/fatf-r15-vasp-travel-rule-2019.yaml,0,offramp_cex,observed_change,fatf_r15_inr_adopted_vasp_travel_rule_supranational_trigger,"[{""matching_fields"": [""url""], ""observation_source_index"": 0, ""trigger_source_index"": 0}, {""matching_fields"": [""url""], ""observation_source_index"": 1, ""trigger_source_index"": 1}]","[{""url"": ""https://www.fatf-gafi.org/en/publications/Fatfrecommendations/Guidance-rba-virtual-assets.html"", ""wayback"": ""https://web.archive.org/web/2019*/https://www.fatf-gafi.org/en/publications/Fatfrecommendations/Guidance-rba-virtual-assets.html""}, {""url"": ""https://www.fatf-gafi.org/en/publications/Fatfrecommendations/Public-statement-virtual-assets.html""}]","[{""url"": ""https://www.fatf-gafi.org/en/publications/Fatfrecommendations/Guidance-rba-virtual-assets.html"", ""wayback"": ""https://web.archive.org/web/2019*/https://www.fatf-gafi.org/en/publications/Fatfrecommendations/Guidance-rba-virtual-assets.html""}, {""url"": ""https://www.fatf-gafi.org/en/publications/Fatfrecommendations/Public-statement-virtual-assets.html"", ""wayback"": ""https://web.archive.org/web/2019*/https://www.fatf-gafi.org/en/publications/Fatfrecommendations/Public-statement-virtual-assets.html""}]",unadjudicated_risk_flag
fincen-eric-powers-p2p-exchanger-2019-04,admitted,events/fincen-eric-powers-p2p-exchanger-2019-04.yaml,0,offramp_cex,observed_change,fincen_industry_bar_terminates_p2p_bitcoin_exchanger,"[{""matching_fields"": [""url"", ""body_hash""], ""observation_source_index"": 0, ""trigger_source_index"": 0}]","[{""body_hash"": ""sha256:e659ccd83ccf34bd79c7f6d13bc5f9ef638eae731d1643ada13ff9ea0c0e389c"", ""body_path"": ""sources/http_captures/fincen-eric-powers-p2p-exchanger-2019-04/primary/web.archive.org__web-20190419000000-https-www.fincen.gov-news-news-releases-fincen-penalizes-peer-peer-virtual-currency-exchanger-violations-anti-money__358b1c9f9a.html"", ""url"": ""https://web.archive.org/web/20190419000000/https://www.fincen.gov/news/news-releases/fincen-penalizes-peer-peer-virtual-currency-exchanger-violations-anti-money"", ""wayback"": ""https://web.archive.org/web/20190418184452/https://www.fincen.gov/news/news-releases/fincen-penalizes-peer-peer-virtual-currency-exchanger-violations-anti-money""}]","[{""body_hash"": ""sha256:e659ccd83ccf34bd79c7f6d13bc5f9ef638eae731d1643ada13ff9ea0c0e389c"", ""body_path"": ""sources/http_captures/fincen-eric-powers-p2p-exchanger-2019-04/primary/web.archive.org__web-20190419000000-https-www.fincen.gov-news-news-releases-fincen-penalizes-peer-peer-virtual-currency-exchanger-violations-anti-money__358b1c9f9a.html"", ""url"": ""https://web.archive.org/web/20190419000000/https://www.fincen.gov/news/news-releases/fincen-penalizes-peer-peer-virtual-currency-exchanger-violations-anti-money"", ""wayback"": ""https://web.archive.org/web/20190418184452/https://www.fincen.gov/news/news-releases/fincen-penalizes-peer-peer-virtual-currency-exchanger-violations-anti-money""}]",unadjudicated_risk_flag
garantex-besciokov-mira-serda-doj-2025,admitted,events/garantex-besciokov-mira-serda-doj-2025.yaml,0,l4_frontend,observed_change,secret_service_seizes_three_garantex_domains,"[{""matching_fields"": [""url"", ""body_hash""], ""observation_source_index"": 0, ""trigger_source_index"": 0}]","[{""body_hash"": ""sha256:ec3f812163ed57d80e8af1d4a66cb9d3d156008e80556df0833e6061bfbb8d8a"", ""body_path"": ""sources/http_captures/garantex-besciokov-mira-serda-doj-2025/primary/web.archive.org__web-20250307000000-https-www.justice.gov-opa-pr-garantex-cryptocurrency-exchange-disrupted-international-operation__d76e9d3a2a.html"", ""url"": ""https://web.archive.org/web/20250307000000/https://www.justice.gov/opa/pr/garantex-cryptocurrency-exchange-disrupted-international-operation"", ""wayback"": ""https://web.archive.org/web/20250307191431/https://www.justice.gov/opa/pr/garantex-cryptocurrency-exchange-disrupted-international-operation""}]","[{""body_hash"": ""sha256:ec3f812163ed57d80e8af1d4a66cb9d3d156008e80556df0833e6061bfbb8d8a"", ""body_path"": ""sources/http_captures/garantex-besciokov-mira-serda-doj-2025/primary/web.archive.org__web-20250307000000-https-www.justice.gov-opa-pr-garantex-cryptocurrency-exchange-disrupted-international-operation__d76e9d3a2a.html"", ""url"": ""https://web.archive.org/web/20250307000000/https://www.justice.gov/opa/pr/garantex-cryptocurrency-exchange-disrupted-international-operation"", ""wayback"": ""https://web.archive.org/web/20250307191431/https://www.justice.gov/opa/pr/garantex-cryptocurrency-exchange-disrupted-international-operation""}]",unadjudicated_risk_flag
garantex-besciokov-mira-serda-doj-2025,admitted,events/garantex-besciokov-mira-serda-doj-2025.yaml,1,offramp_cex,observed_change,garantex_exchange_operations_disrupted_by_indictment_and_seizure,"[{""matching_fields"": [""url"", ""body_hash""], ""observation_source_index"": 0, ""trigger_source_index"": 0}]","[{""body_hash"": ""sha256:ec3f812163ed57d80e8af1d4a66cb9d3d156008e80556df0833e6061bfbb8d8a"", ""body_path"": ""sources/http_captures/garantex-besciokov-mira-serda-doj-2025/primary/web.archive.org__web-20250307000000-https-www.justice.gov-opa-pr-garantex-cryptocurrency-exchange-disrupted-international-operation__d76e9d3a2a.html"", ""url"": ""https://web.archive.org/web/20250307000000/https://www.justice.gov/opa/pr/garantex-cryptocurrency-exchange-disrupted-international-operation"", ""wayback"": ""https://web.archive.org/web/20250307191431/https://www.justice.gov/opa/pr/garantex-cryptocurrency-exchange-disrupted-international-operation""}]","[{""body_hash"": ""sha256:ec3f812163ed57d80e8af1d4a66cb9d3d156008e80556df0833e6061bfbb8d8a"", ""body_path"": ""sources/http_captures/garantex-besciokov-mira-serda-doj-2025/primary/web.archive.org__web-20250307000000-https-www.justice.gov-opa-pr-garantex-cryptocurrency-exchange-disrupted-international-operation__d76e9d3a2a.html"", ""url"": ""https://web.archive.org/web/20250307000000/https://www.justice.gov/opa/pr/garantex-cryptocurrency-exchange-disrupted-international-operation"", ""wayback"": ""https://web.archive.org/web/20250307191431/https://www.justice.gov/opa/pr/garantex-cryptocurrency-exchange-disrupted-international-operation""}]",unadjudicated_risk_flag
garantex-ofac-2022,admitted,events/garantex-ofac-2022.yaml,0,offramp_cex,observed_change,exchange_designated_and_operations_constrained,"[{""matching_fields"": [""url"", ""body_hash""], ""observation_source_index"": 0, ""trigger_source_index"": 0}, {""matching_fields"": [""url"", ""body_hash""], ""observation_source_index"": 1, ""trigger_source_index"": 1}]","[{""body_hash"": ""sha256:540aea9310913b96971bd7351997b4acdc869ca53b9f5c1b94914c3385d3dcc1"", ""body_path"": ""sources/http_captures/garantex-ofac-2022/backfill-1.3/ofac.treasury.gov__recent-actions-20220405__594c05f6bc.html"", ""url"": ""https://ofac.treasury.gov/recent-actions/20220405"", ""wayback"": ""https://web.archive.org/web/20260421105315/https://ofac.treasury.gov/recent-actions/20220405""}, {""body_hash"": ""sha256:0dfef579a81b5d191a82e76f2be1fedec10dbf1192665d69584501cee46f22cd"", ""body_path"": ""sources/http_captures/garantex-ofac-2022/backfill-1.3/home.treasury.gov__news-press-releases-jy0701__1d13c92377.html"", ""url"": ""https://home.treasury.gov/news/press-releases/jy0701"", ""wayback"": ""https://web.archive.org/web/20260421105351/https://home.treasury.gov/news/press-releases/jy0701""}]","[{""body_hash"": ""sha256:540aea9310913b96971bd7351997b4acdc869ca53b9f5c1b94914c3385d3dcc1"", ""body_path"": ""sources/http_captures/garantex-ofac-2022/backfill-1.3/ofac.treasury.gov__recent-actions-20220405__594c05f6bc.html"", ""url"": ""https://ofac.treasury.gov/recent-actions/20220405"", ""wayback"": ""https://web.archive.org/web/20260421105315/https://ofac.treasury.gov/recent-actions/20220405""}, {""body_hash"": ""sha256:0dfef579a81b5d191a82e76f2be1fedec10dbf1192665d69584501cee46f22cd"", ""body_path"": ""sources/http_captures/garantex-ofac-2022/backfill-1.3/home.treasury.gov__news-press-releases-jy0701__1d13c92377.html"", ""url"": ""https://home.treasury.gov/news/press-releases/jy0701"", ""wayback"": ""https://web.archive.org/web/20260421105351/https://home.treasury.gov/news/press-releases/jy0701""}]",unadjudicated_risk_flag
gate-io-privacy-coin-perpetuals-delisting-2024-12,admitted,events/gate-io-privacy-coin-perpetuals-delisting-2024-12.yaml,0,offramp_cex,observed_change,gateio_removes_xmr_dash_zec_zen_xvg_perpetual_markets,"[{""matching_fields"": [""url"", ""body_hash""], ""observation_source_index"": 0, ""trigger_source_index"": 0}]","[{""body_hash"": ""sha256:3128754ebe1b3c468daf6a20bef3334b7c02d4ed8f1063d4d9e424c5a311ca5d"", ""body_path"": ""sources/http_captures/gate-io-privacy-coin-perpetuals-delisting-2024-12/primary/web.archive.org__web-20250501041136-https-www.gate.io-announcements-article-41883__c9c5355352.html"", ""url"": ""https://www.gate.io/announcements/article/41883"", ""wayback"": ""https://web.archive.org/web/20250501041136/https://www.gate.io/announcements/article/41883""}]","[{""body_hash"": ""sha256:3128754ebe1b3c468daf6a20bef3334b7c02d4ed8f1063d4d9e424c5a311ca5d"", ""body_path"": ""sources/http_captures/gate-io-privacy-coin-perpetuals-delisting-2024-12/primary/web.archive.org__web-20250501041136-https-www.gate.io-announcements-article-41883__c9c5355352.html"", ""url"": ""https://www.gate.io/announcements/article/41883"", ""wayback"": ""https://web.archive.org/web/20250501041136/https://www.gate.io/announcements/article/41883""}]",unadjudicated_risk_flag
gemini-netherlands-exit-2023-11,admitted,events/gemini-netherlands-exit-2023-11.yaml,0,offramp_cex,observed_change,gemini_netherlands_market_exit_effective,"[{""matching_fields"": [""url"", ""body_hash""], ""observation_source_index"": 0, ""trigger_source_index"": 0}, {""matching_fields"": [""url"", ""body_hash""], ""observation_source_index"": 1, ""trigger_source_index"": 1}]","[{""body_hash"": ""sha256:2c3471a8fb196710e613f237bc94f72cf068094491acdecc77c61ab1c4a2e9fd"", ""body_path"": ""sources/http_captures/gemini-netherlands-exit-2023-11/primary-gemini-wayback-v1/web.archive.org__web-20231208060627-https-support.gemini.com-hc-en-us-articles-19053340588187-Gemini-closing-accounts-in-the-Netherlands-Everything-you-need-to-know__23d44b8427.html"", ""url"": ""https://support.gemini.com/hc/en-us/articles/19053340588187-Gemini-closing-accounts-in-the-Netherlands-Everything-you-need-to-know"", ""wayback"": ""https://web.archive.org/web/20231208060627/https://support.gemini.com/hc/en-us/articles/19053340588187-Gemini-closing-accounts-in-the-Netherlands-Everything-you-need-to-know""}, {""body_hash"": ""sha256:18d5f55197f40afa004b6ed0a8bbd240cbefac4e140233e5c52c886a9079ecda"", ""body_path"": ""sources/http_captures/gemini-netherlands-exit-2023-11/primary/web.archive.org__web-20240615053708-https-www.coindesk.com-policy-2023-09-29-gemini-to-cease-offering-crypto-services-in-netherlands-in-november__7aed9116c7.html"", ""url"": ""https://www.coindesk.com/policy/2023/09/29/gemini-to-cease-offering-crypto-services-in-netherlands-in-november"", ""wayback"": ""https://web.archive.org/web/20240615053708/https://www.coindesk.com/policy/2023/09/29/gemini-to-cease-offering-crypto-services-in-netherlands-in-november/""}]","[{""body_hash"": ""sha256:2c3471a8fb196710e613f237bc94f72cf068094491acdecc77c61ab1c4a2e9fd"", ""body_path"": ""sources/http_captures/gemini-netherlands-exit-2023-11/primary-gemini-wayback-v1/web.archive.org__web-20231208060627-https-support.gemini.com-hc-en-us-articles-19053340588187-Gemini-closing-accounts-in-the-Netherlands-Everything-you-need-to-know__23d44b8427.html"", ""url"": ""https://support.gemini.com/hc/en-us/articles/19053340588187-Gemini-closing-accounts-in-the-Netherlands-Everything-you-need-to-know"", ""wayback"": ""https://web.archive.org/web/20231208060627/https://support.gemini.com/hc/en-us/articles/19053340588187-Gemini-closing-accounts-in-the-Netherlands-Everything-you-need-to-know""}, {""body_hash"": ""sha256:18d5f55197f40afa004b6ed0a8bbd240cbefac4e140233e5c52c886a9079ecda"", ""body_path"": ""sources/http_captures/gemini-netherlands-exit-2023-11/primary/web.archive.org__web-20240615053708-https-www.coindesk.com-policy-2023-09-29-gemini-to-cease-offering-crypto-services-in-netherlands-in-november__7aed9116c7.html"", ""url"": ""https://www.coindesk.com/policy/2023/09/29/gemini-to-cease-offering-crypto-services-in-netherlands-in-november"", ""wayback"": ""https://web.archive.org/web/20240615053708/https://www.coindesk.com/policy/2023/09/29/gemini-to-cease-offering-crypto-services-in-netherlands-in-november/""}, {""body_hash"": ""sha256:80960eae95ce4977ed0520f488bab19df5a4bf7227107ad3e0544c51d9f712b7"", ""body_path"": ""sources/http_captures/gemini-netherlands-exit-2023-11/primary/web.archive.org__web-20250624003219-https-www.unlock-bc.com-109313-gemini-halts-operations-in-netherlands-amid-regulatory-challenges__a86d2a7053.html"", ""url"": ""https://www.unlock-bc.com/109313/gemini-halts-operations-in-netherlands-amid-regulatory-challenges/"", ""wayback"": ""https://web.archive.org/web/20250624003219/https://www.unlock-bc.com/109313/gemini-halts-operations-in-netherlands-amid-regulatory-challenges/""}]",unadjudicated_risk_flag
genesis-sec-gemini-earn-2023,admitted,events/genesis-sec-gemini-earn-2023.yaml,0,offramp_cex,observed_change,unregistered_lending_program_charged_and_terminated,"[{""matching_fields"": [""url""], ""observation_source_index"": 0, ""trigger_source_index"": 0}, {""matching_fields"": [""url""], ""observation_source_index"": 1, ""trigger_source_index"": 1}]","[{""url"": ""https://www.sec.gov/news/press-release/2023-7"", ""wayback"": ""https://web.archive.org/web/20260516000000/https://www.sec.gov/news/press-release/2023-7""}, {""url"": ""https://www.sec.gov/litigation/complaints/2023/comp-pr2023-7.pdf"", ""wayback"": ""https://web.archive.org/web/20260516000000/https://www.sec.gov/litigation/complaints/2023/comp-pr2023-7.pdf""}]","[{""url"": ""https://www.sec.gov/news/press-release/2023-7"", ""wayback"": ""https://web.archive.org/web/20260516000000/https://www.sec.gov/news/press-release/2023-7""}, {""url"": ""https://www.sec.gov/litigation/complaints/2023/comp-pr2023-7.pdf"", ""wayback"": ""https://web.archive.org/web/20260516000000/https://www.sec.gov/litigation/complaints/2023/comp-pr2023-7.pdf""}]",unadjudicated_risk_flag
genesis-sec-gemini-earn-2023,admitted,events/genesis-sec-gemini-earn-2023.yaml,1,offramp_cex,observed_change,genesis_chapter_11_filing_freezes_lender_estate,"[{""matching_fields"": [""url""], ""observation_source_index"": 1, ""trigger_source_index"": 0}]","[{""url"": ""https://www.sec.gov/news/press-release/2023-7"", ""wayback"": ""https://web.archive.org/web/20260516000000/https://www.sec.gov/news/press-release/2023-7""}, {""url"": ""https://www.sec.gov/litigation/complaints/2023/comp-pr2023-7.pdf"", ""wayback"": ""https://web.archive.org/web/20260516000000/https://www.sec.gov/litigation/complaints/2023/comp-pr2023-7.pdf""}]","[{""url"": ""https://cases.stretto.com/genesis/"", ""wayback"": ""https://web.archive.org/web/20260516000000/https://cases.stretto.com/genesis/""}, {""url"": ""https://www.sec.gov/news/press-release/2023-7"", ""wayback"": ""https://web.archive.org/web/20260516000000/https://www.sec.gov/news/press-release/2023-7""}]",unadjudicated_risk_flag
germany-bafin-binance-licence-withdrawal-2023,admitted,events/germany-bafin-binance-licence-withdrawal-2023.yaml,0,offramp_cex,observed_change,binance_de_crypto_custody_licence_application_withdrawn,"[{""matching_fields"": [""url"", ""body_hash""], ""observation_source_index"": 0, ""trigger_source_index"": 1}, {""matching_fields"": [""url"", ""body_hash""], ""observation_source_index"": 1, ""trigger_source_index"": 2}]","[{""body_hash"": ""sha256:e6024f8b49411b9a80c6db5d0d97ea71044f8bfa2c6aa8474dd0f8729ffca38f"", ""body_path"": ""sources/http_captures/germany-bafin-binance-licence-withdrawal-2023/bafin/www.bafin.de__SharedDocs-Veroeffentlichungen-EN-Merkblatt-mb_200302_kryptoverwahrgeschaeft_en__7735676cee.html"", ""url"": ""https://www.bafin.de/SharedDocs/Veroeffentlichungen/EN/Merkblatt/mb_200302_kryptoverwahrgeschaeft_en""}, {""body_hash"": ""sha256:8ca3964fc655c3f17413afa3602b18b2cb2d19617a6db37e9dd34816dfc00a1a"", ""body_path"": ""sources/http_captures/germany-bafin-binance-licence-withdrawal-2023/primary/www.pymnts.com__cryptocurrency-2023-binance-retreats-germany-crypto-landscape-shifts-significantly__18947af64a.html"", ""url"": ""https://www.pymnts.com/cryptocurrency/2023/binance-retreats-germany-crypto-landscape-shifts-significantly/""}, {""body_hash"": ""sha256:ae9682d626ce853bb189e6d97a1d17805b966afa53a9c6f0aa81643bff5673a9"", ""body_path"": ""sources/http_captures/germany-bafin-binance-licence-withdrawal-2023/primary/www.investing.com__news-stock-market-news-binance-withdraws-application-for-crypto-license-in-germany-3134579__73c4dd7dbd.html"", ""url"": ""https://www.investing.com/news/stock-market-news/binance-withdraws-application-for-crypto-license-in-germany-3134579""}]","[{""body_hash"": ""sha256:8ca3964fc655c3f17413afa3602b18b2cb2d19617a6db37e9dd34816dfc00a1a"", ""body_path"": ""sources/http_captures/germany-bafin-binance-licence-withdrawal-2023/primary/www.pymnts.com__cryptocurrency-2023-binance-retreats-germany-crypto-landscape-shifts-significantly__18947af64a.html"", ""url"": ""https://www.pymnts.com/cryptocurrency/2023/binance-retreats-germany-crypto-landscape-shifts-significantly/""}, {""body_hash"": ""sha256:ae9682d626ce853bb189e6d97a1d17805b966afa53a9c6f0aa81643bff5673a9"", ""body_path"": ""sources/http_captures/germany-bafin-binance-licence-withdrawal-2023/primary/www.investing.com__news-stock-market-news-binance-withdraws-application-for-crypto-license-in-germany-3134579__73c4dd7dbd.html"", ""url"": ""https://www.investing.com/news/stock-market-news/binance-withdraws-application-for-crypto-license-in-germany-3134579""}]",unadjudicated_risk_flag
goldage-ny-state-indictment-2006-07,rejected,events/goldage-ny-state-indictment-2006-07.yaml,0,offramp_cex,observed_change,goldage_digital_currency_exchange_operation_ended_by_ny_state_prosecution,"[{""matching_fields"": [""url"", ""body_hash""], ""observation_source_index"": 0, ""trigger_source_index"": 0}, {""matching_fields"": [""url"", ""body_hash""], ""observation_source_index"": 1, ""trigger_source_index"": 1}]","[{""body_hash"": ""sha256:a5e4d287f9572a9f3c5139c68271e2b7794dd268f7ed21bd122fba2c5b80c9eb"", ""body_path"": ""sources/http_captures/goldage-ny-state-indictment-2006-07/primary/web.archive.org__web-20260404000000-https-www.justice.gov-usao-sdny-pr-founder-liberty-reserve-arthur-budovsky-pleads-guilty-manhattan-federal-court__bdf9cb2c85.html"", ""url"": ""https://www.justice.gov/usao-sdny/pr/founder-liberty-reserve-arthur-budovsky-pleads-guilty-manhattan-federal-court"", ""wayback"": ""https://web.archive.org/web/20260404131500/https://www.justice.gov/usao-sdny/pr/founder-liberty-reserve-arthur-budovsky-pleads-guilty-manhattan-federal-court""}, {""body_hash"": ""sha256:d8ce09080c22a9b28abda810f1e7c6b9963b29569e608ba7da473d90c6b51583"", ""body_path"": ""sources/http_captures/goldage-ny-state-indictment-2006-07/primary/web.archive.org__web-20251124000000-https-en.wikipedia.org-wiki-Gold_Age__fb4cc0848b.html"", ""url"": ""https://en.wikipedia.org/wiki/Gold_Age"", ""wayback"": ""https://web.archive.org/web/20251124080834/https://en.wikipedia.org/wiki/Gold_Age""}]","[{""body_hash"": ""sha256:a5e4d287f9572a9f3c5139c68271e2b7794dd268f7ed21bd122fba2c5b80c9eb"", ""body_path"": ""sources/http_captures/goldage-ny-state-indictment-2006-07/primary/web.archive.org__web-20260404000000-https-www.justice.gov-usao-sdny-pr-founder-liberty-reserve-arthur-budovsky-pleads-guilty-manhattan-federal-court__bdf9cb2c85.html"", ""url"": ""https://www.justice.gov/usao-sdny/pr/founder-liberty-reserve-arthur-budovsky-pleads-guilty-manhattan-federal-court"", ""wayback"": ""https://web.archive.org/web/20260404131500/https://www.justice.gov/usao-sdny/pr/founder-liberty-reserve-arthur-budovsky-pleads-guilty-manhattan-federal-court""}, {""body_hash"": ""sha256:d8ce09080c22a9b28abda810f1e7c6b9963b29569e608ba7da473d90c6b51583"", ""body_path"": ""sources/http_captures/goldage-ny-state-indictment-2006-07/primary/web.archive.org__web-20251124000000-https-en.wikipedia.org-wiki-Gold_Age__fb4cc0848b.html"", ""url"": ""https://en.wikipedia.org/wiki/Gold_Age"", ""wayback"": ""https://web.archive.org/web/20251124080834/https://en.wikipedia.org/wiki/Gold_Age""}]",unadjudicated_risk_flag
google-play-india-crypto-exchange-removal-2024-01,admitted,events/google-play-india-crypto-exchange-removal-2024-01.yaml,0,l4_frontend,observed_change,seven_offshore_vda_apps_removed_from_google_play_in_regional_storefront,"[{""matching_fields"": [""url""], ""observation_source_index"": 0, ""trigger_source_index"": 0}, {""matching_fields"": [""url""], ""observation_source_index"": 1, ""trigger_source_index"": 1}]","[{""url"": ""https://techcrunch.com/2024/01/13/google-pulls-binance-other-global-crypto-apps-from-india-store/"", ""wayback"": ""https://web.archive.org/web/2024/https://techcrunch.com/2024/01/13/google-pulls-binance-other-global-crypto-apps-from-india-store/""}, {""url"": ""https://cointelegraph.com/news/google-play-store-removes-binance-others-in-response-to-indian-fiu-notice"", ""wayback"": ""https://web.archive.org/web/2024/https://cointelegraph.com/news/google-play-store-removes-binance-others-in-response-to-indian-fiu-notice""}, {""url"": ""https://www.pymnts.com/cryptocurrency/2024/google-follows-apple-in-yanking-crypto-apps-in-india/"", ""wayback"": ""https://web.archive.org/web/2024/https://www.pymnts.com/cryptocurrency/2024/google-follows-apple-in-yanking-crypto-apps-in-india/""}]","[{""body_hash"": ""sha256:376d00b85813d34b9cdbb57aa1d59767e2c8ac0aaffc907928a2f890f56a5ea5"", ""body_path"": ""sources/http_captures/google-play-india-crypto-exchange-removal-2024-01/primary/web.archive.org__web-20240114000000-https-techcrunch.com-2024-01-13-google-pulls-binance-other-global-crypto-apps-from-india-store__a736d71074.html"", ""url"": ""https://techcrunch.com/2024/01/13/google-pulls-binance-other-global-crypto-apps-from-india-store/"", ""wayback"": ""https://web.archive.org/web/20240114014815/https://techcrunch.com/2024/01/13/google-pulls-binance-other-global-crypto-apps-from-india-store/""}, {""body_hash"": ""sha256:9239322b05528164da8f7a565c08936ac08ea04199cebf977bd747bcb6796f96"", ""body_path"": ""sources/http_captures/google-play-india-crypto-exchange-removal-2024-01/primary/web.archive.org__web-20240114000000-https-cointelegraph.com-news-google-play-store-removes-binance-others-in-response-to-indian-fiu-notice__426c891ab1.html"", ""url"": ""https://cointelegraph.com/news/google-play-store-removes-binance-others-in-response-to-indian-fiu-notice"", ""wayback"": ""https://web.archive.org/web/20240114074027/https://cointelegraph.com/news/google-play-store-removes-binance-others-in-response-to-indian-fiu-notice""}]",unadjudicated_risk_flag
helix-doj-mixer-2020,admitted,events/helix-doj-mixer-2020.yaml,0,l4_frontend,observed_change,helix_mixer_frontend_finality_anchored_by_operator_indictment,"[{""matching_fields"": [""url""], ""observation_source_index"": 0, ""trigger_source_index"": 0}]","[{""url"": ""https://www.justice.gov/opa/pr/ohio-resident-charged-operating-darknet-based-bitcoin-mixer-laundered-over-300-million"", ""wayback"": ""https://web.archive.org/web/20260516000000/https://www.justice.gov/opa/pr/ohio-resident-charged-operating-darknet-based-bitcoin-mixer-laundered-over-300-million""}, {""url"": ""https://www.fincen.gov/news/news-releases/fincen-announces-60-million-civil-money-penalty-against-larry-dean-harmon""}]","[{""url"": ""https://www.justice.gov/opa/pr/ohio-resident-charged-operating-darknet-based-bitcoin-mixer-laundered-over-300-million"", ""wayback"": ""https://web.archive.org/web/20260516000000/https://www.justice.gov/opa/pr/ohio-resident-charged-operating-darknet-based-bitcoin-mixer-laundered-over-300-million""}]",unadjudicated_risk_flag
helix-doj-mixer-2020,admitted,events/helix-doj-mixer-2020.yaml,1,offramp_cex,observed_change,helix_operator_indicted_and_arrested_mixer_state_terminal,"[{""matching_fields"": [""url""], ""observation_source_index"": 0, ""trigger_source_index"": 0}, {""matching_fields"": [""url""], ""observation_source_index"": 1, ""trigger_source_index"": 1}]","[{""url"": ""https://www.justice.gov/opa/pr/ohio-resident-charged-operating-darknet-based-bitcoin-mixer-laundered-over-300-million"", ""wayback"": ""https://web.archive.org/web/20260516000000/https://www.justice.gov/opa/pr/ohio-resident-charged-operating-darknet-based-bitcoin-mixer-laundered-over-300-million""}, {""url"": ""https://www.fincen.gov/news/news-releases/fincen-announces-60-million-civil-money-penalty-against-larry-dean-harmon""}]","[{""url"": ""https://www.justice.gov/opa/pr/ohio-resident-charged-operating-darknet-based-bitcoin-mixer-laundered-over-300-million"", ""wayback"": ""https://web.archive.org/web/20260516000000/https://www.justice.gov/opa/pr/ohio-resident-charged-operating-darknet-based-bitcoin-mixer-laundered-over-300-million""}, {""url"": ""https://www.fincen.gov/news/news-releases/fincen-announces-60-million-civil-money-penalty-against-larry-dean-harmon"", ""wayback"": ""https://web.archive.org/web/20260516000000/https://www.fincen.gov/news/news-releases/fincen-announces-60-million-civil-money-penalty-against-larry-dean-harmon""}]",unadjudicated_risk_flag
hongkong-hkma-stablecoins-ordinance-2025,admitted,events/hongkong-hkma-stablecoins-ordinance-2025.yaml,0,offramp_cex,observed_change,unlicensed_hk_or_hkd_stablecoin_fiat_rails_blocked,"[{""matching_fields"": [""url"", ""body_hash""], ""observation_source_index"": 0, ""trigger_source_index"": 0}, {""matching_fields"": [""url"", ""body_hash""], ""observation_source_index"": 1, ""trigger_source_index"": 2}]","[{""body_hash"": ""sha256:dfe19a0319bb00b19e95b5a23a029e39943e255ab3cb2eb9dd79ef6f892141bd"", ""body_path"": ""sources/http_captures/hongkong-hkma-stablecoins-ordinance-2025/primary/web.archive.org__web-20250115063707-https-www.hkma.gov.hk-eng-key-functions-international-financial-centre-stablecoin-issuers__e4d660a0cf.html"", ""url"": ""https://www.hkma.gov.hk/eng/key-functions/international-financial-centre/stablecoin-issuers/"", ""wayback"": ""https://web.archive.org/web/20250115063707/https://www.hkma.gov.hk/eng/key-functions/international-financial-centre/stablecoin-issuers/""}, {""body_hash"": ""sha256:90f3fdd8696ae240e5f8effd9ae8927d232af48a8a5baf45a7e7eb924b06a892"", ""body_path"": ""sources/http_captures/hongkong-hkma-stablecoins-ordinance-2025/primary/web.archive.org__web-20250624141341-https-www.info.gov.hk-gia-general-202506-06-P2025060600275.htm__dec4beae1b.html"", ""url"": ""https://www.info.gov.hk/gia/general/202506/06/P2025060600275.htm"", ""wayback"": ""https://web.archive.org/web/20250624141341/https://www.info.gov.hk/gia/general/202506/06/P2025060600275.htm""}, {""body_hash"": ""sha256:b0e317f3689c605d908d531bb44dd84fe6b21955049a99787255fa27902f3f31"", ""body_path"": ""sources/http_captures/hongkong-hkma-stablecoins-ordinance-2025/primary/web.archive.org__web-20250729123352-https-www.hkma.gov.hk-eng-news-and-media-press-releases-2025-07-20250729-4__281a2f1531.html"", ""url"": ""https://www.hkma.gov.hk/eng/news-and-media/press-releases/2025/07/20250729-4/"", ""wayback"": ""https://web.archive.org/web/20250729123352/https://www.hkma.gov.hk/eng/news-and-media/press-releases/2025/07/20250729-4/""}]","[{""body_hash"": ""sha256:dfe19a0319bb00b19e95b5a23a029e39943e255ab3cb2eb9dd79ef6f892141bd"", ""body_path"": ""sources/http_captures/hongkong-hkma-stablecoins-ordinance-2025/primary/web.archive.org__web-20250115063707-https-www.hkma.gov.hk-eng-key-functions-international-financial-centre-stablecoin-issuers__e4d660a0cf.html"", ""url"": ""https://www.hkma.gov.hk/eng/key-functions/international-financial-centre/stablecoin-issuers/"", ""wayback"": ""https://web.archive.org/web/20250115063707/https://www.hkma.gov.hk/eng/key-functions/international-financial-centre/stablecoin-issuers/""}, {""body_hash"": ""sha256:b0e317f3689c605d908d531bb44dd84fe6b21955049a99787255fa27902f3f31"", ""body_path"": ""sources/http_captures/hongkong-hkma-stablecoins-ordinance-2025/primary/web.archive.org__web-20250729123352-https-www.hkma.gov.hk-eng-news-and-media-press-releases-2025-07-20250729-4__281a2f1531.html"", ""url"": ""https://www.hkma.gov.hk/eng/news-and-media/press-releases/2025/07/20250729-4/"", ""wayback"": ""https://web.archive.org/web/20250729123352/https://www.hkma.gov.hk/eng/news-and-media/press-releases/2025/07/20250729-4/""}]",unadjudicated_risk_flag
hongkong-sfc-bybit-warning-2024,admitted,events/hongkong-sfc-bybit-warning-2024.yaml,0,offramp_cex,observed_change,bybit_unlicensed_vatp_public_warning_and_alert_list_listing,"[{""matching_fields"": [""url""], ""observation_source_index"": 0, ""trigger_source_index"": 0}, {""matching_fields"": [""url""], ""observation_source_index"": 1, ""trigger_source_index"": 1}, {""matching_fields"": [""url""], ""observation_source_index"": 2, ""trigger_source_index"": 2}]","[{""url"": ""https://apps.sfc.hk/edistributionWeb/api/news/list-content?refNo=24PR47&lang=EN"", ""wayback"": ""https://web.archive.org/web/2024/https://apps.sfc.hk/edistributionWeb/api/news/list-content?refNo=24PR47&lang=EN""}, {""url"": ""https://www.coindesk.com/policy/2024/03/14/hong-kongs-markets-regulator-issues-warning-against-crypto-exchange-bybit"", ""wayback"": ""https://web.archive.org/web/2024/https://www.coindesk.com/policy/2024/03/14/hong-kongs-markets-regulator-issues-warning-against-crypto-exchange-bybit""}, {""url"": ""https://www.blockhead.co/2024/03/18/hong-kong-regulator-warns-public-against-bybit-adds-it-to-suspicious-vatp-list/"", ""wayback"": ""https://web.archive.org/web/2024/https://www.blockhead.co/2024/03/18/hong-kong-regulator-warns-public-against-bybit-adds-it-to-suspicious-vatp-list/""}]","[{""url"": ""https://apps.sfc.hk/edistributionWeb/api/news/list-content?refNo=24PR47&lang=EN"", ""wayback"": ""https://web.archive.org/web/2024/https://apps.sfc.hk/edistributionWeb/api/news/list-content?refNo=24PR47&lang=EN""}, {""body_hash"": ""sha256:e6295170e2cde625d3dd02adfd12b77fb26a3752ec9acf1fc2ef7c04ad119b60"", ""body_path"": ""sources/http_captures/hongkong-sfc-bybit-warning-2024/primary/web.archive.org__web-20240314130925-https-www.coindesk.com-policy-2024-03-14-hong-kongs-markets-regulator-issues-warning-against-crypto-exchange-bybit__823e677f5e.html"", ""url"": ""https://www.coindesk.com/policy/2024/03/14/hong-kongs-markets-regulator-issues-warning-against-crypto-exchange-bybit"", ""wayback"": ""https://web.archive.org/web/20240314130925/https://www.coindesk.com/policy/2024/03/14/hong-kongs-markets-regulator-issues-warning-against-crypto-exchange-bybit""}, {""body_hash"": ""sha256:19a333207433aa3934bbbaa594f510061ee15880bfe91504dc89b908dcd4a492"", ""body_path"": ""sources/http_captures/hongkong-sfc-bybit-warning-2024/primary/web.archive.org__web-20240416205311-https-www.blockhead.co-2024-03-18-hong-kong-regulator-warns-public-against-bybit-adds-it-to-suspicious-vatp-list__30a5e1bf53.html"", ""url"": ""https://www.blockhead.co/2024/03/18/hong-kong-regulator-warns-public-against-bybit-adds-it-to-suspicious-vatp-list/"", ""wayback"": ""https://web.archive.org/web/20240416205311/https://www.blockhead.co/2024/03/18/hong-kong-regulator-warns-public-against-bybit-adds-it-to-suspicious-vatp-list/""}, {""url"": ""https://dailycoin.com/hong-kong-flags-bybit-as-suspicious-on-warning-list/"", ""wayback"": ""https://web.archive.org/web/2024/https://dailycoin.com/hong-kong-flags-bybit-as-suspicious-on-warning-list/""}]",unadjudicated_risk_flag
hongkong-sfc-jpex-block-2023,admitted,events/hongkong-sfc-jpex-block-2023.yaml,0,offramp_cex,observed_change,jpex_unlicensed_vatp_public_warning_hk_user_funds_frozen,"[{""matching_fields"": [""url"", ""body_hash""], ""observation_source_index"": 0, ""trigger_source_index"": 0}]","[{""body_hash"": ""sha256:3c0150c31eafef4ef94ff92f14dd9967ed62d143757b1a8a06c92aff0e6accd9"", ""body_path"": ""sources/http_captures/hongkong-sfc-jpex-block-2023/primary/web.archive.org__web-20230925044834-https-www.sfc.hk-en-News-and-announcements-Policy-statements-and-announcements-Statement-on-JPEX__d8abc51659.html"", ""url"": ""https://www.sfc.hk/en/News-and-announcements/Policy-statements-and-announcements/Statement-on-JPEX"", ""wayback"": ""https://web.archive.org/web/20230925044834/https://www.sfc.hk/en/News-and-announcements/Policy-statements-and-announcements/Statement-on-JPEX""}, {""url"": ""https://www.lexology.com/library/detail.aspx?g=2cb94d6d-15c2-4d85-866c-ae0fd5ec207e"", ""wayback"": ""https://web.archive.org/web/2023/https://www.lexology.com/library/detail.aspx?g=2cb94d6d-15c2-4d85-866c-ae0fd5ec207e""}, {""url"": ""https://www.elliptic.co/blog/crypto-regulatory-affairs-arrests-made-in-hong-kong-after-jpex-exchange-warning"", ""wayback"": ""https://web.archive.org/web/2023/https://www.elliptic.co/blog/crypto-regulatory-affairs-arrests-made-in-hong-kong-after-jpex-exchange-warning""}]","[{""body_hash"": ""sha256:3c0150c31eafef4ef94ff92f14dd9967ed62d143757b1a8a06c92aff0e6accd9"", ""body_path"": ""sources/http_captures/hongkong-sfc-jpex-block-2023/primary/web.archive.org__web-20230925044834-https-www.sfc.hk-en-News-and-announcements-Policy-statements-and-announcements-Statement-on-JPEX__d8abc51659.html"", ""url"": ""https://www.sfc.hk/en/News-and-announcements/Policy-statements-and-announcements/Statement-on-JPEX"", ""wayback"": ""https://web.archive.org/web/20230925044834/https://www.sfc.hk/en/News-and-announcements/Policy-statements-and-announcements/Statement-on-JPEX""}, {""url"": ""https://www.charltonslaw.com/hong-kong-police-arrest-suspects-in-jpex-scandal/"", ""wayback"": ""https://web.archive.org/web/2023/https://www.charltonslaw.com/hong-kong-police-arrest-suspects-in-jpex-scandal/""}, {""url"": ""https://cointelegraph.com/news/hong-kong-regulator-sfc-crackdown-unregulated-crypto-platforms-jpex-scandal"", ""wayback"": ""https://web.archive.org/web/2023/https://cointelegraph.com/news/hong-kong-regulator-sfc-crackdown-unregulated-crypto-platforms-jpex-scandal""}]",unadjudicated_risk_flag
hongkong-sfc-vatp-licensing-2023-06,admitted,events/hongkong-sfc-vatp-licensing-2023-06.yaml,0,offramp_cex,observed_change,vatp_licensing_regime_in_force_hashkey_osl_authorized,"[{""matching_fields"": [""url""], ""observation_source_index"": 2, ""trigger_source_index"": 1}]","[{""url"": ""https://www.sfc.hk/-/media/EN/files/ER/PDF/23CP2_Consultation-Conclusions-on-VATP_eng.pdf"", ""wayback"": ""https://web.archive.org/web/2023/https://www.sfc.hk/-/media/EN/files/ER/PDF/23CP2_Consultation-Conclusions-on-VATP_eng.pdf""}, {""url"": ""https://www.davispolk.com/insights/client-update/hong-kong-licensing-regime-virtual-asset-trading-platforms-comes-force"", ""wayback"": ""https://web.archive.org/web/2023/https://www.davispolk.com/insights/client-update/hong-kong-licensing-regime-virtual-asset-trading-platforms-comes-force""}]","[{""url"": ""https://www.sfc.hk/en/Regulatory-functions/Intermediaries/Licensing/Virtual-asset-trading-platforms-operators"", ""wayback"": ""https://web.archive.org/web/2023/https://www.sfc.hk/en/Regulatory-functions/Intermediaries/Licensing/Virtual-asset-trading-platforms-operators""}, {""body_hash"": ""sha256:96e7da0e040e51a454b4eb57abab5cf35580ace925c88384d7238902f754a22f"", ""body_path"": ""sources/http_captures/hongkong-sfc-vatp-licensing-2023-06/primary/web.archive.org__web-20231119135320-https-www.ifec.org.hk-web-en-financial-products-fintech-ico-bitcoin-new-vatp-regime.page__e418ac1162.html"", ""url"": ""https://www.ifec.org.hk/web/en/financial-products/fintech/ico-bitcoin/new-vatp-regime.page"", ""wayback"": ""https://web.archive.org/web/20231119135320/https://www.ifec.org.hk/web/en/financial-products/fintech/ico-bitcoin/new-vatp-regime.page""}, {""body_hash"": ""sha256:d4f6a70def3037c543d77a39af0997dbd0fea3c3f259e7bf3db5b2fc2ce7bbe0"", ""body_path"": ""sources/http_captures/hongkong-sfc-vatp-licensing-2023-06/primary/web.archive.org__web-20230921190548-https-www.davispolk.com-insights-client-update-hong-kong-licensing-regime-virtual-asset-trading-platforms-comes-force__c4768876b5.html"", ""url"": ""https://www.davispolk.com/insights/client-update/hong-kong-licensing-regime-virtual-asset-trading-platforms-comes-force"", ""wayback"": ""https://web.archive.org/web/20230921190548/https://www.davispolk.com/insights/client-update/hong-kong-licensing-regime-virtual-asset-trading-platforms-comes-force""}]",unadjudicated_risk_flag
huobi-htx-privacy-coin-delisting-2024,admitted,events/huobi-htx-privacy-coin-delisting-2024.yaml,0,offramp_cex,observed_change,huobi_spot_pair_removal_privacy_asset_cohort_2022,"[{""matching_fields"": [""url"", ""body_hash""], ""observation_source_index"": 0, ""trigger_source_index"": 0}, {""matching_fields"": [""url"", ""body_hash""], ""observation_source_index"": 1, ""trigger_source_index"": 1}, {""matching_fields"": [""url"", ""body_hash""], ""observation_source_index"": 2, ""trigger_source_index"": 2}]","[{""body_hash"": ""sha256:213480616d1bd2d9ba4dd2c9552c3edd36ffa33b3565ce7f4ad46cc1a4837844"", ""body_path"": ""sources/http_captures/huobi-htx-privacy-coin-delisting-2024/primary/web.archive.org__web-20220912093023-https-www.huobi.com-support-en-us-detail-104917015223952__fc3bbca22e.html"", ""url"": ""https://www.huobi.com/support/en-us/detail/104917015223952"", ""wayback"": ""https://web.archive.org/web/20220912093023/https://www.huobi.com/support/en-us/detail/104917015223952""}, {""body_hash"": ""sha256:8861a91f14b74c88a96f024e688262aa2b9ba5a0f214a838cd913918e8b2e995"", ""body_path"": ""sources/http_captures/huobi-htx-privacy-coin-delisting-2024/primary/web.archive.org__web-20220913000000-https-www.coindesk.com-business-2022-09-12-crypto-exchange-huobi-to-delist-7-privacy-coins-including-zcash-monero__791141af9e.html"", ""url"": ""https://www.coindesk.com/business/2022/09/12/crypto-exchange-huobi-to-delist-7-privacy-coins-including-zcash-monero"", ""wayback"": ""https://web.archive.org/web/20220912212806/https://www.coindesk.com/business/2022/09/12/crypto-exchange-huobi-to-delist-7-privacy-coins-including-zcash-monero/""}, {""body_hash"": ""sha256:bc1a3cd1ae472fb486f36a7004bea36ee7443d8929801a443526bd41a95f061d"", ""body_path"": ""sources/http_captures/huobi-htx-privacy-coin-delisting-2024/primary/web.archive.org__web-20220913000000-https-decrypt.co-109513-crypto-exchange-huobi-delist-7-privacy-coins-citing-latest-financial-regulations__e5694902e5.html"", ""url"": ""https://decrypt.co/109513/crypto-exchange-huobi-delist-7-privacy-coins-citing-latest-financial-regulations"", ""wayback"": ""https://web.archive.org/web/20220912165759/https://decrypt.co/109513/crypto-exchange-huobi-delist-7-privacy-coins-citing-latest-financial-regulations""}]","[{""body_hash"": ""sha256:213480616d1bd2d9ba4dd2c9552c3edd36ffa33b3565ce7f4ad46cc1a4837844"", ""body_path"": ""sources/http_captures/huobi-htx-privacy-coin-delisting-2024/primary/web.archive.org__web-20220912093023-https-www.huobi.com-support-en-us-detail-104917015223952__fc3bbca22e.html"", ""url"": ""https://www.huobi.com/support/en-us/detail/104917015223952"", ""wayback"": ""https://web.archive.org/web/20220912093023/https://www.huobi.com/support/en-us/detail/104917015223952""}, {""body_hash"": ""sha256:8861a91f14b74c88a96f024e688262aa2b9ba5a0f214a838cd913918e8b2e995"", ""body_path"": ""sources/http_captures/huobi-htx-privacy-coin-delisting-2024/primary/web.archive.org__web-20220913000000-https-www.coindesk.com-business-2022-09-12-crypto-exchange-huobi-to-delist-7-privacy-coins-including-zcash-monero__791141af9e.html"", ""url"": ""https://www.coindesk.com/business/2022/09/12/crypto-exchange-huobi-to-delist-7-privacy-coins-including-zcash-monero"", ""wayback"": ""https://web.archive.org/web/20220912212806/https://www.coindesk.com/business/2022/09/12/crypto-exchange-huobi-to-delist-7-privacy-coins-including-zcash-monero/""}, {""body_hash"": ""sha256:bc1a3cd1ae472fb486f36a7004bea36ee7443d8929801a443526bd41a95f061d"", ""body_path"": ""sources/http_captures/huobi-htx-privacy-coin-delisting-2024/primary/web.archive.org__web-20220913000000-https-decrypt.co-109513-crypto-exchange-huobi-delist-7-privacy-coins-citing-latest-financial-regulations__e5694902e5.html"", ""url"": ""https://decrypt.co/109513/crypto-exchange-huobi-delist-7-privacy-coins-citing-latest-financial-regulations"", ""wayback"": ""https://web.archive.org/web/20220912165759/https://decrypt.co/109513/crypto-exchange-huobi-delist-7-privacy-coins-citing-latest-financial-regulations""}, {""body_hash"": ""sha256:ed5a69a77e1ae963ff9ae12f431b4d9a6e86e55ddd56f7889430c7a76dc39104"", ""body_path"": ""sources/http_captures/huobi-htx-privacy-coin-delisting-2024/primary/web.archive.org__web-20220913000000-https-coingeek.com-huobi-delists-monero-zcash-and-other-privacy-coins-amid-regulatory-pressure__69b6a3cb3f.html"", ""url"": ""https://coingeek.com/huobi-delists-monero-zcash-and-other-privacy-coins-amid-regulatory-pressure/"", ""wayback"": ""https://web.archive.org/web/20220913190344/https://coingeek.com/huobi-delists-monero-zcash-and-other-privacy-coins-amid-regulatory-pressure/""}, {""body_hash"": ""sha256:0558a398c9131d9188966117b01c8920533d42a77bdccc32d434a0898f656c3b"", ""body_path"": ""sources/http_captures/huobi-htx-privacy-coin-delisting-2024/primary/web.archive.org__web-20220913000000-https-cointelegraph.com-news-huobi-to-delist-monero-and-other-privacy-coins-citing-regulatory-pressures__2951a60310.html"", ""url"": ""https://cointelegraph.com/news/huobi-to-delist-monero-and-other-privacy-coins-citing-regulatory-pressures"", ""wayback"": ""https://web.archive.org/web/20220912175020/https://cointelegraph.com/news/huobi-to-delist-monero-and-other-privacy-coins-citing-regulatory-pressures""}, {""body_hash"": ""sha256:5e4e7a8c99f631e38d3c8ed6c76e4b45a8df61bef649b9b8632580c55f4d91a5"", ""body_path"": ""sources/http_captures/huobi-htx-privacy-coin-delisting-2024/primary/web.archive.org__web-20241001000000-https-cryptoslate.com-privacy-tokens-reach-highest-delisting-rate-in-2024-kaiko__f23b5ede1d.html"", ""url"": ""https://cryptoslate.com/privacy-tokens-reach-highest-delisting-rate-in-2024-kaiko/"", ""wayback"": ""https://web.archive.org/web/20241008044118/https://cryptoslate.com/privacy-tokens-reach-highest-delisting-rate-in-2024-kaiko/""}]",unadjudicated_risk_flag
hydra-doj-2022,admitted,events/hydra-doj-2022.yaml,0,l4_frontend,observed_change,tor_infrastructure_seized_by_bka,"[{""matching_fields"": [""url"", ""body_hash""], ""observation_source_index"": 0, ""trigger_source_index"": 0}]","[{""body_hash"": ""sha256:04412881444d534db3586f344013b86fa9482a492a22a930a1511c451c2e3819"", ""body_path"": ""sources/http_captures/hydra-doj-2022/doj-press-release/www.justice.gov__archives-opa-pr-justice-department-investigation-leads-takedown-darknet-cryptocurrency-exchange__b53b192404.html"", ""url"": ""https://www.justice.gov/archives/opa/pr/justice-department-investigation-leads-takedown-darknet-cryptocurrency-exchange""}, {""url"": ""https://home.treasury.gov/news/press-releases/jy0701""}]","[{""body_hash"": ""sha256:04412881444d534db3586f344013b86fa9482a492a22a930a1511c451c2e3819"", ""body_path"": ""sources/http_captures/hydra-doj-2022/doj-press-release/www.justice.gov__archives-opa-pr-justice-department-investigation-leads-takedown-darknet-cryptocurrency-exchange__b53b192404.html"", ""url"": ""https://www.justice.gov/archives/opa/pr/justice-department-investigation-leads-takedown-darknet-cryptocurrency-exchange""}]",unadjudicated_risk_flag
hydra-ofac-2022,admitted,events/hydra-ofac-2022.yaml,0,l4_frontend,observed_change,marketplace_disrupted_or_unavailable,"[{""matching_fields"": [""url"", ""body_hash""], ""observation_source_index"": 0, ""trigger_source_index"": 1}, {""matching_fields"": [""url"", ""body_hash""], ""observation_source_index"": 1, ""trigger_source_index"": 0}]","[{""body_hash"": ""sha256:ec142cf1769df2bcd14d092b808673b0c5f2d3d643d0cc4590d76aafc3cb87ec"", ""body_path"": ""sources/http_captures/hydra-ofac-2022/backfill-1.3/ofac.treasury.gov__recent-actions-20220405__594c05f6bc.html"", ""url"": ""https://ofac.treasury.gov/recent-actions/20220405"", ""wayback"": ""https://web.archive.org/web/20260421105315/https://ofac.treasury.gov/recent-actions/20220405""}, {""body_hash"": ""sha256:c89cf47b10bfcbc59e21337ede7ffbe862daadee7544b32f927aab1778d0e398"", ""body_path"": ""sources/http_captures/hydra-ofac-2022/backfill-1.3/home.treasury.gov__news-press-releases-jy0701__1d13c92377.html"", ""url"": ""https://home.treasury.gov/news/press-releases/jy0701"", ""wayback"": ""https://web.archive.org/web/20260421105351/https://home.treasury.gov/news/press-releases/jy0701""}]","[{""body_hash"": ""sha256:c89cf47b10bfcbc59e21337ede7ffbe862daadee7544b32f927aab1778d0e398"", ""body_path"": ""sources/http_captures/hydra-ofac-2022/backfill-1.3/home.treasury.gov__news-press-releases-jy0701__1d13c92377.html"", ""url"": ""https://home.treasury.gov/news/press-releases/jy0701"", ""wayback"": ""https://web.archive.org/web/20260421105351/https://home.treasury.gov/news/press-releases/jy0701""}, {""body_hash"": ""sha256:ec142cf1769df2bcd14d092b808673b0c5f2d3d643d0cc4590d76aafc3cb87ec"", ""body_path"": ""sources/http_captures/hydra-ofac-2022/backfill-1.3/ofac.treasury.gov__recent-actions-20220405__594c05f6bc.html"", ""url"": ""https://ofac.treasury.gov/recent-actions/20220405"", ""wayback"": ""https://web.archive.org/web/20260421105315/https://ofac.treasury.gov/recent-actions/20220405""}]",unadjudicated_risk_flag
india-rbi-crypto-ban-2018,admitted,events/india-rbi-crypto-ban-2018.yaml,0,offramp_cex,observed_change,rupee_banking_channel_severed_industry_wide,"[{""matching_fields"": [""url"", ""body_hash""], ""observation_source_index"": 0, ""trigger_source_index"": 0}]","[{""body_hash"": ""sha256:d06e4b01c74822b7a395308abc8820016abf95f64c12dca5b4c02ed58c228fd9"", ""body_path"": ""sources/http_captures/india-rbi-crypto-ban-2018/rbi-circular/rbidocs.rbi.org.in__rdocs-notification-PDFs-NOTI15465B741A10B0E45E896C62A9C83AB938F.PDF__be75532d01.html"", ""url"": ""https://rbidocs.rbi.org.in/rdocs/notification/PDFs/NOTI15465B741A10B0E45E896C62A9C83AB938F.PDF"", ""wayback"": ""https://web.archive.org/web/20260421144628/https://rbidocs.rbi.org.in/rdocs/notification/PDFs/NOTI15465B741A10B0E45E896C62A9C83AB938F.PDF""}, {""url"": ""https://www.rbi.org.in/scripts/BS_PressReleaseDisplay.aspx?prid=43574""}]","[{""body_hash"": ""sha256:d06e4b01c74822b7a395308abc8820016abf95f64c12dca5b4c02ed58c228fd9"", ""body_path"": ""sources/http_captures/india-rbi-crypto-ban-2018/rbi-circular/rbidocs.rbi.org.in__rdocs-notification-PDFs-NOTI15465B741A10B0E45E896C62A9C83AB938F.PDF__be75532d01.html"", ""url"": ""https://rbidocs.rbi.org.in/rdocs/notification/PDFs/NOTI15465B741A10B0E45E896C62A9C83AB938F.PDF""}]",unadjudicated_risk_flag
indonesia-bappebti-illegal-exchange-block-2023,admitted,events/indonesia-bappebti-illegal-exchange-block-2023.yaml,0,l4_frontend,observed_change,offshore_cex_frontends_blocked_id_via_kominfo,"[{""matching_fields"": [""url""], ""observation_source_index"": 0, ""trigger_source_index"": 0}, {""matching_fields"": [""url""], ""observation_source_index"": 1, ""trigger_source_index"": 1}]","[{""url"": ""https://bappebti.go.id/"", ""wayback"": ""https://web.archive.org/web/2023/https://bappebti.go.id/""}, {""url"": ""https://inet.detik.com/law-and-policy/d-6685046/ratusan-exchanger-kripto-nakal-diblokir-kominfo"", ""wayback"": ""https://web.archive.org/web/2023/https://inet.detik.com/law-and-policy/d-6685046/ratusan-exchanger-kripto-nakal-diblokir-kominfo""}, {""url"": ""https://kumparan.com/kumparanbisnis/bappebti-gandeng-kominfo-blokir-platform-kripto-luar-negeri-239TA5gFYDn"", ""wayback"": ""https://web.archive.org/web/2023/https://kumparan.com/kumparanbisnis/bappebti-gandeng-kominfo-blokir-platform-kripto-luar-negeri-239TA5gFYDn""}]","[{""body_hash"": ""sha256:e01b8550f8c09ad60f34ad155707003fc2b680ccfa95520e670397acd2f0bca1"", ""body_path"": ""sources/http_captures/indonesia-bappebti-illegal-exchange-block-2023/primary/web.archive.org__web-20230128094038-https-bappebti.go.id__3e3508bf50.html"", ""url"": ""https://bappebti.go.id/"", ""wayback"": ""https://web.archive.org/web/20230128094038/https://bappebti.go.id/""}, {""body_hash"": ""sha256:d74c0ed2a12a34bb21882eb4a859c0c09c2106209917804268f41071ac4af59b"", ""body_path"": ""sources/http_captures/indonesia-bappebti-illegal-exchange-block-2023/primary/web.archive.org__web-20230425201141-https-inet.detik.com-law-and-policy-d-6685046-ratusan-exchanger-kripto-nakal-diblokir-kominfo__48f00e04c6.html"", ""url"": ""https://inet.detik.com/law-and-policy/d-6685046/ratusan-exchanger-kripto-nakal-diblokir-kominfo"", ""wayback"": ""https://web.archive.org/web/20230425201141/https://inet.detik.com/law-and-policy/d-6685046/ratusan-exchanger-kripto-nakal-diblokir-kominfo""}]",unadjudicated_risk_flag
indonesia-bappebti-illegal-exchange-block-2023,admitted,events/indonesia-bappebti-illegal-exchange-block-2023.yaml,1,offramp_cex,observed_change,offshore_cex_idr_rail_severance_cascade,"[{""matching_fields"": [""url""], ""observation_source_index"": 0, ""trigger_source_index"": 0}]","[{""url"": ""https://bappebti.go.id/"", ""wayback"": ""https://web.archive.org/web/2023/https://bappebti.go.id/""}, {""url"": ""https://inet.detik.com/law-and-policy/d-6685046/ratusan-exchanger-kripto-nakal-diblokir-kominfo"", ""wayback"": ""https://web.archive.org/web/2023/https://inet.detik.com/law-and-policy/d-6685046/ratusan-exchanger-kripto-nakal-diblokir-kominfo""}, {""url"": ""https://kumparan.com/kumparanbisnis/bappebti-gandeng-kominfo-blokir-platform-kripto-luar-negeri-239TA5gFYDn"", ""wayback"": ""https://web.archive.org/web/2023/https://kumparan.com/kumparanbisnis/bappebti-gandeng-kominfo-blokir-platform-kripto-luar-negeri-239TA5gFYDn""}]","[{""body_hash"": ""sha256:e01b8550f8c09ad60f34ad155707003fc2b680ccfa95520e670397acd2f0bca1"", ""body_path"": ""sources/http_captures/indonesia-bappebti-illegal-exchange-block-2023/primary/web.archive.org__web-20230128094038-https-bappebti.go.id__3e3508bf50.html"", ""url"": ""https://bappebti.go.id/"", ""wayback"": ""https://web.archive.org/web/20230128094038/https://bappebti.go.id/""}]",unadjudicated_risk_flag
indonesia-bi-payment-instrument-prohibition-2018-01,admitted,events/indonesia-bi-payment-instrument-prohibition-2018-01.yaml,0,offramp_cex,observed_change,payment_operators_barred_from_processing_virtual_currency_transactions,"[{""matching_fields"": [""url"", ""body_hash""], ""observation_source_index"": 0, ""trigger_source_index"": 0}]","[{""body_hash"": ""sha256:2c820cf8d63cd7633b7a94595943adfa4083180af5097dc5042889f6551251bf"", ""body_path"": ""sources/http_captures/indonesia-bi-payment-instrument-prohibition-2018-01/bi-press-release/web.archive.org__web-20180120000000-https-www.bi.go.id-id-ruang-media-siaran-pers-Pages-sp_200418.aspx__71db8c61ed.html"", ""url"": ""https://www.bi.go.id/id/ruang-media/siaran-pers/Pages/sp_200418.aspx"", ""wayback"": ""https://web.archive.org/web/20180315015913/https://www.bi.go.id/id/ruang-media/siaran-pers/Pages/sp_200418.aspx""}]","[{""body_hash"": ""sha256:2c820cf8d63cd7633b7a94595943adfa4083180af5097dc5042889f6551251bf"", ""body_path"": ""sources/http_captures/indonesia-bi-payment-instrument-prohibition-2018-01/bi-press-release/web.archive.org__web-20180120000000-https-www.bi.go.id-id-ruang-media-siaran-pers-Pages-sp_200418.aspx__71db8c61ed.html"", ""url"": ""https://www.bi.go.id/id/ruang-media/siaran-pers/Pages/sp_200418.aspx"", ""wayback"": ""https://web.archive.org/web/20180315015913/https://www.bi.go.id/id/ruang-media/siaran-pers/Pages/sp_200418.aspx""}, {""body_hash"": ""sha256:ba12f6f3f0126796bae7064c487431a3816be99df62ddb67691877dfb21c6e3a"", ""body_path"": ""sources/http_captures/indonesia-bi-payment-instrument-prohibition-2018-01/primary/web.archive.org__web-20180115000000-https-www.coindesk.com-markets-2018-01-15-indonesia-central-bank-cryptocurrency-payments-not-legitimate__524874f33c.html"", ""url"": ""https://www.coindesk.com/markets/2018/01/15/indonesia-central-bank-cryptocurrency-payments-not-legitimate"", ""wayback"": ""https://web.archive.org/web/20210917105712/https://www.coindesk.com/markets/2018/01/15/indonesia-central-bank-cryptocurrency-payments-not-legitimate/""}]",unadjudicated_risk_flag
indonesia-kominfo-exchange-social-account-block-2024-07,admitted,events/indonesia-kominfo-exchange-social-account-block-2024-07.yaml,0,l4_frontend,observed_change,foreign_exchange_social_media_accounts_blocked,"[{""matching_fields"": [""url"", ""body_hash""], ""observation_source_index"": 0, ""trigger_source_index"": 0}]","[{""body_hash"": ""sha256:c2ff1ea82fa3d2d1b54029f1146d986fe21d3897474058d260f1ed57602efd1a"", ""body_path"": ""sources/http_captures/indonesia-kominfo-exchange-social-account-block-2024-07/primary/web.archive.org__web-20240824083712-https-bisnis.tempo.co-read-1893370-kominfo-blokir-akun-medsos-binance-dan-kucoin-ini-penjelasan-bappebti-hingga-tokocrypto__e32ab4134f.html"", ""url"": ""https://web.archive.org/web/20240824083712/https://bisnis.tempo.co/read/1893370/kominfo-blokir-akun-medsos-binance-dan-kucoin-ini-penjelasan-bappebti-hingga-tokocrypto"", ""wayback"": ""https://web.archive.org/web/20240824083712/https://bisnis.tempo.co/read/1893370/kominfo-blokir-akun-medsos-binance-dan-kucoin-ini-penjelasan-bappebti-hingga-tokocrypto""}]","[{""body_hash"": ""sha256:c2ff1ea82fa3d2d1b54029f1146d986fe21d3897474058d260f1ed57602efd1a"", ""body_path"": ""sources/http_captures/indonesia-kominfo-exchange-social-account-block-2024-07/primary/web.archive.org__web-20240824083712-https-bisnis.tempo.co-read-1893370-kominfo-blokir-akun-medsos-binance-dan-kucoin-ini-penjelasan-bappebti-hingga-tokocrypto__e32ab4134f.html"", ""url"": ""https://web.archive.org/web/20240824083712/https://bisnis.tempo.co/read/1893370/kominfo-blokir-akun-medsos-binance-dan-kucoin-ini-penjelasan-bappebti-hingga-tokocrypto"", ""wayback"": ""https://web.archive.org/web/20240824083712/https://bisnis.tempo.co/read/1893370/kominfo-blokir-akun-medsos-binance-dan-kucoin-ini-penjelasan-bappebti-hingga-tokocrypto""}]",unadjudicated_risk_flag
infura-alchemy-tornado-rpc-block-2022,admitted,events/infura-alchemy-tornado-rpc-block-2022.yaml,0,l3_rpc,observed_change,infura_alchemy_tornado_cash_api_access_block,"[{""matching_fields"": [""url"", ""body_hash""], ""observation_source_index"": 0, ""trigger_source_index"": 2}]","[{""url"": ""https://infura.io/terms""}, {""url"": ""https://docs.alchemy.com/reference/compliance-program""}, {""body_hash"": ""sha256:558d879c7918b26d44647717640d85a2da7b46fb7183755c2172c36cf5f6e385"", ""body_path"": ""sources/http_captures/infura-alchemy-tornado-rpc-block-2022/primary/www.theblock.co__post-162402-infura-and-alchemy-blocking-access-to-tornado-cash__96bfbc9227.html"", ""url"": ""https://www.theblock.co/post/162402/infura-and-alchemy-blocking-access-to-tornado-cash""}]","[{""body_hash"": ""sha256:558d879c7918b26d44647717640d85a2da7b46fb7183755c2172c36cf5f6e385"", ""body_path"": ""sources/http_captures/infura-alchemy-tornado-rpc-block-2022/primary/www.theblock.co__post-162402-infura-and-alchemy-blocking-access-to-tornado-cash__96bfbc9227.html"", ""url"": ""https://www.theblock.co/post/162402/infura-and-alchemy-blocking-access-to-tornado-cash""}]",unadjudicated_risk_flag
infura-metamask-donetsk-luhansk-block-2022-03,admitted,events/infura-metamask-donetsk-luhansk-block-2022-03.yaml,0,l3_rpc,observed_change,infura_rpc_ip_geo_block_of_donetsk_luhansk_regions,"[{""matching_fields"": [""url""], ""observation_source_index"": 0, ""trigger_source_index"": 1}, {""matching_fields"": [""url""], ""observation_source_index"": 1, ""trigger_source_index"": 3}]","[{""url"": ""https://consensys.net/blog/news/consensys-and-the-russia-ukraine-conflict/"", ""wayback"": ""https://web.archive.org/web/2022/https://consensys.net/blog/news/consensys-and-the-russia-ukraine-conflict/""}, {""url"": ""https://www.coindesk.com/policy/2022/03/03/metamask-infura-block-certain-areas-amid-crypto-sanctions-fury"", ""wayback"": ""https://web.archive.org/web/2022/https://www.coindesk.com/policy/2022/03/03/metamask-infura-block-certain-areas-amid-crypto-sanctions-fury""}, {""url"": ""https://www.coindesk.com/business/2022/03/04/crypto-industrys-sanctions-woes-on-full-display-in-metamasks-venezuela-hiccup"", ""wayback"": ""https://web.archive.org/web/2022/https://www.coindesk.com/business/2022/03/04/crypto-industrys-sanctions-woes-on-full-display-in-metamasks-venezuela-hiccup""}, {""url"": ""https://decrypt.co/94315/ethereum-infura-cuts-off-users-separatist-areas-ukraine-accidentally-blocks-venezuela"", ""wayback"": ""https://web.archive.org/web/2022/https://decrypt.co/94315/ethereum-infura-cuts-off-users-separatist-areas-ukraine-accidentally-blocks-venezuela""}]","[{""body_hash"": ""sha256:363d4e41a39d936d9906d1658ae98aa633a31519fddb4142d09231eae2cf0f13"", ""body_path"": ""sources/http_captures/infura-metamask-donetsk-luhansk-block-2022-03/primary/web.archive.org__web-20220304000000-https-www.coindesk.com-policy-2022-03-03-metamask-infura-block-certain-areas-amid-crypto-sanctions-fury__b9e1a64e36.html"", ""url"": ""https://www.coindesk.com/policy/2022/03/03/metamask-infura-block-certain-areas-amid-crypto-sanctions-fury"", ""wayback"": ""https://web.archive.org/web/20220303211454/https://www.coindesk.com/policy/2022/03/03/metamask-infura-block-certain-areas-amid-crypto-sanctions-fury/""}, {""body_hash"": ""sha256:8eaae4f3355cd364cc4eee6c0a055134e796e8e40152b3e96b2855871cb15199"", ""body_path"": ""sources/http_captures/infura-metamask-donetsk-luhansk-block-2022-03/primary/web.archive.org__web-20220304000000-https-decrypt.co-94315-ethereum-infura-cuts-off-users-separatist-areas-ukraine-accidentally-blocks-venezuela__3a19ef65b4.html"", ""url"": ""https://decrypt.co/94315/ethereum-infura-cuts-off-users-separatist-areas-ukraine-accidentally-blocks-venezuela"", ""wayback"": ""https://web.archive.org/web/20220303225101/https://decrypt.co/94315/ethereum-infura-cuts-off-users-separatist-areas-ukraine-accidentally-blocks-venezuela""}]",unadjudicated_risk_flag
infura-metamask-donetsk-luhansk-block-2022-03,admitted,events/infura-metamask-donetsk-luhansk-block-2022-03.yaml,1,l4_frontend,observed_change,metamask_ui_error_state_for_blocked_region_users_including_overblock_venezuela_iran,"[{""matching_fields"": [""url""], ""observation_source_index"": 0, ""trigger_source_index"": 1}, {""matching_fields"": [""url""], ""observation_source_index"": 1, ""trigger_source_index"": 3}]","[{""url"": ""https://consensys.net/blog/news/consensys-and-the-russia-ukraine-conflict/"", ""wayback"": ""https://web.archive.org/web/2022/https://consensys.net/blog/news/consensys-and-the-russia-ukraine-conflict/""}, {""url"": ""https://www.coindesk.com/policy/2022/03/03/metamask-infura-block-certain-areas-amid-crypto-sanctions-fury"", ""wayback"": ""https://web.archive.org/web/2022/https://www.coindesk.com/policy/2022/03/03/metamask-infura-block-certain-areas-amid-crypto-sanctions-fury""}, {""url"": ""https://www.coindesk.com/business/2022/03/04/crypto-industrys-sanctions-woes-on-full-display-in-metamasks-venezuela-hiccup"", ""wayback"": ""https://web.archive.org/web/2022/https://www.coindesk.com/business/2022/03/04/crypto-industrys-sanctions-woes-on-full-display-in-metamasks-venezuela-hiccup""}, {""url"": ""https://decrypt.co/94315/ethereum-infura-cuts-off-users-separatist-areas-ukraine-accidentally-blocks-venezuela"", ""wayback"": ""https://web.archive.org/web/2022/https://decrypt.co/94315/ethereum-infura-cuts-off-users-separatist-areas-ukraine-accidentally-blocks-venezuela""}]","[{""body_hash"": ""sha256:363d4e41a39d936d9906d1658ae98aa633a31519fddb4142d09231eae2cf0f13"", ""body_path"": ""sources/http_captures/infura-metamask-donetsk-luhansk-block-2022-03/primary/web.archive.org__web-20220304000000-https-www.coindesk.com-policy-2022-03-03-metamask-infura-block-certain-areas-amid-crypto-sanctions-fury__b9e1a64e36.html"", ""url"": ""https://www.coindesk.com/policy/2022/03/03/metamask-infura-block-certain-areas-amid-crypto-sanctions-fury"", ""wayback"": ""https://web.archive.org/web/20220303211454/https://www.coindesk.com/policy/2022/03/03/metamask-infura-block-certain-areas-amid-crypto-sanctions-fury/""}, {""body_hash"": ""sha256:8eaae4f3355cd364cc4eee6c0a055134e796e8e40152b3e96b2855871cb15199"", ""body_path"": ""sources/http_captures/infura-metamask-donetsk-luhansk-block-2022-03/primary/web.archive.org__web-20220304000000-https-decrypt.co-94315-ethereum-infura-cuts-off-users-separatist-areas-ukraine-accidentally-blocks-venezuela__3a19ef65b4.html"", ""url"": ""https://decrypt.co/94315/ethereum-infura-cuts-off-users-separatist-areas-ukraine-accidentally-blocks-venezuela"", ""wayback"": ""https://web.archive.org/web/20220303225101/https://decrypt.co/94315/ethereum-infura-cuts-off-users-separatist-areas-ukraine-accidentally-blocks-venezuela""}]",unadjudicated_risk_flag
iran-cbi-crypto-banking-prohibition-2018,admitted,events/iran-cbi-crypto-banking-prohibition-2018.yaml,0,offramp_cex,observed_change,rial_banking_channel_severed_industry_wide,"[{""matching_fields"": [""url""], ""observation_source_index"": 1, ""trigger_source_index"": 1}]","[{""url"": ""https://maint.loc.gov/law/help/cryptocurrency/iran.php"", ""wayback"": ""https://web.archive.org/web/2018/https://maint.loc.gov/law/help/cryptocurrency/iran.php""}, {""url"": ""https://www.ccn.com/iran-central-bank-bans-banks-from-cryptocurrency-dealings/"", ""wayback"": ""https://web.archive.org/web/2018/https://www.ccn.com/iran-central-bank-bans-banks-from-cryptocurrency-dealings/""}, {""url"": ""https://en.wikipedia.org/wiki/Cryptocurrency_in_Iran"", ""wayback"": ""https://web.archive.org/web/2018/https://en.wikipedia.org/wiki/Cryptocurrency_in_Iran""}]","[{""body_hash"": ""sha256:8189e301ae83d082efbed89a8e4ea96f9cd465373e11e446855f98a30396f970"", ""body_path"": ""sources/http_captures/iran-cbi-crypto-banking-prohibition-2018/primary/web.archive.org__web-20180729055635-https-www.loc.gov-law-help-cryptocurrency-iran.php__1b62e6d7e6.html"", ""url"": ""https://www.loc.gov/law/help/cryptocurrency/iran.php"", ""wayback"": ""https://web.archive.org/web/20180729055635/https://www.loc.gov/law/help/cryptocurrency/iran.php""}, {""body_hash"": ""sha256:95ed3ebf5ac056dc8a0dd03d1a22f8ff8157567c99558474eac424fa86e2381b"", ""body_path"": ""sources/http_captures/iran-cbi-crypto-banking-prohibition-2018/primary/web.archive.org__web-20180423124611-https-www.ccn.com-iran-central-bank-bans-banks-from-cryptocurrency-dealings__5b9793f8e5.html"", ""url"": ""https://www.ccn.com/iran-central-bank-bans-banks-from-cryptocurrency-dealings/"", ""wayback"": ""https://web.archive.org/web/20180423124611/https://www.ccn.com/iran-central-bank-bans-banks-from-cryptocurrency-dealings/""}]",unadjudicated_risk_flag
iran-cbi-exchange-payment-gateway-block-2024-12,admitted,events/iran-cbi-exchange-payment-gateway-block-2024-12.yaml,0,offramp_cex,observed_change,rial_payment_gateways_to_crypto_exchanges_blocked,"[{""matching_fields"": [""url"", ""body_hash""], ""observation_source_index"": 1, ""trigger_source_index"": 0}]","[{""body_hash"": ""sha256:057a38614a03a5546d2264c6ddd4f97bc91cef7c3dfa8e860adae87e2b087952"", ""body_path"": ""sources/http_captures/iran-cbi-exchange-freeze-2024-10/secondary/web.archive.org__web-20251226045735-https-www.intellinews.com-iran-central-bank-blocks-crypto-payments-amid-industry-backlash-359655__60b8322af4.html"", ""url"": ""https://web.archive.org/web/20251226045735/https://www.intellinews.com/iran-central-bank-blocks-crypto-payments-amid-industry-backlash-359655/"", ""wayback"": ""https://web.archive.org/web/20251226045735/https://www.intellinews.com/iran-central-bank-blocks-crypto-payments-amid-industry-backlash-359655/""}]","[{""body_hash"": ""sha256:ff9701436ebf8cf9f79379e4bfa4a0b2a5a4808d169e50703ae2c9b6d7119e22"", ""body_path"": ""sources/http_captures/iran-cbi-exchange-freeze-2024-10/primary/web.archive.org__web-20260115120806-https-www.nobsbitcoin.com-iran-central-bank-blocks-payment-gateways-to-cryptocurrency-exchanges-amid-currency-crisis__910c1da0f2.html"", ""url"": ""https://web.archive.org/web/20260115120806/https://www.nobsbitcoin.com/iran-central-bank-blocks-payment-gateways-to-cryptocurrency-exchanges-amid-currency-crisis/"", ""wayback"": ""https://web.archive.org/web/20260115120806/https://www.nobsbitcoin.com/iran-central-bank-blocks-payment-gateways-to-cryptocurrency-exchanges-amid-currency-crisis/""}, {""body_hash"": ""sha256:057a38614a03a5546d2264c6ddd4f97bc91cef7c3dfa8e860adae87e2b087952"", ""body_path"": ""sources/http_captures/iran-cbi-exchange-freeze-2024-10/secondary/web.archive.org__web-20251226045735-https-www.intellinews.com-iran-central-bank-blocks-crypto-payments-amid-industry-backlash-359655__60b8322af4.html"", ""url"": ""https://web.archive.org/web/20251226045735/https://www.intellinews.com/iran-central-bank-blocks-crypto-payments-amid-industry-backlash-359655/"", ""wayback"": ""https://web.archive.org/web/20251226045735/https://www.intellinews.com/iran-central-bank-blocks-crypto-payments-amid-industry-backlash-359655/""}]",unadjudicated_risk_flag
iran-government-mining-electricity-restriction-2021,admitted,events/iran-government-mining-electricity-restriction-2021.yaml,0,l1_consensus,observed_change,licensed_bitcoin_mining_operations_halted_summer_2021,"[{""matching_fields"": [""url"", ""body_hash""], ""observation_source_index"": 0, ""trigger_source_index"": 0}, {""matching_fields"": [""url""], ""observation_source_index"": 1, ""trigger_source_index"": 1}, {""matching_fields"": [""url""], ""observation_source_index"": 2, ""trigger_source_index"": 2}]","[{""body_hash"": ""sha256:793a9ff99ea47395e6279ac1c10dfcfd43947ba505d808b80dfc86dc38e9cf47"", ""body_path"": ""sources/http_captures/iran-government-mining-electricity-restriction-2021/v0_3_primary_repair/www.mehrnews.com__news-5217539-D9-85-D8-B1-D8-A7-DA-A9-D8-B2--D9-85-D8-AC-D8-A7-D8-B2--D8-A7-D8-B3-D8-AA-D8-AE-D8-B1-D8-A7-D8-AC--D8-B1-D9-85-D8-B2--D8-A7-D8-B1-D8-B2__0d4b151a2c.html"", ""url"": ""https://www.mehrnews.com/news/5217539/%D9%85%D8%B1%D8%A7%DA%A9%D8%B2-%D9%85%D8%AC%D8%A7%D8%B2-%D8%A7%D8%B3%D8%AA%D8%AE%D8%B1%D8%A7%D8%AC-%D8%B1%D9%85%D8%B2-%D8%A7%D8%B1%D8%B2-%D8%A7%D8%B2-%D8%A7%D9%85%D8%B1%D9%88%D8%B2-%D8%AE%D8%A7%D9%85%D9%88%D8%B4-%D9%85%DB%8C-%D8%B4%D9%88%D9%86%D8%AF""}, {""url"": ""https://www.cnbc.com/2021/05/26/iran-bans-bitcoin-mining-as-its-cities-suffer-blackouts.html"", ""wayback"": ""https://web.archive.org/web/2021/https://www.cnbc.com/2021/05/26/iran-bans-bitcoin-mining-as-its-cities-suffer-blackouts.html""}, {""url"": ""https://www.aljazeera.com/economy/2021/5/26/iran-bans-all-crypto-mining-after-summer-power-cuts-strike"", ""wayback"": ""https://web.archive.org/web/2021/https://www.aljazeera.com/economy/2021/5/26/iran-bans-all-crypto-mining-after-summer-power-cuts-strike""}, {""url"": ""https://fortune.com/2021/05/27/iran-ban-crypto-mining-bitcoin-blackout-energy-use/"", ""wayback"": ""https://web.archive.org/web/2021/https://fortune.com/2021/05/27/iran-ban-crypto-mining-bitcoin-blackout-energy-use/""}]","[{""body_hash"": ""sha256:793a9ff99ea47395e6279ac1c10dfcfd43947ba505d808b80dfc86dc38e9cf47"", ""body_path"": ""sources/http_captures/iran-government-mining-electricity-restriction-2021/v0_3_primary_repair/www.mehrnews.com__news-5217539-D9-85-D8-B1-D8-A7-DA-A9-D8-B2--D9-85-D8-AC-D8-A7-D8-B2--D8-A7-D8-B3-D8-AA-D8-AE-D8-B1-D8-A7-D8-AC--D8-B1-D9-85-D8-B2--D8-A7-D8-B1-D8-B2__0d4b151a2c.html"", ""url"": ""https://www.mehrnews.com/news/5217539/%D9%85%D8%B1%D8%A7%DA%A9%D8%B2-%D9%85%D8%AC%D8%A7%D8%B2-%D8%A7%D8%B3%D8%AA%D8%AE%D8%B1%D8%A7%D8%AC-%D8%B1%D9%85%D8%B2-%D8%A7%D8%B1%D8%B2-%D8%A7%D8%B2-%D8%A7%D9%85%D8%B1%D9%88%D8%B2-%D8%AE%D8%A7%D9%85%D9%88%D8%B4-%D9%85%DB%8C-%D8%B4%D9%88%D9%86%D8%AF""}, {""body_hash"": ""sha256:e392e6b7974f570c3e77480cfffa0b115c692b63c3a2771c8d1b92b7d5311970"", ""body_path"": ""sources/http_captures/iran-government-mining-electricity-restriction-2021/primary/web.archive.org__web-20210526183037-https-www.cnbc.com-2021-05-26-iran-bans-bitcoin-mining-as-its-cities-suffer-blackouts.html__07cd9a0f9c.html"", ""url"": ""https://www.cnbc.com/2021/05/26/iran-bans-bitcoin-mining-as-its-cities-suffer-blackouts.html"", ""wayback"": ""https://web.archive.org/web/20210526183037/https://www.cnbc.com/2021/05/26/iran-bans-bitcoin-mining-as-its-cities-suffer-blackouts.html""}, {""body_hash"": ""sha256:4a6748eff98e547d62f1348ca19a967c0de6fa0349304aeafdf17a303d1f8931"", ""body_path"": ""sources/http_captures/iran-government-mining-electricity-restriction-2021/primary/web.archive.org__web-20210526161935-https-www.aljazeera.com-economy-2021-5-26-iran-bans-all-crypto-mining-after-summer-power-cuts-strike__c2b50ffa73.html"", ""url"": ""https://www.aljazeera.com/economy/2021/5/26/iran-bans-all-crypto-mining-after-summer-power-cuts-strike"", ""wayback"": ""https://web.archive.org/web/20210526161935/https://www.aljazeera.com/economy/2021/5/26/iran-bans-all-crypto-mining-after-summer-power-cuts-strike""}]",unadjudicated_risk_flag
israel-nbctf-hamas-crypto-addresses-2021,admitted,events/israel-nbctf-hamas-crypto-addresses-2021.yaml,0,offramp_cex,observed_change,nbctf_seizure_order_severs_il_ramp_access_for_named_hamas_cluster,"[{""matching_fields"": [""url""], ""observation_source_index"": 0, ""trigger_source_index"": 0}]","[{""url"": ""https://www.chainalysis.com/blog/israel-hamas-cryptocurrency-seizure-july-2021/"", ""wayback"": ""https://web.archive.org/web/2021/https://www.chainalysis.com/blog/israel-hamas-cryptocurrency-seizure-july-2021/""}, {""url"": ""https://www.merklescience.com/blog/israel-issues-seizure-orders"", ""wayback"": ""https://web.archive.org/web/2021/https://www.merklescience.com/blog/israel-issues-seizure-orders""}, {""url"": ""https://www.theblock.co/post/110725/israeli-counterterror-authority-seizes-84-crypto-addresses-it-says-belong-to-hamas"", ""wayback"": ""https://web.archive.org/web/2021/https://www.theblock.co/post/110725/israeli-counterterror-authority-seizes-84-crypto-addresses-it-says-belong-to-hamas""}]","[{""body_hash"": ""sha256:1524ddad7cf55ba046c48450c21bdc1ed4a12041c79c6fd3c21d3413189bbe6b"", ""body_path"": ""sources/http_captures/israel-nbctf-hamas-crypto-addresses-2021/primary/web.archive.org__web-20230830011908-https-www.chainalysis.com-blog-israel-hamas-cryptocurrency-seizure-july-2021__e64fe1175d.html"", ""url"": ""https://www.chainalysis.com/blog/israel-hamas-cryptocurrency-seizure-july-2021/"", ""wayback"": ""https://web.archive.org/web/20230830011908/https://www.chainalysis.com/blog/israel-hamas-cryptocurrency-seizure-july-2021/""}, {""body_hash"": ""sha256:d9e0c13db40200c6c4f62d03cb86c6307c39ccc9570cf409c82ed3f8c76e5bba"", ""body_path"": ""sources/http_captures/israel-nbctf-hamas-crypto-addresses-2021/primary/web.archive.org__web-20231010141013-https-www.dlnews.com-articles-regulation-israeli-police-seize-binance-account-linked-to-hamas__947af0b9f5.html"", ""url"": ""https://www.dlnews.com/articles/regulation/israeli-police-seize-binance-account-linked-to-hamas/"", ""wayback"": ""https://web.archive.org/web/20231010141013/https://www.dlnews.com/articles/regulation/israeli-police-seize-binance-account-linked-to-hamas/""}]",unadjudicated_risk_flag
japan-fsa-binance-warning-2018,admitted,events/japan-fsa-binance-warning-2018.yaml,0,offramp_cex,observed_change,binance_jp_resident_access_deprecation_and_hq_relocation_to_malta,"[{""matching_fields"": [""url""], ""observation_source_index"": 0, ""trigger_source_index"": 0}]","[{""url"": ""https://www.fsa.go.jp/news/29/sonota/"", ""wayback"": ""https://web.archive.org/web/2018/https://www.fsa.go.jp/news/29/sonota/""}]","[{""url"": ""https://www.fsa.go.jp/news/29/sonota/"", ""wayback"": ""https://web.archive.org/web/2018/https://www.fsa.go.jp/news/29/sonota/""}, {""body_hash"": ""sha256:df79ae5ec58b8dbb331bfb7c68c1d0c1d2e34f8967dbed77eb879be5621b702b"", ""body_path"": ""sources/http_captures/japan-fsa-binance-warning-2018/primary/web.archive.org__web-20210625160823-https-cointelegraph.com-news-binance-served-warning-by-japan-s-fsa-for-operating-without-authorization__41cf65184a.html"", ""url"": ""https://cointelegraph.com/news/binance-served-warning-by-japan-s-fsa-for-operating-without-authorization"", ""wayback"": ""https://web.archive.org/web/20210625160823/https://cointelegraph.com/news/binance-served-warning-by-japan-s-fsa-for-operating-without-authorization""}, {""body_hash"": ""sha256:d30eaaa00b67baeda8e11e91bf11554f71bb2950ffaa584694d1a4a51f2e361d"", ""body_path"": ""sources/http_captures/japan-fsa-binance-warning-2018/primary/web.archive.org__web-20180325055254-https-www.cnbc.com-2018-03-23-japanese-regulator-warns-major-cryptocurrency-exchange-for-operating-without-a-license-bitcoin-falls.h__4ef3720a1f.html"", ""url"": ""https://www.cnbc.com/2018/03/23/japanese-regulator-warns-major-cryptocurrency-exchange-for-operating-without-a-license-bitcoin-falls.html"", ""wayback"": ""https://web.archive.org/web/20180325055254/https://www.cnbc.com/2018/03/23/japanese-regulator-warns-major-cryptocurrency-exchange-for-operating-without-a-license-bitcoin-falls.html""}]",unadjudicated_risk_flag
japan-fsa-coincheck-orders-2018,admitted,events/japan-fsa-coincheck-orders-2018.yaml,0,offramp_cex,observed_change,coincheck_withdrawal_sale_functions_restored_in_fsa_supervised_phases,"[{""matching_fields"": [""url"", ""body_hash""], ""observation_source_index"": 0, ""trigger_source_index"": 0}, {""matching_fields"": [""url"", ""body_hash""], ""observation_source_index"": 2, ""trigger_source_index"": 1}]","[{""body_hash"": ""sha256:f44bc22a845e4a663b6512aae697185d6a831ba8fb37ba66b2f3709685f6bc54"", ""body_path"": ""sources/http_captures/japan-fsa-coincheck-orders-2018/primary/lfb.mof.go.jp__kantou-rizai-pagekthp0130000001_00004.html__9fee158b7a.html"", ""url"": ""https://lfb.mof.go.jp/kantou/rizai/pagekthp0130000001_00004.html""}, {""body_hash"": ""sha256:91526375be3317873d3c6645c86ce27a9a8093ae6cd8a66a68b632df5d215ca9"", ""body_path"": ""sources/http_captures/japan-fsa-coincheck-orders-2018/primary/lfb.mof.go.jp__kantou-rizai-pagekthp0130000001_00013.html__b552d9d688.html"", ""url"": ""https://lfb.mof.go.jp/kantou/rizai/pagekthp0130000001_00013.html""}]","[{""body_hash"": ""sha256:f44bc22a845e4a663b6512aae697185d6a831ba8fb37ba66b2f3709685f6bc54"", ""body_path"": ""sources/http_captures/japan-fsa-coincheck-orders-2018/primary/lfb.mof.go.jp__kantou-rizai-pagekthp0130000001_00004.html__9fee158b7a.html"", ""url"": ""https://lfb.mof.go.jp/kantou/rizai/pagekthp0130000001_00004.html""}, {""body_hash"": ""sha256:d83f35446070b04f35e9a62ff76efda7ccbc49f7f15c9ce3b3f41cbbb7f831e1"", ""body_path"": ""sources/http_captures/japan-fsa-coincheck-orders-2018/primary/corporate.coincheck.com__press-Vih7V6FC__48b11e9452.html"", ""url"": ""https://corporate.coincheck.com/press/Vih7V6FC""}, {""body_hash"": ""sha256:91526375be3317873d3c6645c86ce27a9a8093ae6cd8a66a68b632df5d215ca9"", ""body_path"": ""sources/http_captures/japan-fsa-coincheck-orders-2018/primary/lfb.mof.go.jp__kantou-rizai-pagekthp0130000001_00013.html__b552d9d688.html"", ""url"": ""https://lfb.mof.go.jp/kantou/rizai/pagekthp0130000001_00013.html""}, {""body_hash"": ""sha256:e574a7d5a8edb0fd7099c0de5c06d78653c033a98c020eea6fd430e5b8e239db"", ""body_path"": ""sources/http_captures/japan-fsa-coincheck-orders-2018/primary/corporate.coincheck.com__press-g9dFINgu__b86be564c3.html"", ""url"": ""https://corporate.coincheck.com/press/g9dFINgu""}]",unadjudicated_risk_flag
japan-fsa-dmm-bitcoin-order-2024-09,admitted,events/japan-fsa-dmm-bitcoin-order-2024-09.yaml,0,offramp_cex,observed_change,dmm_bitcoin_winddown_and_asset_migration_to_sbi_vc_trade_per_fsa_order,"[{""matching_fields"": [""url""], ""observation_source_index"": 0, ""trigger_source_index"": 0}, {""matching_fields"": [""url"", ""body_hash""], ""observation_source_index"": 2, ""trigger_source_index"": 1}, {""matching_fields"": [""url""], ""observation_source_index"": 3, ""trigger_source_index"": 2}]","[{""url"": ""https://www.fsa.go.jp/news/r6/sonota/"", ""wayback"": ""https://web.archive.org/web/2024/https://www.fsa.go.jp/news/r6/sonota/""}, {""body_hash"": ""sha256:3a4d45f45728130a33364155da381c5d5b59dddbf6512784a982846b58f7c91b"", ""body_path"": ""sources/http_captures/japan-fsa-dmm-bitcoin-order-2024-09/primary/web.archive.org__web-20240930101400-https-www.regulationasia.com-japan-fsa-issues-business-improvement-order-on-dmm-bitcoin__cf2fd425a7.html"", ""url"": ""https://www.regulationasia.com/japan-fsa-issues-business-improvement-order-on-dmm-bitcoin/"", ""wayback"": ""https://web.archive.org/web/20240930101400/https://www.regulationasia.com/japan-fsa-issues-business-improvement-order-on-dmm-bitcoin/""}, {""url"": ""https://securityaffairs.com/172290/hacking/dmm-bitcoin-308m-theft-linked-north-korea.html"", ""wayback"": ""https://web.archive.org/web/2024/https://securityaffairs.com/172290/hacking/dmm-bitcoin-308m-theft-linked-north-korea.html""}]","[{""url"": ""https://www.fsa.go.jp/news/r6/sonota/"", ""wayback"": ""https://web.archive.org/web/2024/https://www.fsa.go.jp/news/r6/sonota/""}, {""url"": ""https://bitcoin.dmm.com/news"", ""wayback"": ""https://web.archive.org/web/2024/https://bitcoin.dmm.com/news""}, {""body_hash"": ""sha256:3a4d45f45728130a33364155da381c5d5b59dddbf6512784a982846b58f7c91b"", ""body_path"": ""sources/http_captures/japan-fsa-dmm-bitcoin-order-2024-09/primary/web.archive.org__web-20240930101400-https-www.regulationasia.com-japan-fsa-issues-business-improvement-order-on-dmm-bitcoin__cf2fd425a7.html"", ""url"": ""https://www.regulationasia.com/japan-fsa-issues-business-improvement-order-on-dmm-bitcoin/"", ""wayback"": ""https://web.archive.org/web/20240930101400/https://www.regulationasia.com/japan-fsa-issues-business-improvement-order-on-dmm-bitcoin/""}, {""body_hash"": ""sha256:b7bb662fb24a152b2cf6af3f6f193ff3c7df972ec51cceea04a2396d34c226c9"", ""body_path"": ""sources/http_captures/japan-fsa-dmm-bitcoin-order-2024-09/primary/web.archive.org__web-20241225121737-https-securityaffairs.com-172290-hacking-dmm-bitcoin-308m-theft-linked-north-korea.html__b238dc314d.html"", ""url"": ""https://securityaffairs.com/172290/hacking/dmm-bitcoin-308m-theft-linked-north-korea.html"", ""wayback"": ""https://web.archive.org/web/20241225121737/https://securityaffairs.com/172290/hacking/dmm-bitcoin-308m-theft-linked-north-korea.html""}]",unadjudicated_risk_flag
japan-fsa-ftx-japan-suspension-2022-11,admitted,events/japan-fsa-ftx-japan-suspension-2022-11.yaml,0,offramp_cex,observed_change,ftx_japan_withdrawal_rail_frozen_and_assets_held_domestically_per_kanto_lfb_orders,"[{""matching_fields"": [""url"", ""body_hash""], ""observation_source_index"": 0, ""trigger_source_index"": 0}, {""matching_fields"": [""url"", ""body_hash""], ""observation_source_index"": 1, ""trigger_source_index"": 1}]","[{""body_hash"": ""sha256:b6f3ea01c02af429023fc0fc450507d60122a154aa4ba41d0288120c2efc6300"", ""body_path"": ""sources/http_captures/japan-fsa-ftx-japan-suspension-2022-11/primary/web.archive.org__web-20221110133726-https-www.fsa.go.jp-news-r4-sonota-20221110-20221110.html__ccc0cd2d3a.html"", ""url"": ""https://www.fsa.go.jp/news/r4/sonota/20221110/20221110.html"", ""wayback"": ""https://web.archive.org/web/20221110133726/https://www.fsa.go.jp/news/r4/sonota/20221110/20221110.html""}, {""body_hash"": ""sha256:2fba95df79d0ce107168518af5b2d74ce5731c21dcbb139c6acf6226ec8a2a6b"", ""body_path"": ""sources/http_captures/japan-fsa-ftx-japan-suspension-2022-11/primary/web.archive.org__web-20221111104403-https-www.fsa.go.jp-en-news-2022-20221111-20221110.html__ca531aa851.html"", ""url"": ""https://www.fsa.go.jp/en/news/2022/20221111/20221110.html"", ""wayback"": ""https://web.archive.org/web/20221111104403/https://www.fsa.go.jp/en/news/2022/20221111/20221110.html""}]","[{""body_hash"": ""sha256:b6f3ea01c02af429023fc0fc450507d60122a154aa4ba41d0288120c2efc6300"", ""body_path"": ""sources/http_captures/japan-fsa-ftx-japan-suspension-2022-11/primary/web.archive.org__web-20221110133726-https-www.fsa.go.jp-news-r4-sonota-20221110-20221110.html__ccc0cd2d3a.html"", ""url"": ""https://www.fsa.go.jp/news/r4/sonota/20221110/20221110.html"", ""wayback"": ""https://web.archive.org/web/20221110133726/https://www.fsa.go.jp/news/r4/sonota/20221110/20221110.html""}, {""body_hash"": ""sha256:2fba95df79d0ce107168518af5b2d74ce5731c21dcbb139c6acf6226ec8a2a6b"", ""body_path"": ""sources/http_captures/japan-fsa-ftx-japan-suspension-2022-11/primary/web.archive.org__web-20221111104403-https-www.fsa.go.jp-en-news-2022-20221111-20221110.html__ca531aa851.html"", ""url"": ""https://www.fsa.go.jp/en/news/2022/20221111/20221110.html"", ""wayback"": ""https://web.archive.org/web/20221111104403/https://www.fsa.go.jp/en/news/2022/20221111/20221110.html""}, {""url"": ""https://www.coindesk.com/policy/2022/11/10/ftx-japan-ordered-by-regulator-to-suspend-operations-following-withdrawal-halt"", ""wayback"": ""https://web.archive.org/web/2022/https://www.coindesk.com/policy/2022/11/10/ftx-japan-ordered-by-regulator-to-suspend-operations-following-withdrawal-halt""}]",unadjudicated_risk_flag
japan-fsa-margin-leverage-cap-2x-2020-05,rejected,events/japan-fsa-margin-leverage-cap-2x-2020-05.yaml,0,offramp_cex,observed_change,retail_crypto_asset_cfd_margin_leverage_capped_at_2x,"[{""matching_fields"": [""url"", ""body_hash""], ""observation_source_index"": 0, ""trigger_source_index"": 0}, {""matching_fields"": [""url"", ""body_hash""], ""observation_source_index"": 1, ""trigger_source_index"": 1}, {""matching_fields"": [""url"", ""body_hash""], ""observation_source_index"": 2, ""trigger_source_index"": 2}]","[{""body_hash"": ""sha256:1f7504f2994c68fd2b09ad97bdd6d28b1a8cbfa0d770cd23ae663a06f166ca31"", ""body_path"": ""sources/http_captures/japan-fsa-margin-leverage-cap-2x-2020-05/primary/www.fsa.go.jp__en-newsletter-accessfsa2020-201.pdf__0258b03d06.bin"", ""url"": ""https://www.fsa.go.jp/en/newsletter/accessfsa2020/201.pdf""}, {""body_hash"": ""sha256:f9dc25e14b5c9a8f14a509582d4f83e2266930ae28db38961efe300704c8f629"", ""body_path"": ""sources/http_captures/japan-fsa-margin-leverage-cap-2x-2020-05/primary/www.fsa.go.jp__en-news-2022-20220914-2-02.pdf__e6c759abb3.bin"", ""url"": ""https://www.fsa.go.jp/en/news/2022/20220914-2/02.pdf""}, {""body_hash"": ""sha256:8a171f686dfcb00d2b1d225308568c7ca0d200a05479ec4115dc02b9f55bf7c9"", ""body_path"": ""sources/http_captures/japan-fsa-margin-leverage-cap-2x-2020-05/primary/www.japaneselawtranslation.go.jp__en-laws-download-4748-09-h19Cop00520504en15.0_r4O20.pdf__83a4a0a88c.bin"", ""url"": ""https://www.japaneselawtranslation.go.jp/en/laws/download/4748/09/h19Cop00520504en15.0_r4O20.pdf""}, {""body_hash"": ""sha256:cc93b6c5d35684697f3b29ca404527dc6268dce4cbade6352ceb9a2c6eaf490d"", ""body_path"": ""sources/http_captures/japan-fsa-margin-leverage-cap-2x-2020-05/primary/www.fsa.go.jp__en-newsletter-weekly2020-391.html__a8e715811a.html"", ""url"": ""https://www.fsa.go.jp/en/newsletter/weekly2020/391.html""}]","[{""body_hash"": ""sha256:1f7504f2994c68fd2b09ad97bdd6d28b1a8cbfa0d770cd23ae663a06f166ca31"", ""body_path"": ""sources/http_captures/japan-fsa-margin-leverage-cap-2x-2020-05/primary/www.fsa.go.jp__en-newsletter-accessfsa2020-201.pdf__0258b03d06.bin"", ""url"": ""https://www.fsa.go.jp/en/newsletter/accessfsa2020/201.pdf""}, {""body_hash"": ""sha256:f9dc25e14b5c9a8f14a509582d4f83e2266930ae28db38961efe300704c8f629"", ""body_path"": ""sources/http_captures/japan-fsa-margin-leverage-cap-2x-2020-05/primary/www.fsa.go.jp__en-news-2022-20220914-2-02.pdf__e6c759abb3.bin"", ""url"": ""https://www.fsa.go.jp/en/news/2022/20220914-2/02.pdf""}, {""body_hash"": ""sha256:8a171f686dfcb00d2b1d225308568c7ca0d200a05479ec4115dc02b9f55bf7c9"", ""body_path"": ""sources/http_captures/japan-fsa-margin-leverage-cap-2x-2020-05/primary/www.japaneselawtranslation.go.jp__en-laws-download-4748-09-h19Cop00520504en15.0_r4O20.pdf__83a4a0a88c.bin"", ""url"": ""https://www.japaneselawtranslation.go.jp/en/laws/download/4748/09/h19Cop00520504en15.0_r4O20.pdf""}]",unadjudicated_risk_flag
japan-fsa-six-exchange-orders-2018-06,admitted,events/japan-fsa-six-exchange-orders-2018-06.yaml,0,offramp_cex,observed_change,six_exchange_aml_cft_business_improvement_orders_issued_simultaneously,"[{""matching_fields"": [""url""], ""observation_source_index"": 0, ""trigger_source_index"": 0}, {""matching_fields"": [""url""], ""observation_source_index"": 1, ""trigger_source_index"": 1}, {""matching_fields"": [""url""], ""observation_source_index"": 2, ""trigger_source_index"": 2}]","[{""url"": ""https://www.fsa.go.jp/news/30/sonota/"", ""wayback"": ""https://web.archive.org/web/2018/https://www.fsa.go.jp/news/30/sonota/""}, {""url"": ""https://www.coindesk.com/markets/2018/06/22/japans-financial-watchdog-orders-aml-shake-up-at-6-crypto-exchanges/"", ""wayback"": ""https://web.archive.org/web/2018/https://www.coindesk.com/markets/2018/06/22/japans-financial-watchdog-orders-aml-shake-up-at-6-crypto-exchanges/""}, {""url"": ""https://cointelegraph.com/news/japan-hits-6-more-crypto-exchanges-with-business-improvement-orders"", ""wayback"": ""https://web.archive.org/web/2018/https://cointelegraph.com/news/japan-hits-6-more-crypto-exchanges-with-business-improvement-orders""}]","[{""url"": ""https://www.fsa.go.jp/news/30/sonota/"", ""wayback"": ""https://web.archive.org/web/2018/https://www.fsa.go.jp/news/30/sonota/""}, {""body_hash"": ""sha256:58ed1bceab4d3bb1dc64def18ec456f4cb5eb26d2036a778200579aaf480347e"", ""body_path"": ""sources/http_captures/japan-fsa-six-exchange-orders-2018-06/primary/web.archive.org__web-20210923064637-https-www.coindesk.com-markets-2018-06-22-japans-financial-watchdog-orders-aml-shake-up-at-6-crypto-exchanges__68d4362819.html"", ""url"": ""https://www.coindesk.com/markets/2018/06/22/japans-financial-watchdog-orders-aml-shake-up-at-6-crypto-exchanges/"", ""wayback"": ""https://web.archive.org/web/20210923064637/https://www.coindesk.com/markets/2018/06/22/japans-financial-watchdog-orders-aml-shake-up-at-6-crypto-exchanges/""}, {""body_hash"": ""sha256:afa5b71e2fe008ccb52d68f9d6a02303ee6798ca251ebe5519e5d11e986afaf7"", ""body_path"": ""sources/http_captures/japan-fsa-six-exchange-orders-2018-06/primary/web.archive.org__web-20180622154214-https-cointelegraph.com-news-japan-hits-6-more-crypto-exchanges-with-business-improvement-orders__797301cacf.html"", ""url"": ""https://cointelegraph.com/news/japan-hits-6-more-crypto-exchanges-with-business-improvement-orders"", ""wayback"": ""https://web.archive.org/web/20180622154214/https://cointelegraph.com/news/japan-hits-6-more-crypto-exchanges-with-business-improvement-orders""}]",unadjudicated_risk_flag
japan-fsa-six-exchange-orders-2018-06,admitted,events/japan-fsa-six-exchange-orders-2018-06.yaml,1,offramp_cex,observed_change,bitflyer_voluntary_new_customer_registration_suspension,"[{""matching_fields"": [""url""], ""observation_source_index"": 0, ""trigger_source_index"": 1}]","[{""url"": ""https://www.fsa.go.jp/news/30/sonota/"", ""wayback"": ""https://web.archive.org/web/2018/https://www.fsa.go.jp/news/30/sonota/""}, {""url"": ""https://www.coindesk.com/markets/2018/06/22/japans-financial-watchdog-orders-aml-shake-up-at-6-crypto-exchanges/"", ""wayback"": ""https://web.archive.org/web/2018/https://www.coindesk.com/markets/2018/06/22/japans-financial-watchdog-orders-aml-shake-up-at-6-crypto-exchanges/""}, {""url"": ""https://cointelegraph.com/news/japan-hits-6-more-crypto-exchanges-with-business-improvement-orders"", ""wayback"": ""https://web.archive.org/web/2018/https://cointelegraph.com/news/japan-hits-6-more-crypto-exchanges-with-business-improvement-orders""}]","[{""body_hash"": ""sha256:58ed1bceab4d3bb1dc64def18ec456f4cb5eb26d2036a778200579aaf480347e"", ""body_path"": ""sources/http_captures/japan-fsa-six-exchange-orders-2018-06/primary/web.archive.org__web-20210923064637-https-www.coindesk.com-markets-2018-06-22-japans-financial-watchdog-orders-aml-shake-up-at-6-crypto-exchanges__68d4362819.html"", ""url"": ""https://www.coindesk.com/markets/2018/06/22/japans-financial-watchdog-orders-aml-shake-up-at-6-crypto-exchanges/"", ""wayback"": ""https://web.archive.org/web/20210923064637/https://www.coindesk.com/markets/2018/06/22/japans-financial-watchdog-orders-aml-shake-up-at-6-crypto-exchanges/""}, {""body_hash"": ""sha256:abca7fc1a99e54d5ccd54982889af2831e297d525d9efdfc056687c114316832"", ""body_path"": ""sources/http_captures/japan-fsa-six-exchange-orders-2018-06/primary/web.archive.org__web-20180626142058-https-news.bitcoin.com-japanese-crypto-exchanges-regulators-improvement-orders__7680a5bd33.html"", ""url"": ""https://news.bitcoin.com/japanese-crypto-exchanges-regulators-improvement-orders/"", ""wayback"": ""https://web.archive.org/web/20180626142058/https://news.bitcoin.com/japanese-crypto-exchanges-regulators-improvement-orders/""}]",unadjudicated_risk_flag
japan-fsa-zaif-orders-2018-09,admitted,events/japan-fsa-zaif-orders-2018-09.yaml,0,offramp_cex,observed_change,zaif_withdrawal_rail_frozen_per_fsa_order_and_fisco_transfer,"[{""matching_fields"": [""url""], ""observation_source_index"": 0, ""trigger_source_index"": 0}]","[{""url"": ""https://www.fsa.go.jp/news/30/sonota/"", ""wayback"": ""https://web.archive.org/web/2018/https://www.fsa.go.jp/news/30/sonota/""}]","[{""url"": ""https://www.fsa.go.jp/news/30/sonota/"", ""wayback"": ""https://web.archive.org/web/2018/https://www.fsa.go.jp/news/30/sonota/""}, {""body_hash"": ""sha256:1592d2eb9e576f8b2a68c7c2921a1e5c581bccc08f0043aec95e1afcbb6371a6"", ""body_path"": ""sources/http_captures/japan-fsa-zaif-orders-2018-09/primary/web.archive.org__web-20210926141325-https-www.coindesk.com-markets-2018-09-25-japan-regulators-seek-answers-in-wake-of-zaifs-60-million-crypto-hack__bb711bc54f.html"", ""url"": ""https://www.coindesk.com/markets/2018/09/25/japan-regulators-seek-answers-in-wake-of-zaifs-60-million-crypto-hack/"", ""wayback"": ""https://web.archive.org/web/20210926141325/https://www.coindesk.com/markets/2018/09/25/japan-regulators-seek-answers-in-wake-of-zaifs-60-million-crypto-hack/""}, {""body_hash"": ""sha256:59d887df8bd70dcdeb37cbedef26f73a1c2db74af893760ae35567ea73fec911"", ""body_path"": ""sources/http_captures/japan-fsa-zaif-orders-2018-09/primary/web.archive.org__web-20180921215359-https-cointelegraph.com-news-forced-deal-and-fsa-scrutiny-what-do-we-know-about-japans-latest-hack__68893c9567.html"", ""url"": ""https://cointelegraph.com/news/forced-deal-and-fsa-scrutiny-what-do-we-know-about-japans-latest-hack"", ""wayback"": ""https://web.archive.org/web/20180921215359/https://cointelegraph.com/news/forced-deal-and-fsa-scrutiny-what-do-we-know-about-japans-latest-hack""}]",unadjudicated_risk_flag
jordan-cbj-bank-crypto-prohibition-2014,admitted,events/jordan-cbj-bank-crypto-prohibition-2014.yaml,0,offramp_cex,observed_change,banking_and_payment_channel_to_crypto_prohibited_industry_wide,"[{""matching_fields"": [""url"", ""body_hash""], ""observation_source_index"": 0, ""trigger_source_index"": 0}, {""matching_fields"": [""url"", ""body_hash""], ""observation_source_index"": 1, ""trigger_source_index"": 1}]","[{""body_hash"": ""sha256:ae9d42c14ef10bd12b4e49931a54458ce0c101801b622c7437e5c99d919ec352"", ""body_path"": ""sources/http_captures/jordan-cbj-bank-crypto-prohibition-2014/primary-cbj-circular-v1/www.cbj.gov.jo__ebv4.0-root_storage-en-eb_list_page-43d7c49d-bc5a-49d0-9706-88c4d2b69c3d.pdf__b9ea6f6884.bin"", ""url"": ""https://www.cbj.gov.jo/ebv4.0/root_storage/en/eb_list_page/43d7c49d-bc5a-49d0-9706-88c4d2b69c3d.pdf""}, {""body_hash"": ""sha256:9f9f631cf97a11196c95f74397f8bcb878d642df7f154cb90368cce2c9ad7377"", ""body_path"": ""sources/http_captures/jordan-cbj-bank-crypto-prohibition-2014/primary/web.archive.org__web-20140301000000-https-jordantimes.com-news-local-central-bank-warns-against-using-bitcoin__4e33a43799.html"", ""url"": ""https://web.archive.org/web/20140301000000/https://jordantimes.com/news/local/central-bank-warns-against-using-bitcoin"", ""wayback"": ""https://web.archive.org/web/20150710120306/http://www.jordantimes.com/news/local/central-bank-warns-against-using-bitcoin""}]","[{""body_hash"": ""sha256:ae9d42c14ef10bd12b4e49931a54458ce0c101801b622c7437e5c99d919ec352"", ""body_path"": ""sources/http_captures/jordan-cbj-bank-crypto-prohibition-2014/primary-cbj-circular-v1/www.cbj.gov.jo__ebv4.0-root_storage-en-eb_list_page-43d7c49d-bc5a-49d0-9706-88c4d2b69c3d.pdf__b9ea6f6884.bin"", ""url"": ""https://www.cbj.gov.jo/ebv4.0/root_storage/en/eb_list_page/43d7c49d-bc5a-49d0-9706-88c4d2b69c3d.pdf""}, {""body_hash"": ""sha256:9f9f631cf97a11196c95f74397f8bcb878d642df7f154cb90368cce2c9ad7377"", ""body_path"": ""sources/http_captures/jordan-cbj-bank-crypto-prohibition-2014/primary/web.archive.org__web-20140301000000-https-jordantimes.com-news-local-central-bank-warns-against-using-bitcoin__4e33a43799.html"", ""url"": ""https://web.archive.org/web/20140301000000/https://jordantimes.com/news/local/central-bank-warns-against-using-bitcoin"", ""wayback"": ""https://web.archive.org/web/20150710120306/http://www.jordantimes.com/news/local/central-bank-warns-against-using-bitcoin""}]",unadjudicated_risk_flag
kazakhstan-digital-assets-law-2023-02,admitted,events/kazakhstan-digital-assets-law-2023-02.yaml,0,l1_consensus,observed_change,mandatory_mining_license_and_pool_accreditation_regime_in_force,"[{""matching_fields"": [""url""], ""observation_source_index"": 0, ""trigger_source_index"": 0}, {""matching_fields"": [""url""], ""observation_source_index"": 1, ""trigger_source_index"": 1}, {""matching_fields"": [""url""], ""observation_source_index"": 2, ""trigger_source_index"": 2}]","[{""url"": ""https://adilet.zan.kz/eng/docs/Z2300000193"", ""wayback"": ""https://web.archive.org/web/2023/https://adilet.zan.kz/eng/docs/Z2300000193""}, {""url"": ""https://www.loc.gov/item/global-legal-monitor/2023-04-30/kazakhstan-new-law-establishes-legal-framework-for-digital-assets-and-cryptomining/"", ""wayback"": ""https://web.archive.org/web/2023/https://www.loc.gov/item/global-legal-monitor/2023-04-30/kazakhstan-new-law-establishes-legal-framework-for-digital-assets-and-cryptomining/""}, {""url"": ""https://www.morganlewis.com/pubs/2023/02/kazakhstan-introduces-new-regulation-of-digital-assets"", ""wayback"": ""https://web.archive.org/web/2023/https://www.morganlewis.com/pubs/2023/02/kazakhstan-introduces-new-regulation-of-digital-assets""}]","[{""url"": ""https://adilet.zan.kz/eng/docs/Z2300000193"", ""wayback"": ""https://web.archive.org/web/2023/https://adilet.zan.kz/eng/docs/Z2300000193""}, {""body_hash"": ""sha256:f9ad5f2a0639cae226f2daf8d349f871611fc84f68334e9f976cebebe59e1ad7"", ""body_path"": ""sources/http_captures/kazakhstan-digital-assets-law-2023-02/primary/web.archive.org__web-20230501140021-https-www.loc.gov-item-global-legal-monitor-2023-04-30-kazakhstan-new-law-establishes-legal-framework-for-digital-assets-and-cryptom__eceb3c6808.html"", ""url"": ""https://www.loc.gov/item/global-legal-monitor/2023-04-30/kazakhstan-new-law-establishes-legal-framework-for-digital-assets-and-cryptomining/"", ""wayback"": ""https://web.archive.org/web/20230501140021/https://www.loc.gov/item/global-legal-monitor/2023-04-30/kazakhstan-new-law-establishes-legal-framework-for-digital-assets-and-cryptomining/""}, {""body_hash"": ""sha256:1df53b9ae33db13e151ecaf73c34602c7ccc47c51513c7814970f069fa5b9413"", ""body_path"": ""sources/http_captures/kazakhstan-digital-assets-law-2023-02/primary/web.archive.org__web-20230222214013-https-www.morganlewis.com-pubs-2023-02-kazakhstan-introduces-new-regulation-of-digital-assets__60e84f286f.html"", ""url"": ""https://www.morganlewis.com/pubs/2023/02/kazakhstan-introduces-new-regulation-of-digital-assets"", ""wayback"": ""https://web.archive.org/web/20230222214013/https://www.morganlewis.com/pubs/2023/02/kazakhstan-introduces-new-regulation-of-digital-assets""}]",unadjudicated_risk_flag
kazakhstan-digital-assets-law-2023-02,admitted,events/kazakhstan-digital-assets-law-2023-02.yaml,1,offramp_cex,observed_change,commercial_digital_asset_exchange_activity_confined_to_aifc_licensed_perimeter,"[{""matching_fields"": [""url""], ""observation_source_index"": 0, ""trigger_source_index"": 0}, {""matching_fields"": [""url""], ""observation_source_index"": 1, ""trigger_source_index"": 2}, {""matching_fields"": [""url""], ""observation_source_index"": 2, ""trigger_source_index"": 1}, {""matching_fields"": [""url""], ""observation_source_index"": 3, ""trigger_source_index"": 2}]","[{""url"": ""https://adilet.zan.kz/eng/docs/Z2300000193"", ""wayback"": ""https://web.archive.org/web/2023/https://adilet.zan.kz/eng/docs/Z2300000193""}, {""url"": ""https://www.loc.gov/item/global-legal-monitor/2023-04-30/kazakhstan-new-law-establishes-legal-framework-for-digital-assets-and-cryptomining/"", ""wayback"": ""https://web.archive.org/web/2023/https://www.loc.gov/item/global-legal-monitor/2023-04-30/kazakhstan-new-law-establishes-legal-framework-for-digital-assets-and-cryptomining/""}, {""url"": ""https://www.morganlewis.com/pubs/2023/02/kazakhstan-introduces-new-regulation-of-digital-assets"", ""wayback"": ""https://web.archive.org/web/2023/https://www.morganlewis.com/pubs/2023/02/kazakhstan-introduces-new-regulation-of-digital-assets""}]","[{""url"": ""https://adilet.zan.kz/eng/docs/Z2300000193"", ""wayback"": ""https://web.archive.org/web/2023/https://adilet.zan.kz/eng/docs/Z2300000193""}, {""url"": ""https://www.morganlewis.com/pubs/2023/02/kazakhstan-introduces-new-regulation-of-digital-assets"", ""wayback"": ""https://web.archive.org/web/2023/https://www.morganlewis.com/pubs/2023/02/kazakhstan-introduces-new-regulation-of-digital-assets""}, {""body_hash"": ""sha256:f9ad5f2a0639cae226f2daf8d349f871611fc84f68334e9f976cebebe59e1ad7"", ""body_path"": ""sources/http_captures/kazakhstan-digital-assets-law-2023-02/primary/web.archive.org__web-20230501140021-https-www.loc.gov-item-global-legal-monitor-2023-04-30-kazakhstan-new-law-establishes-legal-framework-for-digital-assets-and-cryptom__eceb3c6808.html"", ""url"": ""https://www.loc.gov/item/global-legal-monitor/2023-04-30/kazakhstan-new-law-establishes-legal-framework-for-digital-assets-and-cryptomining/"", ""wayback"": ""https://web.archive.org/web/20230501140021/https://www.loc.gov/item/global-legal-monitor/2023-04-30/kazakhstan-new-law-establishes-legal-framework-for-digital-assets-and-cryptomining/""}, {""body_hash"": ""sha256:1df53b9ae33db13e151ecaf73c34602c7ccc47c51513c7814970f069fa5b9413"", ""body_path"": ""sources/http_captures/kazakhstan-digital-assets-law-2023-02/primary/web.archive.org__web-20230222214013-https-www.morganlewis.com-pubs-2023-02-kazakhstan-introduces-new-regulation-of-digital-assets__60e84f286f.html"", ""url"": ""https://www.morganlewis.com/pubs/2023/02/kazakhstan-introduces-new-regulation-of-digital-assets"", ""wayback"": ""https://web.archive.org/web/20230222214013/https://www.morganlewis.com/pubs/2023/02/kazakhstan-introduces-new-regulation-of-digital-assets""}]",unadjudicated_risk_flag
kazakhstan-internet-shutdown-mining-2022-01,admitted,events/kazakhstan-internet-shutdown-mining-2022-01.yaml,0,l1_consensus,observed_change,bitcoin_hashrate_collapse_following_l0_shutdown,"[{""matching_fields"": [""url""], ""observation_source_index"": 0, ""trigger_source_index"": 1}, {""matching_fields"": [""url"", ""body_hash""], ""observation_source_index"": 1, ""trigger_source_index"": 0}]","[{""body_hash"": ""sha256:246d9d7abfacb5c82b1d9542bae00cc4cd467d68f4772d6c90214949dc512641"", ""body_path"": ""sources/http_captures/kazakhstan-internet-shutdown-mining-2022-01/primary/web.archive.org__web-20220104182416-https-netblocks.org-reports-internet-disrupted-in-kazakhstan-amid-energy-price-protests-oy9YQgy3__00dd341aba.html"", ""url"": ""https://netblocks.org/reports/internet-disrupted-in-kazakhstan-amid-energy-price-protests-oy9YQgy3"", ""wayback"": ""https://web.archive.org/web/20220104182416/https://netblocks.org/reports/internet-disrupted-in-kazakhstan-amid-energy-price-protests-oy9YQgy3""}, {""url"": ""https://www.coindesk.com/business/2022/01/06/kazakhstans-hashrate-drops-as-internet-blackout-persists-amid-nationwide-protests"", ""wayback"": ""https://web.archive.org/web/2022/https://www.coindesk.com/business/2022/01/06/kazakhstans-hashrate-drops-as-internet-blackout-persists-amid-nationwide-protests""}, {""url"": ""https://www.cnbc.com/2022/01/06/kazakhstan-bitcoin-mining-shuts-down-amid-fatal-protests.html"", ""wayback"": ""https://web.archive.org/web/2022/https://www.cnbc.com/2022/01/06/kazakhstan-bitcoin-mining-shuts-down-amid-fatal-protests.html""}, {""url"": ""https://blog.cloudflare.com/internet-shut-down-in-kazakhstan-amid-unrest/"", ""wayback"": ""https://web.archive.org/web/2022/https://blog.cloudflare.com/internet-shut-down-in-kazakhstan-amid-unrest/""}]","[{""body_hash"": ""sha256:1bba39948b13d0e41ed7e57c550fa575d8783e5e7b80fc5ab885437f4393c73a"", ""body_path"": ""sources/http_captures/kazakhstan-internet-shutdown-mining-2022-01/primary/web.archive.org__web-20220106124152-https-www.coindesk.com-business-2022-01-06-kazakhstans-hashrate-drops-as-internet-blackout-persists-amid-nationwide-protests__7bcd112c55.html"", ""url"": ""https://www.coindesk.com/business/2022/01/06/kazakhstans-hashrate-drops-as-internet-blackout-persists-amid-nationwide-protests"", ""wayback"": ""https://web.archive.org/web/20220106124152/https://www.coindesk.com/business/2022/01/06/kazakhstans-hashrate-drops-as-internet-blackout-persists-amid-nationwide-protests""}, {""body_hash"": ""sha256:246d9d7abfacb5c82b1d9542bae00cc4cd467d68f4772d6c90214949dc512641"", ""body_path"": ""sources/http_captures/kazakhstan-internet-shutdown-mining-2022-01/primary/web.archive.org__web-20220104182416-https-netblocks.org-reports-internet-disrupted-in-kazakhstan-amid-energy-price-protests-oy9YQgy3__00dd341aba.html"", ""url"": ""https://netblocks.org/reports/internet-disrupted-in-kazakhstan-amid-energy-price-protests-oy9YQgy3"", ""wayback"": ""https://web.archive.org/web/20220104182416/https://netblocks.org/reports/internet-disrupted-in-kazakhstan-amid-energy-price-protests-oy9YQgy3""}, {""url"": ""https://www.theblock.co/amp/post/129312/bitcoin-mining-pool-hashrates-fall-amid-kazakhstan-internet-shutdown"", ""wayback"": ""https://web.archive.org/web/2022/https://www.theblock.co/amp/post/129312/bitcoin-mining-pool-hashrates-fall-amid-kazakhstan-internet-shutdown""}, {""url"": ""https://ccaf.io/cbnsi/cbeci/mining_map"", ""wayback"": ""https://web.archive.org/web/2022/https://ccaf.io/cbnsi/cbeci/mining_map""}]",unadjudicated_risk_flag
kenya-cbk-virtual-currency-circular-2015-12,admitted,events/kenya-cbk-virtual-currency-circular-2015-12.yaml,0,offramp_cex,observed_change,bank_account_opening_for_virtual_currency_dealers_prohibited,"[{""matching_fields"": [""url"", ""body_hash""], ""observation_source_index"": 0, ""trigger_source_index"": 0}]","[{""body_hash"": ""sha256:e46c749d0c6038c889b613db62b8a3f2df7e0ffde3d80ca2eb081b4ebc3298a4"", ""body_path"": ""sources/http_captures/kenya-cbk-virtual-currency-circular-2015-12/primary/web.archive.org__web-20151218000000id_-https-www.centralbank.go.ke-uploads-banking_circulars-2075994161_Banking-20Circular-20No-2014-20of-202015-20--20Virtual-20Currenc__10a852500d.bin"", ""url"": ""https://web.archive.org/web/20151218000000id_/https://www.centralbank.go.ke/uploads/banking_circulars/2075994161_Banking%20Circular%20No%2014%20of%202015%20-%20Virtual%20Currencies%20-%20Bitcoin.pdf"", ""wayback"": ""https://web.archive.org/web/20180404165057id_/https://www.centralbank.go.ke/uploads/banking_circulars/2075994161_Banking%20Circular%20No%2014%20of%202015%20-%20Virtual%20Currencies%20-%20Bitcoin.pdf""}]","[{""body_hash"": ""sha256:e46c749d0c6038c889b613db62b8a3f2df7e0ffde3d80ca2eb081b4ebc3298a4"", ""body_path"": ""sources/http_captures/kenya-cbk-virtual-currency-circular-2015-12/primary/web.archive.org__web-20151218000000id_-https-www.centralbank.go.ke-uploads-banking_circulars-2075994161_Banking-20Circular-20No-2014-20of-202015-20--20Virtual-20Currenc__10a852500d.bin"", ""url"": ""https://web.archive.org/web/20151218000000id_/https://www.centralbank.go.ke/uploads/banking_circulars/2075994161_Banking%20Circular%20No%2014%20of%202015%20-%20Virtual%20Currencies%20-%20Bitcoin.pdf""}]",unadjudicated_risk_flag
korea-fiu-isms-real-name-exchange-shutdown-2021-09,admitted,events/korea-fiu-isms-real-name-exchange-shutdown-2021-09.yaml,0,offramp_cex,observed_change,fiu_registration_deadline_forced_exchange_shutdown_and_fiat_rail_severance,"[{""matching_fields"": [""url"", ""body_hash""], ""observation_source_index"": 0, ""trigger_source_index"": 1}, {""matching_fields"": [""url"", ""body_hash""], ""observation_source_index"": 2, ""trigger_source_index"": 2}]","[{""body_hash"": ""sha256:97238a2c90530c783d9207380a9cb926fd99007e705f982bbd51e1f1de78573f"", ""body_path"": ""sources/http_captures/korea-fiu-isms-real-name-exchange-shutdown-2021-09/primary-fsc-20210924/www.fsc.go.kr__no010101-76312__9a1cce464a.html"", ""url"": ""https://www.fsc.go.kr/no010101/76312""}, {""body_hash"": ""sha256:cf160bd7d731442ffd829f1f43980564f262e2f38d3fc99eb9eadd906a15a9b5"", ""body_path"": ""sources/http_captures/korea-fiu-isms-real-name-exchange-shutdown-2021-09/primary-fsc-20210924-pdf/www.fsc.go.kr__comm-getFile__789dc2a9ba.bin"", ""url"": ""https://www.fsc.go.kr/comm/getFile?srvcId=BBSTY1&upperNo=76312&fileTy=ATTACH&fileNo=2""}, {""body_hash"": ""sha256:a3bea46c09710a5d4288bbe4da6f74afbb1517ebb1d4441072178eee2c036b5f"", ""body_path"": ""sources/http_captures/korea-fiu-isms-real-name-exchange-shutdown-2021-09/primary/web.archive.org__web-20210924170155-https-www.coindesk.com-policy-2021-09-24-hours-before-s-korean-registration-deadline-only-10-exchanges-have-submitted-applications__84cac51a04.html"", ""url"": ""https://www.coindesk.com/policy/2021/09/24/hours-before-s-korean-registration-deadline-only-10-exchanges-have-submitted-applications"", ""wayback"": ""https://web.archive.org/web/20210924170155/https://www.coindesk.com/policy/2021/09/24/hours-before-s-korean-registration-deadline-only-10-exchanges-have-submitted-applications/""}]","[{""body_hash"": ""sha256:cf160bd7d731442ffd829f1f43980564f262e2f38d3fc99eb9eadd906a15a9b5"", ""body_path"": ""sources/http_captures/korea-fiu-isms-real-name-exchange-shutdown-2021-09/primary-fsc-20210924-pdf/www.fsc.go.kr__comm-getFile__789dc2a9ba.bin"", ""url"": ""https://www.fsc.go.kr/comm/getFile?srvcId=BBSTY1&upperNo=76312&fileTy=ATTACH&fileNo=2""}, {""body_hash"": ""sha256:0a5e8e1a453d3538e7b35a430ca912a61b7ba63abd4c27be80bd5204add5c7a2"", ""body_path"": ""sources/http_captures/korea-fiu-isms-real-name-exchange-shutdown-2021-09/primary-fsc-result-pdf/www.korea.kr__common-download.do__03a2b61fef.bin"", ""url"": ""https://www.korea.kr/common/download.do?fileId=196584688&tblKey=GMN""}, {""body_hash"": ""sha256:a3bea46c09710a5d4288bbe4da6f74afbb1517ebb1d4441072178eee2c036b5f"", ""body_path"": ""sources/http_captures/korea-fiu-isms-real-name-exchange-shutdown-2021-09/primary/web.archive.org__web-20210924170155-https-www.coindesk.com-policy-2021-09-24-hours-before-s-korean-registration-deadline-only-10-exchanges-have-submitted-applications__84cac51a04.html"", ""url"": ""https://www.coindesk.com/policy/2021/09/24/hours-before-s-korean-registration-deadline-only-10-exchanges-have-submitted-applications"", ""wayback"": ""https://web.archive.org/web/20210924170155/https://www.coindesk.com/policy/2021/09/24/hours-before-s-korean-registration-deadline-only-10-exchanges-have-submitted-applications/""}]",unadjudicated_risk_flag
korea-fsc-ico-ban-2017,admitted,events/korea-fsc-ico-ban-2017.yaml,0,offramp_cex,observed_change,ico_fundraising_and_crypto_margin_prohibited_sector_wide,"[{""matching_fields"": [""url"", ""body_hash""], ""observation_source_index"": 0, ""trigger_source_index"": 0}]","[{""body_hash"": ""sha256:978442427b2eeb4d4ed3d7d542962099322979b6212e5a1fbe0b2fe329f30d04"", ""body_path"": ""sources/http_captures/korea-fsc-ico-ban-2017/primary/fsc.go.kr__comm-getFile__ad65ee6d53.bin"", ""url"": ""https://fsc.go.kr/comm/getFile?srvcId=BBSTY1&upperNo=72848&fileTy=ATTACH&fileNo=2""}]","[{""body_hash"": ""sha256:978442427b2eeb4d4ed3d7d542962099322979b6212e5a1fbe0b2fe329f30d04"", ""body_path"": ""sources/http_captures/korea-fsc-ico-ban-2017/primary/fsc.go.kr__comm-getFile__ad65ee6d53.bin"", ""url"": ""https://fsc.go.kr/comm/getFile?srvcId=BBSTY1&upperNo=72848&fileTy=ATTACH&fileNo=2""}]",unadjudicated_risk_flag
korea-fsc-institutional-restriction-2017,admitted,events/korea-fsc-institutional-restriction-2017.yaml,0,offramp_cex,observed_change,real_name_account_mandate_and_institutional_crypto_prohibition,"[{""matching_fields"": [""url"", ""body_hash""], ""observation_source_index"": 0, ""trigger_source_index"": 0}, {""matching_fields"": [""url"", ""body_hash""], ""observation_source_index"": 1, ""trigger_source_index"": 1}]","[{""body_hash"": ""sha256:f4e8ebd1f268d3ca53fe8f17ebf9b937a5500385969a340e6340610f003f6138"", ""body_path"": ""sources/http_captures/korea-fsc-institutional-restriction-2017/primary/web.archive.org__web-20210627154808-https-www.fsc.go.kr-eng-pr010101-22173__76c46bcbb5.html"", ""url"": ""https://www.fsc.go.kr/eng/pr010101/22173"", ""wayback"": ""https://web.archive.org/web/20210627154808/https://www.fsc.go.kr/eng/pr010101/22173""}, {""body_hash"": ""sha256:02320b41a323d7ba4ff520f8c3ee976855f986de08077ad01ae31b0d588c8e63"", ""body_path"": ""sources/http_captures/korea-fsc-institutional-restriction-2017/primary/web.archive.org__web-20180123164626-https-www.welivesecurity.com-2018-01-23-south-korea-moves-ban-anonymous-cryptocurrency-trading__c3f8e2a8ef.html"", ""url"": ""https://www.welivesecurity.com/2018/01/23/south-korea-moves-ban-anonymous-cryptocurrency-trading/"", ""wayback"": ""https://web.archive.org/web/20180123164626/https://www.welivesecurity.com/2018/01/23/south-korea-moves-ban-anonymous-cryptocurrency-trading/""}]","[{""body_hash"": ""sha256:f4e8ebd1f268d3ca53fe8f17ebf9b937a5500385969a340e6340610f003f6138"", ""body_path"": ""sources/http_captures/korea-fsc-institutional-restriction-2017/primary/web.archive.org__web-20210627154808-https-www.fsc.go.kr-eng-pr010101-22173__76c46bcbb5.html"", ""url"": ""https://www.fsc.go.kr/eng/pr010101/22173"", ""wayback"": ""https://web.archive.org/web/20210627154808/https://www.fsc.go.kr/eng/pr010101/22173""}, {""body_hash"": ""sha256:02320b41a323d7ba4ff520f8c3ee976855f986de08077ad01ae31b0d588c8e63"", ""body_path"": ""sources/http_captures/korea-fsc-institutional-restriction-2017/primary/web.archive.org__web-20180123164626-https-www.welivesecurity.com-2018-01-23-south-korea-moves-ban-anonymous-cryptocurrency-trading__c3f8e2a8ef.html"", ""url"": ""https://www.welivesecurity.com/2018/01/23/south-korea-moves-ban-anonymous-cryptocurrency-trading/"", ""wayback"": ""https://web.archive.org/web/20180123164626/https://www.welivesecurity.com/2018/01/23/south-korea-moves-ban-anonymous-cryptocurrency-trading/""}]",unadjudicated_risk_flag
korea-fsc-privacy-coin-delisting-mandate-2021-03,admitted,events/korea-fsc-privacy-coin-delisting-mandate-2021-03.yaml,0,offramp_cex,observed_change,privacy_coin_handling_prohibited_exchanges,"[{""matching_fields"": [""url"", ""body_hash""], ""observation_source_index"": 0, ""trigger_source_index"": 0}, {""matching_fields"": [""url"", ""body_hash""], ""observation_source_index"": 1, ""trigger_source_index"": 1}, {""matching_fields"": [""url"", ""body_hash""], ""observation_source_index"": 2, ""trigger_source_index"": 2}, {""matching_fields"": [""url"", ""body_hash""], ""observation_source_index"": 3, ""trigger_source_index"": 3}]","[{""body_hash"": ""sha256:a2c7fdcad3bd103de21b2e38077b851fc63e3ee7792180b45a2f1798b8701ff2"", ""body_path"": ""sources/http_captures/korea-fsc-privacy-coin-delisting-mandate-2021-03/primary-fsc-nowww/fsc.go.kr__no010101-75591__80c5090d3f.html"", ""url"": ""https://fsc.go.kr/no010101/75591""}, {""body_hash"": ""sha256:010a8ed8d4c6d10d2aed336211eca9d7a6f05d7e923fb6c084d4a0a2edec15a7"", ""body_path"": ""sources/http_captures/korea-fsc-privacy-coin-delisting-mandate-2021-03/primary-fsc-pdf/fsc.go.kr__comm-getFile__99d4d4b302.bin"", ""url"": ""https://fsc.go.kr/comm/getFile?srvcId=BBSTY1&upperNo=75591&fileTy=ATTACH&fileNo=2""}, {""body_hash"": ""sha256:0db6fbd0fde1a06682603c614aa565696119b03b0ab32e6f954305843b85f62a"", ""body_path"": ""sources/http_captures/korea-fsc-privacy-coin-delisting-mandate-2021-03/primary/web.archive.org__web-20260114063228-https-cointelegraph.com-news-south-korean-financial-watchdog-to-ban-privacy-coins__3faf32edcd.html"", ""url"": ""https://cointelegraph.com/news/south-korean-financial-watchdog-to-ban-privacy-coins"", ""wayback"": ""https://web.archive.org/web/20260114063228/https://cointelegraph.com/news/south-korean-financial-watchdog-to-ban-privacy-coins""}, {""body_hash"": ""sha256:4a401cc50c7d3ea4f5ad5e0be211885e2e76f98c6097f32df87a35d5866c6070"", ""body_path"": ""sources/http_captures/korea-fsc-privacy-coin-delisting-mandate-2021-03/primary/web.archive.org__web-20260105125739-https-www.cpomagazine.com-data-privacy-south-koreas-new-crypto-aml-law-bans-trading-of-privacy-coins-monero-zcash__fcf7d78321.html"", ""url"": ""https://www.cpomagazine.com/data-privacy/south-koreas-new-crypto-aml-law-bans-trading-of-privacy-coins-monero-zcash/"", ""wayback"": ""https://web.archive.org/web/20260105125739/https://www.cpomagazine.com/data-privacy/south-koreas-new-crypto-aml-law-bans-trading-of-privacy-coins-monero-zcash/""}]","[{""body_hash"": ""sha256:a2c7fdcad3bd103de21b2e38077b851fc63e3ee7792180b45a2f1798b8701ff2"", ""body_path"": ""sources/http_captures/korea-fsc-privacy-coin-delisting-mandate-2021-03/primary-fsc-nowww/fsc.go.kr__no010101-75591__80c5090d3f.html"", ""url"": ""https://fsc.go.kr/no010101/75591""}, {""body_hash"": ""sha256:010a8ed8d4c6d10d2aed336211eca9d7a6f05d7e923fb6c084d4a0a2edec15a7"", ""body_path"": ""sources/http_captures/korea-fsc-privacy-coin-delisting-mandate-2021-03/primary-fsc-pdf/fsc.go.kr__comm-getFile__99d4d4b302.bin"", ""url"": ""https://fsc.go.kr/comm/getFile?srvcId=BBSTY1&upperNo=75591&fileTy=ATTACH&fileNo=2""}, {""body_hash"": ""sha256:0db6fbd0fde1a06682603c614aa565696119b03b0ab32e6f954305843b85f62a"", ""body_path"": ""sources/http_captures/korea-fsc-privacy-coin-delisting-mandate-2021-03/primary/web.archive.org__web-20260114063228-https-cointelegraph.com-news-south-korean-financial-watchdog-to-ban-privacy-coins__3faf32edcd.html"", ""url"": ""https://cointelegraph.com/news/south-korean-financial-watchdog-to-ban-privacy-coins"", ""wayback"": ""https://web.archive.org/web/20260114063228/https://cointelegraph.com/news/south-korean-financial-watchdog-to-ban-privacy-coins""}, {""body_hash"": ""sha256:4a401cc50c7d3ea4f5ad5e0be211885e2e76f98c6097f32df87a35d5866c6070"", ""body_path"": ""sources/http_captures/korea-fsc-privacy-coin-delisting-mandate-2021-03/primary/web.archive.org__web-20260105125739-https-www.cpomagazine.com-data-privacy-south-koreas-new-crypto-aml-law-bans-trading-of-privacy-coins-monero-zcash__fcf7d78321.html"", ""url"": ""https://www.cpomagazine.com/data-privacy/south-koreas-new-crypto-aml-law-bans-trading-of-privacy-coins-monero-zcash/"", ""wayback"": ""https://web.archive.org/web/20260105125739/https://www.cpomagazine.com/data-privacy/south-koreas-new-crypto-aml-law-bans-trading-of-privacy-coins-monero-zcash/""}]",unadjudicated_risk_flag
korea-travel-rule-2022,admitted,events/korea-travel-rule-2022.yaml,0,offramp_cex,observed_change,travel_rule_effective_across_all_kr_vasps,"[{""matching_fields"": [""url"", ""body_hash""], ""observation_source_index"": 0, ""trigger_source_index"": 0}, {""matching_fields"": [""url"", ""body_hash""], ""observation_source_index"": 1, ""trigger_source_index"": 0}]","[{""body_hash"": ""sha256:3cd314107092a3609e78b723dc98e4ba7ce140bbb683b5be94a4459c8bb5cbe4"", ""body_path"": ""sources/http_captures/korea-travel-rule-2022/primary/www.fsc.go.kr__eng-pr010101__a21609a3b9.html"", ""url"": ""https://www.fsc.go.kr/eng/pr010101""}]","[{""body_hash"": ""sha256:3cd314107092a3609e78b723dc98e4ba7ce140bbb683b5be94a4459c8bb5cbe4"", ""body_path"": ""sources/http_captures/korea-travel-rule-2022/primary/www.fsc.go.kr__eng-pr010101__a21609a3b9.html"", ""url"": ""https://www.fsc.go.kr/eng/pr010101""}, {""body_hash"": ""sha256:3cd314107092a3609e78b723dc98e4ba7ce140bbb683b5be94a4459c8bb5cbe4"", ""body_path"": ""sources/http_captures/korea-travel-rule-2022/primary/www.fsc.go.kr__eng-pr010101__a21609a3b9.html"", ""url"": ""https://www.fsc.go.kr/eng/pr010101""}]",unadjudicated_risk_flag
kraken-monero-eu-delisting-2024,admitted,events/kraken-monero-eu-delisting-2024.yaml,0,offramp_cex,observed_change,kraken_spot_pair_removal_xmr_eea_cohort,"[{""matching_fields"": [""url""], ""observation_source_index"": 0, ""trigger_source_index"": 0}]","[{""url"": ""https://support.kraken.com/articles/support-for-monero-xmr-in-europe"", ""wayback"": ""https://web.archive.org/web/2024/https://support.kraken.com/articles/support-for-monero-xmr-in-europe""}]","[{""body_hash"": ""sha256:abd500560cc8bf13d3316204c8c90ec53335e1c12205296b64bd0edd2aa0ca68"", ""body_path"": ""sources/http_captures/kraken-monero-eu-delisting-2024/primary/web.archive.org__web-20241101000000-https-support.kraken.com-articles-support-for-monero-xmr-in-europe__7645eb428c.html"", ""url"": ""https://support.kraken.com/articles/support-for-monero-xmr-in-europe"", ""wayback"": ""https://web.archive.org/web/20250614041853/https://support.kraken.com/articles/support-for-monero-xmr-in-europe""}, {""body_hash"": ""sha256:127621aad7ec764fce7c9398df1ddc9f59a9573dd64f650374652acfe7e8cbf8"", ""body_path"": ""sources/http_captures/kraken-monero-eu-delisting-2024/primary/web.archive.org__web-20241101000000-https-cryptobriefing.com-kraken-monero-delisting-eea__a748e3869a.html"", ""url"": ""https://cryptobriefing.com/kraken-monero-delisting-eea/"", ""wayback"": ""https://web.archive.org/web/20241011170704/https://cryptobriefing.com/kraken-monero-delisting-eea/""}]",unadjudicated_risk_flag
kraken-sec-staking-2023,admitted,events/kraken-sec-staking-2023.yaml,0,offramp_cex,observed_change,us_onchain_staking_service_discontinued,"[{""matching_fields"": [""url"", ""body_hash""], ""observation_source_index"": 0, ""trigger_source_index"": 0}, {""matching_fields"": [""url"", ""body_hash""], ""observation_source_index"": 1, ""trigger_source_index"": 1}]","[{""body_hash"": ""sha256:dbcde40b85e3ff9d67c56327cfa5144cb2177688e67541bf1c706097719c3bb2"", ""body_path"": ""sources/http_captures/kraken-sec-staking-2023/primary/www.sec.gov__newsroom-press-releases-2023-25__60bb01826e.html"", ""url"": ""https://www.sec.gov/newsroom/press-releases/2023-25""}, {""body_hash"": ""sha256:5ee3db50eb12a5d305663c016587b0b3be2c94fbb4e6da470b31101dbeddf41e"", ""body_path"": ""sources/http_captures/kraken-sec-staking-2023/primary/blog.kraken.com__news-settlement__d26530fc20.html"", ""url"": ""https://blog.kraken.com/news/settlement""}]","[{""body_hash"": ""sha256:dbcde40b85e3ff9d67c56327cfa5144cb2177688e67541bf1c706097719c3bb2"", ""body_path"": ""sources/http_captures/kraken-sec-staking-2023/primary/www.sec.gov__newsroom-press-releases-2023-25__60bb01826e.html"", ""url"": ""https://www.sec.gov/newsroom/press-releases/2023-25""}, {""body_hash"": ""sha256:5ee3db50eb12a5d305663c016587b0b3be2c94fbb4e6da470b31101dbeddf41e"", ""body_path"": ""sources/http_captures/kraken-sec-staking-2023/primary/blog.kraken.com__news-settlement__d26530fc20.html"", ""url"": ""https://blog.kraken.com/news/settlement""}]",unadjudicated_risk_flag
kucoin-canada-exit-2023,admitted,events/kucoin-canada-exit-2023.yaml,0,offramp_cex,observed_change,kucoin_canada_offramp_shutdown,"[{""matching_fields"": [""url""], ""observation_source_index"": 0, ""trigger_source_index"": 1}]","[{""url"": ""https://www.kucoin.com/news/en-kucoin-announcement-regarding-canada"", ""wayback"": ""https://web.archive.org/web/2023*/kucoin.com/news/en-kucoin-announcement-regarding-canada""}, {""url"": ""https://www.osc.ca/en/news-events/news/osc-holds-global-crypto-asset-trading-platforms-accountable"", ""wayback"": ""https://web.archive.org/web/2022*/osc.ca/en/news-events/news/osc-holds-global-crypto-asset-trading-platforms-accountable""}]","[{""body_hash"": ""sha256:ba9624928418b642e4e8626a3be2b6de379b9387a4cb68aaf47e94e853158fec"", ""body_path"": ""sources/http_captures/kucoin-canada-exit-2023/primary/web.archive.org__web-20230701000000-https-www.osc.ca-en-news-events-news-osc-holds-global-crypto-asset-trading-platforms-accountable__9fa9b90465.html"", ""url"": ""https://www.osc.ca/en/news-events/news/osc-holds-global-crypto-asset-trading-platforms-accountable"", ""wayback"": ""https://web.archive.org/web/20230608161001/https://www.osc.ca/en/news-events/news/osc-holds-global-crypto-asset-trading-platforms-accountable""}]",unadjudicated_risk_flag
kucoin-cftc-permanent-us-ban-2026,admitted,events/kucoin-cftc-permanent-us-ban-2026.yaml,0,offramp_cex,observed_change,kucoin_cftc_permanent_us_ban_2026_reaction,"[{""matching_fields"": [""url"", ""body_hash""], ""observation_source_index"": 0, ""trigger_source_index"": 0}]","[{""body_hash"": ""sha256:fd06143123e5d721057503aff76426cd30fa9b38d4825ddddbd3519ca8f189a9"", ""body_path"": ""sources/http_captures/kucoin-cftc-permanent-us-ban-2026/source/www.coindesk.com__policy-2026-03-31-kucoin-permanently-barred-from-u-s-after-cftc-order-following-usd297-million-doj-case__1522cafc40.html"", ""url"": ""https://www.coindesk.com/policy/2026/03/31/kucoin-permanently-barred-from-u-s-after-cftc-order-following-usd297-million-doj-case""}]","[{""body_hash"": ""sha256:fd06143123e5d721057503aff76426cd30fa9b38d4825ddddbd3519ca8f189a9"", ""body_path"": ""sources/http_captures/kucoin-cftc-permanent-us-ban-2026/source/www.coindesk.com__policy-2026-03-31-kucoin-permanently-barred-from-u-s-after-cftc-order-following-usd297-million-doj-case__1522cafc40.html"", ""url"": ""https://www.coindesk.com/policy/2026/03/31/kucoin-permanently-barred-from-u-s-after-cftc-order-following-usd297-million-doj-case""}]",unadjudicated_risk_flag
kucoin-doj-2024,admitted,events/kucoin-doj-2024.yaml,0,l4_frontend,observed_change,kucoin_us_user_offboarding_announcement,"[{""matching_fields"": [""url""], ""observation_source_index"": 1, ""trigger_source_index"": 0}]","[{""url"": ""https://www.justice.gov/usao-sdny/pr/founders-and-executives-global-cryptocurrency-exchange-charged-bank-secrecy-act-and"", ""wayback"": ""https://web.archive.org/web/20260516000000/https://www.justice.gov/usao-sdny/pr/founders-and-executives-global-cryptocurrency-exchange-charged-bank-secrecy-act-and""}, {""url"": ""https://www.cftc.gov/PressRoom/PressReleases/8866-24"", ""wayback"": ""https://web.archive.org/web/20260516000000/https://www.cftc.gov/PressRoom/PressReleases/8866-24""}, {""url"": ""https://www.fincen.gov/news/news-releases""}]","[{""url"": ""https://www.kucoin.com/news"", ""wayback"": ""https://web.archive.org/web/20260516000000/https://www.kucoin.com/news""}, {""url"": ""https://www.justice.gov/usao-sdny/pr/founders-and-executives-global-cryptocurrency-exchange-charged-bank-secrecy-act-and"", ""wayback"": ""https://web.archive.org/web/20260516000000/https://www.justice.gov/usao-sdny/pr/founders-and-executives-global-cryptocurrency-exchange-charged-bank-secrecy-act-and""}]",unadjudicated_risk_flag
kucoin-doj-2024,admitted,events/kucoin-doj-2024.yaml,1,offramp_cex,observed_change,kucoin_exits_us_market_with_300m_cftc_settlement,"[{""matching_fields"": [""url""], ""observation_source_index"": 0, ""trigger_source_index"": 1}, {""matching_fields"": [""url""], ""observation_source_index"": 1, ""trigger_source_index"": 0}]","[{""url"": ""https://www.justice.gov/usao-sdny/pr/founders-and-executives-global-cryptocurrency-exchange-charged-bank-secrecy-act-and"", ""wayback"": ""https://web.archive.org/web/20260516000000/https://www.justice.gov/usao-sdny/pr/founders-and-executives-global-cryptocurrency-exchange-charged-bank-secrecy-act-and""}, {""url"": ""https://www.cftc.gov/PressRoom/PressReleases/8866-24"", ""wayback"": ""https://web.archive.org/web/20260516000000/https://www.cftc.gov/PressRoom/PressReleases/8866-24""}, {""url"": ""https://www.fincen.gov/news/news-releases""}]","[{""url"": ""https://www.cftc.gov/PressRoom/PressReleases/8866-24"", ""wayback"": ""https://web.archive.org/web/20260516000000/https://www.cftc.gov/PressRoom/PressReleases/8866-24""}, {""url"": ""https://www.justice.gov/usao-sdny/pr/founders-and-executives-global-cryptocurrency-exchange-charged-bank-secrecy-act-and"", ""wayback"": ""https://web.archive.org/web/20260516000000/https://www.justice.gov/usao-sdny/pr/founders-and-executives-global-cryptocurrency-exchange-charged-bank-secrecy-act-and""}]",unadjudicated_risk_flag
kuwait-cma-virtual-assets-prohibition-2023-07,admitted,events/kuwait-cma-virtual-assets-prohibition-2023-07.yaml,0,offramp_cex,observed_change,virtual_asset_payment_investment_vasp_and_mining_prohibited,"[{""matching_fields"": [""url"", ""body_hash""], ""observation_source_index"": 0, ""trigger_source_index"": 0}]","[{""body_hash"": ""sha256:eaceca4e2bdb5843915f04a62a0fe441015fe087e6e699e82eb5983a8494dc6c"", ""body_path"": ""sources/http_captures/kuwait-cma-virtual-assets-prohibition-2023-07/primary/www.cbk.gov.kw__en-images-16part1-2788_v60_tcm10-2788.pdf__f60cea3fb8.bin"", ""url"": ""https://www.cbk.gov.kw/en/images/16part1-2788_v60_tcm10-2788.pdf""}, {""url"": ""https://www.cma.gov.kw/en/web/cma/cma-board-releases/resolutions-and-regulations/-/cmaboardreleases/detail/1384960""}]","[{""body_hash"": ""sha256:eaceca4e2bdb5843915f04a62a0fe441015fe087e6e699e82eb5983a8494dc6c"", ""body_path"": ""sources/http_captures/kuwait-cma-virtual-assets-prohibition-2023-07/primary/www.cbk.gov.kw__en-images-16part1-2788_v60_tcm10-2788.pdf__f60cea3fb8.bin"", ""url"": ""https://www.cbk.gov.kw/en/images/16part1-2788_v60_tcm10-2788.pdf""}]",unadjudicated_risk_flag
lebanon-bdl-bitcoin-warning-2013-12,rejected,events/lebanon-bdl-bitcoin-warning-2013-12.yaml,0,offramp_cex,observed_change,bdl_warning_against_purchase_holding_and_use_of_virtual_money,"[{""matching_fields"": [""url"", ""body_hash""], ""observation_source_index"": 0, ""trigger_source_index"": 0}, {""matching_fields"": [""url"", ""body_hash""], ""observation_source_index"": 1, ""trigger_source_index"": 1}]","[{""body_hash"": ""sha256:2176daacf9d50a42e245f84cad5ea52c2290e511bfe7ad7ee903d67a4daf82bc"", ""body_path"": ""sources/http_captures/lebanon-bdl-bitcoin-warning-2013-12/primary/www.bdl.gov.lb__CB-Com-Laws-And-Regulations-Announcements-900.pdf__manual.bin"", ""url"": ""https://www.bdl.gov.lb/CB%20Com/Laws%20And%20Regulations/Announcements/900.pdf""}, {""body_hash"": ""sha256:77374133068398f8125e1523d263337332df9cefee01a9951cfadbe41918c476"", ""body_path"": ""sources/http_captures/lebanon-bdl-bitcoin-warning-2013-12/primary/www.businessnews.com.lb__cms-Story-StoryDetails-3702-The-BDL-warned-of-the-use-of-Bitcoins__manual.html"", ""url"": ""https://www.businessnews.com.lb/cms/Story/StoryDetails/3702/The-BDL-warned-of-the-use-of-%E2%80%98Bitcoins%E2%80%99""}]","[{""body_hash"": ""sha256:2176daacf9d50a42e245f84cad5ea52c2290e511bfe7ad7ee903d67a4daf82bc"", ""body_path"": ""sources/http_captures/lebanon-bdl-bitcoin-warning-2013-12/primary/www.bdl.gov.lb__CB-Com-Laws-And-Regulations-Announcements-900.pdf__manual.bin"", ""url"": ""https://www.bdl.gov.lb/CB%20Com/Laws%20And%20Regulations/Announcements/900.pdf""}, {""body_hash"": ""sha256:77374133068398f8125e1523d263337332df9cefee01a9951cfadbe41918c476"", ""body_path"": ""sources/http_captures/lebanon-bdl-bitcoin-warning-2013-12/primary/www.businessnews.com.lb__cms-Story-StoryDetails-3702-The-BDL-warned-of-the-use-of-Bitcoins__manual.html"", ""url"": ""https://www.businessnews.com.lb/cms/Story/StoryDetails/3702/The-BDL-warned-of-the-use-of-%E2%80%98Bitcoins%E2%80%99""}]",unadjudicated_risk_flag
liberty-reserve-coordinated-takedown-2013-05,admitted,events/liberty-reserve-coordinated-takedown-2013-05.yaml,0,l4_frontend,observed_change,doj_seizes_libertyreserve_com_and_four_other_domains,"[{""matching_fields"": [""url"", ""body_hash""], ""observation_source_index"": 0, ""trigger_source_index"": 0}]","[{""body_hash"": ""sha256:2e13536856cb085a853e1a99bf09e3a4e04e79d829192c3a5c6528def77f8215"", ""body_path"": ""sources/http_captures/liberty-reserve-coordinated-takedown-2013-05/primary/web.archive.org__web-20130601000000-https-www.justice.gov-usao-sdny-pr-indictment-supporting-documents-us-v-liberty-reserve-et-al__6ed7114285.html"", ""url"": ""https://www.justice.gov/usao-sdny/pr/indictment-supporting-documents-us-v-liberty-reserve-et-al"", ""wayback"": ""https://web.archive.org/web/20150531160601/http://www.justice.gov/usao-sdny/pr/indictment-supporting-documents-us-v-liberty-reserve-et-al""}, {""body_hash"": ""sha256:585839c1c3191af94fd9b4f2b21a0694d729d02f08beb53e617b260ce48cbd17"", ""body_path"": ""sources/http_captures/liberty-reserve-coordinated-takedown-2013-05/primary/web.archive.org__web-20130601000000-https-home.treasury.gov-news-press-releases-jl1956__73dd02d857.html"", ""url"": ""https://home.treasury.gov/news/press-releases/jl1956"", ""wayback"": ""https://web.archive.org/web/20220913152511/https://home.treasury.gov/news/press-releases/jl1956""}]","[{""body_hash"": ""sha256:2e13536856cb085a853e1a99bf09e3a4e04e79d829192c3a5c6528def77f8215"", ""body_path"": ""sources/http_captures/liberty-reserve-coordinated-takedown-2013-05/primary/web.archive.org__web-20130601000000-https-www.justice.gov-usao-sdny-pr-indictment-supporting-documents-us-v-liberty-reserve-et-al__6ed7114285.html"", ""url"": ""https://www.justice.gov/usao-sdny/pr/indictment-supporting-documents-us-v-liberty-reserve-et-al"", ""wayback"": ""https://web.archive.org/web/20150531160601/http://www.justice.gov/usao-sdny/pr/indictment-supporting-documents-us-v-liberty-reserve-et-al""}]",unadjudicated_risk_flag
liberty-reserve-coordinated-takedown-2013-05,admitted,events/liberty-reserve-coordinated-takedown-2013-05.yaml,1,offramp_cex,observed_change,liberty_reserve_digital_currency_service_ceased_globally,"[{""matching_fields"": [""url"", ""body_hash""], ""observation_source_index"": 0, ""trigger_source_index"": 0}]","[{""body_hash"": ""sha256:2e13536856cb085a853e1a99bf09e3a4e04e79d829192c3a5c6528def77f8215"", ""body_path"": ""sources/http_captures/liberty-reserve-coordinated-takedown-2013-05/primary/web.archive.org__web-20130601000000-https-www.justice.gov-usao-sdny-pr-indictment-supporting-documents-us-v-liberty-reserve-et-al__6ed7114285.html"", ""url"": ""https://www.justice.gov/usao-sdny/pr/indictment-supporting-documents-us-v-liberty-reserve-et-al"", ""wayback"": ""https://web.archive.org/web/20150531160601/http://www.justice.gov/usao-sdny/pr/indictment-supporting-documents-us-v-liberty-reserve-et-al""}, {""body_hash"": ""sha256:585839c1c3191af94fd9b4f2b21a0694d729d02f08beb53e617b260ce48cbd17"", ""body_path"": ""sources/http_captures/liberty-reserve-coordinated-takedown-2013-05/primary/web.archive.org__web-20130601000000-https-home.treasury.gov-news-press-releases-jl1956__73dd02d857.html"", ""url"": ""https://home.treasury.gov/news/press-releases/jl1956"", ""wayback"": ""https://web.archive.org/web/20220913152511/https://home.treasury.gov/news/press-releases/jl1956""}]","[{""body_hash"": ""sha256:2e13536856cb085a853e1a99bf09e3a4e04e79d829192c3a5c6528def77f8215"", ""body_path"": ""sources/http_captures/liberty-reserve-coordinated-takedown-2013-05/primary/web.archive.org__web-20130601000000-https-www.justice.gov-usao-sdny-pr-indictment-supporting-documents-us-v-liberty-reserve-et-al__6ed7114285.html"", ""url"": ""https://www.justice.gov/usao-sdny/pr/indictment-supporting-documents-us-v-liberty-reserve-et-al"", ""wayback"": ""https://web.archive.org/web/20150531160601/http://www.justice.gov/usao-sdny/pr/indictment-supporting-documents-us-v-liberty-reserve-et-al""}, {""body_hash"": ""sha256:0aeb6f46ce91bec0df9e85c60632b9e0337690cec3648777023b31e3c14625af"", ""body_path"": ""sources/http_captures/liberty-reserve-coordinated-takedown-2013-05/primary/web.archive.org__web-20130701000000-https-www.fincen.gov-resources-statutes-regulations-federal-register-notices-finding-liberty-reserve-sa-financial__f87c92b12b.html"", ""url"": ""https://www.fincen.gov/resources/statutes-regulations/federal-register-notices/finding-liberty-reserve-sa-financial"", ""wayback"": ""https://web.archive.org/web/20170619012558/https://www.fincen.gov/resources/statutes-regulations/federal-register-notices/finding-liberty-reserve-sa-financial""}]",unadjudicated_risk_flag
liberty-reserve-costa-rica-license-denial-2011-03,admitted,events/liberty-reserve-costa-rica-license-denial-2011-03.yaml,0,offramp_cex,observed_change,sugef_refuses_to_license_liberty_reserve_creating_unlicensed_operation_status,"[{""matching_fields"": [""url"", ""body_hash""], ""observation_source_index"": 0, ""trigger_source_index"": 0}, {""matching_fields"": [""url""], ""observation_source_index"": 1, ""trigger_source_index"": 1}, {""matching_fields"": [""url""], ""observation_source_index"": 2, ""trigger_source_index"": 2}]","[{""body_hash"": ""sha256:c68ed7755959ea657e5a3a95bc66403546527626173902275aa5b4995665731f"", ""body_path"": ""sources/http_captures/liberty-reserve-costa-rica-license-denial-2011-03/v0_3_primary_repair/www.justice.gov__sites-default-files-usao-sdny-legacy-2015-03-25-Liberty-20Reserve-2C-20et-20al.-20Redacted-20AUSA-20Appln-20with-20exhibits.pdf__0d5df2a97c.bin"", ""url"": ""https://www.justice.gov/sites/default/files/usao-sdny/legacy/2015/03/25/Liberty%20Reserve%2C%20et%20al.%20Redacted%20AUSA%20Appln%20with%20exhibits.pdf""}, {""url"": ""https://ticotimes.net/2013/05/27/liberty-reserve-a-cyberweb-of-intrigue"", ""wayback"": ""https://web.archive.org/web/2011/https://ticotimes.net/2013/05/27/liberty-reserve-a-cyberweb-of-intrigue""}, {""url"": ""https://ticotimes.net/2013/05/24/millions-of-dollars-in-limbo-after-shuttering-of-digital-currency-site-liberty-reserve"", ""wayback"": ""https://web.archive.org/web/2011/https://ticotimes.net/2013/05/24/millions-of-dollars-in-limbo-after-shuttering-of-digital-currency-site-liberty-reserve""}, {""url"": ""https://en.wikipedia.org/wiki/Liberty_Reserve"", ""wayback"": ""https://web.archive.org/web/2011/https://en.wikipedia.org/wiki/Liberty_Reserve""}]","[{""body_hash"": ""sha256:c68ed7755959ea657e5a3a95bc66403546527626173902275aa5b4995665731f"", ""body_path"": ""sources/http_captures/liberty-reserve-costa-rica-license-denial-2011-03/v0_3_primary_repair/www.justice.gov__sites-default-files-usao-sdny-legacy-2015-03-25-Liberty-20Reserve-2C-20et-20al.-20Redacted-20AUSA-20Appln-20with-20exhibits.pdf__0d5df2a97c.bin"", ""url"": ""https://www.justice.gov/sites/default/files/usao-sdny/legacy/2015/03/25/Liberty%20Reserve%2C%20et%20al.%20Redacted%20AUSA%20Appln%20with%20exhibits.pdf""}, {""body_hash"": ""sha256:530f9f2ebc4f742103e96b87d088857806638b76def7cd0fb9574b48be0eeaf7"", ""body_path"": ""sources/http_captures/liberty-reserve-costa-rica-license-denial-2011-03/primary/web.archive.org__web-20140115164543-https-ticotimes.net-2013-05-27-liberty-reserve-a-cyberweb-of-intrigue__ed891a322c.html"", ""url"": ""https://ticotimes.net/2013/05/27/liberty-reserve-a-cyberweb-of-intrigue"", ""wayback"": ""https://web.archive.org/web/20140115164543/https://ticotimes.net/2013/05/27/liberty-reserve-a-cyberweb-of-intrigue""}, {""body_hash"": ""sha256:3d8deb79fc0bd577a03412eb2ab682cbb240e2672ce9ba670b41ed7e420991ef"", ""body_path"": ""sources/http_captures/liberty-reserve-costa-rica-license-denial-2011-03/primary/web.archive.org__web-20140115165052-https-ticotimes.net-2013-05-24-millions-of-dollars-in-limbo-after-shuttering-of-digital-currency-site-liberty-reserve__ddcf819897.html"", ""url"": ""https://ticotimes.net/2013/05/24/millions-of-dollars-in-limbo-after-shuttering-of-digital-currency-site-liberty-reserve"", ""wayback"": ""https://web.archive.org/web/20140115165052/https://ticotimes.net/2013/05/24/millions-of-dollars-in-limbo-after-shuttering-of-digital-currency-site-liberty-reserve""}]",unadjudicated_risk_flag
lockbit-affiliates-ofac-2024,admitted,events/lockbit-affiliates-ofac-2024.yaml,0,asset_onchain,observed_change,circle_usdc_blacklist_next_day,"[{""matching_fields"": [""url"", ""body_hash""], ""observation_source_index"": 2, ""trigger_source_index"": 0}]","[{""body_hash"": ""sha256:c01b2472ae47003d8af55e03b97c445166bb1e359cc5861617035241ce0b2bbe"", ""body_path"": ""sources/http_captures/lockbit-affiliates-ofac-2024/ofac-recent-actions/ofac.treasury.gov__recent-actions-20240220__ece0e9f7ef.html"", ""url"": ""https://ofac.treasury.gov/recent-actions/20240220"", ""wayback"": ""https://web.archive.org/web/20260421141319/https://ofac.treasury.gov/recent-actions/20240220""}, {""url"": ""https://home.treasury.gov/news/press-releases/jy2114""}]","[{""tx_hash"": ""0x11311fbe5e82aadecdd456fb5c09b46c2dca5474793aa8c4c9a2d8a48806c774"", ""url"": ""https://etherscan.io/tx/0x11311fbe5e82aadecdd456fb5c09b46c2dca5474793aa8c4c9a2d8a48806c774""}, {""body_hash"": ""sha256:1a004d4c1d397b1a2d0e7dcd2b2bdd08c1b8cc5338619f755e0059a639690acf"", ""body_path"": ""sources/http_captures/lockbit-affiliates-ofac-2024/asset-layer-check/usdtbanlist.com__address-0xf3701f445b6bdafedbca97d1e477357839e4120d.html"", ""url"": ""https://usdtbanlist.com/address/0xf3701f445b6bdafedbca97d1e477357839e4120d""}, {""body_hash"": ""sha256:c01b2472ae47003d8af55e03b97c445166bb1e359cc5861617035241ce0b2bbe"", ""body_path"": ""sources/http_captures/lockbit-affiliates-ofac-2024/ofac-recent-actions/ofac.treasury.gov__recent-actions-20240220__ece0e9f7ef.html"", ""url"": ""https://ofac.treasury.gov/recent-actions/20240220""}]",unadjudicated_risk_flag
magic-eden-ofac-sanctioned-country-block,admitted,events/magic-eden-ofac-sanctioned-country-block.yaml,0,l4_frontend,observed_change,magic_eden_services_blocked_for_ofac_sanctioned_countries,"[{""matching_fields"": [""url"", ""body_hash""], ""observation_source_index"": 0, ""trigger_source_index"": 0}, {""matching_fields"": [""url"", ""body_hash""], ""observation_source_index"": 1, ""trigger_source_index"": 1}]","[{""body_hash"": ""sha256:e799d99ef5d9d24bbeb732f37cb0c4a29177847b15127501a03b303589ec5624"", ""body_path"": ""sources/http_captures/magic-eden-ofac-sanctioned-country-block/primary/web.archive.org__web-20230929123242-https-help.magiceden.io-en-articles-8115154-restricted-access-for-ofac-sanctioned-countries__393f250088.html"", ""url"": ""https://help.magiceden.io/en/articles/8115154-restricted-access-for-ofac-sanctioned-countries"", ""wayback"": ""https://web.archive.org/web/20230929123242/https://help.magiceden.io/en/articles/8115154-restricted-access-for-ofac-sanctioned-countries""}, {""body_hash"": ""sha256:a0bcbc8315b64ac2484a62d2aef9e0ce1c58ee61eec151f2259e16058040ba59"", ""body_path"": ""sources/http_captures/magic-eden-ofac-sanctioned-country-block/primary/magiceden.io__terms-of-service.pdf__2c7172fcab.bin"", ""url"": ""https://magiceden.io/terms-of-service.pdf""}]","[{""body_hash"": ""sha256:e799d99ef5d9d24bbeb732f37cb0c4a29177847b15127501a03b303589ec5624"", ""body_path"": ""sources/http_captures/magic-eden-ofac-sanctioned-country-block/primary/web.archive.org__web-20230929123242-https-help.magiceden.io-en-articles-8115154-restricted-access-for-ofac-sanctioned-countries__393f250088.html"", ""url"": ""https://help.magiceden.io/en/articles/8115154-restricted-access-for-ofac-sanctioned-countries"", ""wayback"": ""https://web.archive.org/web/20230929123242/https://help.magiceden.io/en/articles/8115154-restricted-access-for-ofac-sanctioned-countries""}, {""body_hash"": ""sha256:a0bcbc8315b64ac2484a62d2aef9e0ce1c58ee61eec151f2259e16058040ba59"", ""body_path"": ""sources/http_captures/magic-eden-ofac-sanctioned-country-block/primary/magiceden.io__terms-of-service.pdf__2c7172fcab.bin"", ""url"": ""https://magiceden.io/terms-of-service.pdf""}]",unadjudicated_risk_flag
malaysia-sc-binance-disable-2021,admitted,events/malaysia-sc-binance-disable-2021.yaml,0,l4_frontend,observed_change,sc_ordered_binance_my_website_apps_and_messaging_disablement,"[{""matching_fields"": [""url"", ""body_hash""], ""observation_source_index"": 0, ""trigger_source_index"": 0}, {""matching_fields"": [""url"", ""body_hash""], ""observation_source_index"": 1, ""trigger_source_index"": 1}]","[{""body_hash"": ""sha256:d1e07086d0475a322fed981f4b58da0be43952f79c9cf24c5bcd8c4f95959514"", ""body_path"": ""sources/http_captures/malaysia-sc-binance-disable-2021/primary/www.sc.com.my__resources-media-media-release-sc-takes-enforcement-actions-on-binance-for-illegally-operating-in-malaysia__fe876cf7be.html"", ""url"": ""https://www.sc.com.my/resources/media/media-release/sc-takes-enforcement-actions-on-binance-for-illegally-operating-in-malaysia""}, {""body_hash"": ""sha256:1102ff2a4db7493e59f8be588ce527662436ed6a422639ab8508f05d44cd699e"", ""body_path"": ""sources/http_captures/malaysia-sc-binance-disable-2021/primary/www.sc.com.my__regulation-enforcement-actions-administrative-actions-administrative-actions-in-2021__c169a0d75c.html"", ""url"": ""https://www.sc.com.my/regulation/enforcement/actions/administrative-actions/administrative-actions-in-2021"", ""wayback"": ""https://web.archive.org/web/20210730101959/https://www.sc.com.my/regulation/enforcement/actions/administrative-actions/administrative-actions-in-2021""}]","[{""body_hash"": ""sha256:d1e07086d0475a322fed981f4b58da0be43952f79c9cf24c5bcd8c4f95959514"", ""body_path"": ""sources/http_captures/malaysia-sc-binance-disable-2021/primary/www.sc.com.my__resources-media-media-release-sc-takes-enforcement-actions-on-binance-for-illegally-operating-in-malaysia__fe876cf7be.html"", ""url"": ""https://www.sc.com.my/resources/media/media-release/sc-takes-enforcement-actions-on-binance-for-illegally-operating-in-malaysia""}, {""body_hash"": ""sha256:1102ff2a4db7493e59f8be588ce527662436ed6a422639ab8508f05d44cd699e"", ""body_path"": ""sources/http_captures/malaysia-sc-binance-disable-2021/primary/www.sc.com.my__regulation-enforcement-actions-administrative-actions-administrative-actions-in-2021__c169a0d75c.html"", ""url"": ""https://www.sc.com.my/regulation/enforcement/actions/administrative-actions/administrative-actions-in-2021"", ""wayback"": ""https://web.archive.org/web/20210730101959/https://www.sc.com.my/regulation/enforcement/actions/administrative-actions/administrative-actions-in-2021""}]",unadjudicated_risk_flag
metamask-eth-phishing-detect-tornado-additions-2022,admitted,events/metamask-eth-phishing-detect-tornado-additions-2022.yaml,0,l4_frontend,observed_change,metamask_eth_phishing_detect_blocklist_added_tornado_cash_interaction_entries,"[{""matching_fields"": [""url""], ""observation_source_index"": 0, ""trigger_source_index"": 0}, {""matching_fields"": [""url""], ""observation_source_index"": 1, ""trigger_source_index"": 1}]","[{""url"": ""https://github.com/MetaMask/eth-phishing-detect"", ""wayback"": ""https://web.archive.org/web/2022/https://github.com/MetaMask/eth-phishing-detect""}, {""url"": ""https://www.coindesk.com/tech/2022/08/17/tornado-cash-fallout-can-ethereum-be-censored"", ""wayback"": ""https://web.archive.org/web/2022/https://www.coindesk.com/tech/2022/08/17/tornado-cash-fallout-can-ethereum-be-censored""}, {""url"": ""https://davidgerard.co.uk/blockchain/2022/08/09/us-sanctions-tornado-cash-and-crypto-shrieks-in-horror/"", ""wayback"": ""https://web.archive.org/web/2022/https://davidgerard.co.uk/blockchain/2022/08/09/us-sanctions-tornado-cash-and-crypto-shrieks-in-horror/""}]","[{""body_hash"": ""sha256:c31db18fe0de9bf2b1773b211fd425f3190e95e9ba48dab20e1684c8494dbb19"", ""body_path"": ""sources/http_captures/metamask-eth-phishing-detect-tornado-additions-2022/primary/web.archive.org__web-20220820000000-https-github.com-MetaMask-eth-phishing-detect__876c00a1f3.html"", ""url"": ""https://github.com/MetaMask/eth-phishing-detect"", ""wayback"": ""https://web.archive.org/web/20220905130930/https://github.com/MetaMask/eth-phishing-detect""}, {""body_hash"": ""sha256:eb14e16c338197232bb7a1ef02ae0ec7263a14a279d13c960b329603b9daf861"", ""body_path"": ""sources/http_captures/metamask-eth-phishing-detect-tornado-additions-2022/primary/web.archive.org__web-20220818000000-https-www.coindesk.com-tech-2022-08-17-tornado-cash-fallout-can-ethereum-be-censored__340cca4a5f.html"", ""url"": ""https://www.coindesk.com/tech/2022/08/17/tornado-cash-fallout-can-ethereum-be-censored"", ""wayback"": ""https://web.archive.org/web/20220817122318/https://www.coindesk.com/tech/2022/08/17/tornado-cash-fallout-can-ethereum-be-censored/""}]",unadjudicated_risk_flag
metamask-snaps-region-restrictions-2023-09,admitted,events/metamask-snaps-region-restrictions-2023-09.yaml,0,l4_frontend,observed_change,snaps_directory_allowlist_launch_with_per_snap_regional_filtering,"[{""matching_fields"": [""url""], ""observation_source_index"": 0, ""trigger_source_index"": 0}, {""matching_fields"": [""url""], ""observation_source_index"": 1, ""trigger_source_index"": 2}]","[{""url"": ""https://metamask.io/news/snaps-in-metamask-stable-and-where-we-go-from-here"", ""wayback"": ""https://web.archive.org/web/2023/https://metamask.io/news/snaps-in-metamask-stable-and-where-we-go-from-here""}, {""url"": ""https://metamask.io/news/metamask-snaps-our-first-step-on-the-road-to-becoming-fully-permissionless"", ""wayback"": ""https://web.archive.org/web/2023/https://metamask.io/news/metamask-snaps-our-first-step-on-the-road-to-becoming-fully-permissionless""}, {""url"": ""https://www.cryptotimes.io/2023/09/13/metamask-launches-snaps-to-enable-in-wallet-enhancements/"", ""wayback"": ""https://web.archive.org/web/2023/https://www.cryptotimes.io/2023/09/13/metamask-launches-snaps-to-enable-in-wallet-enhancements/""}, {""url"": ""https://bitcoinist.com/metamask-snaps-open-beta-launches/"", ""wayback"": ""https://web.archive.org/web/2023/https://bitcoinist.com/metamask-snaps-open-beta-launches/""}, {""url"": ""https://github.com/MetaMask/snaps/discussions/1411"", ""wayback"": ""https://web.archive.org/web/2023/https://github.com/MetaMask/snaps/discussions/1411""}]","[{""body_hash"": ""sha256:a42fb7b1bec4fe891e0a7b46d21427527b9cbe4af213f0d77b1f4d0886ce59d8"", ""body_path"": ""sources/http_captures/metamask-snaps-region-restrictions-2023-09/primary/web.archive.org__web-20230914000000-https-metamask.io-news-snaps-in-metamask-stable-and-where-we-go-from-here__6d3b8ec255.html"", ""url"": ""https://metamask.io/news/snaps-in-metamask-stable-and-where-we-go-from-here"", ""wayback"": ""https://web.archive.org/web/20250320210842/https://metamask.io/news/snaps-in-metamask-stable-and-where-we-go-from-here""}, {""body_hash"": ""sha256:7cdf704ab6b184c62af02f7ea09d20d2fe334e543e70d77a4399bbcd62557815"", ""body_path"": ""sources/http_captures/metamask-snaps-region-restrictions-2023-09/primary/web.archive.org__web-20230914000000-https-www.cryptotimes.io-2023-09-13-metamask-launches-snaps-to-enable-in-wallet-enhancements__d3bd35d805.html"", ""url"": ""https://www.cryptotimes.io/2023/09/13/metamask-launches-snaps-to-enable-in-wallet-enhancements/"", ""wayback"": ""https://web.archive.org/web/20240523031402/https://www.cryptotimes.io/2023/09/13/metamask-launches-snaps-to-enable-in-wallet-enhancements/""}]",unadjudicated_risk_flag
metamask-snaps-region-restrictions-2023-09,admitted,events/metamask-snaps-region-restrictions-2023-09.yaml,1,l3_rpc,observed_change,snap_internal_rpc_endpoints_gated_via_l4_directory_allowlist,"[{""matching_fields"": [""url""], ""observation_source_index"": 0, ""trigger_source_index"": 0}, {""matching_fields"": [""url""], ""observation_source_index"": 1, ""trigger_source_index"": 2}]","[{""url"": ""https://metamask.io/news/snaps-in-metamask-stable-and-where-we-go-from-here"", ""wayback"": ""https://web.archive.org/web/2023/https://metamask.io/news/snaps-in-metamask-stable-and-where-we-go-from-here""}, {""url"": ""https://metamask.io/news/metamask-snaps-our-first-step-on-the-road-to-becoming-fully-permissionless"", ""wayback"": ""https://web.archive.org/web/2023/https://metamask.io/news/metamask-snaps-our-first-step-on-the-road-to-becoming-fully-permissionless""}, {""url"": ""https://www.cryptotimes.io/2023/09/13/metamask-launches-snaps-to-enable-in-wallet-enhancements/"", ""wayback"": ""https://web.archive.org/web/2023/https://www.cryptotimes.io/2023/09/13/metamask-launches-snaps-to-enable-in-wallet-enhancements/""}, {""url"": ""https://bitcoinist.com/metamask-snaps-open-beta-launches/"", ""wayback"": ""https://web.archive.org/web/2023/https://bitcoinist.com/metamask-snaps-open-beta-launches/""}, {""url"": ""https://github.com/MetaMask/snaps/discussions/1411"", ""wayback"": ""https://web.archive.org/web/2023/https://github.com/MetaMask/snaps/discussions/1411""}]","[{""body_hash"": ""sha256:a42fb7b1bec4fe891e0a7b46d21427527b9cbe4af213f0d77b1f4d0886ce59d8"", ""body_path"": ""sources/http_captures/metamask-snaps-region-restrictions-2023-09/primary/web.archive.org__web-20230914000000-https-metamask.io-news-snaps-in-metamask-stable-and-where-we-go-from-here__6d3b8ec255.html"", ""url"": ""https://metamask.io/news/snaps-in-metamask-stable-and-where-we-go-from-here"", ""wayback"": ""https://web.archive.org/web/20250320210842/https://metamask.io/news/snaps-in-metamask-stable-and-where-we-go-from-here""}, {""body_hash"": ""sha256:7cdf704ab6b184c62af02f7ea09d20d2fe334e543e70d77a4399bbcd62557815"", ""body_path"": ""sources/http_captures/metamask-snaps-region-restrictions-2023-09/primary/web.archive.org__web-20230914000000-https-www.cryptotimes.io-2023-09-13-metamask-launches-snaps-to-enable-in-wallet-enhancements__d3bd35d805.html"", ""url"": ""https://www.cryptotimes.io/2023/09/13/metamask-launches-snaps-to-enable-in-wallet-enhancements/"", ""wayback"": ""https://web.archive.org/web/20240523031402/https://www.cryptotimes.io/2023/09/13/metamask-launches-snaps-to-enable-in-wallet-enhancements/""}]",unadjudicated_risk_flag
morocco-office-des-changes-crypto-ban-2017-11,admitted,events/morocco-office-des-changes-crypto-ban-2017-11.yaml,0,offramp_cex,observed_change,crypto_transactions_declared_illegal_with_fines_by_office_des_changes,"[{""matching_fields"": [""url"", ""body_hash""], ""observation_source_index"": 0, ""trigger_source_index"": 0}, {""matching_fields"": [""url"", ""body_hash""], ""observation_source_index"": 1, ""trigger_source_index"": 1}, {""matching_fields"": [""url"", ""body_hash""], ""observation_source_index"": 2, ""trigger_source_index"": 2}, {""matching_fields"": [""url"", ""body_hash""], ""observation_source_index"": 3, ""trigger_source_index"": 3}]","[{""body_hash"": ""sha256:ca3f1c1ded2254ee75c78f960d93c80e28e46e5445ecff0b92d244d4afddf583"", ""body_path"": ""sources/http_captures/morocco-office-des-changes-crypto-ban-2017-11/primary-office-des-changes-page/www.oc.gov.ma__fr-actualites-communique-mise-au-point-au-sujet-de-l-utilisation-des-monnaies-virtuelles__1f1d7aa6bb.html"", ""url"": ""https://www.oc.gov.ma/fr/actualites/communique-mise-au-point-au-sujet-de-l-utilisation-des-monnaies-virtuelles""}, {""body_hash"": ""sha256:a2b36ed7b6eb898f8ae2c8bc6c4d5b41640372410b9ce26ef1b8f18e65771cdd"", ""body_path"": ""sources/http_captures/morocco-office-des-changes-crypto-ban-2017-11/primary-office-des-changes-pdf/www.oc.gov.ma__sites-default-files-2018-05-communique-CC-81-20monnaies-20virtuelles-20fr.pdf__4cc6ec2c28.bin"", ""url"": ""https://www.oc.gov.ma/sites/default/files/2018-05/communique%CC%81%20monnaies%20virtuelles%20fr.pdf""}, {""body_hash"": ""sha256:6b2d52b9a56def12ee6f42bd90a723cb6e26a01d688600e74191f0c98c3c6609"", ""body_path"": ""sources/http_captures/morocco-office-des-changes-crypto-ban-2017-11/primary/web.archive.org__web-20171209152107-https-www.moroccoworldnews.com-2017-11-234382-bitcoin-morocco-cryptocurrencies-economy__be7ba8bf29.html"", ""url"": ""https://www.moroccoworldnews.com/2017/11/234382/bitcoin-morocco-cryptocurrencies-economy/"", ""wayback"": ""https://web.archive.org/web/20171209152107/https://www.moroccoworldnews.com/2017/11/234382/bitcoin-morocco-cryptocurrencies-economy/""}, {""body_hash"": ""sha256:e2ce724fd9274b01b6432b03be523bb8ec39ed5abdbcd8a588665432f49eeae8"", ""body_path"": ""sources/http_captures/morocco-office-des-changes-crypto-ban-2017-11/tracker/web.archive.org__web-20220629151654-https-freemanlaw.com-cryptocurrency-morocco__5028aded5e.html"", ""url"": ""https://freemanlaw.com/cryptocurrency/morocco/"", ""wayback"": ""https://web.archive.org/web/20220629151654/https://freemanlaw.com/cryptocurrency/morocco/""}]","[{""body_hash"": ""sha256:ca3f1c1ded2254ee75c78f960d93c80e28e46e5445ecff0b92d244d4afddf583"", ""body_path"": ""sources/http_captures/morocco-office-des-changes-crypto-ban-2017-11/primary-office-des-changes-page/www.oc.gov.ma__fr-actualites-communique-mise-au-point-au-sujet-de-l-utilisation-des-monnaies-virtuelles__1f1d7aa6bb.html"", ""url"": ""https://www.oc.gov.ma/fr/actualites/communique-mise-au-point-au-sujet-de-l-utilisation-des-monnaies-virtuelles""}, {""body_hash"": ""sha256:a2b36ed7b6eb898f8ae2c8bc6c4d5b41640372410b9ce26ef1b8f18e65771cdd"", ""body_path"": ""sources/http_captures/morocco-office-des-changes-crypto-ban-2017-11/primary-office-des-changes-pdf/www.oc.gov.ma__sites-default-files-2018-05-communique-CC-81-20monnaies-20virtuelles-20fr.pdf__4cc6ec2c28.bin"", ""url"": ""https://www.oc.gov.ma/sites/default/files/2018-05/communique%CC%81%20monnaies%20virtuelles%20fr.pdf""}, {""body_hash"": ""sha256:6b2d52b9a56def12ee6f42bd90a723cb6e26a01d688600e74191f0c98c3c6609"", ""body_path"": ""sources/http_captures/morocco-office-des-changes-crypto-ban-2017-11/primary/web.archive.org__web-20171209152107-https-www.moroccoworldnews.com-2017-11-234382-bitcoin-morocco-cryptocurrencies-economy__be7ba8bf29.html"", ""url"": ""https://www.moroccoworldnews.com/2017/11/234382/bitcoin-morocco-cryptocurrencies-economy/"", ""wayback"": ""https://web.archive.org/web/20171209152107/https://www.moroccoworldnews.com/2017/11/234382/bitcoin-morocco-cryptocurrencies-economy/""}, {""body_hash"": ""sha256:e2ce724fd9274b01b6432b03be523bb8ec39ed5abdbcd8a588665432f49eeae8"", ""body_path"": ""sources/http_captures/morocco-office-des-changes-crypto-ban-2017-11/tracker/web.archive.org__web-20220629151654-https-freemanlaw.com-cryptocurrency-morocco__5028aded5e.html"", ""url"": ""https://freemanlaw.com/cryptocurrency/morocco/"", ""wayback"": ""https://web.archive.org/web/20220629151654/https://freemanlaw.com/cryptocurrency/morocco/""}]",unadjudicated_risk_flag
mtgox-bankruptcy-tokyo-2014,admitted,events/mtgox-bankruptcy-tokyo-2014.yaml,0,offramp_cex,observed_change,all_onramps_offramps_permanently_closed_at_civil_rehabilitation_filing,"[{""matching_fields"": [""url""], ""observation_source_index"": 0, ""trigger_source_index"": 0}, {""matching_fields"": [""url""], ""observation_source_index"": 1, ""trigger_source_index"": 1}]","[{""url"": ""https://www.mtgox.com/img/pdf/20140228-announcement_eng.pdf"", ""wayback"": ""https://web.archive.org/web/20140310191411/https://www.mtgox.com/""}, {""url"": ""https://www.npr.org/sections/thetwo-way/2014/02/28/283863219/mtgox-files-for-bankruptcy-nearly-500m-of-bitcoins-lost"", ""wayback"": ""https://web.archive.org/web/20150523223011/http://www.npr.org/sections/thetwo-way/2014/02/28/283863219/mtgox-files-for-bankruptcy-nearly-500m-of-bitcoins-lost""}, {""url"": ""https://www.bloomberg.com/news/articles/2014-02-28/mt-gox-exchange-files-for-bankruptcy"", ""wayback"": ""https://web.archive.org/web/20150215092806/http://www.bloomberg.com:80/news/articles/2014-02-28/mt-gox-exchange-files-for-bankruptcy""}]","[{""body_hash"": ""sha256:9bbf875466fc1f34b5c3834d8382e918d06a963971c59697b0c0e9c0ef276415"", ""body_path"": ""sources/http_captures/mtgox-bankruptcy-tokyo-2014/primary/web.archive.org__web-20140301000000id_-https-www.mtgox.com-img-pdf-20140228-announcement_eng.pdf__c6608e8b86.bin"", ""url"": ""https://www.mtgox.com/img/pdf/20140228-announcement_eng.pdf"", ""wayback"": ""https://web.archive.org/web/20140307015258id_/https://www.mtgox.com/img/pdf/20140228-announcement_eng.pdf""}, {""body_hash"": ""sha256:f74671f0b7ae135a39be88b723c83691687f062c5a8c9e68acaf7ea8f5e9c356"", ""body_path"": ""sources/http_captures/mtgox-bankruptcy-tokyo-2014/primary/web.archive.org__web-20140301000000-https-www.npr.org-sections-thetwo-way-2014-02-28-283863219-mtgox-files-for-bankruptcy-nearly-500m-of-bitcoins-lost__69254e6f7e.html"", ""url"": ""https://www.npr.org/sections/thetwo-way/2014/02/28/283863219/mtgox-files-for-bankruptcy-nearly-500m-of-bitcoins-lost"", ""wayback"": ""https://web.archive.org/web/20150523223011/http://www.npr.org/sections/thetwo-way/2014/02/28/283863219/mtgox-files-for-bankruptcy-nearly-500m-of-bitcoins-lost""}]",unadjudicated_risk_flag
mtgox-bankruptcy-tokyo-2014,admitted,events/mtgox-bankruptcy-tokyo-2014.yaml,1,l4_frontend,observed_change,trading_ui_replaced_with_wind_down_notice,"[{""matching_fields"": [""url""], ""observation_source_index"": 0, ""trigger_source_index"": 0}, {""matching_fields"": [""url""], ""observation_source_index"": 1, ""trigger_source_index"": 1}]","[{""url"": ""https://www.mtgox.com/img/pdf/20140228-announcement_eng.pdf"", ""wayback"": ""https://web.archive.org/web/20140310191411/https://www.mtgox.com/""}, {""url"": ""https://www.npr.org/sections/thetwo-way/2014/02/28/283863219/mtgox-files-for-bankruptcy-nearly-500m-of-bitcoins-lost"", ""wayback"": ""https://web.archive.org/web/20150523223011/http://www.npr.org/sections/thetwo-way/2014/02/28/283863219/mtgox-files-for-bankruptcy-nearly-500m-of-bitcoins-lost""}, {""url"": ""https://www.bloomberg.com/news/articles/2014-02-28/mt-gox-exchange-files-for-bankruptcy"", ""wayback"": ""https://web.archive.org/web/20150215092806/http://www.bloomberg.com:80/news/articles/2014-02-28/mt-gox-exchange-files-for-bankruptcy""}]","[{""body_hash"": ""sha256:9bbf875466fc1f34b5c3834d8382e918d06a963971c59697b0c0e9c0ef276415"", ""body_path"": ""sources/http_captures/mtgox-bankruptcy-tokyo-2014/primary/web.archive.org__web-20140301000000id_-https-www.mtgox.com-img-pdf-20140228-announcement_eng.pdf__c6608e8b86.bin"", ""url"": ""https://www.mtgox.com/img/pdf/20140228-announcement_eng.pdf"", ""wayback"": ""https://web.archive.org/web/20140307015258id_/https://www.mtgox.com/img/pdf/20140228-announcement_eng.pdf""}, {""body_hash"": ""sha256:f74671f0b7ae135a39be88b723c83691687f062c5a8c9e68acaf7ea8f5e9c356"", ""body_path"": ""sources/http_captures/mtgox-bankruptcy-tokyo-2014/primary/web.archive.org__web-20140301000000-https-www.npr.org-sections-thetwo-way-2014-02-28-283863219-mtgox-files-for-bankruptcy-nearly-500m-of-bitcoins-lost__69254e6f7e.html"", ""url"": ""https://www.npr.org/sections/thetwo-way/2014/02/28/283863219/mtgox-files-for-bankruptcy-nearly-500m-of-bitcoins-lost"", ""wayback"": ""https://web.archive.org/web/20150523223011/http://www.npr.org/sections/thetwo-way/2014/02/28/283863219/mtgox-files-for-bankruptcy-nearly-500m-of-bitcoins-lost""}]",unadjudicated_risk_flag
mtgox-dhs-dwolla-wells-fargo-seizure-2013,admitted,events/mtgox-dhs-dwolla-wells-fargo-seizure-2013.yaml,0,offramp_cex,observed_change,usd_onramp_closed_via_dwolla_account_seizure,"[{""matching_fields"": [""url"", ""body_hash""], ""observation_source_index"": 0, ""trigger_source_index"": 1}, {""matching_fields"": [""url""], ""observation_source_index"": 1, ""trigger_source_index"": 0}, {""matching_fields"": [""url"", ""body_hash""], ""observation_source_index"": 2, ""trigger_source_index"": 2}]","[{""url"": ""https://www.justice.gov/usao-md"", ""wayback"": ""https://web.archive.org/web/20150228114134/http://www.justice.gov:80/usao-md""}, {""body_hash"": ""sha256:04ff80914c3061095ad2bd61399660d960fcbccec90d7e52eddfcb520ce2969c"", ""body_path"": ""sources/http_captures/mtgox-dhs-dwolla-wells-fargo-seizure-2013/legal-warrant/s3.documentcloud.org__documents-701175-mt-gox-dwolla-warrant-idg-news-service.pdf__7680342661.bin"", ""url"": ""https://s3.documentcloud.org/documents/701175/mt-gox-dwolla-warrant-idg-news-service.pdf""}, {""body_hash"": ""sha256:630176609b63ac524ce6aaa15b87fc0c02c97fde3bd34c10a80090a18e5001c6"", ""body_path"": ""sources/http_captures/mtgox-dhs-dwolla-wells-fargo-seizure-2013/primary/web.archive.org__web-20140102083717-http-techcrunch.com-2013-05-16-mt-gox-dwolla-account-money-seizure__401e53cca3.html"", ""url"": ""https://techcrunch.com/2013/05/16/mt-gox-dwolla-account-money-seizure/"", ""wayback"": ""https://web.archive.org/web/20140102083717/http://techcrunch.com/2013/05/16/mt-gox-dwolla-account-money-seizure/""}, {""body_hash"": ""sha256:a9ff47d61214f84812f890451fbc9d2f556f35db02771eeb32a47f7e1edda915"", ""body_path"": ""sources/http_captures/mtgox-dhs-dwolla-wells-fargo-seizure-2013/primary/web.archive.org__web-20131230204444-http-thegenesisblock.com-warrant-for-mt-gox-wells-fargo-accounts-shows-additional-2-1m-seized__3a89a00d8b.html"", ""url"": ""https://thegenesisblock.com/warrant-for-mt-gox-wells-fargo-accounts-shows-additional-2-1m-seized/"", ""wayback"": ""https://web.archive.org/web/20131230204444/http://thegenesisblock.com/warrant-for-mt-gox-wells-fargo-accounts-shows-additional-2-1m-seized/""}]","[{""body_hash"": ""sha256:04ff80914c3061095ad2bd61399660d960fcbccec90d7e52eddfcb520ce2969c"", ""body_path"": ""sources/http_captures/mtgox-dhs-dwolla-wells-fargo-seizure-2013/legal-warrant/s3.documentcloud.org__documents-701175-mt-gox-dwolla-warrant-idg-news-service.pdf__7680342661.bin"", ""url"": ""https://s3.documentcloud.org/documents/701175/mt-gox-dwolla-warrant-idg-news-service.pdf""}, {""url"": ""https://www.justice.gov/usao-md"", ""wayback"": ""https://web.archive.org/web/20150228114134/http://www.justice.gov:80/usao-md""}, {""body_hash"": ""sha256:630176609b63ac524ce6aaa15b87fc0c02c97fde3bd34c10a80090a18e5001c6"", ""body_path"": ""sources/http_captures/mtgox-dhs-dwolla-wells-fargo-seizure-2013/primary/web.archive.org__web-20140102083717-http-techcrunch.com-2013-05-16-mt-gox-dwolla-account-money-seizure__401e53cca3.html"", ""url"": ""https://techcrunch.com/2013/05/16/mt-gox-dwolla-account-money-seizure/"", ""wayback"": ""https://web.archive.org/web/20140102083717/http://techcrunch.com/2013/05/16/mt-gox-dwolla-account-money-seizure/""}]",unadjudicated_risk_flag
mtgox-june-2011-hack-trading-suspension,admitted,events/mtgox-june-2011-hack-trading-suspension.yaml,0,offramp_cex,observed_change,trading_suspended_post_hack_2011_06,"[{""matching_fields"": [""url""], ""observation_source_index"": 0, ""trigger_source_index"": 0}]","[{""body_hash"": ""sha256:07b38074c76209cced93f984b203250f31e27b35c17f7751a0987233f1b8ccfd"", ""body_path"": ""sources/http_captures/mtgox-june-2011-hack-trading-suspension/v0_3_primary_repair/web.archive.org__web-20110919162635-https-mtgox.com-press_release_20110630.html__4b025a9909.html"", ""url"": ""https://mtgox.com/press_release_20110630.html"", ""wayback"": ""https://web.archive.org/web/20110919162635/https://mtgox.com/press_release_20110630.html""}, {""url"": ""https://en.wikipedia.org/wiki/Mt._Gox"", ""wayback"": ""https://web.archive.org/web/2011/https://en.wikipedia.org/wiki/Mt._Gox""}, {""url"": ""https://blockonomi.com/mt-gox-hack/"", ""wayback"": ""https://web.archive.org/web/2011/https://blockonomi.com/mt-gox-hack/""}]","[{""body_hash"": ""sha256:4b99f943253828c51a24ffeb55912dcebb0e53813e3bc06e9319f83886f4950f"", ""body_path"": ""sources/http_captures/mtgox-june-2011-hack-trading-suspension/primary/web.archive.org__web-20110701000000-http-mtgox.com-press_release_20110630.html__1d37e9103b.html"", ""url"": ""https://mtgox.com/press_release_20110630.html"", ""wayback"": ""https://web.archive.org/web/20110919162635/https://mtgox.com/press_release_20110630.html""}]",unadjudicated_risk_flag
mtgox-usd-withdrawal-suspension-2013-06,admitted,events/mtgox-usd-withdrawal-suspension-2013-06.yaml,0,offramp_cex,observed_change,usd_withdrawal_suspended_globally,"[{""matching_fields"": [""url""], ""observation_source_index"": 0, ""trigger_source_index"": 0}, {""matching_fields"": [""url""], ""observation_source_index"": 1, ""trigger_source_index"": 1}]","[{""url"": ""https://www.mtgox.com/press_release_20130620.html"", ""wayback"": ""https://web.archive.org/web/20140122193202/https://www.mtgox.com/press_release_20130620.html""}, {""url"": ""https://www.coindesk.com/markets/2013/06/20/mt-gox-temporarily-suspends-usd-withdrawals"", ""wayback"": ""https://web.archive.org/web/20211016054018/https://www.coindesk.com/markets/2013/06/20/mt-gox-temporarily-suspends-usd-withdrawals/""}]","[{""body_hash"": ""sha256:15d00b9c99e54bc0889f7ced1f774c2e2905913fec715d5b0abdaf4bb0a8d389"", ""body_path"": ""sources/http_captures/mtgox-usd-withdrawal-suspension-2013-06/primary/web.archive.org__web-20130621000000-https-www.mtgox.com-press_release_20130620.html__f599d08286.html"", ""url"": ""https://www.mtgox.com/press_release_20130620.html"", ""wayback"": ""https://web.archive.org/web/20130811014059/https://www.mtgox.com/press_release_20130620.html""}, {""body_hash"": ""sha256:3fb6024595c6527ebd04ed9583e270751efd285f71435bf763f3ea9bde362c0c"", ""body_path"": ""sources/http_captures/mtgox-usd-withdrawal-suspension-2013-06/primary/web.archive.org__web-20130622000000-https-www.coindesk.com-markets-2013-06-20-mt-gox-temporarily-suspends-usd-withdrawals__d98ee82f20.html"", ""url"": ""https://www.coindesk.com/markets/2013/06/20/mt-gox-temporarily-suspends-usd-withdrawals"", ""wayback"": ""https://web.archive.org/web/20211016054018/https://www.coindesk.com/markets/2013/06/20/mt-gox-temporarily-suspends-usd-withdrawals/""}]",unadjudicated_risk_flag
myanmar-cbm-crypto-prohibition-directive-9-2020,admitted,events/myanmar-cbm-crypto-prohibition-directive-9-2020.yaml,0,offramp_cex,observed_change,financial_institution_digital_currency_dealing_not_allowed_directive_9_2020,"[{""matching_fields"": [""url"", ""body_hash""], ""observation_source_index"": 0, ""trigger_source_index"": 0}, {""matching_fields"": [""url"", ""body_hash""], ""observation_source_index"": 1, ""trigger_source_index"": 1}]","[{""body_hash"": ""sha256:34c72f7b4b9149a3da0bf9aa77a26c09b667a458b58dc4b052005d8f9e639a17"", ""body_path"": ""sources/http_captures/myanmar-cbm-crypto-prohibition-directive-9-2020/primary-mfiu-annual-report-v1/www.mfiu.gov.mm__sites-default-files-document-files-2020-20Annual-20Report-20-28English-20Version-29.pdf__1b0a29a98a.bin"", ""url"": ""https://www.mfiu.gov.mm/sites/default/files/document/files/2020%20Annual%20Report%20%28English%20Version%29.pdf""}, {""body_hash"": ""sha256:0cd2cf34c9e091564c0875bfbf30099d5b3dda95acdd2a35738889da5bae2e48"", ""body_path"": ""sources/http_captures/myanmar-cbm-crypto-prohibition-directive-9-2020/primary/web.archive.org__web-20260120112720-https-www.tilleke.com-insights-myanmars-central-bank-issues-further-warning-against-crypto-trading__53bb7afc72.html"", ""url"": ""https://web.archive.org/web/20260120112720/https://www.tilleke.com/insights/myanmars-central-bank-issues-further-warning-against-crypto-trading/"", ""wayback"": ""https://web.archive.org/web/20260120112720/https://www.tilleke.com/insights/myanmars-central-bank-issues-further-warning-against-crypto-trading/""}]","[{""body_hash"": ""sha256:34c72f7b4b9149a3da0bf9aa77a26c09b667a458b58dc4b052005d8f9e639a17"", ""body_path"": ""sources/http_captures/myanmar-cbm-crypto-prohibition-directive-9-2020/primary-mfiu-annual-report-v1/www.mfiu.gov.mm__sites-default-files-document-files-2020-20Annual-20Report-20-28English-20Version-29.pdf__1b0a29a98a.bin"", ""url"": ""https://www.mfiu.gov.mm/sites/default/files/document/files/2020%20Annual%20Report%20%28English%20Version%29.pdf""}, {""body_hash"": ""sha256:0cd2cf34c9e091564c0875bfbf30099d5b3dda95acdd2a35738889da5bae2e48"", ""body_path"": ""sources/http_captures/myanmar-cbm-crypto-prohibition-directive-9-2020/primary/web.archive.org__web-20260120112720-https-www.tilleke.com-insights-myanmars-central-bank-issues-further-warning-against-crypto-trading__53bb7afc72.html"", ""url"": ""https://web.archive.org/web/20260120112720/https://www.tilleke.com/insights/myanmars-central-bank-issues-further-warning-against-crypto-trading/"", ""wayback"": ""https://web.archive.org/web/20260120112720/https://www.tilleke.com/insights/myanmars-central-bank-issues-further-warning-against-crypto-trading/""}]",unadjudicated_risk_flag
nepal-nrb-bitcoin-ban-2017-08,admitted,events/nepal-nrb-bitcoin-ban-2017-08.yaml,0,offramp_cex,observed_change,domestic_bitcoin_exchange_channel_shut_by_nrb_ban_and_cib_arrests,"[{""matching_fields"": [""url"", ""body_hash""], ""observation_source_index"": 0, ""trigger_source_index"": 0}, {""matching_fields"": [""body_hash""], ""observation_source_index"": 0, ""trigger_source_index"": 1}, {""matching_fields"": [""body_hash""], ""observation_source_index"": 1, ""trigger_source_index"": 0}, {""matching_fields"": [""url"", ""body_hash""], ""observation_source_index"": 1, ""trigger_source_index"": 1}, {""matching_fields"": [""url"", ""body_hash""], ""observation_source_index"": 2, ""trigger_source_index"": 2}, {""matching_fields"": [""url"", ""body_hash""], ""observation_source_index"": 3, ""trigger_source_index"": 3}]","[{""body_hash"": ""sha256:078c0b471d4f1588e31658a7c2e155aa90033ed586c05cdc4f9b8b2d6afb4721"", ""body_path"": ""sources/http_captures/nepal-nrb-bitcoin-ban-2017-08/primary-nrb-bitcoin-notice-live/www.nrb.org.np__contents-uploads-2019-12-BitcoinNotice.pdf__de5bdd24e0.bin"", ""url"": ""https://www.nrb.org.np/contents/uploads/2019/12/BitcoinNotice.pdf"", ""wayback"": ""https://web.archive.org/web/20190628001730id_/https://nrb.org.np/fxm/notices/BitcoinNotice.pdf""}, {""body_hash"": ""sha256:078c0b471d4f1588e31658a7c2e155aa90033ed586c05cdc4f9b8b2d6afb4721"", ""body_path"": ""sources/http_captures/nepal-nrb-bitcoin-ban-2017-08/primary-nrb-bitcoin-notice-wayback-2019-raw/web.archive.org__web-20190628001730id_-https-nrb.org.np-fxm-notices-BitcoinNotice.pdf__2489834dfd.bin"", ""url"": ""https://nrb.org.np/fxm/notices/BitcoinNotice.pdf"", ""wayback"": ""https://web.archive.org/web/20190628001730id_/https://nrb.org.np/fxm/notices/BitcoinNotice.pdf""}, {""body_hash"": ""sha256:88bbe7bbe77a4c9d12c93997c9a14771d17cdc34d9293c4a0f85451722c23163"", ""body_path"": ""sources/http_captures/nepal-nrb-bitcoin-ban-2017-08/primary/web.archive.org__web-20171006193823-http-kathmandupost.ekantipur.com-news-2017-10-06-7-nabbed-for-running-bitcoin-exchange-business.html__270840be88.html"", ""url"": ""http://kathmandupost.ekantipur.com/news/2017-10-06/7-nabbed-for-running-bitcoin-exchange-business.html"", ""wayback"": ""https://web.archive.org/web/20171006193823/http://kathmandupost.ekantipur.com/news/2017-10-06/7-nabbed-for-running-bitcoin-exchange-business.html""}, {""body_hash"": ""sha256:6d91346a536fb5977bd65163b96302689fba8861bfac9860cebe71a4f38ab586"", ""body_path"": ""sources/http_captures/nepal-nrb-bitcoin-ban-2017-08/tracker/web.archive.org__web-20220127132508-https-freemanlaw.com-cryptocurrency-nepal__c5e7c8e889.html"", ""url"": ""https://freemanlaw.com/cryptocurrency/nepal/"", ""wayback"": ""https://web.archive.org/web/20220127132508/https://freemanlaw.com/cryptocurrency/nepal/""}]","[{""body_hash"": ""sha256:078c0b471d4f1588e31658a7c2e155aa90033ed586c05cdc4f9b8b2d6afb4721"", ""body_path"": ""sources/http_captures/nepal-nrb-bitcoin-ban-2017-08/primary-nrb-bitcoin-notice-live/www.nrb.org.np__contents-uploads-2019-12-BitcoinNotice.pdf__de5bdd24e0.bin"", ""url"": ""https://www.nrb.org.np/contents/uploads/2019/12/BitcoinNotice.pdf"", ""wayback"": ""https://web.archive.org/web/20190628001730id_/https://nrb.org.np/fxm/notices/BitcoinNotice.pdf""}, {""body_hash"": ""sha256:078c0b471d4f1588e31658a7c2e155aa90033ed586c05cdc4f9b8b2d6afb4721"", ""body_path"": ""sources/http_captures/nepal-nrb-bitcoin-ban-2017-08/primary-nrb-bitcoin-notice-wayback-2019-raw/web.archive.org__web-20190628001730id_-https-nrb.org.np-fxm-notices-BitcoinNotice.pdf__2489834dfd.bin"", ""url"": ""https://nrb.org.np/fxm/notices/BitcoinNotice.pdf"", ""wayback"": ""https://web.archive.org/web/20190628001730id_/https://nrb.org.np/fxm/notices/BitcoinNotice.pdf""}, {""body_hash"": ""sha256:88bbe7bbe77a4c9d12c93997c9a14771d17cdc34d9293c4a0f85451722c23163"", ""body_path"": ""sources/http_captures/nepal-nrb-bitcoin-ban-2017-08/primary/web.archive.org__web-20171006193823-http-kathmandupost.ekantipur.com-news-2017-10-06-7-nabbed-for-running-bitcoin-exchange-business.html__270840be88.html"", ""url"": ""http://kathmandupost.ekantipur.com/news/2017-10-06/7-nabbed-for-running-bitcoin-exchange-business.html"", ""wayback"": ""https://web.archive.org/web/20171006193823/http://kathmandupost.ekantipur.com/news/2017-10-06/7-nabbed-for-running-bitcoin-exchange-business.html""}, {""body_hash"": ""sha256:6d91346a536fb5977bd65163b96302689fba8861bfac9860cebe71a4f38ab586"", ""body_path"": ""sources/http_captures/nepal-nrb-bitcoin-ban-2017-08/tracker/web.archive.org__web-20220127132508-https-freemanlaw.com-cryptocurrency-nepal__c5e7c8e889.html"", ""url"": ""https://freemanlaw.com/cryptocurrency/nepal/"", ""wayback"": ""https://web.archive.org/web/20220127132508/https://freemanlaw.com/cryptocurrency/nepal/""}]",unadjudicated_risk_flag
nepal-nrb-comprehensive-crypto-ban-2021-09,admitted,events/nepal-nrb-comprehensive-crypto-ban-2021-09.yaml,0,offramp_cex,observed_change,nepal_crypto_transaction_usage_mining_declared_illegal_comprehensive,"[{""matching_fields"": [""url"", ""body_hash""], ""observation_source_index"": 0, ""trigger_source_index"": 1}, {""matching_fields"": [""url"", ""body_hash""], ""observation_source_index"": 1, ""trigger_source_index"": 0}]","[{""body_hash"": ""sha256:964daea861bc92d42116c37158b9cbbd989671a8c8066d190eb12296c0647b7f"", ""body_path"": ""sources/http_captures/nepal-nrb-comprehensive-crypto-ban-2021-09/primary/web.archive.org__web-20211001000000id_-https-www.nrb.org.np-contents-uploads-2021-09-FXMD-Notice-03-207879-Cryptocurrency.pdf__1d830a68b4.bin"", ""url"": ""https://www.nrb.org.np/contents/uploads/2021/09/FXMD-Notice-03-207879-Cryptocurrency.pdf"", ""wayback"": ""https://web.archive.org/web/20211018205117id_/https://www.nrb.org.np/contents/uploads/2021/09/FXMD-Notice-03-207879-Cryptocurrency.pdf""}, {""body_hash"": ""sha256:442eb013011dc622a1c94621d9ef30bef6fc2e5ca626a9b0b0e921fd3191cf0d"", ""body_path"": ""sources/http_captures/nepal-nrb-comprehensive-crypto-ban-2021-09/primary/web.archive.org__web-20210915000000-https-thehimalayantimes.com-business-nrb-issues-notice-on-cryptocurrency__ee4de17895.html"", ""url"": ""https://thehimalayantimes.com/business/nrb-issues-notice-on-cryptocurrency"", ""wayback"": ""https://web.archive.org/web/20210910161805/https://thehimalayantimes.com/business/nrb-issues-notice-on-cryptocurrency""}]","[{""body_hash"": ""sha256:442eb013011dc622a1c94621d9ef30bef6fc2e5ca626a9b0b0e921fd3191cf0d"", ""body_path"": ""sources/http_captures/nepal-nrb-comprehensive-crypto-ban-2021-09/primary/web.archive.org__web-20210915000000-https-thehimalayantimes.com-business-nrb-issues-notice-on-cryptocurrency__ee4de17895.html"", ""url"": ""https://thehimalayantimes.com/business/nrb-issues-notice-on-cryptocurrency"", ""wayback"": ""https://web.archive.org/web/20210910161805/https://thehimalayantimes.com/business/nrb-issues-notice-on-cryptocurrency""}, {""body_hash"": ""sha256:964daea861bc92d42116c37158b9cbbd989671a8c8066d190eb12296c0647b7f"", ""body_path"": ""sources/http_captures/nepal-nrb-comprehensive-crypto-ban-2021-09/primary/web.archive.org__web-20211001000000id_-https-www.nrb.org.np-contents-uploads-2021-09-FXMD-Notice-03-207879-Cryptocurrency.pdf__1d830a68b4.bin"", ""url"": ""https://www.nrb.org.np/contents/uploads/2021/09/FXMD-Notice-03-207879-Cryptocurrency.pdf"", ""wayback"": ""https://web.archive.org/web/20211018205117id_/https://www.nrb.org.np/contents/uploads/2021/09/FXMD-Notice-03-207879-Cryptocurrency.pdf""}]",unadjudicated_risk_flag
netherlands-dnb-binance-warning-2021,admitted,events/netherlands-dnb-binance-warning-2021.yaml,0,offramp_cex,observed_change,dnb_warning_and_fine_for_binance_unregistered_crypto_services,"[{""matching_fields"": [""url"", ""body_hash""], ""observation_source_index"": 0, ""trigger_source_index"": 0}, {""matching_fields"": [""url"", ""body_hash""], ""observation_source_index"": 1, ""trigger_source_index"": 1}]","[{""body_hash"": ""sha256:3e0b848fbd2cc8f85bcd564322f9aab46623b538844984630e8dfe9e18c5d7af"", ""body_path"": ""sources/http_captures/netherlands-dnb-binance-warning-2021/primary/www.dnb.nl__en-general-news-news-2021-dnb-warns-against-binance__0309d4ff6a.html"", ""url"": ""https://www.dnb.nl/en/general-news/news-2021/dnb-warns-against-binance/?rel=outbound""}, {""body_hash"": ""sha256:08203adbf0008a92f2a43d9c4a2c24c8d4a9bb60b25a2d19d5427a21a5a1b37e"", ""body_path"": ""sources/http_captures/netherlands-dnb-binance-warning-2021/primary/www.dnb.nl__algemeen-nieuws-nieuwsbericht-2022-boete-voor-binance-holdings-ltd-vanwege-het-zonder-de-wettelijk-vereiste-registratie-aanbieden-van-cryptodiensten__1c9531968d.html"", ""url"": ""https://www.dnb.nl/algemeen-nieuws/nieuwsbericht-2022/boete-voor-binance-holdings-ltd-vanwege-het-zonder-de-wettelijk-vereiste-registratie-aanbieden-van-cryptodiensten/""}]","[{""body_hash"": ""sha256:3e0b848fbd2cc8f85bcd564322f9aab46623b538844984630e8dfe9e18c5d7af"", ""body_path"": ""sources/http_captures/netherlands-dnb-binance-warning-2021/primary/www.dnb.nl__en-general-news-news-2021-dnb-warns-against-binance__0309d4ff6a.html"", ""url"": ""https://www.dnb.nl/en/general-news/news-2021/dnb-warns-against-binance/?rel=outbound""}, {""body_hash"": ""sha256:08203adbf0008a92f2a43d9c4a2c24c8d4a9bb60b25a2d19d5427a21a5a1b37e"", ""body_path"": ""sources/http_captures/netherlands-dnb-binance-warning-2021/primary/www.dnb.nl__algemeen-nieuws-nieuwsbericht-2022-boete-voor-binance-holdings-ltd-vanwege-het-zonder-de-wettelijk-vereiste-registratie-aanbieden-van-cryptodiensten__1c9531968d.html"", ""url"": ""https://www.dnb.nl/algemeen-nieuws/nieuwsbericht-2022/boete-voor-binance-holdings-ltd-vanwege-het-zonder-de-wettelijk-vereiste-registratie-aanbieden-van-cryptodiensten/""}, {""body_hash"": ""sha256:89e39ced6f6f0b910bc13684670b767e6567951228e67420a20e2d90b2714543"", ""body_path"": ""sources/http_captures/netherlands-dnb-binance-warning-2021/primary/www.dnb.nl__media-0jxfaxck-besluit-tot-het-opleggen-van-een-bestuurlijke-boete-aan-binance-gelakte-versie-pdf.pdf__e1747784aa.bin"", ""url"": ""https://www.dnb.nl/media/0jxfaxck/besluit-tot-het-opleggen-van-een-bestuurlijke-boete-aan-binance-gelakte-versie-pdf.pdf""}]",unadjudicated_risk_flag
nigeria-binance-network-block-2024-02,admitted,events/nigeria-binance-network-block-2024-02.yaml,0,l0_network,observed_change,ncc_telco_block_of_binance_and_other_exchange_domains,"[{""matching_fields"": [""url"", ""body_hash""], ""observation_source_index"": 1, ""trigger_source_index"": 0}]","[{""body_hash"": ""sha256:24ee7e64a8d7e22be3917a27de0862cf4980d0e59c889768a63d483f0943ab9f"", ""body_path"": ""sources/http_captures/nigeria-binance-network-block-2024-02/primary/web.archive.org__web-20240301000000-https-www.coindesk.com-policy-2024-02-29-nigeria-detains-binance-executives-as-it-investigates-the-crypto-exchange-reports__bb84df58e1.html"", ""url"": ""https://www.coindesk.com/policy/2024/02/29/nigeria-detains-binance-executives-as-it-investigates-the-crypto-exchange-reports"", ""wayback"": ""https://web.archive.org/web/20240301030622/https://www.coindesk.com/policy/2024/02/29/nigeria-detains-binance-executives-as-it-investigates-the-crypto-exchange-reports/""}]","[{""body_hash"": ""sha256:fcd25b717edd9167a1c6af75c787dfe34f17de3001838fa5eb11280bf14a9416"", ""body_path"": ""sources/http_captures/nigeria-binance-network-block-2024-02/primary/api.ooni.io__api-v1-measurements__11424b04af.json"", ""measurement_ids"": [""20240229202520.272363_NG_webconnectivity_8800900394169b97"", ""20240228173347.212137_NG_webconnectivity_4c9189a5bac58b84"", ""20240227042007.627479_NG_webconnectivity_6c0b50a663708f49"", ""20240226044228.360894_NG_webconnectivity_854d8cc1454ae094""], ""url"": ""https://api.ooni.io/api/v1/measurements?probe_cc=NG&test_name=web_connectivity&input=https%3A%2F%2Fwww.binance.com%2F&since=2024-02-25&until=2024-03-15&limit=5""}, {""body_hash"": ""sha256:24ee7e64a8d7e22be3917a27de0862cf4980d0e59c889768a63d483f0943ab9f"", ""body_path"": ""sources/http_captures/nigeria-binance-network-block-2024-02/primary/web.archive.org__web-20240301000000-https-www.coindesk.com-policy-2024-02-29-nigeria-detains-binance-executives-as-it-investigates-the-crypto-exchange-reports__bb84df58e1.html"", ""url"": ""https://www.coindesk.com/policy/2024/02/29/nigeria-detains-binance-executives-as-it-investigates-the-crypto-exchange-reports"", ""wayback"": ""https://web.archive.org/web/20240301030622/https://www.coindesk.com/policy/2024/02/29/nigeria-detains-binance-executives-as-it-investigates-the-crypto-exchange-reports/""}]",unadjudicated_risk_flag
nigeria-binance-network-block-2024-02,admitted,events/nigeria-binance-network-block-2024-02.yaml,1,offramp_cex,observed_change,nigerian_user_access_to_binance_offramp_severed,"[{""matching_fields"": [""url"", ""body_hash""], ""observation_source_index"": 0, ""trigger_source_index"": 0}]","[{""body_hash"": ""sha256:24ee7e64a8d7e22be3917a27de0862cf4980d0e59c889768a63d483f0943ab9f"", ""body_path"": ""sources/http_captures/nigeria-binance-network-block-2024-02/primary/web.archive.org__web-20240301000000-https-www.coindesk.com-policy-2024-02-29-nigeria-detains-binance-executives-as-it-investigates-the-crypto-exchange-reports__bb84df58e1.html"", ""url"": ""https://www.coindesk.com/policy/2024/02/29/nigeria-detains-binance-executives-as-it-investigates-the-crypto-exchange-reports"", ""wayback"": ""https://web.archive.org/web/20240301030622/https://www.coindesk.com/policy/2024/02/29/nigeria-detains-binance-executives-as-it-investigates-the-crypto-exchange-reports/""}]","[{""body_hash"": ""sha256:24ee7e64a8d7e22be3917a27de0862cf4980d0e59c889768a63d483f0943ab9f"", ""body_path"": ""sources/http_captures/nigeria-binance-network-block-2024-02/primary/web.archive.org__web-20240301000000-https-www.coindesk.com-policy-2024-02-29-nigeria-detains-binance-executives-as-it-investigates-the-crypto-exchange-reports__bb84df58e1.html"", ""url"": ""https://www.coindesk.com/policy/2024/02/29/nigeria-detains-binance-executives-as-it-investigates-the-crypto-exchange-reports"", ""wayback"": ""https://web.archive.org/web/20240301030622/https://www.coindesk.com/policy/2024/02/29/nigeria-detains-binance-executives-as-it-investigates-the-crypto-exchange-reports/""}, {""body_hash"": ""sha256:fcd25b717edd9167a1c6af75c787dfe34f17de3001838fa5eb11280bf14a9416"", ""body_path"": ""sources/http_captures/nigeria-binance-network-block-2024-02/primary/api.ooni.io__api-v1-measurements__11424b04af.json"", ""measurement_ids"": [""20240229202520.272363_NG_webconnectivity_8800900394169b97"", ""20240228173347.212137_NG_webconnectivity_4c9189a5bac58b84"", ""20240227042007.627479_NG_webconnectivity_6c0b50a663708f49"", ""20240226044228.360894_NG_webconnectivity_854d8cc1454ae094""], ""url"": ""https://api.ooni.io/api/v1/measurements?probe_cc=NG&test_name=web_connectivity&input=https%3A%2F%2Fwww.binance.com%2F&since=2024-02-25&until=2024-03-15&limit=5""}]",unadjudicated_risk_flag
nigeria-cbn-crypto-ban-2021,admitted,events/nigeria-cbn-crypto-ban-2021.yaml,0,offramp_cex,observed_change,naira_banking_channel_severed_industry_wide,"[{""matching_fields"": [""url"", ""body_hash""], ""observation_source_index"": 0, ""trigger_source_index"": 0}]","[{""body_hash"": ""sha256:2e556124d8d4dfe65ac1747ef31d9732dd13f09fdc60506baa8e2cd7df232a19"", ""body_path"": ""sources/http_captures/nigeria-cbn-crypto-ban-2021/cbn-circular/web.archive.org__web-20210208014230-https-www.cbn.gov.ng-Out-2021-CCD-Letter-20on-20Crypto.pdf__7b84a24e69.html"", ""url"": ""https://web.archive.org/web/20210207202129/https://www.cbn.gov.ng/Out/2021/CCD/Letter%20on%20Crypto.pdf"", ""wayback"": ""https://web.archive.org/web/20210207202129/https://www.cbn.gov.ng/Out/2021/CCD/Letter%20on%20Crypto.pdf""}]","[{""body_hash"": ""sha256:2e556124d8d4dfe65ac1747ef31d9732dd13f09fdc60506baa8e2cd7df232a19"", ""body_path"": ""sources/http_captures/nigeria-cbn-crypto-ban-2021/cbn-circular/web.archive.org__web-20210208014230-https-www.cbn.gov.ng-Out-2021-CCD-Letter-20on-20Crypto.pdf__7b84a24e69.html"", ""url"": ""https://web.archive.org/web/20210207202129/https://www.cbn.gov.ng/Out/2021/CCD/Letter%20on%20Crypto.pdf""}]",unadjudicated_risk_flag
nigeria-sec-binance-cease-solicitation-2023-07,admitted,events/nigeria-sec-binance-cease-solicitation-2023-07.yaml,0,offramp_cex,observed_change,nigeria_sec_binance_cease_solicitation_2023_07_reaction,"[{""matching_fields"": [""url"", ""body_hash""], ""observation_source_index"": 0, ""trigger_source_index"": 0}]","[{""body_hash"": ""sha256:9b414bbfc09b859b9b27450827b2d44df416cb78033737f1a10f4116e931a8d6"", ""body_path"": ""sources/http_captures/nigeria-sec-binance-cease-solicitation-2023-07/source/www.coindesk.com__policy-2023-07-31-binances-activities-are-illegal-in-nigeria-securities-regulator-says__47223dcc95.html"", ""url"": ""https://www.coindesk.com/policy/2023/07/31/binances-activities-are-illegal-in-nigeria-securities-regulator-says""}]","[{""body_hash"": ""sha256:9b414bbfc09b859b9b27450827b2d44df416cb78033737f1a10f4116e931a8d6"", ""body_path"": ""sources/http_captures/nigeria-sec-binance-cease-solicitation-2023-07/source/www.coindesk.com__policy-2023-07-31-binances-activities-are-illegal-in-nigeria-securities-regulator-says__47223dcc95.html"", ""url"": ""https://www.coindesk.com/policy/2023/07/31/binances-activities-are-illegal-in-nigeria-securities-regulator-says""}]",unadjudicated_risk_flag
nydfs-bittrex-bitlicense-denial-2019-04,admitted,events/nydfs-bittrex-bitlicense-denial-2019-04.yaml,0,offramp_cex,observed_change,bittrex_new_york_operations_cease_and_60_day_wind_down,"[{""matching_fields"": [""url"", ""body_hash""], ""observation_source_index"": 0, ""trigger_source_index"": 0}]","[{""body_hash"": ""sha256:89f736f0b629a5508e964a52c891964514094cd233aa1d4fa74995bedd1855d0"", ""body_path"": ""sources/http_captures/nydfs-bittrex-bitlicense-denial-2019-04/primary/www.dfs.ny.gov__reports_and_publications-press_releases-pr1904101__4656340989.html"", ""url"": ""https://www.dfs.ny.gov/reports_and_publications/press_releases/pr1904101""}, {""body_hash"": ""sha256:8f7cbaa0bfdcb6bc43eedc644e013b817918efcd5cebf25e3faa10a20838b251"", ""body_path"": ""sources/http_captures/nydfs-bittrex-bitlicense-denial-2019-04/primary/www.dfs.ny.gov__system-files-documents-2019-04-dfs-bittrex-letter-41019.pdf__e23b8845b4.bin"", ""url"": ""https://www.dfs.ny.gov/system/files/documents/2019/04/dfs-bittrex-letter-41019.pdf""}]","[{""body_hash"": ""sha256:89f736f0b629a5508e964a52c891964514094cd233aa1d4fa74995bedd1855d0"", ""body_path"": ""sources/http_captures/nydfs-bittrex-bitlicense-denial-2019-04/primary/www.dfs.ny.gov__reports_and_publications-press_releases-pr1904101__4656340989.html"", ""url"": ""https://www.dfs.ny.gov/reports_and_publications/press_releases/pr1904101""}]",unadjudicated_risk_flag
oecd-carf-2022,admitted,events/oecd-carf-2022.yaml,0,offramp_cex,observed_change,oecd_carf_published_first_binding_supranational_crypto_tax_reporting_standard,"[{""matching_fields"": [""url"", ""body_hash""], ""observation_source_index"": 0, ""trigger_source_index"": 1}, {""matching_fields"": [""url""], ""observation_source_index"": 1, ""trigger_source_index"": 0}, {""matching_fields"": [""url""], ""observation_source_index"": 2, ""trigger_source_index"": 0}]","[{""url"": ""https://www.oecd.org/tax/exchange-of-tax-information/crypto-asset-reporting-framework-and-amendments-to-the-common-reporting-standard.htm"", ""wayback"": ""https://web.archive.org/web/20260516000000/https://www.oecd.org/tax/exchange-of-tax-information/crypto-asset-reporting-framework-and-amendments-to-the-common-reporting-standard.htm""}, {""body_hash"": ""sha256:7a0e714da7e13beca33b83ec0f7b17f4173de8abca71d7c099317d1789489d1c"", ""body_path"": ""sources/http_captures/oecd-carf-2022/official-2023-oecd-pdf/www.oecd.org__content-dam-oecd-en-publications-reports-2023-06-international-standards-for-automatic-exchange-of-information-in-tax-matters_ab3a23bc-896d79d1-en.pdf__2dd99adf58.bin"", ""url"": ""https://www.oecd.org/content/dam/oecd/en/publications/reports/2023/06/international-standards-for-automatic-exchange-of-information-in-tax-matters_ab3a23bc/896d79d1-en.pdf""}]","[{""body_hash"": ""sha256:7a0e714da7e13beca33b83ec0f7b17f4173de8abca71d7c099317d1789489d1c"", ""body_path"": ""sources/http_captures/oecd-carf-2022/official-2023-oecd-pdf/www.oecd.org__content-dam-oecd-en-publications-reports-2023-06-international-standards-for-automatic-exchange-of-information-in-tax-matters_ab3a23bc-896d79d1-en.pdf__2dd99adf58.bin"", ""url"": ""https://www.oecd.org/content/dam/oecd/en/publications/reports/2023/06/international-standards-for-automatic-exchange-of-information-in-tax-matters_ab3a23bc/896d79d1-en.pdf""}, {""url"": ""https://www.oecd.org/tax/exchange-of-tax-information/crypto-asset-reporting-framework-and-amendments-to-the-common-reporting-standard.htm"", ""wayback"": ""https://web.archive.org/web/20260516000000/https://www.oecd.org/tax/exchange-of-tax-information/crypto-asset-reporting-framework-and-amendments-to-the-common-reporting-standard.htm""}, {""url"": ""https://www.oecd.org/tax/exchange-of-tax-information/crypto-asset-reporting-framework-and-amendments-to-the-common-reporting-standard.htm"", ""wayback"": ""https://web.archive.org/web/20260516000001/https://www.oecd.org/tax/exchange-of-tax-information/crypto-asset-reporting-framework-and-amendments-to-the-common-reporting-standard.htm""}]",unadjudicated_risk_flag
ofac-hamas-buy-cash-msb-2023-10,admitted,events/ofac-hamas-buy-cash-msb-2023-10.yaml,0,offramp_cex,observed_change,sdn_designation_of_buy_cash_msb_severs_us_ramp_access,"[{""matching_fields"": [""url"", ""body_hash""], ""observation_source_index"": 0, ""trigger_source_index"": 0}, {""matching_fields"": [""url"", ""body_hash""], ""observation_source_index"": 1, ""trigger_source_index"": 1}]","[{""body_hash"": ""sha256:a043b8acb03268236237950413f59e2c5fafcfb6c3436209e80a7a7fc672eb2c"", ""body_path"": ""sources/http_captures/ofac-hamas-buy-cash-msb-2023-10/primary/web.archive.org__web-20231018131253-https-home.treasury.gov-news-press-releases-jy1816__2acb79624c.html"", ""url"": ""https://home.treasury.gov/news/press-releases/jy1816"", ""wayback"": ""https://web.archive.org/web/20231018131253/https://home.treasury.gov/news/press-releases/jy1816""}, {""body_hash"": ""sha256:33326cbd390fe44b26bd87803ad887f81b660aaf82221baac68a694430f415f0"", ""body_path"": ""sources/http_captures/ofac-hamas-buy-cash-msb-2023-10/primary/web.archive.org__web-20231018160335-https-ofac.treasury.gov-recent-actions-20231018__acf8500722.html"", ""url"": ""https://ofac.treasury.gov/recent-actions/20231018"", ""wayback"": ""https://web.archive.org/web/20231018160335/https://ofac.treasury.gov/recent-actions/20231018""}, {""body_hash"": ""sha256:0cfc282602b581e4c0351be29591f98af9d80acfa1d34bebce6249837550d706"", ""body_path"": ""sources/http_captures/ofac-hamas-buy-cash-msb-2023-10/primary/web.archive.org__web-20250328082128-https-www.trmlabs.com-resources-blog-us-doj-charges-hamas-leaders-with-october-7-attacks-details-hamas-use-of-cryptocurrencies__16d300ec9d.html"", ""url"": ""https://www.trmlabs.com/resources/blog/us-doj-charges-hamas-leaders-with-october-7-attacks-details-hamas-use-of-cryptocurrencies"", ""wayback"": ""https://web.archive.org/web/20250328082128/https://www.trmlabs.com/resources/blog/us-doj-charges-hamas-leaders-with-october-7-attacks-details-hamas-use-of-cryptocurrencies""}]","[{""body_hash"": ""sha256:a043b8acb03268236237950413f59e2c5fafcfb6c3436209e80a7a7fc672eb2c"", ""body_path"": ""sources/http_captures/ofac-hamas-buy-cash-msb-2023-10/primary/web.archive.org__web-20231018131253-https-home.treasury.gov-news-press-releases-jy1816__2acb79624c.html"", ""url"": ""https://home.treasury.gov/news/press-releases/jy1816"", ""wayback"": ""https://web.archive.org/web/20231018131253/https://home.treasury.gov/news/press-releases/jy1816""}, {""body_hash"": ""sha256:33326cbd390fe44b26bd87803ad887f81b660aaf82221baac68a694430f415f0"", ""body_path"": ""sources/http_captures/ofac-hamas-buy-cash-msb-2023-10/primary/web.archive.org__web-20231018160335-https-ofac.treasury.gov-recent-actions-20231018__acf8500722.html"", ""url"": ""https://ofac.treasury.gov/recent-actions/20231018"", ""wayback"": ""https://web.archive.org/web/20231018160335/https://ofac.treasury.gov/recent-actions/20231018""}]",unadjudicated_risk_flag
okex-privacy-coin-delisting-2019-09,admitted,events/okex-privacy-coin-delisting-2019-09.yaml,0,offramp_cex,observed_change,okex_korea_removes_five_privacy_coin_markets,"[{""matching_fields"": [""url"", ""body_hash""], ""observation_source_index"": 0, ""trigger_source_index"": 0}]","[{""body_hash"": ""sha256:23c866bff91320010984e150501ac4c1e36ee7a2f4a48d30dbd9e39134f55f66"", ""body_path"": ""sources/http_captures/okex-privacy-coin-delisting-2019-09/primary/web.archive.org__web-20210921011726-https-www.coindesk.com-markets-2019-09-16-okex-korea-drops-5-privacy-cryptocurrencies-citing-fatf-rules__255eadc61e.html"", ""url"": ""https://www.coindesk.com/markets/2019/09/16/okex-korea-drops-5-privacy-cryptocurrencies-citing-fatf-rules/"", ""wayback"": ""https://web.archive.org/web/20210921011726/https://www.coindesk.com/markets/2019/09/16/okex-korea-drops-5-privacy-cryptocurrencies-citing-fatf-rules/""}]","[{""body_hash"": ""sha256:23c866bff91320010984e150501ac4c1e36ee7a2f4a48d30dbd9e39134f55f66"", ""body_path"": ""sources/http_captures/okex-privacy-coin-delisting-2019-09/primary/web.archive.org__web-20210921011726-https-www.coindesk.com-markets-2019-09-16-okex-korea-drops-5-privacy-cryptocurrencies-citing-fatf-rules__255eadc61e.html"", ""url"": ""https://www.coindesk.com/markets/2019/09/16/okex-korea-drops-5-privacy-cryptocurrencies-citing-fatf-rules/"", ""wayback"": ""https://web.archive.org/web/20210921011726/https://www.coindesk.com/markets/2019/09/16/okex-korea-drops-5-privacy-cryptocurrencies-citing-fatf-rules/""}]",unadjudicated_risk_flag
okx-aux-cayes-doj-guilty-plea-2025,admitted,events/okx-aux-cayes-doj-guilty-plea-2025.yaml,0,offramp_cex,observed_change,okx_aux_cayes_guilty_plea_unlicensed_money_transmission_us_restriction,"[{""matching_fields"": [""url"", ""body_hash""], ""observation_source_index"": 0, ""trigger_source_index"": 0}]","[{""body_hash"": ""sha256:9a71e4203f28303ac9ef8fb8f4670358c52e5ba48efb287dfc2884e412e4cf9b"", ""body_path"": ""sources/http_captures/okx-aux-cayes-doj-guilty-plea-2025/primary/web.archive.org__web-20250224000000-https-www.justice.gov-usao-sdny-pr-okx-pleads-guilty-violating-us-anti-money-laundering-laws-and-agrees-pay-penalties__4a9f16c414.html"", ""url"": ""https://www.justice.gov/usao-sdny/pr/okx-pleads-guilty-violating-us-anti-money-laundering-laws-and-agrees-pay-penalties"", ""wayback"": ""https://web.archive.org/web/20250224212930/https://www.justice.gov/usao-sdny/pr/okx-pleads-guilty-violating-us-anti-money-laundering-laws-and-agrees-pay-penalties""}]","[{""body_hash"": ""sha256:9a71e4203f28303ac9ef8fb8f4670358c52e5ba48efb287dfc2884e412e4cf9b"", ""body_path"": ""sources/http_captures/okx-aux-cayes-doj-guilty-plea-2025/primary/web.archive.org__web-20250224000000-https-www.justice.gov-usao-sdny-pr-okx-pleads-guilty-violating-us-anti-money-laundering-laws-and-agrees-pay-penalties__4a9f16c414.html"", ""url"": ""https://www.justice.gov/usao-sdny/pr/okx-pleads-guilty-violating-us-anti-money-laundering-laws-and-agrees-pay-penalties"", ""wayback"": ""https://web.archive.org/web/20250224212930/https://www.justice.gov/usao-sdny/pr/okx-pleads-guilty-violating-us-anti-money-laundering-laws-and-agrees-pay-penalties""}]",unadjudicated_risk_flag
okx-canada-exit-2023,admitted,events/okx-canada-exit-2023.yaml,0,offramp_cex,observed_change,okx_canada_offramp_shutdown,"[{""matching_fields"": [""url"", ""body_hash""], ""observation_source_index"": 0, ""trigger_source_index"": 0}]","[{""body_hash"": ""sha256:3858c9aa2ad432071a55fbc8b5cddcd0578037eef52cb5bfcc2d142c3cd25dce"", ""body_path"": ""sources/http_captures/okx-canada-exit-2023/primary/web.archive.org__web-20251225133547-https-cointelegraph.com-news-okx-to-cease-operations-in-canada-by-june-22-2023__0acf53d2eb.html"", ""url"": ""https://cointelegraph.com/news/okx-to-cease-operations-in-canada-by-june-22-2023"", ""wayback"": ""https://web.archive.org/web/20251225133547/https://cointelegraph.com/news/okx-to-cease-operations-in-canada-by-june-22-2023""}]","[{""body_hash"": ""sha256:3858c9aa2ad432071a55fbc8b5cddcd0578037eef52cb5bfcc2d142c3cd25dce"", ""body_path"": ""sources/http_captures/okx-canada-exit-2023/primary/web.archive.org__web-20251225133547-https-cointelegraph.com-news-okx-to-cease-operations-in-canada-by-june-22-2023__0acf53d2eb.html"", ""url"": ""https://cointelegraph.com/news/okx-to-cease-operations-in-canada-by-june-22-2023"", ""wayback"": ""https://web.archive.org/web/20251225133547/https://cointelegraph.com/news/okx-to-cease-operations-in-canada-by-june-22-2023""}]",unadjudicated_risk_flag
okx-india-exit-2024-03,admitted,events/okx-india-exit-2024-03.yaml,0,offramp_cex,observed_change,okx_ceases_cefi_services_for_indian_users,"[{""matching_fields"": [""url"", ""body_hash""], ""observation_source_index"": 0, ""trigger_source_index"": 0}, {""matching_fields"": [""url"", ""body_hash""], ""observation_source_index"": 1, ""trigger_source_index"": 1}]","[{""body_hash"": ""sha256:6f72148e83e27a3771872eafc7f1c69ca71150084132832a6488ad6e16203519"", ""body_path"": ""sources/http_captures/okx-india-exit-2024-03/primary/web.archive.org__web-20240322000000-https-techcrunch.com-2024-03-21-crypto-exchange-okx-ceases-services-in-india__074c6e5c64.html"", ""url"": ""https://techcrunch.com/2024/03/21/crypto-exchange-okx-ceases-services-in-india/"", ""wayback"": ""https://web.archive.org/web/20240322011034/https://techcrunch.com/2024/03/21/crypto-exchange-okx-ceases-services-in-india/""}, {""body_hash"": ""sha256:19fe144df0e5608b5cf4938c24d2836650c7be3c7f88b32fef1c831669332fd2"", ""body_path"": ""sources/http_captures/okx-india-exit-2024-03/primary/web.archive.org__web-20240322000000-https-www.coindesk.com-policy-2024-03-21-crypto-exchange-okx-to-end-services-in-india__afcb77b3d0.html"", ""url"": ""https://www.coindesk.com/policy/2024/03/21/crypto-exchange-okx-to-end-services-in-india"", ""wayback"": ""https://web.archive.org/web/20240322070830/https://www.coindesk.com/policy/2024/03/21/crypto-exchange-okx-to-end-services-in-india/""}]","[{""body_hash"": ""sha256:6f72148e83e27a3771872eafc7f1c69ca71150084132832a6488ad6e16203519"", ""body_path"": ""sources/http_captures/okx-india-exit-2024-03/primary/web.archive.org__web-20240322000000-https-techcrunch.com-2024-03-21-crypto-exchange-okx-ceases-services-in-india__074c6e5c64.html"", ""url"": ""https://techcrunch.com/2024/03/21/crypto-exchange-okx-ceases-services-in-india/"", ""wayback"": ""https://web.archive.org/web/20240322011034/https://techcrunch.com/2024/03/21/crypto-exchange-okx-ceases-services-in-india/""}, {""body_hash"": ""sha256:19fe144df0e5608b5cf4938c24d2836650c7be3c7f88b32fef1c831669332fd2"", ""body_path"": ""sources/http_captures/okx-india-exit-2024-03/primary/web.archive.org__web-20240322000000-https-www.coindesk.com-policy-2024-03-21-crypto-exchange-okx-to-end-services-in-india__afcb77b3d0.html"", ""url"": ""https://www.coindesk.com/policy/2024/03/21/crypto-exchange-okx-to-end-services-in-india"", ""wayback"": ""https://web.archive.org/web/20240322070830/https://www.coindesk.com/policy/2024/03/21/crypto-exchange-okx-to-end-services-in-india/""}]",unadjudicated_risk_flag
okx-nigeria-exit-2024-08,admitted,events/okx-nigeria-exit-2024-08.yaml,0,offramp_cex,observed_change,okx_discontinues_services_for_nigerian_users,"[{""matching_fields"": [""url"", ""body_hash""], ""observation_source_index"": 0, ""trigger_source_index"": 0}, {""matching_fields"": [""url"", ""body_hash""], ""observation_source_index"": 1, ""trigger_source_index"": 1}]","[{""body_hash"": ""sha256:977c3d73fd84cc5ca7720a6f37f869e31f38045652f2f29d8547e0eda55045db"", ""body_path"": ""sources/http_captures/okx-nigeria-exit-2024-08/primary/web.archive.org__web-20240718000000-https-nairametrics.com-2024-07-17-crypto-exchange-okx-to-discontinue-service-in-nigeria__32e70fc89f.html"", ""url"": ""https://nairametrics.com/2024/07/17/crypto-exchange-okx-to-discontinue-service-in-nigeria/"", ""wayback"": ""https://web.archive.org/web/20240718014739/https://nairametrics.com/2024/07/17/crypto-exchange-okx-to-discontinue-service-in-nigeria/""}, {""body_hash"": ""sha256:78589ec1377fbdfe8659806e158c1caab11368354246c16f43613df8d3e9766e"", ""body_path"": ""sources/http_captures/okx-nigeria-exit-2024-08/primary/web.archive.org__web-20240718000000-https-techpoint.africa-2024-07-17-okx-to-discontinue-services-nigeria__c8f9ef3450.html"", ""url"": ""https://techpoint.africa/2024/07/17/okx-to-discontinue-services-nigeria/"", ""wayback"": ""https://web.archive.org/web/20240720075357/https://techpoint.africa/2024/07/17/okx-to-discontinue-services-nigeria/""}]","[{""body_hash"": ""sha256:977c3d73fd84cc5ca7720a6f37f869e31f38045652f2f29d8547e0eda55045db"", ""body_path"": ""sources/http_captures/okx-nigeria-exit-2024-08/primary/web.archive.org__web-20240718000000-https-nairametrics.com-2024-07-17-crypto-exchange-okx-to-discontinue-service-in-nigeria__32e70fc89f.html"", ""url"": ""https://nairametrics.com/2024/07/17/crypto-exchange-okx-to-discontinue-service-in-nigeria/"", ""wayback"": ""https://web.archive.org/web/20240718014739/https://nairametrics.com/2024/07/17/crypto-exchange-okx-to-discontinue-service-in-nigeria/""}, {""body_hash"": ""sha256:78589ec1377fbdfe8659806e158c1caab11368354246c16f43613df8d3e9766e"", ""body_path"": ""sources/http_captures/okx-nigeria-exit-2024-08/primary/web.archive.org__web-20240718000000-https-techpoint.africa-2024-07-17-okx-to-discontinue-services-nigeria__c8f9ef3450.html"", ""url"": ""https://techpoint.africa/2024/07/17/okx-to-discontinue-services-nigeria/"", ""wayback"": ""https://web.archive.org/web/20240720075357/https://techpoint.africa/2024/07/17/okx-to-discontinue-services-nigeria/""}]",unadjudicated_risk_flag
okx-privacy-token-delist-2024,admitted,events/okx-privacy-token-delist-2024.yaml,0,offramp_cex,observed_change,okx_spot_pair_removal_privacy_asset_cohort,"[{""matching_fields"": [""url""], ""observation_source_index"": 0, ""trigger_source_index"": 0}]","[{""url"": ""https://www.okx.com/en-us/help/okx-to-delist-several-spot-trading-pairs-12-29"", ""wayback"": ""https://web.archive.org/web/2023/https://www.okx.com/en-us/help/okx-to-delist-several-spot-trading-pairs-12-29""}]","[{""body_hash"": ""sha256:906ca5286882a3b3c95bbea0becb70eadfc1b6ca42975f2785dd268714251e46"", ""body_path"": ""sources/http_captures/okx-privacy-token-delist-2024/primary/web.archive.org__web-20260306085145-https-www.okx.com-en-us-help-okx-to-delist-several-spot-trading-pairs-12-29__102c2036a9.html"", ""url"": ""https://www.okx.com/en-us/help/okx-to-delist-several-spot-trading-pairs-12-29"", ""wayback"": ""https://web.archive.org/web/20260306085145/https://www.okx.com/en-us/help/okx-to-delist-several-spot-trading-pairs-12-29""}, {""body_hash"": ""sha256:b1c1c50c1d8504a51fada91603b0a3bea7c82efed09e8837d68456c965a2d2e0"", ""body_path"": ""sources/http_captures/okx-privacy-token-delist-2024/primary/web.archive.org__web-20240101173406-https-www.coindesk.com-business-2023-12-29-privacy-tokens-dash-zch-xmr-take-hit-as-okx-says-it-will-suspend-trading__09aacf672a.html"", ""url"": ""https://www.coindesk.com/business/2023/12/29/privacy-tokens-dash-zch-xmr-take-hit-as-okx-says-it-will-suspend-trading"", ""wayback"": ""http://web.archive.org/web/20240101173406/https://www.coindesk.com/business/2023/12/29/privacy-tokens-dash-zch-xmr-take-hit-as-okx-says-it-will-suspend-trading""}]",unadjudicated_risk_flag
orca-dex-us-frontend-block-2023-03,admitted,events/orca-dex-us-frontend-block-2023-03.yaml,0,l4_frontend,observed_change,orca_us_frontend_trading_block,"[{""matching_fields"": [""url"", ""body_hash""], ""observation_source_index"": 0, ""trigger_source_index"": 0}]","[{""body_hash"": ""sha256:43df9163760c4dcb1e8a1d3ca3a1bfc4d1892ded404c74b90d7e41a3995f5491"", ""body_path"": ""sources/http_captures/orca-dex-us-frontend-block-2023-03/primary/web.archive.org__web-20240526065652-https-www.coindesk.com-business-2023-03-16-crypto-exchange-orca-to-block-us-traders-from-website__f580aa3cd0.html"", ""url"": ""https://www.coindesk.com/business/2023/03/16/crypto-exchange-orca-to-block-us-traders-from-website"", ""wayback"": ""https://web.archive.org/web/20240526065652/https://www.coindesk.com/business/2023/03/16/crypto-exchange-orca-to-block-us-traders-from-website/""}]","[{""body_hash"": ""sha256:43df9163760c4dcb1e8a1d3ca3a1bfc4d1892ded404c74b90d7e41a3995f5491"", ""body_path"": ""sources/http_captures/orca-dex-us-frontend-block-2023-03/primary/web.archive.org__web-20240526065652-https-www.coindesk.com-business-2023-03-16-crypto-exchange-orca-to-block-us-traders-from-website__f580aa3cd0.html"", ""url"": ""https://www.coindesk.com/business/2023/03/16/crypto-exchange-orca-to-block-us-traders-from-website"", ""wayback"": ""https://web.archive.org/web/20240526065652/https://www.coindesk.com/business/2023/03/16/crypto-exchange-orca-to-block-us-traders-from-website/""}]",unadjudicated_risk_flag
pakistan-sbp-crypto-prohibition-2018-04,admitted,events/pakistan-sbp-crypto-prohibition-2018-04.yaml,0,offramp_cex,observed_change,pkr_banking_payment_channel_severed_industry_wide,"[{""matching_fields"": [""url"", ""body_hash""], ""observation_source_index"": 0, ""trigger_source_index"": 0}]","[{""body_hash"": ""sha256:7f326e4384a9c3a6f060a2d72326cd09795d56a40ab5a2ae39cce7c1ba81a876"", ""body_path"": ""sources/http_captures/pakistan-sbp-crypto-prohibition-2018-04/primary/web.archive.org__web-20180409033815-http-www.sbp.org.pk-bprd-2018-C3.htm__5d4efb5b12.html"", ""url"": ""https://web.archive.org/web/20180409033815/http://www.sbp.org.pk/bprd/2018/C3.htm"", ""wayback"": ""https://web.archive.org/web/20180409033815/http://www.sbp.org.pk/bprd/2018/C3.htm""}]","[{""body_hash"": ""sha256:7f326e4384a9c3a6f060a2d72326cd09795d56a40ab5a2ae39cce7c1ba81a876"", ""body_path"": ""sources/http_captures/pakistan-sbp-crypto-prohibition-2018-04/primary/web.archive.org__web-20180409033815-http-www.sbp.org.pk-bprd-2018-C3.htm__5d4efb5b12.html"", ""url"": ""https://web.archive.org/web/20180409033815/http://www.sbp.org.pk/bprd/2018/C3.htm"", ""wayback"": ""https://web.archive.org/web/20180409033815/http://www.sbp.org.pk/bprd/2018/C3.htm""}]",unadjudicated_risk_flag
pancakeswap-sanctioned-country-frontend-geofence-2022,admitted,events/pancakeswap-sanctioned-country-frontend-geofence-2022.yaml,0,l4_frontend,observed_change,pancakeswap_frontend_geoblocks_ofac_sanctioned_jurisdictions,"[{""matching_fields"": [""url"", ""body_hash""], ""observation_source_index"": 0, ""trigger_source_index"": 0}]","[{""body_hash"": ""sha256:574429bc1d4b30014b98930cbb13b6df9e22e0a330cf178929cd25e466bb6988"", ""body_path"": ""sources/http_captures/pancakeswap-sanctioned-country-frontend-geofence-2022/primary/web.archive.org__web-20260217132905-https-www.theblock.co-linked-133904-pancakeswap-dex-reportedly-set-to-block-users-from-iran__0c9239bd6e.html"", ""url"": ""https://www.theblock.co/linked/133904/pancakeswap-dex-reportedly-set-to-block-users-from-iran"", ""wayback"": ""https://web.archive.org/web/20260217132905/https://www.theblock.co/linked/133904/pancakeswap-dex-reportedly-set-to-block-users-from-iran""}]","[{""body_hash"": ""sha256:574429bc1d4b30014b98930cbb13b6df9e22e0a330cf178929cd25e466bb6988"", ""body_path"": ""sources/http_captures/pancakeswap-sanctioned-country-frontend-geofence-2022/primary/web.archive.org__web-20260217132905-https-www.theblock.co-linked-133904-pancakeswap-dex-reportedly-set-to-block-users-from-iran__0c9239bd6e.html"", ""url"": ""https://www.theblock.co/linked/133904/pancakeswap-dex-reportedly-set-to-block-users-from-iran"", ""wayback"": ""https://web.archive.org/web/20260217132905/https://www.theblock.co/linked/133904/pancakeswap-dex-reportedly-set-to-block-users-from-iran""}]",unadjudicated_risk_flag
paxos-busd-nydfs-minting-stop-2023,admitted,events/paxos-busd-nydfs-minting-stop-2023.yaml,0,l4_frontend,observed_change,paxos_newsroom_publishes_busd_mint_halt_announcement,"[{""matching_fields"": [""url""], ""observation_source_index"": 0, ""trigger_source_index"": 0}, {""matching_fields"": [""url""], ""observation_source_index"": 1, ""trigger_source_index"": 1}]","[{""url"": ""https://paxos.com/2023/02/13/paxos-will-halt-minting-new-busd-tokens/"", ""wayback"": ""https://web.archive.org/web/20260516000000/https://paxos.com/2023/02/13/paxos-will-halt-minting-new-busd-tokens/""}, {""url"": ""https://www.dfs.ny.gov/consumers/alerts/Paxos_and_Binance"", ""wayback"": ""https://web.archive.org/web/20260516000000/https://www.dfs.ny.gov/consumers/alerts/Paxos_and_Binance""}]","[{""body_hash"": ""sha256:20cf46d805b71b26be425f1c60930dea3d6838a1df9f7eb3a76b7584f3ba6532"", ""body_path"": ""sources/http_captures/paxos-busd-nydfs-minting-stop-2023/primary/web.archive.org__web-20230214000000-https-paxos.com-2023-02-13-paxos-will-halt-minting-new-busd-tokens__602cb8008a.html"", ""url"": ""https://paxos.com/2023/02/13/paxos-will-halt-minting-new-busd-tokens/"", ""wayback"": ""https://web.archive.org/web/20230214005251/https://paxos.com/2023/02/13/paxos-will-halt-minting-new-busd-tokens/""}, {""body_hash"": ""sha256:e46f57f3eb0ad162ca2ab25a06f12b9ae048c1c24436850f8e5eb2a7c22ef6ec"", ""body_path"": ""sources/http_captures/paxos-busd-nydfs-minting-stop-2023/primary/web.archive.org__web-20230214000000-https-www.dfs.ny.gov-consumers-alerts-Paxos_and_Binance__33434460fb.html"", ""url"": ""https://www.dfs.ny.gov/consumers/alerts/Paxos_and_Binance"", ""wayback"": ""https://web.archive.org/web/20230213223852/https://www.dfs.ny.gov/consumers/alerts/Paxos_and_Binance""}]",unadjudicated_risk_flag
paxos-canada-exit-2023-04,admitted,events/paxos-canada-exit-2023-04.yaml,0,offramp_cex,observed_change,paxos_canada_offramp_shutdown,"[{""matching_fields"": [""url"", ""body_hash""], ""observation_source_index"": 0, ""trigger_source_index"": 0}, {""matching_fields"": [""url"", ""body_hash""], ""observation_source_index"": 1, ""trigger_source_index"": 1}]","[{""body_hash"": ""sha256:bffcd3c6765a875abff57a45dfdc3716d6217a3937298a0766c6325a1edc2196"", ""body_path"": ""sources/http_captures/paxos-canada-exit-2023-04/official-paxos-canada-support/support.paxos.com__hc-en-us-articles-14791919809812-Paxos-Withdrawal-from-Canada__59e2fa6332.html"", ""url"": ""https://support.paxos.com/articles/3570242566-paxos-withdrawal-from-canada""}, {""body_hash"": ""sha256:2847886e2e270edad0e32f6d9bbfe7ccd32af9a5aaeadadfceb3a0c9b5c946d3"", ""body_path"": ""sources/http_captures/paxos-canada-exit-2023-04/primary/web.archive.org__web-20240810111740-https-www.coindesk.com-business-2023-04-12-blockchain-financial-services-firm-paxos-is-withdrawing-from-canada__c7eb09cb13.html"", ""url"": ""https://www.coindesk.com/business/2023/04/12/blockchain-financial-services-firm-paxos-is-withdrawing-from-canada"", ""wayback"": ""https://web.archive.org/web/20240810111740/https://www.coindesk.com/business/2023/04/12/blockchain-financial-services-firm-paxos-is-withdrawing-from-canada/""}]","[{""body_hash"": ""sha256:bffcd3c6765a875abff57a45dfdc3716d6217a3937298a0766c6325a1edc2196"", ""body_path"": ""sources/http_captures/paxos-canada-exit-2023-04/official-paxos-canada-support/support.paxos.com__hc-en-us-articles-14791919809812-Paxos-Withdrawal-from-Canada__59e2fa6332.html"", ""url"": ""https://support.paxos.com/articles/3570242566-paxos-withdrawal-from-canada""}, {""body_hash"": ""sha256:2847886e2e270edad0e32f6d9bbfe7ccd32af9a5aaeadadfceb3a0c9b5c946d3"", ""body_path"": ""sources/http_captures/paxos-canada-exit-2023-04/primary/web.archive.org__web-20240810111740-https-www.coindesk.com-business-2023-04-12-blockchain-financial-services-firm-paxos-is-withdrawing-from-canada__c7eb09cb13.html"", ""url"": ""https://www.coindesk.com/business/2023/04/12/blockchain-financial-services-firm-paxos-is-withdrawing-from-canada"", ""wayback"": ""https://web.archive.org/web/20240810111740/https://www.coindesk.com/business/2023/04/12/blockchain-financial-services-firm-paxos-is-withdrawing-from-canada/""}]",unadjudicated_risk_flag
pecunix-bullion-transfer-2008,admitted,events/pecunix-bullion-transfer-2008.yaml,0,offramp_cex,observed_change,pecunix_directors_transfer_bullion_reserves_from_mat_securitas_zurich_to_undisclosed_location,"[{""matching_fields"": [""url""], ""observation_source_index"": 1, ""trigger_source_index"": 2}]","[{""url"": ""https://en.wikipedia.org/wiki/Digital_gold_currency"", ""wayback"": ""https://web.archive.org/web/2008/https://en.wikipedia.org/wiki/Digital_gold_currency""}, {""url"": ""https://en-academic.com/dic.nsf/enwiki/1580701"", ""wayback"": ""https://web.archive.org/web/2008/https://en-academic.com/dic.nsf/enwiki/1580701""}, {""url"": ""https://themonetaryfuture.blogspot.com/2010/07/overview-of-pecunix.html"", ""wayback"": ""https://web.archive.org/web/2008/https://themonetaryfuture.blogspot.com/2010/07/overview-of-pecunix.html""}]","[{""body_hash"": ""sha256:32bba84329e2bcc83ac181810ae56d27483e4ddae6ef03c6b53c1a6271a81773"", ""body_path"": ""sources/http_captures/pecunix-bullion-transfer-2008/primary/web.archive.org__web-20081014015939-http-www.pecunix.com-money.refined...ind.goldbars__f0f49c077e.html"", ""url"": ""http://www.pecunix.com/money.refined...ind.goldbars"", ""wayback"": ""https://web.archive.org/web/20081014015939/http://www.pecunix.com/money.refined...ind.goldbars""}, {""body_hash"": ""sha256:51e7ca12d132901dad9cba171796127b8e3ba8e718470ac4ce57b2b932b27efe"", ""body_path"": ""sources/http_captures/pecunix-bullion-transfer-2008/primary/web.archive.org__web-20110101000000-https-themonetaryfuture.blogspot.com-2010-07-overview-of-pecunix.html__82da1f34dd.html"", ""url"": ""https://themonetaryfuture.blogspot.com/2010/07/overview-of-pecunix.html"", ""wayback"": ""https://web.archive.org/web/20120403064453/http://themonetaryfuture.blogspot.com/2010/07/overview-of-pecunix.html""}]",unadjudicated_risk_flag
philippines-bsp-vasp-license-moratorium-2022-09,admitted,events/philippines-bsp-vasp-license-moratorium-2022-09.yaml,0,offramp_cex,observed_change,new_vasp_license_window_closed_three_year_moratorium,"[{""matching_fields"": [""url"", ""body_hash""], ""observation_source_index"": 0, ""trigger_source_index"": 0}, {""matching_fields"": [""url"", ""body_hash""], ""observation_source_index"": 1, ""trigger_source_index"": 1}]","[{""body_hash"": ""sha256:91dfac514d4bc41768fa0c9451095ccf38273e48a69b393d60f5939767874d1e"", ""body_path"": ""sources/http_captures/philippines-bsp-vasp-license-moratorium-2022-09/primary/www.bsp.gov.ph__Regulations-Issuances-2022-M-2022-035.pdf__62423443c1.bin"", ""url"": ""https://www.bsp.gov.ph/Regulations/Issuances/2022/M-2022-035.pdf"", ""wayback"": ""https://web.archive.org/web/20260531040728/https://www.bsp.gov.ph/Regulations/Issuances/2022/M-2022-035.pdf""}, {""body_hash"": ""sha256:48f70da56ca561fbfd2be23bf44d47450f3e7398e927b8812c26e0540073bb99"", ""body_path"": ""sources/http_captures/philippines-bsp-vasp-license-moratorium-2022-09/primary/web.archive.org__web-20220819111117-https-www.rappler.com-business-bangko-sentral-pilipinas-imposes-moratorium-virtual-asset-service-providers-licensing__a29fc115f0.html"", ""url"": ""https://www.rappler.com/business/bangko-sentral-pilipinas-imposes-moratorium-virtual-asset-service-providers-licensing/"", ""wayback"": ""https://web.archive.org/web/20220819111117/https://www.rappler.com/business/bangko-sentral-pilipinas-imposes-moratorium-virtual-asset-service-providers-licensing/""}]","[{""body_hash"": ""sha256:91dfac514d4bc41768fa0c9451095ccf38273e48a69b393d60f5939767874d1e"", ""body_path"": ""sources/http_captures/philippines-bsp-vasp-license-moratorium-2022-09/primary/www.bsp.gov.ph__Regulations-Issuances-2022-M-2022-035.pdf__62423443c1.bin"", ""url"": ""https://www.bsp.gov.ph/Regulations/Issuances/2022/M-2022-035.pdf"", ""wayback"": ""https://web.archive.org/web/20260531040728/https://www.bsp.gov.ph/Regulations/Issuances/2022/M-2022-035.pdf""}, {""body_hash"": ""sha256:48f70da56ca561fbfd2be23bf44d47450f3e7398e927b8812c26e0540073bb99"", ""body_path"": ""sources/http_captures/philippines-bsp-vasp-license-moratorium-2022-09/primary/web.archive.org__web-20220819111117-https-www.rappler.com-business-bangko-sentral-pilipinas-imposes-moratorium-virtual-asset-service-providers-licensing__a29fc115f0.html"", ""url"": ""https://www.rappler.com/business/bangko-sentral-pilipinas-imposes-moratorium-virtual-asset-service-providers-licensing/"", ""wayback"": ""https://web.archive.org/web/20220819111117/https://www.rappler.com/business/bangko-sentral-pilipinas-imposes-moratorium-virtual-asset-service-providers-licensing/""}]",unadjudicated_risk_flag
philippines-sec-binance-block-2024,admitted,events/philippines-sec-binance-block-2024.yaml,1,offramp_cex,observed_change,php_peso_onramp_offramp_closed_for_ph_users,"[{""matching_fields"": [""url"", ""body_hash""], ""observation_source_index"": 0, ""trigger_source_index"": 1}]","[{""url"": ""https://www.sec.gov.ph/notice-of-warning/notice-of-warning-against-binance/"", ""wayback"": ""https://web.archive.org/web/2024/https://www.sec.gov.ph/notice-of-warning/notice-of-warning-against-binance/""}, {""body_hash"": ""sha256:6e15b7585387cd53250a957d04616da64b80530622c2e8e61caa3c1974bd44a6"", ""body_path"": ""sources/http_captures/philippines-sec-binance-block-2024/primary/web.archive.org__web-20240326182724-https-www.gmanetwork.com-news-money-companies-901661-sec-formally-requests-ntc-to-block-binance-in-ph-story__e7790a2d2e.html"", ""url"": ""https://www.gmanetwork.com/news/money/companies/901661/sec-formally-requests-ntc-to-block-binance-in-ph/story/"", ""wayback"": ""https://web.archive.org/web/20240326182724/https://www.gmanetwork.com/news/money/companies/901661/sec-formally-requests-ntc-to-block-binance-in-ph/story/""}]","[{""body_hash"": ""sha256:6e15b7585387cd53250a957d04616da64b80530622c2e8e61caa3c1974bd44a6"", ""body_path"": ""sources/http_captures/philippines-sec-binance-block-2024/primary/web.archive.org__web-20240326182724-https-www.gmanetwork.com-news-money-companies-901661-sec-formally-requests-ntc-to-block-binance-in-ph-story__e7790a2d2e.html"", ""url"": ""https://www.gmanetwork.com/news/money/companies/901661/sec-formally-requests-ntc-to-block-binance-in-ph/story/"", ""wayback"": ""https://web.archive.org/web/20240326182724/https://www.gmanetwork.com/news/money/companies/901661/sec-formally-requests-ntc-to-block-binance-in-ph/story/""}, {""body_hash"": ""sha256:84c5a6c569687491a273bf4e7a1ff3b1c402552e2d6ca0393908958eaa8c38dc"", ""body_path"": ""sources/http_captures/philippines-sec-binance-block-2024/v0_3_primary_repair/api.ooni.io__api-v1-measurements__80d9945fd5.json"", ""url"": ""https://api.ooni.io/api/v1/measurements?probe_cc=PH&test_name=web_connectivity&input=https%3A%2F%2Fwww.binance.com%2F&since=2024-03-25&until=2024-04-25&limit=5""}]",unadjudicated_risk_flag
poloniex-circle-us-token-geofence-2019-05,admitted,events/poloniex-circle-us-token-geofence-2019-05.yaml,0,offramp_cex,observed_change,poloniex_disables_nine_token_markets_for_us_customers,"[{""matching_fields"": [""url"", ""body_hash""], ""observation_source_index"": 0, ""trigger_source_index"": 0}, {""matching_fields"": [""url"", ""body_hash""], ""observation_source_index"": 1, ""trigger_source_index"": 1}]","[{""body_hash"": ""sha256:731147a66cc35d8d17fdd325924bc420ec0455ca344879e5a6cbd81c4bd49149"", ""body_path"": ""sources/http_captures/poloniex-circle-us-token-geofence-2019-05/official_medium/medium.com__circle-trader-poloniex-to-stop-offering-trading-of-9-assets-to-us-customers-all-assets-remain-available-to-b4c5703c0e9__2b2e4bf71f.html"", ""url"": ""https://medium.com/poloniex/poloniex-to-stop-offering-trading-of-9-assets-to-us-customers-all-assets-remain-available-to-b4c5703c0e9""}, {""body_hash"": ""sha256:a082154989678f094d26dbe5bed5aa54e1fdb908b2a31048d88236a664b17bda"", ""body_path"": ""sources/http_captures/poloniex-circle-us-token-geofence-2019-05/primary/web.archive.org__web-20190523213503-https-www.cryptoglobe.com-latest-2019-05-poloniex-will-disable-trading-for-nine-altcoins-for-u-s-customers-only__9b86ad4fbf.html"", ""url"": ""https://www.cryptoglobe.com/latest/2019/05/poloniex-will-disable-trading-for-nine-altcoins-for-u-s-customers-only/"", ""wayback"": ""https://web.archive.org/web/20190523213503/https://www.cryptoglobe.com/latest/2019/05/poloniex-will-disable-trading-for-nine-altcoins-for-u-s-customers-only/""}]","[{""body_hash"": ""sha256:731147a66cc35d8d17fdd325924bc420ec0455ca344879e5a6cbd81c4bd49149"", ""body_path"": ""sources/http_captures/poloniex-circle-us-token-geofence-2019-05/official_medium/medium.com__circle-trader-poloniex-to-stop-offering-trading-of-9-assets-to-us-customers-all-assets-remain-available-to-b4c5703c0e9__2b2e4bf71f.html"", ""url"": ""https://medium.com/poloniex/poloniex-to-stop-offering-trading-of-9-assets-to-us-customers-all-assets-remain-available-to-b4c5703c0e9""}, {""body_hash"": ""sha256:a082154989678f094d26dbe5bed5aa54e1fdb908b2a31048d88236a664b17bda"", ""body_path"": ""sources/http_captures/poloniex-circle-us-token-geofence-2019-05/primary/web.archive.org__web-20190523213503-https-www.cryptoglobe.com-latest-2019-05-poloniex-will-disable-trading-for-nine-altcoins-for-u-s-customers-only__9b86ad4fbf.html"", ""url"": ""https://www.cryptoglobe.com/latest/2019/05/poloniex-will-disable-trading-for-nine-altcoins-for-u-s-customers-only/"", ""wayback"": ""https://web.archive.org/web/20190523213503/https://www.cryptoglobe.com/latest/2019/05/poloniex-will-disable-trading-for-nine-altcoins-for-u-s-customers-only/""}, {""body_hash"": ""sha256:8c36623874f82ccccfe3995879bad3ed4e384db16ff89f63d69fce4003e1bc4c"", ""body_path"": ""sources/http_captures/poloniex-circle-us-token-geofence-2019-05/primary/web.archive.org__web-20190820083551-https-coingeek.com-poloniex-disables-markets-for-9-crypto-tokens-but-only-for-us-clients__a8933b13ca.html"", ""url"": ""https://coingeek.com/poloniex-disables-markets-for-9-crypto-tokens-but-only-for-us-clients/"", ""wayback"": ""https://web.archive.org/web/20190820083551/https://coingeek.com/poloniex-disables-markets-for-9-crypto-tokens-but-only-for-us-clients/""}]",unadjudicated_risk_flag
polymarket-cftc-geofence-2022-01,admitted,events/polymarket-cftc-geofence-2022-01.yaml,0,l4_frontend,observed_change,polymarket_us_vantage_geofence_post_cftc_settlement,"[{""matching_fields"": [""url"", ""body_hash""], ""observation_source_index"": 0, ""trigger_source_index"": 0}]","[{""body_hash"": ""sha256:ced129f8b43464ae9b2a24d4375187c2f7fa14a963347375c13394c5163f500f"", ""body_path"": ""sources/http_captures/polymarket-cftc-geofence-2022-01/primary/web.archive.org__web-20220103203805-https-www.cftc.gov-PressRoom-PressReleases-8478-22__afc6e83fb6.html"", ""url"": ""https://www.cftc.gov/PressRoom/PressReleases/8478-22"", ""wayback"": ""https://web.archive.org/web/20220103203805/https://www.cftc.gov/PressRoom/PressReleases/8478-22""}]","[{""body_hash"": ""sha256:ced129f8b43464ae9b2a24d4375187c2f7fa14a963347375c13394c5163f500f"", ""body_path"": ""sources/http_captures/polymarket-cftc-geofence-2022-01/primary/web.archive.org__web-20220103203805-https-www.cftc.gov-PressRoom-PressReleases-8478-22__afc6e83fb6.html"", ""url"": ""https://www.cftc.gov/PressRoom/PressReleases/8478-22"", ""wayback"": ""https://web.archive.org/web/20220103203805/https://www.cftc.gov/PressRoom/PressReleases/8478-22""}, {""url"": ""https://thedefiant.io/news/defi/polymarket-settlement-cftc"", ""wayback"": ""https://web.archive.org/web/20260516000000/https://thedefiant.io/news/defi/polymarket-settlement-cftc""}, {""body_hash"": ""sha256:d9ca9a1d0ca42055bfb0a09a1bb5d8637e1e3a1b979e5d9a4f33893cd50b6692"", ""body_path"": ""sources/http_captures/polymarket-cftc-geofence-2022-01/primary/web.archive.org__web-20260424003623-https-www.justice.gov-opa-pr-us-soldier-charged-using-classified-information-profit-prediction-market-bets__32c90e5988.html"", ""url"": ""https://www.justice.gov/opa/pr/us-soldier-charged-using-classified-information-profit-prediction-market-bets"", ""wayback"": ""https://web.archive.org/web/20260424003623/https://www.justice.gov/opa/pr/us-soldier-charged-using-classified-information-profit-prediction-market-bets""}]",unadjudicated_risk_flag
polynonce-bittrex-fincen-2022,admitted,events/polynonce-bittrex-fincen-2022.yaml,0,offramp_cex,observed_change,bittrex_us_post_settlement_sanctioned_jurisdiction_deplatforming,"[{""matching_fields"": [""url"", ""body_hash""], ""observation_source_index"": 0, ""trigger_source_index"": 1}]","[{""body_hash"": ""sha256:3fad20a38bc90c2e69c4b8cabcc7326e8c01c39c4f264d3842202155851d5d3a"", ""body_path"": ""sources/http_captures/polynonce-bittrex-fincen-2022/v0_3_repair/www.fincen.gov__news-news-releases-fincen-announces-29-million-enforcement-action-against-virtual-asset-service__19564bb342.html"", ""url"": ""https://www.fincen.gov/news/news-releases/fincen-announces-29-million-enforcement-action-against-virtual-asset-service""}, {""body_hash"": ""sha256:1800f0add8fa668173861bc695f482bace51868bb6db2f93dd8499bd35e8690e"", ""body_path"": ""sources/http_captures/polynonce-bittrex-fincen-2022/primary/www.fincen.gov__system-files-enforcement_action-2023-04-04-Bittrex_Consent_Order_10.11.2022.pdf__67076fec6c.bin"", ""url"": ""https://www.fincen.gov/system/files/enforcement_action/2023-04-04/Bittrex_Consent_Order_10.11.2022.pdf""}, {""body_hash"": ""sha256:d039a9ba782d9c448f5c8d67ce4c6c2497b920e70ca795352b9ac4c1c071df99"", ""body_path"": ""sources/http_captures/polynonce-bittrex-fincen-2022/v0_3_repair/www.cnbc.com__2022-10-11-crypto-company-fined-29point3-million-for-violating-multiple-us-sanctions-.html__5dc35e52b2.html"", ""url"": ""https://www.cnbc.com/2022/10/11/crypto-company-fined-29point3-million-for-violating-multiple-us-sanctions-.html""}]","[{""body_hash"": ""sha256:1800f0add8fa668173861bc695f482bace51868bb6db2f93dd8499bd35e8690e"", ""body_path"": ""sources/http_captures/polynonce-bittrex-fincen-2022/primary/www.fincen.gov__system-files-enforcement_action-2023-04-04-Bittrex_Consent_Order_10.11.2022.pdf__67076fec6c.bin"", ""url"": ""https://www.fincen.gov/system/files/enforcement_action/2023-04-04/Bittrex_Consent_Order_10.11.2022.pdf""}]",unadjudicated_risk_flag
powell-unlicensed-bitcoin-exchange-2014,admitted,events/powell-unlicensed-bitcoin-exchange-2014.yaml,0,offramp_cex,observed_change,powell_individual_unlicensed_msb_offramp_terminated_by_doj_sentencing,"[{""matching_fields"": [""url"", ""body_hash""], ""observation_source_index"": 0, ""trigger_source_index"": 0}]","[{""body_hash"": ""sha256:b78a3318ac70cd09fe1a0b1ba5458d7c2ba6ba8a10892b337724d1b3f2b7cef1"", ""body_path"": ""sources/http_captures/powell-unlicensed-bitcoin-exchange-2014/primary/www.justice.gov__usao-cdil-pr-mclean-county-man__wayback_20141210__primary.html"", ""url"": ""https://www.justice.gov/usao-cdil/pr/mclean-county-man-serve-four-years-prisonfor-operating-unlicensed-internet-bitcoin"", ""wayback"": ""https://web.archive.org/web/20141210000000/https://www.justice.gov/usao-cdil/pr/mclean-county-man-serve-four-years-prisonfor-operating-unlicensed-internet-bitcoin""}]","[{""body_hash"": ""sha256:b78a3318ac70cd09fe1a0b1ba5458d7c2ba6ba8a10892b337724d1b3f2b7cef1"", ""body_path"": ""sources/http_captures/powell-unlicensed-bitcoin-exchange-2014/primary/www.justice.gov__usao-cdil-pr-mclean-county-man__wayback_20141210__primary.html"", ""url"": ""https://www.justice.gov/usao-cdil/pr/mclean-county-man-serve-four-years-prisonfor-operating-unlicensed-internet-bitcoin"", ""wayback"": ""https://web.archive.org/web/20141210000000/https://www.justice.gov/usao-cdil/pr/mclean-county-man-serve-four-years-prisonfor-operating-unlicensed-internet-bitcoin""}]",unadjudicated_risk_flag
pump-fun-uk-fca-geofence-2024-12,admitted,events/pump-fun-uk-fca-geofence-2024-12.yaml,0,l4_frontend,observed_change,pump_fun_geofenced_uk_vantage_users_from_pump_fun_frontend,"[{""matching_fields"": [""url""], ""observation_source_index"": 0, ""trigger_source_index"": 3}, {""matching_fields"": [""url""], ""observation_source_index"": 1, ""trigger_source_index"": 4}]","[{""url"": ""https://pump.fun/"", ""wayback"": ""https://web.archive.org/web/2024/https://pump.fun/""}, {""url"": ""https://www.fca.org.uk/news/warnings/pumpfun"", ""wayback"": ""https://web.archive.org/web/2024/https://www.fca.org.uk/news/warnings/pumpfun""}, {""url"": ""https://www.theblock.co/post/329804/uk-top-financial-regulator-says-pump-fun-doesnt-have-its-permission-to-do-business-in-the-country"", ""wayback"": ""https://web.archive.org/web/2024/https://www.theblock.co/post/329804/uk-top-financial-regulator-says-pump-fun-doesnt-have-its-permission-to-do-business-in-the-country""}, {""url"": ""https://cryptoslate.com/pump-fun-updates-terms-to-block-uk-users-days-after-fca-warning/"", ""wayback"": ""https://web.archive.org/web/2024/https://cryptoslate.com/pump-fun-updates-terms-to-block-uk-users-days-after-fca-warning/""}, {""url"": ""https://www.cryptotimes.io/2024/12/06/pump-fun-bans-uk-traders-in-response-to-fca-warning/"", ""wayback"": ""https://web.archive.org/web/2024/https://www.cryptotimes.io/2024/12/06/pump-fun-bans-uk-traders-in-response-to-fca-warning/""}]","[{""body_hash"": ""sha256:c89e8a19841cb5f02b437f51e6ebd165397c02fbacf2fcbbc458dbc905ff6282"", ""body_path"": ""sources/http_captures/pump-fun-uk-fca-geofence-2024-12/primary/web.archive.org__web-20241207000000-https-cryptoslate.com-pump-fun-updates-terms-to-block-uk-users-days-after-fca-warning__eabad3caba.html"", ""url"": ""https://cryptoslate.com/pump-fun-updates-terms-to-block-uk-users-days-after-fca-warning/"", ""wayback"": ""https://web.archive.org/web/20241207231750/https://cryptoslate.com/pump-fun-updates-terms-to-block-uk-users-days-after-fca-warning/""}, {""body_hash"": ""sha256:771240e85b52250fb07f3ff3388fc0e177ba1f4bc1fb9739e52237295158ba5e"", ""body_path"": ""sources/http_captures/pump-fun-uk-fca-geofence-2024-12/primary/web.archive.org__web-20241207000000-https-www.cryptotimes.io-2024-12-06-pump-fun-bans-uk-traders-in-response-to-fca-warning__7c3039752d.html"", ""url"": ""https://www.cryptotimes.io/2024/12/06/pump-fun-bans-uk-traders-in-response-to-fca-warning/"", ""wayback"": ""https://web.archive.org/web/20250904185529/https://www.cryptotimes.io/2024/12/06/pump-fun-bans-uk-traders-in-response-to-fca-warning/""}]",unadjudicated_risk_flag
qatar-qcb-qfcra-virtual-asset-ban-2019-12,admitted,events/qatar-qcb-qfcra-virtual-asset-ban-2019-12.yaml,0,offramp_cex,observed_change,virtual_asset_services_prohibited_in_qfc,"[{""matching_fields"": [""url"", ""body_hash""], ""observation_source_index"": 0, ""trigger_source_index"": 0}, {""matching_fields"": [""url"", ""body_hash""], ""observation_source_index"": 1, ""trigger_source_index"": 2}]","[{""body_hash"": ""sha256:0ca883a722644025bc4a119a3fc8dbf036fdade33c9eb169714dbec3f1912d57"", ""body_path"": ""sources/http_captures/qatar-qcb-qfcra-virtual-asset-ban-2019-12/primary/web.archive.org__web-20250215180029id_-https-www.qfcra.com-wp-content-uploads-2022-07-QFC-VASPS-ALERT-pdf.pdf__6d8181e270.bin"", ""url"": ""https://www.qfcra.com/wp-content/uploads/2022/07/QFC-VASPS-ALERT-pdf.pdf"", ""wayback"": ""https://web.archive.org/web/20250215180029id_/https://www.qfcra.com/wp-content/uploads/2022/07/QFC-VASPS-ALERT-pdf.pdf""}, {""body_hash"": ""sha256:269f59abca981420c4c8fc13b9a862a09a57b52b6f84309e8325b33bf091f75e"", ""body_path"": ""sources/http_captures/qatar-qcb-qfcra-virtual-asset-ban-2019-12/primary/web.archive.org__web-20240620125924-https-www.theblock.co-linked-52087-qatar-bans-crypto-trading-report__33e30814aa.html"", ""url"": ""https://www.theblock.co/linked/52087/qatar-bans-crypto-trading-report"", ""wayback"": ""https://web.archive.org/web/20240620125924/https://www.theblock.co/linked/52087/qatar-bans-crypto-trading-report""}, {""body_hash"": ""sha256:24e4f1c4f40f88a3e5403432b9cfebdfbcb275cf2c926fbdabd83808dae521b4"", ""body_path"": ""sources/http_captures/qatar-qcb-qfcra-virtual-asset-ban-2019-12/primary/web.archive.org__web-20260111000000-https-blogs.loc.gov-law-2025-01-regulation-of-cryptocurrencies-in-the-gulf-cooperation-council-gcc-countries-part-two__4a6aef3133.html"", ""url"": ""https://blogs.loc.gov/law/2025/01/regulation-of-cryptocurrencies-in-the-gulf-cooperation-council-gcc-countries-part-two/"", ""wayback"": ""https://web.archive.org/web/20260111122810/https://blogs.loc.gov/law/2025/01/regulation-of-cryptocurrencies-in-the-gulf-cooperation-council-gcc-countries-part-two/""}]","[{""body_hash"": ""sha256:0ca883a722644025bc4a119a3fc8dbf036fdade33c9eb169714dbec3f1912d57"", ""body_path"": ""sources/http_captures/qatar-qcb-qfcra-virtual-asset-ban-2019-12/primary/web.archive.org__web-20250215180029id_-https-www.qfcra.com-wp-content-uploads-2022-07-QFC-VASPS-ALERT-pdf.pdf__6d8181e270.bin"", ""url"": ""https://www.qfcra.com/wp-content/uploads/2022/07/QFC-VASPS-ALERT-pdf.pdf"", ""wayback"": ""https://web.archive.org/web/20250215180029id_/https://www.qfcra.com/wp-content/uploads/2022/07/QFC-VASPS-ALERT-pdf.pdf""}, {""body_hash"": ""sha256:24e4f1c4f40f88a3e5403432b9cfebdfbcb275cf2c926fbdabd83808dae521b4"", ""body_path"": ""sources/http_captures/qatar-qcb-qfcra-virtual-asset-ban-2019-12/primary/web.archive.org__web-20260111000000-https-blogs.loc.gov-law-2025-01-regulation-of-cryptocurrencies-in-the-gulf-cooperation-council-gcc-countries-part-two__4a6aef3133.html"", ""url"": ""https://blogs.loc.gov/law/2025/01/regulation-of-cryptocurrencies-in-the-gulf-cooperation-council-gcc-countries-part-two/"", ""wayback"": ""https://web.archive.org/web/20260111122810/https://blogs.loc.gov/law/2025/01/regulation-of-cryptocurrencies-in-the-gulf-cooperation-council-gcc-countries-part-two/""}]",unadjudicated_risk_flag
ripple-fincen-xrp-2015,admitted,events/ripple-fincen-xrp-2015.yaml,0,offramp_cex,observed_change,xrp_ii_registered_as_msb_and_aml_program_imposed_by_consent,"[{""matching_fields"": [""url"", ""body_hash""], ""observation_source_index"": 0, ""trigger_source_index"": 0}, {""matching_fields"": [""url"", ""body_hash""], ""observation_source_index"": 1, ""trigger_source_index"": 1}]","[{""body_hash"": ""sha256:d2d4e482f4de604c69a45dab779b29cb72933f8bdd6b77124255d8582e202f8c"", ""body_path"": ""sources/http_captures/ripple-fincen-xrp-2015/primary/www.fincen.gov__news-news-releases-fincen-fines-ripple-labs-inc-first-civil-enforcement-action-against-virtual__5fd00ced6f.html"", ""url"": ""https://www.fincen.gov/news/news-releases/fincen-fines-ripple-labs-inc-first-civil-enforcement-action-against-virtual"", ""wayback"": ""https://web.archive.org/web/20260516024709/https://www.fincen.gov/news/news-releases/fincen-fines-ripple-labs-inc-first-civil-enforcement-action-against-virtual""}, {""body_hash"": ""sha256:066ed416eec851a73a57a8d20af7152539cee1b7728844f62e96114b19dcfb8e"", ""body_path"": ""sources/http_captures/ripple-fincen-xrp-2015/primary/www.justice.gov__usao-ndca-pr-ripple-labs-inc-resolves-criminal-investigation__b6061d36f1.html"", ""url"": ""https://www.justice.gov/usao-ndca/pr/ripple-labs-inc-resolves-criminal-investigation"", ""wayback"": ""https://web.archive.org/web/20260516024821/https://www.justice.gov/usao-ndca/pr/ripple-labs-inc-resolves-criminal-investigation""}]","[{""body_hash"": ""sha256:d2d4e482f4de604c69a45dab779b29cb72933f8bdd6b77124255d8582e202f8c"", ""body_path"": ""sources/http_captures/ripple-fincen-xrp-2015/primary/www.fincen.gov__news-news-releases-fincen-fines-ripple-labs-inc-first-civil-enforcement-action-against-virtual__5fd00ced6f.html"", ""url"": ""https://www.fincen.gov/news/news-releases/fincen-fines-ripple-labs-inc-first-civil-enforcement-action-against-virtual"", ""wayback"": ""https://web.archive.org/web/20260516024709/https://www.fincen.gov/news/news-releases/fincen-fines-ripple-labs-inc-first-civil-enforcement-action-against-virtual""}, {""body_hash"": ""sha256:066ed416eec851a73a57a8d20af7152539cee1b7728844f62e96114b19dcfb8e"", ""body_path"": ""sources/http_captures/ripple-fincen-xrp-2015/primary/www.justice.gov__usao-ndca-pr-ripple-labs-inc-resolves-criminal-investigation__b6061d36f1.html"", ""url"": ""https://www.justice.gov/usao-ndca/pr/ripple-labs-inc-resolves-criminal-investigation"", ""wayback"": ""https://web.archive.org/web/20260516024821/https://www.justice.gov/usao-ndca/pr/ripple-labs-inc-resolves-criminal-investigation""}]",unadjudicated_risk_flag
russia-mining-regional-ban-2024-12,admitted,events/russia-mining-regional-ban-2024-12.yaml,0,l1_consensus,observed_change,russia_council_of_ministers_prohibits_mining_in_ten_regions_2025_01_2031_03,"[{""matching_fields"": [""url""], ""observation_source_index"": 0, ""trigger_source_index"": 0}, {""matching_fields"": [""url""], ""observation_source_index"": 1, ""trigger_source_index"": 1}, {""matching_fields"": [""url""], ""observation_source_index"": 2, ""trigger_source_index"": 2}]","[{""url"": ""http://government.ru/news/53954/"", ""wayback"": ""https://web.archive.org/web/2024/http://government.ru/news/53954/""}, {""url"": ""https://www.coindesk.com/policy/2024/12/24/russia-imposes-6-year-ban-on-crypto-mining-in-10-regions-citing-energy-use-tass"", ""wayback"": ""https://web.archive.org/web/2024/https://www.coindesk.com/policy/2024/12/24/russia-imposes-6-year-ban-on-crypto-mining-in-10-regions-citing-energy-use-tass""}, {""url"": ""https://meduza.io/en/news/2024/12/24/russia-bans-cryptocurrency-mining-in-the-caucasus-and-occupied-ukraine"", ""wayback"": ""https://web.archive.org/web/2024/https://meduza.io/en/news/2024/12/24/russia-bans-cryptocurrency-mining-in-the-caucasus-and-occupied-ukraine""}]","[{""body_hash"": ""sha256:c7d0294cb278ade29aa4daca9a68c091f965a63fb8781f0a81181f9233785a11"", ""body_path"": ""sources/http_captures/russia-mining-regional-ban-2024-12/primary/web.archive.org__web-20250113152211-http-government.ru-news-53954__07e782326f.html"", ""url"": ""http://government.ru/news/53954/"", ""wayback"": ""https://web.archive.org/web/20250113152211/http://government.ru/news/53954/""}, {""body_hash"": ""sha256:9438d0dc1b5497740c7113b647c23478b3f52e305b0e60fd5001890d0744755c"", ""body_path"": ""sources/http_captures/russia-mining-regional-ban-2024-12/primary/web.archive.org__web-20241224104001-https-www.coindesk.com-policy-2024-12-24-russia-imposes-6-year-ban-on-crypto-mining-in-10-regions-citing-energy-use-tass__9ef5702021.html"", ""url"": ""https://www.coindesk.com/policy/2024/12/24/russia-imposes-6-year-ban-on-crypto-mining-in-10-regions-citing-energy-use-tass"", ""wayback"": ""https://web.archive.org/web/20241224104001/https://www.coindesk.com/policy/2024/12/24/russia-imposes-6-year-ban-on-crypto-mining-in-10-regions-citing-energy-use-tass""}, {""url"": ""https://meduza.io/en/news/2024/12/24/russia-bans-cryptocurrency-mining-in-the-caucasus-and-occupied-ukraine"", ""wayback"": ""https://web.archive.org/web/2024/https://meduza.io/en/news/2024/12/24/russia-bans-cryptocurrency-mining-in-the-caucasus-and-occupied-ukraine""}]",unadjudicated_risk_flag
samourai-doj-2024,admitted,events/samourai-doj-2024.yaml,0,l4_frontend,observed_change,canonical_domain_seized_by_sdny_and_international_partners,"[{""matching_fields"": [""url"", ""body_hash""], ""observation_source_index"": 0, ""trigger_source_index"": 1}]","[{""url"": ""https://www.justice.gov/usao-sdny/pr/founders-and-ceo-cryptocurrency-mixing-service-arrested-and-charged-money-laundering""}, {""body_hash"": ""sha256:ee99adbaa188036ca0ad5929e509c229acb2b804c55b24cb81f6ec2978502f2d"", ""body_path"": ""sources/http_captures/samourai-doj-2024/frontend-wayback/web.archive.org__web-20240424193938-https-samouraiwallet.com__5a0a26a311.html"", ""url"": ""https://web.archive.org/web/20240424193938/https://samouraiwallet.com/""}, {""url"": ""https://www.justice.gov/usao-sdny/media/1349151/dl""}]","[{""body_hash"": ""sha256:ee99adbaa188036ca0ad5929e509c229acb2b804c55b24cb81f6ec2978502f2d"", ""body_path"": ""sources/http_captures/samourai-doj-2024/frontend-wayback/web.archive.org__web-20240424193938-https-samouraiwallet.com__5a0a26a311.html"", ""url"": ""https://web.archive.org/web/20240424193938/https://samouraiwallet.com/""}, {""body_hash"": ""sha256:10b358ebf1fa5fd1768a464d367281d6c55e2a8f97496c0254b84af212607c38"", ""body_path"": ""sources/http_captures/samourai-doj-2024/frontend-wayback/web.archive.org__web-20240420204321-https-www.samouraiwallet.com__ab4c6f88eb.html"", ""url"": ""https://web.archive.org/web/20240420204321/https://www.samouraiwallet.com/""}]",unadjudicated_risk_flag
sec-abra-plutus-earn-cease-2024-08,admitted,events/sec-abra-plutus-earn-cease-2024-08.yaml,0,offramp_cex,observed_change,sec_settles_abra_earn_unregistered_securities_us_wind_down,"[{""matching_fields"": [""url"", ""body_hash""], ""observation_source_index"": 0, ""trigger_source_index"": 0}]","[{""body_hash"": ""sha256:f4ac516f0c286dd3536cdacc3c5c6229f409f57b7dd48063e15b871e8609f4c4"", ""body_path"": ""sources/http_captures/sec-abra-plutus-earn-cease-2024-08/primary/web.archive.org__web-20240826000000-https-www.sec.gov-newsroom-press-releases-2024-105__9f043af52e.html"", ""url"": ""https://www.sec.gov/newsroom/press-releases/2024-105"", ""wayback"": ""https://web.archive.org/web/20240826192230/https://www.sec.gov/newsroom/press-releases/2024-105""}]","[{""body_hash"": ""sha256:f4ac516f0c286dd3536cdacc3c5c6229f409f57b7dd48063e15b871e8609f4c4"", ""body_path"": ""sources/http_captures/sec-abra-plutus-earn-cease-2024-08/primary/web.archive.org__web-20240826000000-https-www.sec.gov-newsroom-press-releases-2024-105__9f043af52e.html"", ""url"": ""https://www.sec.gov/newsroom/press-releases/2024-105"", ""wayback"": ""https://web.archive.org/web/20240826192230/https://www.sec.gov/newsroom/press-releases/2024-105""}]",unadjudicated_risk_flag
sec-beaxy-platform-shutdown-2023,admitted,events/sec-beaxy-platform-shutdown-2023.yaml,0,l4_frontend,observed_change,beaxy_platform_shutdown,"[{""matching_fields"": [""url"", ""body_hash""], ""observation_source_index"": 0, ""trigger_source_index"": 0}]","[{""body_hash"": ""sha256:67f588f1cdc68c76bfe1a131bcc7b00a8e1e98e67ca8565f087d62e3a7cee7bb"", ""body_path"": ""sources/http_captures/sec-beaxy-platform-shutdown-2023/primary/www.sec.gov__newsroom-press-releases-2023-64__47268803d6.html"", ""url"": ""https://www.sec.gov/newsroom/press-releases/2023-64""}, {""body_hash"": ""sha256:e46031492fe74d5513616cbfd9b0a06311a9067d3af69ef11981aeee9eeaed33"", ""body_path"": ""sources/http_captures/sec-beaxy-platform-shutdown-2023/primary/www.sec.gov__files-litigation-complaints-2023-comp-pr2023-64.pdf__34db79071e.bin"", ""url"": ""https://www.sec.gov/files/litigation/complaints/2023/comp-pr2023-64.pdf""}]","[{""body_hash"": ""sha256:67f588f1cdc68c76bfe1a131bcc7b00a8e1e98e67ca8565f087d62e3a7cee7bb"", ""body_path"": ""sources/http_captures/sec-beaxy-platform-shutdown-2023/primary/www.sec.gov__newsroom-press-releases-2023-64__47268803d6.html"", ""url"": ""https://www.sec.gov/newsroom/press-releases/2023-64""}]",unadjudicated_risk_flag
sec-beaxy-platform-shutdown-2023,admitted,events/sec-beaxy-platform-shutdown-2023.yaml,1,offramp_cex,observed_change,exchange_broker_clearing_activities_ceased_and_customer_assets_returned,"[{""matching_fields"": [""url"", ""body_hash""], ""observation_source_index"": 0, ""trigger_source_index"": 0}]","[{""body_hash"": ""sha256:67f588f1cdc68c76bfe1a131bcc7b00a8e1e98e67ca8565f087d62e3a7cee7bb"", ""body_path"": ""sources/http_captures/sec-beaxy-platform-shutdown-2023/primary/www.sec.gov__newsroom-press-releases-2023-64__47268803d6.html"", ""url"": ""https://www.sec.gov/newsroom/press-releases/2023-64""}, {""body_hash"": ""sha256:e46031492fe74d5513616cbfd9b0a06311a9067d3af69ef11981aeee9eeaed33"", ""body_path"": ""sources/http_captures/sec-beaxy-platform-shutdown-2023/primary/www.sec.gov__files-litigation-complaints-2023-comp-pr2023-64.pdf__34db79071e.bin"", ""url"": ""https://www.sec.gov/files/litigation/complaints/2023/comp-pr2023-64.pdf""}]","[{""body_hash"": ""sha256:67f588f1cdc68c76bfe1a131bcc7b00a8e1e98e67ca8565f087d62e3a7cee7bb"", ""body_path"": ""sources/http_captures/sec-beaxy-platform-shutdown-2023/primary/www.sec.gov__newsroom-press-releases-2023-64__47268803d6.html"", ""url"": ""https://www.sec.gov/newsroom/press-releases/2023-64""}]",unadjudicated_risk_flag
sec-burnside-bitcoin-stock-exchange-2014,admitted,events/sec-burnside-bitcoin-stock-exchange-2014.yaml,0,l4_frontend,observed_change,sec_order_recorded_btct_ltc_global_website_function_winddown,"[{""matching_fields"": [""url"", ""body_hash""], ""observation_source_index"": 0, ""trigger_source_index"": 0}, {""matching_fields"": [""url"", ""body_hash""], ""observation_source_index"": 1, ""trigger_source_index"": 1}]","[{""body_hash"": ""sha256:8df90509bfb2278913febfb77097dad838daeb098dd317e0f84dd701e56477c6"", ""body_path"": ""sources/http_captures/sec-burnside-bitcoin-stock-exchange-2014/sec-primary/www.sec.gov__newsroom-press-releases-2014-273__10000997d5.html"", ""url"": ""https://www.sec.gov/newsroom/press-releases/2014-273"", ""wayback"": ""https://web.archive.org/web/2015/https://www.sec.gov/news/press-release/2014-273""}, {""body_hash"": ""sha256:aa0c6f4a9626bb46b6f1b169b9d544d5a64e3e97be8e9dcc87d09e5277bc43b0"", ""body_path"": ""sources/http_captures/sec-burnside-bitcoin-stock-exchange-2014/sec-primary/www.sec.gov__litigation-admin-2014-33-9685.pdf__60467c1bed.bin"", ""url"": ""https://www.sec.gov/litigation/admin/2014/33-9685.pdf"", ""wayback"": ""https://web.archive.org/web/2015/https://www.sec.gov/litigation/admin/2014/33-9685.pdf""}]","[{""body_hash"": ""sha256:8df90509bfb2278913febfb77097dad838daeb098dd317e0f84dd701e56477c6"", ""body_path"": ""sources/http_captures/sec-burnside-bitcoin-stock-exchange-2014/sec-primary/www.sec.gov__newsroom-press-releases-2014-273__10000997d5.html"", ""url"": ""https://www.sec.gov/newsroom/press-releases/2014-273"", ""wayback"": ""https://web.archive.org/web/2015/https://www.sec.gov/news/press-release/2014-273""}, {""body_hash"": ""sha256:aa0c6f4a9626bb46b6f1b169b9d544d5a64e3e97be8e9dcc87d09e5277bc43b0"", ""body_path"": ""sources/http_captures/sec-burnside-bitcoin-stock-exchange-2014/sec-primary/www.sec.gov__litigation-admin-2014-33-9685.pdf__60467c1bed.bin"", ""url"": ""https://www.sec.gov/litigation/admin/2014/33-9685.pdf"", ""wayback"": ""https://web.archive.org/web/2015/https://www.sec.gov/litigation/admin/2014/33-9685.pdf""}]",unadjudicated_risk_flag
sec-burnside-bitcoin-stock-exchange-2014,admitted,events/sec-burnside-bitcoin-stock-exchange-2014.yaml,1,offramp_cex,observed_change,sec_order_finalized_btct_ltc_global_exchange_winddown_and_cease_desist,"[{""matching_fields"": [""url"", ""body_hash""], ""observation_source_index"": 0, ""trigger_source_index"": 0}, {""matching_fields"": [""url"", ""body_hash""], ""observation_source_index"": 1, ""trigger_source_index"": 1}]","[{""body_hash"": ""sha256:8df90509bfb2278913febfb77097dad838daeb098dd317e0f84dd701e56477c6"", ""body_path"": ""sources/http_captures/sec-burnside-bitcoin-stock-exchange-2014/sec-primary/www.sec.gov__newsroom-press-releases-2014-273__10000997d5.html"", ""url"": ""https://www.sec.gov/newsroom/press-releases/2014-273"", ""wayback"": ""https://web.archive.org/web/2015/https://www.sec.gov/news/press-release/2014-273""}, {""body_hash"": ""sha256:aa0c6f4a9626bb46b6f1b169b9d544d5a64e3e97be8e9dcc87d09e5277bc43b0"", ""body_path"": ""sources/http_captures/sec-burnside-bitcoin-stock-exchange-2014/sec-primary/www.sec.gov__litigation-admin-2014-33-9685.pdf__60467c1bed.bin"", ""url"": ""https://www.sec.gov/litigation/admin/2014/33-9685.pdf"", ""wayback"": ""https://web.archive.org/web/2015/https://www.sec.gov/litigation/admin/2014/33-9685.pdf""}]","[{""body_hash"": ""sha256:8df90509bfb2278913febfb77097dad838daeb098dd317e0f84dd701e56477c6"", ""body_path"": ""sources/http_captures/sec-burnside-bitcoin-stock-exchange-2014/sec-primary/www.sec.gov__newsroom-press-releases-2014-273__10000997d5.html"", ""url"": ""https://www.sec.gov/newsroom/press-releases/2014-273"", ""wayback"": ""https://web.archive.org/web/2015/https://www.sec.gov/news/press-release/2014-273""}, {""body_hash"": ""sha256:aa0c6f4a9626bb46b6f1b169b9d544d5a64e3e97be8e9dcc87d09e5277bc43b0"", ""body_path"": ""sources/http_captures/sec-burnside-bitcoin-stock-exchange-2014/sec-primary/www.sec.gov__litigation-admin-2014-33-9685.pdf__60467c1bed.bin"", ""url"": ""https://www.sec.gov/litigation/admin/2014/33-9685.pdf"", ""wayback"": ""https://web.archive.org/web/2015/https://www.sec.gov/litigation/admin/2014/33-9685.pdf""}]",unadjudicated_risk_flag
sec-consensys-metamask-staking-swaps-2024-06,admitted,events/sec-consensys-metamask-staking-swaps-2024-06.yaml,0,l4_frontend,observed_change,sec_sues_consensys_metamask_unregistered_broker_swaps_staking,"[{""matching_fields"": [""url"", ""body_hash""], ""observation_source_index"": 0, ""trigger_source_index"": 0}]","[{""body_hash"": ""sha256:3e14ed53e6026439354070c4725a41112c0c360f09863e629f7045a6dfa24567"", ""body_path"": ""sources/http_captures/sec-consensys-metamask-staking-swaps-2024-06/primary/web.archive.org__web-20240628000000-https-www.sec.gov-newsroom-press-releases-2024-79__71103c869f.html"", ""url"": ""https://www.sec.gov/newsroom/press-releases/2024-79"", ""wayback"": ""https://web.archive.org/web/20240629094936/https://www.sec.gov/newsroom/press-releases/2024-79""}]","[{""body_hash"": ""sha256:3e14ed53e6026439354070c4725a41112c0c360f09863e629f7045a6dfa24567"", ""body_path"": ""sources/http_captures/sec-consensys-metamask-staking-swaps-2024-06/primary/web.archive.org__web-20240628000000-https-www.sec.gov-newsroom-press-releases-2024-79__71103c869f.html"", ""url"": ""https://www.sec.gov/newsroom/press-releases/2024-79"", ""wayback"": ""https://web.archive.org/web/20240629094936/https://www.sec.gov/newsroom/press-releases/2024-79""}]",unadjudicated_risk_flag
sec-etherdelta-coburn-unregistered-exchange-2018-11,admitted,events/sec-etherdelta-coburn-unregistered-exchange-2018-11.yaml,0,l4_frontend,observed_change,sec_charges_etherdelta_operator_unregistered_securities_exchange,"[{""matching_fields"": [""url"", ""body_hash""], ""observation_source_index"": 0, ""trigger_source_index"": 0}]","[{""body_hash"": ""sha256:79bb92ec4ab7497cfdc9461c1c3f26311760b1e398c09efee9ef0e690745ca4b"", ""body_path"": ""sources/http_captures/sec-etherdelta-coburn-unregistered-exchange-2018-11/primary/web.archive.org__web-20181109000000-https-www.sec.gov-news-press-release-2018-258__5a2a0563a9.html"", ""url"": ""https://web.archive.org/web/20181109000000/https://www.sec.gov/news/press-release/2018-258"", ""wayback"": ""https://web.archive.org/web/20181109010148/https://www.sec.gov/news/press-release/2018-258""}]","[{""body_hash"": ""sha256:79bb92ec4ab7497cfdc9461c1c3f26311760b1e398c09efee9ef0e690745ca4b"", ""body_path"": ""sources/http_captures/sec-etherdelta-coburn-unregistered-exchange-2018-11/primary/web.archive.org__web-20181109000000-https-www.sec.gov-news-press-release-2018-258__5a2a0563a9.html"", ""url"": ""https://web.archive.org/web/20181109000000/https://www.sec.gov/news/press-release/2018-258"", ""wayback"": ""https://web.archive.org/web/20181109010148/https://www.sec.gov/news/press-release/2018-258""}]",unadjudicated_risk_flag
sec-etoro-cease-crypto-trading-2024-09,admitted,events/sec-etoro-cease-crypto-trading-2024-09.yaml,0,offramp_cex,observed_change,sec_settles_etoro_cease_nearly_all_crypto_trading_us_customers,"[{""matching_fields"": [""url"", ""body_hash""], ""observation_source_index"": 0, ""trigger_source_index"": 0}]","[{""body_hash"": ""sha256:e0308b141b3c67a33041186574d9450d15c89aa275729e4811eb19e4bdcdbdd5"", ""body_path"": ""sources/http_captures/sec-etoro-cease-crypto-trading-2024-09/primary/web.archive.org__web-20240912000000-https-www.sec.gov-newsroom-press-releases-2024-125__41be25e11d.html"", ""url"": ""https://www.sec.gov/newsroom/press-releases/2024-125"", ""wayback"": ""https://web.archive.org/web/20240912140445/https://www.sec.gov/newsroom/press-releases/2024-125""}]","[{""body_hash"": ""sha256:e0308b141b3c67a33041186574d9450d15c89aa275729e4811eb19e4bdcdbdd5"", ""body_path"": ""sources/http_captures/sec-etoro-cease-crypto-trading-2024-09/primary/web.archive.org__web-20240912000000-https-www.sec.gov-newsroom-press-releases-2024-125__41be25e11d.html"", ""url"": ""https://www.sec.gov/newsroom/press-releases/2024-125"", ""wayback"": ""https://web.archive.org/web/20240912140445/https://www.sec.gov/newsroom/press-releases/2024-125""}]",unadjudicated_risk_flag
sec-garza-gaw-miners-zenminer-2015,admitted,events/sec-garza-gaw-miners-zenminer-2015.yaml,0,l4_frontend,observed_change,gaw_miners_zenminer_cloud_mining_frontends_taken_offline_following_sec_action,"[{""matching_fields"": [""url"", ""body_hash""], ""observation_source_index"": 0, ""trigger_source_index"": 0}, {""matching_fields"": [""url""], ""observation_source_index"": 1, ""trigger_source_index"": 1}]","[{""body_hash"": ""sha256:d10f47516e1342667f4a2eea6fb264cf048fdae2a224e56eea3661007c32e452"", ""body_path"": ""sources/http_captures/sec-garza-gaw-miners-zenminer-2015/primary/web.archive.org__web-20151205075931-https-www.sec.gov-litigation-litreleases-2015-lr23415.htm__d4bec17b63.html"", ""url"": ""https://www.sec.gov/litigation/litreleases/2015/lr23415.htm"", ""wayback"": ""https://web.archive.org/web/20151205075931/https://www.sec.gov/litigation/litreleases/2015/lr23415.htm""}, {""url"": ""https://www.sec.gov/files/litigation/complaints/2015/comp23415.pdf"", ""wayback"": ""https://web.archive.org/web/2015/https://www.sec.gov/files/litigation/complaints/2015/comp23415.pdf""}, {""body_hash"": ""sha256:32e325dc9a379e6fefa7ae8294e941363aefa26258af64f7908965e535f52d35"", ""body_path"": ""sources/http_captures/sec-garza-gaw-miners-zenminer-2015/primary/web.archive.org__web-20151204024842-https-www.sec.gov-news-pressrelease-2015-271.html__a27070a955.html"", ""url"": ""https://www.sec.gov/news/pressrelease/2015-271.html"", ""wayback"": ""https://web.archive.org/web/20151204024842/https://www.sec.gov/news/pressrelease/2015-271.html""}]","[{""body_hash"": ""sha256:d10f47516e1342667f4a2eea6fb264cf048fdae2a224e56eea3661007c32e452"", ""body_path"": ""sources/http_captures/sec-garza-gaw-miners-zenminer-2015/primary/web.archive.org__web-20151205075931-https-www.sec.gov-litigation-litreleases-2015-lr23415.htm__d4bec17b63.html"", ""url"": ""https://www.sec.gov/litigation/litreleases/2015/lr23415.htm"", ""wayback"": ""https://web.archive.org/web/20151205075931/https://www.sec.gov/litigation/litreleases/2015/lr23415.htm""}, {""url"": ""https://www.sec.gov/files/litigation/complaints/2015/comp23415.pdf"", ""wayback"": ""https://web.archive.org/web/2015/https://www.sec.gov/files/litigation/complaints/2015/comp23415.pdf""}]",unadjudicated_risk_flag
sec-kik-interactive-kin-unregistered-offering-2020-10,admitted,events/sec-kik-interactive-kin-unregistered-offering-2020-10.yaml,0,offramp_cex,observed_change,sec_final_judgment_enjoins_kik_kin_offering_and_imposes_5m_penalty_and_3yr_prior_notice,"[{""matching_fields"": [""url"", ""body_hash""], ""observation_source_index"": 0, ""trigger_source_index"": 0}]","[{""body_hash"": ""sha256:6332c524c28b2de0cf159b37ee280a698c5cf22ffb6d12052c5775edad41b1b2"", ""body_path"": ""sources/http_captures/sec-kik-interactive-kin-unregistered-offering-2020-10/primary/web.archive.org__web-20201022000000-https-www.sec.gov-news-press-release-2020-262__bc9a3c2def.html"", ""url"": ""https://www.sec.gov/news/press-release/2020-262"", ""wayback"": ""https://web.archive.org/web/20201024175913/https://www.sec.gov/news/press-release/2020-262""}]","[{""body_hash"": ""sha256:6332c524c28b2de0cf159b37ee280a698c5cf22ffb6d12052c5775edad41b1b2"", ""body_path"": ""sources/http_captures/sec-kik-interactive-kin-unregistered-offering-2020-10/primary/web.archive.org__web-20201022000000-https-www.sec.gov-news-press-release-2020-262__bc9a3c2def.html"", ""url"": ""https://www.sec.gov/news/press-release/2020-262"", ""wayback"": ""https://web.archive.org/web/20201024175913/https://www.sec.gov/news/press-release/2020-262""}]",unadjudicated_risk_flag
sec-lbry-lbc-unregistered-securities-2021-03,admitted,events/sec-lbry-lbc-unregistered-securities-2021-03.yaml,0,offramp_cex,observed_change,sec_charges_lbry_unregistered_lbc_securities_offering_and_court_finds_violation,"[{""matching_fields"": [""url"", ""body_hash""], ""observation_source_index"": 0, ""trigger_source_index"": 0}]","[{""body_hash"": ""sha256:4b5f930697a111c534f596767de2147c9c3f2457277fba8bd3418c4789451c06"", ""body_path"": ""sources/http_captures/sec-lbry-lbc-unregistered-securities-2021-03/primary/web.archive.org__web-20241207235421-https-www.sec.gov-enforcement-litigation-litigation-releases-lr-25573__4db1f7573e.html"", ""url"": ""https://www.sec.gov/enforcement-litigation/litigation-releases/lr-25573"", ""wayback"": ""https://web.archive.org/web/20241207235421/https://www.sec.gov/enforcement-litigation/litigation-releases/lr-25573""}]","[{""body_hash"": ""sha256:4b5f930697a111c534f596767de2147c9c3f2457277fba8bd3418c4789451c06"", ""body_path"": ""sources/http_captures/sec-lbry-lbc-unregistered-securities-2021-03/primary/web.archive.org__web-20241207235421-https-www.sec.gov-enforcement-litigation-litigation-releases-lr-25573__4db1f7573e.html"", ""url"": ""https://www.sec.gov/enforcement-litigation/litigation-releases/lr-25573"", ""wayback"": ""https://web.archive.org/web/20241207235421/https://www.sec.gov/enforcement-litigation/litigation-releases/lr-25573""}]",unadjudicated_risk_flag
sec-nexo-earn-lending-product-cease-2023-01,admitted,events/sec-nexo-earn-lending-product-cease-2023-01.yaml,0,offramp_cex,observed_change,nexo_earn_interest_product_ordered_to_cease_us_investors,"[{""matching_fields"": [""url"", ""body_hash""], ""observation_source_index"": 0, ""trigger_source_index"": 0}]","[{""body_hash"": ""sha256:ef328758b02afdc231dc972516c5a3644eee0d63ad7b89c2127a125e9d851614"", ""body_path"": ""sources/http_captures/sec-nexo-earn-lending-product-cease-2023-01/primary/web.archive.org__web-20230120000000-https-www.sec.gov-newsroom-press-releases-2023-11__77d9b92c8e.html"", ""url"": ""https://www.sec.gov/newsroom/press-releases/2023-11"", ""wayback"": ""https://web.archive.org/web/20240704131027/https://www.sec.gov/newsroom/press-releases/2023-11""}]","[{""body_hash"": ""sha256:ef328758b02afdc231dc972516c5a3644eee0d63ad7b89c2127a125e9d851614"", ""body_path"": ""sources/http_captures/sec-nexo-earn-lending-product-cease-2023-01/primary/web.archive.org__web-20230120000000-https-www.sec.gov-newsroom-press-releases-2023-11__77d9b92c8e.html"", ""url"": ""https://www.sec.gov/newsroom/press-releases/2023-11"", ""wayback"": ""https://web.archive.org/web/20240704131027/https://www.sec.gov/newsroom/press-releases/2023-11""}]",unadjudicated_risk_flag
sec-poloniex-unregistered-exchange-2021-08,admitted,events/sec-poloniex-unregistered-exchange-2021-08.yaml,0,offramp_cex,observed_change,sec_settled_order_charges_poloniex_unregistered_securities_exchange_104m,"[{""matching_fields"": [""url"", ""body_hash""], ""observation_source_index"": 0, ""trigger_source_index"": 0}]","[{""body_hash"": ""sha256:7a8609e539db3f398d98d4b8c592604766f8fcbb4902355928659020edc57cde"", ""body_path"": ""sources/http_captures/sec-poloniex-unregistered-exchange-2021-08/primary/web.archive.org__web-20210810000000-https-www.sec.gov-news-press-release-2021-147__07b5f92445.html"", ""url"": ""https://www.sec.gov/news/press-release/2021-147"", ""wayback"": ""https://web.archive.org/web/20210809221853/https://www.sec.gov/news/press-release/2021-147""}]","[{""body_hash"": ""sha256:7a8609e539db3f398d98d4b8c592604766f8fcbb4902355928659020edc57cde"", ""body_path"": ""sources/http_captures/sec-poloniex-unregistered-exchange-2021-08/primary/web.archive.org__web-20210810000000-https-www.sec.gov-news-press-release-2021-147__07b5f92445.html"", ""url"": ""https://www.sec.gov/news/press-release/2021-147"", ""wayback"": ""https://web.archive.org/web/20210809221853/https://www.sec.gov/news/press-release/2021-147""}]",unadjudicated_risk_flag
sec-shavers-btcst-2013,admitted,events/sec-shavers-btcst-2013.yaml,0,offramp_cex,observed_change,sec_civil_complaint_filed_against_btcst_operator,"[{""matching_fields"": [""url"", ""body_hash""], ""observation_source_index"": 0, ""trigger_source_index"": 0}, {""matching_fields"": [""url"", ""body_hash""], ""observation_source_index"": 1, ""trigger_source_index"": 1}]","[{""body_hash"": ""sha256:3652979be04509dcaba810af33a6eb31775e4197faef4c9303cd4ea92864a97c"", ""body_path"": ""sources/http_captures/sec-shavers-btcst-2013/sec-primary/www.sec.gov__litigation-complaints-2013-comp-pr2013-132.pdf__459b31b368.bin"", ""url"": ""https://www.sec.gov/litigation/complaints/2013/comp-pr2013-132.pdf"", ""wayback"": ""https://web.archive.org/web/2013/https://www.sec.gov/litigation/complaints/2013/comp-pr2013-132.pdf""}, {""body_hash"": ""sha256:092f77e56db0d5a273eb9d948fc1fe1b048a746e7d003cf405e3d2748ad2c698"", ""body_path"": ""sources/http_captures/sec-shavers-btcst-2013/sec-primary/www.sec.gov__news-press-release-2013-132__ce4b503fb8.html"", ""url"": ""https://www.sec.gov/news/press-release/2013-132"", ""wayback"": ""https://web.archive.org/web/2013/https://www.sec.gov/news/press-release/2013-132""}]","[{""body_hash"": ""sha256:3652979be04509dcaba810af33a6eb31775e4197faef4c9303cd4ea92864a97c"", ""body_path"": ""sources/http_captures/sec-shavers-btcst-2013/sec-primary/www.sec.gov__litigation-complaints-2013-comp-pr2013-132.pdf__459b31b368.bin"", ""url"": ""https://www.sec.gov/litigation/complaints/2013/comp-pr2013-132.pdf"", ""wayback"": ""https://web.archive.org/web/2013/https://www.sec.gov/litigation/complaints/2013/comp-pr2013-132.pdf""}, {""body_hash"": ""sha256:092f77e56db0d5a273eb9d948fc1fe1b048a746e7d003cf405e3d2748ad2c698"", ""body_path"": ""sources/http_captures/sec-shavers-btcst-2013/sec-primary/www.sec.gov__news-press-release-2013-132__ce4b503fb8.html"", ""url"": ""https://www.sec.gov/news/press-release/2013-132"", ""wayback"": ""https://web.archive.org/web/2013/https://www.sec.gov/news/press-release/2013-132""}]",unadjudicated_risk_flag
sec-tokenlot-unregistered-broker-2018-09,admitted,events/sec-tokenlot-unregistered-broker-2018-09.yaml,0,offramp_cex,observed_change,tokenlot_token_trading_platform_wound_down_inventory_destroyed,"[{""matching_fields"": [""url"", ""body_hash""], ""observation_source_index"": 0, ""trigger_source_index"": 0}]","[{""body_hash"": ""sha256:cb8bea72cdfe48dfc8ae7bfd30c99868d12adb61100442231b864700606b9711"", ""body_path"": ""sources/http_captures/sec-tokenlot-unregistered-broker-2018-09/primary/web.archive.org__web-20181001000000-https-www.sec.gov-news-press-release-2018-185__25dbcfa7c3.html"", ""url"": ""https://web.archive.org/web/20181001000000/https://www.sec.gov/news/press-release/2018-185"", ""wayback"": ""https://web.archive.org/web/20180918060505/https://www.sec.gov/news/press-release/2018-185""}]","[{""body_hash"": ""sha256:cb8bea72cdfe48dfc8ae7bfd30c99868d12adb61100442231b864700606b9711"", ""body_path"": ""sources/http_captures/sec-tokenlot-unregistered-broker-2018-09/primary/web.archive.org__web-20181001000000-https-www.sec.gov-news-press-release-2018-185__25dbcfa7c3.html"", ""url"": ""https://web.archive.org/web/20181001000000/https://www.sec.gov/news/press-release/2018-185"", ""wayback"": ""https://web.archive.org/web/20180918060505/https://www.sec.gov/news/press-release/2018-185""}]",unadjudicated_risk_flag
sec-tradestation-crypto-lending-cease-2024-02,admitted,events/sec-tradestation-crypto-lending-cease-2024-02.yaml,0,offramp_cex,observed_change,tradestation_terminates_all_us_crypto_products_after_sec_order,"[{""matching_fields"": [""url"", ""body_hash""], ""observation_source_index"": 0, ""trigger_source_index"": 0}]","[{""body_hash"": ""sha256:1957374f06ba27a4bd1967879a822a3419546271a25b2e37c4c43266e4f3988e"", ""body_path"": ""sources/http_captures/sec-tradestation-crypto-lending-cease-2024-02/primary/web.archive.org__web-20240208000000-https-www.sec.gov-newsroom-press-releases-2024-16__eacc05bdc3.html"", ""url"": ""https://www.sec.gov/newsroom/press-releases/2024-16"", ""wayback"": ""https://web.archive.org/web/20241202223813/https://www.sec.gov/newsroom/press-releases/2024-16""}]","[{""body_hash"": ""sha256:1957374f06ba27a4bd1967879a822a3419546271a25b2e37c4c43266e4f3988e"", ""body_path"": ""sources/http_captures/sec-tradestation-crypto-lending-cease-2024-02/primary/web.archive.org__web-20240208000000-https-www.sec.gov-newsroom-press-releases-2024-16__eacc05bdc3.html"", ""url"": ""https://www.sec.gov/newsroom/press-releases/2024-16"", ""wayback"": ""https://web.archive.org/web/20241202223813/https://www.sec.gov/newsroom/press-releases/2024-16""}]",unadjudicated_risk_flag
sec-v-coinbase-2023,admitted,events/sec-v-coinbase-2023.yaml,0,offramp_cex,observed_change,retail_staking_new_funds_restricted_in_four_states,"[{""matching_fields"": [""url"", ""body_hash""], ""observation_source_index"": 0, ""trigger_source_index"": 1}]","[{""body_hash"": ""sha256:63c2b4104f2509b022f0154b51f5a2444139d54d1292b3b35d06b7dbe6abc747"", ""body_path"": ""sources/http_captures/sec-v-coinbase-2023/primary/www.sec.gov__news-press-release-2023-102__783dc1be7f.html"", ""url"": ""https://www.sec.gov/newsroom/press-releases/2023-102""}, {""body_hash"": ""sha256:90b5347eccdde2b60faa6097865251cc86e387e6ff04dbedf59f0dddd7d752cb"", ""body_path"": ""sources/http_captures/sec-v-coinbase-2023/platform-response/www.coinbase.com__en-ca-blog-why-we-stand-by-staking__c655f5d8a8.html"", ""url"": ""https://www.coinbase.com/en-ca/blog/why-we-stand-by-staking""}]","[{""body_hash"": ""sha256:90b5347eccdde2b60faa6097865251cc86e387e6ff04dbedf59f0dddd7d752cb"", ""body_path"": ""sources/http_captures/sec-v-coinbase-2023/platform-response/www.coinbase.com__en-ca-blog-why-we-stand-by-staking__c655f5d8a8.html"", ""url"": ""https://www.coinbase.com/en-ca/blog/why-we-stand-by-staking""}, {""body_hash"": ""sha256:9ebcd65594f67d94e777a94f3427915d1161f72c2b28a24451592835de770f1b"", ""body_path"": ""sources/http_captures/sec-v-coinbase-2023/platform-response/www.sec.gov__Archives-edgar-data-1679788-000167978823000106-coin-20230630.htm__fc0eb009da.html"", ""url"": ""https://www.sec.gov/Archives/edgar/data/1679788/000167978823000106/coin-20230630.htm""}]",unadjudicated_risk_flag
sec-v-telegram-ton-2020,admitted,events/sec-v-telegram-ton-2020.yaml,0,offramp_cex,observed_change,sec_injunction_triggered_issuer_cancellation_of_gram_token_distribution_and_ton_mainnet_launch,"[{""matching_fields"": [""url"", ""body_hash""], ""observation_source_index"": 0, ""trigger_source_index"": 0}]","[{""body_hash"": ""sha256:f67195d0c792301b15b45b49570d282d03d31284fe0bf3d9a2a11f32e5bb7569"", ""body_path"": ""sources/http_captures/sec-v-telegram-ton-2020/court-telegra-primary/storage.courtlistener.com__recap-gov.uscourts.nysd.524448-gov.uscourts.nysd.524448.227.0.pdf__0ea53619d9.bin"", ""url"": ""https://storage.courtlistener.com/recap/gov.uscourts.nysd.524448/gov.uscourts.nysd.524448.227.0.pdf""}, {""body_hash"": ""sha256:52633038172226449579be044350543f7477b3e3dcd1305b941f6b88fc99305e"", ""body_path"": ""sources/http_captures/sec-v-telegram-ton-2020/court-telegra-primary/www.sec.gov__news-press-release-2020-146__ea8d4823cd.html"", ""url"": ""https://www.sec.gov/news/press-release/2020-146""}]","[{""body_hash"": ""sha256:f67195d0c792301b15b45b49570d282d03d31284fe0bf3d9a2a11f32e5bb7569"", ""body_path"": ""sources/http_captures/sec-v-telegram-ton-2020/court-telegra-primary/storage.courtlistener.com__recap-gov.uscourts.nysd.524448-gov.uscourts.nysd.524448.227.0.pdf__0ea53619d9.bin"", ""url"": ""https://storage.courtlistener.com/recap/gov.uscourts.nysd.524448/gov.uscourts.nysd.524448.227.0.pdf""}, {""body_hash"": ""sha256:ed7559bc5ca9edf41eb00cefb445a321ceffb16ca6f5ec81cc72ee57b8e6c964"", ""body_path"": ""sources/http_captures/sec-v-telegram-ton-2020/court-telegra-primary/telegra.ph__What-Was-TON-And-Why-It-Is-Over-05-12__d01a38fa55.html"", ""url"": ""https://telegra.ph/What-Was-TON-And-Why-It-Is-Over-05-12""}]",unadjudicated_risk_flag
sec-voorhees-satoshidice-2014,admitted,events/sec-voorhees-satoshidice-2014.yaml,0,offramp_cex,observed_change,us_unregistered_securities_offering_ceased_via_sec_settlement,"[{""matching_fields"": [""url""], ""observation_source_index"": 0, ""trigger_source_index"": 0}, {""matching_fields"": [""url""], ""observation_source_index"": 1, ""trigger_source_index"": 1}]","[{""url"": ""https://www.sec.gov/news/press-release/2014-111"", ""wayback"": ""https://web.archive.org/web/20170509181147/https://www.sec.gov/news/press-release/2014-111""}, {""url"": ""https://www.sec.gov/litigation/admin/2014/33-9592.pdf"", ""wayback"": ""https://web.archive.org/web/20140611091119/http://www.sec.gov/litigation/admin/2014/33-9592.pdf""}]","[{""url"": ""https://www.sec.gov/news/press-release/2014-111"", ""wayback"": ""https://web.archive.org/web/20170509181147/https://www.sec.gov/news/press-release/2014-111""}, {""url"": ""https://www.sec.gov/litigation/admin/2014/33-9592.pdf"", ""wayback"": ""https://web.archive.org/web/20140611091119/http://www.sec.gov/litigation/admin/2014/33-9592.pdf""}]",unadjudicated_risk_flag
sec-voorhees-satoshidice-2014,admitted,events/sec-voorhees-satoshidice-2014.yaml,1,l4_frontend,observed_change,satoshidice_us_user_geofence_and_voorhees_divestment_codified_by_sec_settlement,"[{""matching_fields"": [""url""], ""observation_source_index"": 0, ""trigger_source_index"": 1}]","[{""url"": ""https://www.sec.gov/news/press-release/2014-111"", ""wayback"": ""https://web.archive.org/web/20170509181147/https://www.sec.gov/news/press-release/2014-111""}, {""url"": ""https://www.sec.gov/litigation/admin/2014/33-9592.pdf"", ""wayback"": ""https://web.archive.org/web/20140611091119/http://www.sec.gov/litigation/admin/2014/33-9592.pdf""}]","[{""url"": ""https://www.sec.gov/litigation/admin/2014/33-9592.pdf"", ""wayback"": ""https://web.archive.org/web/20140611091119/http://www.sec.gov/litigation/admin/2014/33-9592.pdf""}]",unadjudicated_risk_flag
shapeshift-mandatory-kyc-anonymity-end-2018-09,admitted,events/shapeshift-mandatory-kyc-anonymity-end-2018-09.yaml,0,offramp_cex,observed_change,shapeshift_mandatory_kyc_ends_anonymous_swaps,"[{""matching_fields"": [""url"", ""body_hash""], ""observation_source_index"": 0, ""trigger_source_index"": 0}, {""matching_fields"": [""url"", ""body_hash""], ""observation_source_index"": 1, ""trigger_source_index"": 1}]","[{""body_hash"": ""sha256:599a145f66ddf106c44cea38395682b666b687135d48212274c2f47f62774fb5"", ""body_path"": ""sources/http_captures/shapeshift-mandatory-kyc-anonymity-end-2018-09/official-shapeshift-medium/medium.com__ShapeShift.com-introducing-shapeshift-membership-43cce0d9415__dcca963f14.html"", ""url"": ""https://medium.com/@ShapeShift.com/introducing-shapeshift-membership-43cce0d9415""}, {""body_hash"": ""sha256:8ff6e8ad8917401286503df16e08cda75abcca2b55c81908969cfee155669b95"", ""body_path"": ""sources/http_captures/shapeshift-mandatory-kyc-anonymity-end-2018-09/primary/web.archive.org__web-20251017143246-https-bitcoinist.com-shapeshift-ends-anonymity-with-announcement-of-mandatory-kyc-data-collection__37ef4733b2.html"", ""url"": ""https://bitcoinist.com/shapeshift-ends-anonymity-with-announcement-of-mandatory-kyc-data-collection/"", ""wayback"": ""https://web.archive.org/web/20251017143246/https://bitcoinist.com/shapeshift-ends-anonymity-with-announcement-of-mandatory-kyc-data-collection/""}]","[{""body_hash"": ""sha256:599a145f66ddf106c44cea38395682b666b687135d48212274c2f47f62774fb5"", ""body_path"": ""sources/http_captures/shapeshift-mandatory-kyc-anonymity-end-2018-09/official-shapeshift-medium/medium.com__ShapeShift.com-introducing-shapeshift-membership-43cce0d9415__dcca963f14.html"", ""url"": ""https://medium.com/@ShapeShift.com/introducing-shapeshift-membership-43cce0d9415""}, {""body_hash"": ""sha256:8ff6e8ad8917401286503df16e08cda75abcca2b55c81908969cfee155669b95"", ""body_path"": ""sources/http_captures/shapeshift-mandatory-kyc-anonymity-end-2018-09/primary/web.archive.org__web-20251017143246-https-bitcoinist.com-shapeshift-ends-anonymity-with-announcement-of-mandatory-kyc-data-collection__37ef4733b2.html"", ""url"": ""https://bitcoinist.com/shapeshift-ends-anonymity-with-announcement-of-mandatory-kyc-data-collection/"", ""wayback"": ""https://web.archive.org/web/20251017143246/https://bitcoinist.com/shapeshift-ends-anonymity-with-announcement-of-mandatory-kyc-data-collection/""}, {""body_hash"": ""sha256:8d0b5798555272ad7d9f991919ab1786f879d1558f5675096e2805fe66d58e06"", ""body_path"": ""sources/http_captures/shapeshift-mandatory-kyc-anonymity-end-2018-09/primary/web.archive.org__web-20240812225720-https-www.coindesk.com-markets-2018-09-24-crypto-exchange-shapeshifts-ceo-says-move-to-collect-ids-was-proactive__650b51aebe.html"", ""url"": ""https://www.coindesk.com/markets/2018/09/24/crypto-exchange-shapeshifts-ceo-says-move-to-collect-ids-was-proactive"", ""wayback"": ""https://web.archive.org/web/20240812225720/https://www.coindesk.com/markets/2018/09/24/crypto-exchange-shapeshifts-ceo-says-move-to-collect-ids-was-proactive/""}]",unadjudicated_risk_flag
shrem-faiella-bitcoin-exchange-2014,admitted,events/shrem-faiella-bitcoin-exchange-2014.yaml,0,offramp_cex,observed_change,bitinstant_ceases_operations_following_ceo_indictment,"[{""matching_fields"": [""url""], ""observation_source_index"": 0, ""trigger_source_index"": 0}, {""matching_fields"": [""url"", ""body_hash""], ""observation_source_index"": 1, ""trigger_source_index"": 1}]","[{""url"": ""https://www.justice.gov/usao-sdny/pr/manhattan-us-attorney-announces-charges-against-bitcoin-exchangers-including-ceo"", ""wayback"": ""https://web.archive.org/web/20260516000000/https://www.justice.gov/usao-sdny/pr/manhattan-us-attorney-announces-charges-against-bitcoin-exchangers-including-ceo""}, {""body_hash"": ""sha256:6162ec33c0cb6d353bf07bd86d04df88ba627da987833f21a9dbc0f375c2856a"", ""body_path"": ""sources/http_captures/shrem-faiella-bitcoin-exchange-2014/v0_3_repair/www.justice.gov__usao-sdny-pr-bitcoin-exchangers-plead-guilty-manhattan-federal-court-connection-sale-approximately-1__5c540d1fd5.html"", ""url"": ""https://www.justice.gov/usao-sdny/pr/bitcoin-exchangers-plead-guilty-manhattan-federal-court-connection-sale-approximately-1""}]","[{""url"": ""https://www.justice.gov/usao-sdny/pr/manhattan-us-attorney-announces-charges-against-bitcoin-exchangers-including-ceo"", ""wayback"": ""https://web.archive.org/web/20260516000000/https://www.justice.gov/usao-sdny/pr/manhattan-us-attorney-announces-charges-against-bitcoin-exchangers-including-ceo""}, {""body_hash"": ""sha256:6162ec33c0cb6d353bf07bd86d04df88ba627da987833f21a9dbc0f375c2856a"", ""body_path"": ""sources/http_captures/shrem-faiella-bitcoin-exchange-2014/v0_3_repair/www.justice.gov__usao-sdny-pr-bitcoin-exchangers-plead-guilty-manhattan-federal-court-connection-sale-approximately-1__5c540d1fd5.html"", ""url"": ""https://www.justice.gov/usao-sdny/pr/bitcoin-exchangers-plead-guilty-manhattan-federal-court-connection-sale-approximately-1"", ""wayback"": ""https://web.archive.org/web/20260516000000/https://www.justice.gov/usao-sdny/pr/bitcoin-exchangers-plead-guilty-manhattan-federal-court-connection-sale-approximately-1""}]",unadjudicated_risk_flag
silk-road-doj-seizure-2013,admitted,events/silk-road-doj-seizure-2013.yaml,0,l4_frontend,observed_change,tor_marketplace_and_clearnet_domain_seized_by_fbi,"[{""matching_fields"": [""url"", ""body_hash""], ""observation_source_index"": 0, ""trigger_source_index"": 0}]","[{""body_hash"": ""sha256:15991a51631d63b80e58e271b4ea3c0457d1f3fc073ef38344b7c5c154e5ea61"", ""body_path"": ""sources/http_captures/silk-road-doj-seizure-2013/wayback_doj_press_snapshot/web.archive.org__web-20131005034400-http-www.justice.gov-usao-nys-pressreleases-October13-SilkRoadSeizurePR.php__8bd95fcf2e.html"", ""url"": ""http://www.justice.gov/usao/nys/pressreleases/October13/SilkRoadSeizurePR.php"", ""wayback"": ""https://web.archive.org/web/20140123062431/http://www.justice.gov/usao/nys/pressreleases/October13/SilkRoadSeizurePR.php""}, {""body_hash"": ""sha256:dfb6515605619b7582aa3a4964ad88dc2c9eefc322224c73004e641e8e17c104"", ""body_path"": ""sources/http_captures/silk-road-doj-seizure-2013/primary/www.justice.gov__usao-sdny-pr-manhattan-us-attorney-announces-seizure-additional-28-million-worth-bitcoins-belonging__53580512e8.html"", ""url"": ""https://www.justice.gov/usao-sdny/pr/manhattan-us-attorney-announces-seizure-additional-28-million-worth-bitcoins-belonging""}]","[{""body_hash"": ""sha256:15991a51631d63b80e58e271b4ea3c0457d1f3fc073ef38344b7c5c154e5ea61"", ""body_path"": ""sources/http_captures/silk-road-doj-seizure-2013/wayback_doj_press_snapshot/web.archive.org__web-20131005034400-http-www.justice.gov-usao-nys-pressreleases-October13-SilkRoadSeizurePR.php__8bd95fcf2e.html"", ""url"": ""http://www.justice.gov/usao/nys/pressreleases/October13/SilkRoadSeizurePR.php"", ""wayback"": ""https://web.archive.org/web/20140123062431/http://www.justice.gov/usao/nys/pressreleases/October13/SilkRoadSeizurePR.php""}, {""body_hash"": ""sha256:52dbf3406dac80addb1f9b9d3235a7307cac655d05b5d1911c8db350ae4ecdb6"", ""body_path"": ""sources/http_captures/silk-road-doj-seizure-2013/wayback_seizure_banner/web.archive.org__web-20131003130000-http-silkroadmarket.org__dc22e516cd.html"", ""url"": ""http://silkroadmarket.org/"", ""wayback"": ""https://web.archive.org/web/20131018043042/http://silkroadmarket.org/""}]",unadjudicated_risk_flag
sinbad-doj-2024,admitted,events/sinbad-doj-2024.yaml,0,l4_frontend,observed_change,sinbad_frontend_seizure_finality_anchored_by_operator_indictment,"[{""matching_fields"": [""url""], ""observation_source_index"": 0, ""trigger_source_index"": 0}]","[{""url"": ""https://www.justice.gov/opa/pr/operators-cryptocurrency-mixers-charged-money-laundering"", ""wayback"": ""https://web.archive.org/web/20260516000000/https://www.justice.gov/opa/pr/operators-cryptocurrency-mixers-charged-money-laundering""}, {""body_hash"": ""sha256:21b3f14cbdc6c0aa5e0088e06b99656b45317029f790115b8ace789a0bce6f39"", ""body_path"": ""sources/http_captures/sinbad-doj-2024/v0_3_repair/complianceconcourse.willkie.com__articles-federal-jury-indicts-blender-io-and-sinbad-io-operators-on-money-laundering-charges__ed2df721c1.html"", ""url"": ""https://complianceconcourse.willkie.com/articles/federal-jury-indicts-blender-io-and-sinbad-io-operators-on-money-laundering-charges/""}]","[{""url"": ""https://www.justice.gov/opa/pr/operators-cryptocurrency-mixers-charged-money-laundering"", ""wayback"": ""https://web.archive.org/web/20260516000000/https://www.justice.gov/opa/pr/operators-cryptocurrency-mixers-charged-money-laundering""}]",unadjudicated_risk_flag
sinbad-doj-2024,admitted,events/sinbad-doj-2024.yaml,1,offramp_cex,observed_change,sinbad_operator_indicted_two_of_three_arrested,"[{""matching_fields"": [""url""], ""observation_source_index"": 0, ""trigger_source_index"": 0}]","[{""url"": ""https://www.justice.gov/opa/pr/operators-cryptocurrency-mixers-charged-money-laundering"", ""wayback"": ""https://web.archive.org/web/20260516000000/https://www.justice.gov/opa/pr/operators-cryptocurrency-mixers-charged-money-laundering""}, {""body_hash"": ""sha256:21b3f14cbdc6c0aa5e0088e06b99656b45317029f790115b8ace789a0bce6f39"", ""body_path"": ""sources/http_captures/sinbad-doj-2024/v0_3_repair/complianceconcourse.willkie.com__articles-federal-jury-indicts-blender-io-and-sinbad-io-operators-on-money-laundering-charges__ed2df721c1.html"", ""url"": ""https://complianceconcourse.willkie.com/articles/federal-jury-indicts-blender-io-and-sinbad-io-operators-on-money-laundering-charges/""}]","[{""url"": ""https://www.justice.gov/opa/pr/operators-cryptocurrency-mixers-charged-money-laundering"", ""wayback"": ""https://web.archive.org/web/20260516000000/https://www.justice.gov/opa/pr/operators-cryptocurrency-mixers-charged-money-laundering""}]",unadjudicated_risk_flag
singapore-mas-binance-services-2021,admitted,events/singapore-mas-binance-services-2021.yaml,0,l4_frontend,observed_change,sgd_pairs_payments_and_app_store_removal_announced,"[{""matching_fields"": [""url"", ""body_hash""], ""observation_source_index"": 1, ""trigger_source_index"": 0}]","[{""body_hash"": ""sha256:e7a4e70bfd452534a7499251b1cc6c7df2e17c17af7381e9e6537b198bc8e895"", ""body_path"": ""sources/http_captures/singapore-mas-binance-services-2021/primary-mas-ftx-statement-wayback/web.archive.org__web-20221122070943-https-www.mas.gov.sg-news-media-releases-2022-mas-statement-to-address-misconceptions-in-the-wake-of-collapse-of-ftx__d06051d7ae.html"", ""url"": ""https://www.mas.gov.sg/news/media-releases/2022/mas-statement-to-address-misconceptions-in-the-wake-of-collapse-of-ftx"", ""wayback"": ""https://web.archive.org/web/20221122070943/https://www.mas.gov.sg/news/media-releases/2022/mas-statement-to-address-misconceptions-in-the-wake-of-collapse-of-ftx""}, {""body_hash"": ""sha256:32c4408f99c135d8e334c9330e4a782fa1f8f89467cb7565ef6f70b9f4cdcfb4"", ""body_path"": ""sources/http_captures/singapore-mas-binance-services-2021/secondary/web.archive.org__web-20210902120336-https-www.channelnewsasia.com-business-binanace-mas-payment-services-act-investor-alert-list-2152346__f038367c14.html"", ""url"": ""https://www.channelnewsasia.com/business/binanace-mas-payment-services-act-investor-alert-list-2152346"", ""wayback"": ""https://web.archive.org/web/20210902120336/https://www.channelnewsasia.com/business/binanace-mas-payment-services-act-investor-alert-list-2152346""}]","[{""body_hash"": ""sha256:b2aa10a72fef66f205df87b9ca97139c5cc2cdb1da614b21705fa62e589f1117"", ""body_path"": ""sources/http_captures/singapore-mas-binance-services-2021/binance/web.archive.org__web-20210905110009-https-www.binance.com-en-support-announcement-a38b8ee33ba847f9b91562b8709fe539__962711f1fb.html"", ""url"": ""https://www.binance.com/en/support/announcement/a38b8ee33ba847f9b91562b8709fe539"", ""wayback"": ""https://web.archive.org/web/20210905110009/https://www.binance.com/en/support/announcement/a38b8ee33ba847f9b91562b8709fe539""}, {""body_hash"": ""sha256:e7a4e70bfd452534a7499251b1cc6c7df2e17c17af7381e9e6537b198bc8e895"", ""body_path"": ""sources/http_captures/singapore-mas-binance-services-2021/primary-mas-ftx-statement-wayback/web.archive.org__web-20221122070943-https-www.mas.gov.sg-news-media-releases-2022-mas-statement-to-address-misconceptions-in-the-wake-of-collapse-of-ftx__d06051d7ae.html"", ""url"": ""https://www.mas.gov.sg/news/media-releases/2022/mas-statement-to-address-misconceptions-in-the-wake-of-collapse-of-ftx"", ""wayback"": ""https://web.archive.org/web/20221122070943/https://www.mas.gov.sg/news/media-releases/2022/mas-statement-to-address-misconceptions-in-the-wake-of-collapse-of-ftx""}]",unadjudicated_risk_flag
singapore-mas-binance-services-2021,admitted,events/singapore-mas-binance-services-2021.yaml,1,offramp_cex,observed_change,regulated_payment_services_access_restriction_announced,"[{""matching_fields"": [""url"", ""body_hash""], ""observation_source_index"": 1, ""trigger_source_index"": 0}]","[{""body_hash"": ""sha256:e7a4e70bfd452534a7499251b1cc6c7df2e17c17af7381e9e6537b198bc8e895"", ""body_path"": ""sources/http_captures/singapore-mas-binance-services-2021/primary-mas-ftx-statement-wayback/web.archive.org__web-20221122070943-https-www.mas.gov.sg-news-media-releases-2022-mas-statement-to-address-misconceptions-in-the-wake-of-collapse-of-ftx__d06051d7ae.html"", ""url"": ""https://www.mas.gov.sg/news/media-releases/2022/mas-statement-to-address-misconceptions-in-the-wake-of-collapse-of-ftx"", ""wayback"": ""https://web.archive.org/web/20221122070943/https://www.mas.gov.sg/news/media-releases/2022/mas-statement-to-address-misconceptions-in-the-wake-of-collapse-of-ftx""}, {""body_hash"": ""sha256:32c4408f99c135d8e334c9330e4a782fa1f8f89467cb7565ef6f70b9f4cdcfb4"", ""body_path"": ""sources/http_captures/singapore-mas-binance-services-2021/secondary/web.archive.org__web-20210902120336-https-www.channelnewsasia.com-business-binanace-mas-payment-services-act-investor-alert-list-2152346__f038367c14.html"", ""url"": ""https://www.channelnewsasia.com/business/binanace-mas-payment-services-act-investor-alert-list-2152346"", ""wayback"": ""https://web.archive.org/web/20210902120336/https://www.channelnewsasia.com/business/binanace-mas-payment-services-act-investor-alert-list-2152346""}]","[{""body_hash"": ""sha256:cb2ec1ee0da10ae36815394bfb5c63cb658de30df521562583c9501d2cc0abcd"", ""body_path"": ""sources/http_captures/singapore-mas-binance-services-2021/binance/web.archive.org__web-20210927094020-https-www.binance.com-en-support-announcement-34c6c158d03a4877a4e13cf0927468bc__1d7298135a.html"", ""url"": ""https://www.binance.com/en/support/announcement/34c6c158d03a4877a4e13cf0927468bc"", ""wayback"": ""https://web.archive.org/web/20210927094020/https://www.binance.com/en/support/announcement/34c6c158d03a4877a4e13cf0927468bc""}, {""body_hash"": ""sha256:e7a4e70bfd452534a7499251b1cc6c7df2e17c17af7381e9e6537b198bc8e895"", ""body_path"": ""sources/http_captures/singapore-mas-binance-services-2021/primary-mas-ftx-statement-wayback/web.archive.org__web-20221122070943-https-www.mas.gov.sg-news-media-releases-2022-mas-statement-to-address-misconceptions-in-the-wake-of-collapse-of-ftx__d06051d7ae.html"", ""url"": ""https://www.mas.gov.sg/news/media-releases/2022/mas-statement-to-address-misconceptions-in-the-wake-of-collapse-of-ftx"", ""wayback"": ""https://web.archive.org/web/20221122070943/https://www.mas.gov.sg/news/media-releases/2022/mas-statement-to-address-misconceptions-in-the-wake-of-collapse-of-ftx""}]",unadjudicated_risk_flag
singapore-mas-retail-crypto-restriction-2022,admitted,events/singapore-mas-retail-crypto-restriction-2022.yaml,0,l4_frontend,observed_change,sg_dpt_public_marketing_takedown,"[{""matching_fields"": [""url"", ""body_hash""], ""observation_source_index"": 0, ""trigger_source_index"": 0}]","[{""body_hash"": ""sha256:30120aa224be1cfab16a625973a3a9d0faa2ee818f3281264f7207f208fa05fa"", ""body_path"": ""sources/http_captures/singapore-mas-retail-crypto-restriction-2022/primary/web.archive.org__web-20220117093725-https-www.mas.gov.sg-news-media-releases-2022-mas-issues-guidelines-to-discourage-cryptocurrency-trading-by-general-public__e920350241.html"", ""url"": ""https://www.mas.gov.sg/news/media-releases/2022/mas-issues-guidelines-to-discourage-cryptocurrency-trading-by-general-public"", ""wayback"": ""https://web.archive.org/web/20220117093725/https://www.mas.gov.sg/news/media-releases/2022/mas-issues-guidelines-to-discourage-cryptocurrency-trading-by-general-public""}]","[{""body_hash"": ""sha256:30120aa224be1cfab16a625973a3a9d0faa2ee818f3281264f7207f208fa05fa"", ""body_path"": ""sources/http_captures/singapore-mas-retail-crypto-restriction-2022/primary/web.archive.org__web-20220117093725-https-www.mas.gov.sg-news-media-releases-2022-mas-issues-guidelines-to-discourage-cryptocurrency-trading-by-general-public__e920350241.html"", ""url"": ""https://www.mas.gov.sg/news/media-releases/2022/mas-issues-guidelines-to-discourage-cryptocurrency-trading-by-general-public"", ""wayback"": ""https://web.archive.org/web/20220117093725/https://www.mas.gov.sg/news/media-releases/2022/mas-issues-guidelines-to-discourage-cryptocurrency-trading-by-general-public""}, {""body_hash"": ""sha256:793116a281346bd1365b04f7838bf9b5a8e59788f007d03bf211c2baadd73b62"", ""body_path"": ""sources/http_captures/singapore-mas-retail-crypto-restriction-2022/primary/web.archive.org__web-20220119220822-https-www.morganlewis.com-pubs-2022-01-new-guidelines-discourage-cryptocurrency-trading-by-general-public-in-singapore__233a5bb278.html"", ""url"": ""https://www.morganlewis.com/pubs/2022/01/new-guidelines-discourage-cryptocurrency-trading-by-general-public-in-singapore"", ""wayback"": ""https://web.archive.org/web/20220119220822/https://www.morganlewis.com/pubs/2022/01/new-guidelines-discourage-cryptocurrency-trading-by-general-public-in-singapore""}]",unadjudicated_risk_flag
sri-lanka-cbsl-crypto-warning-fx-directive-2021,admitted,events/sri-lanka-cbsl-crypto-warning-fx-directive-2021.yaml,0,offramp_cex,observed_change,bank_card_payment_channel_for_crypto_prohibited,"[{""matching_fields"": [""url"", ""body_hash""], ""observation_source_index"": 0, ""trigger_source_index"": 0}]","[{""body_hash"": ""sha256:b0a69b01b22e82e323f5fd477806f7e5c1520f93a437921d5ca6bcefad8f3a2c"", ""body_path"": ""sources/http_captures/sri-lanka-cbsl-crypto-warning-fx-directive-2021/primary/web.archive.org__web-20210601000000id_-https-www.cbsl.gov.lk-sites-default-files-cbslweb_documents-laws-cdg-Foreign_Exchange_Act_Direction_No_3_of_2021_e.pdf__ac4a9178d0.bin"", ""url"": ""https://www.cbsl.gov.lk/sites/default/files/cbslweb_documents/laws/cdg/Foreign_Exchange_Act_Direction_No_3_of_2021_e.pdf"", ""wayback"": ""https://web.archive.org/web/20210629054616id_/https://www.cbsl.gov.lk/sites/default/files/cbslweb_documents/laws/cdg/Foreign_Exchange_Act_Direction_No_3_of_2021_e.pdf""}]","[{""body_hash"": ""sha256:b0a69b01b22e82e323f5fd477806f7e5c1520f93a437921d5ca6bcefad8f3a2c"", ""body_path"": ""sources/http_captures/sri-lanka-cbsl-crypto-warning-fx-directive-2021/primary/web.archive.org__web-20210601000000id_-https-www.cbsl.gov.lk-sites-default-files-cbslweb_documents-laws-cdg-Foreign_Exchange_Act_Direction_No_3_of_2021_e.pdf__ac4a9178d0.bin"", ""url"": ""https://www.cbsl.gov.lk/sites/default/files/cbslweb_documents/laws/cdg/Foreign_Exchange_Act_Direction_No_3_of_2021_e.pdf"", ""wayback"": ""https://web.archive.org/web/20210629054616id_/https://www.cbsl.gov.lk/sites/default/files/cbslweb_documents/laws/cdg/Foreign_Exchange_Act_Direction_No_3_of_2021_e.pdf""}, {""body_hash"": ""sha256:1b758b8a26b5417c39f47b62c77d060de13e6676e386160a33fdec7e5f1a464d"", ""body_path"": ""sources/http_captures/sri-lanka-cbsl-crypto-warning-fx-directive-2021/primary/web.archive.org__web-20210420000000-https-www.cbsl.gov.lk-en-news-public-awareness-on-risks-in-investing-in-virtual-currencies-in-sri-lanka__f675477cdb.html"", ""url"": ""https://www.cbsl.gov.lk/en/news/public-awareness-on-risks-in-investing-in-virtual-currencies-in-sri-lanka"", ""wayback"": ""https://web.archive.org/web/20210412052323/https://www.cbsl.gov.lk/en/news/public-awareness-on-risks-in-investing-in-virtual-currencies-in-sri-lanka""}]",unadjudicated_risk_flag
t3-bybit-hack-usdt-freeze-2025-03,admitted,events/t3-bybit-hack-usdt-freeze-2025-03.yaml,0,asset_onchain,observed_change,t3_fcu_freezes_bybit_hack_usdt_subset,"[{""matching_fields"": [""url"", ""body_hash""], ""observation_source_index"": 0, ""trigger_source_index"": 0}, {""matching_fields"": [""url"", ""body_hash""], ""observation_source_index"": 1, ""trigger_source_index"": 1}]","[{""body_hash"": ""sha256:0960e54b028e5f6a3bb8d3790c7a993f90a6d05411c5b099325918fd6195374d"", ""body_path"": ""sources/http_captures/t3-bybit-hack-usdt-freeze-2025-03/primary/tether.io__news-t3-fcu-freezes-nearly-9-million-linked-to-record-breaking-bybit-hack-bringing-crime-units-total-to-over-150-million__d6bb1e1bf7.html"", ""url"": ""https://tether.io/news/t3-fcu-freezes-nearly-9-million-linked-to-record-breaking-bybit-hack-bringing-crime-units-total-to-over-150-million/""}, {""body_hash"": ""sha256:eef1d0d6bca71edc7c27d4131f2548df79787c2318449448c99bab85aa43660f"", ""body_path"": ""sources/http_captures/t3-bybit-hack-usdt-freeze-2025-03/primary/hackscan.hackbounty.io__public-hack-address.json__dbb3efd2b5.json"", ""url"": ""https://hackscan.hackbounty.io/public/hack-address.json""}]","[{""body_hash"": ""sha256:0960e54b028e5f6a3bb8d3790c7a993f90a6d05411c5b099325918fd6195374d"", ""body_path"": ""sources/http_captures/t3-bybit-hack-usdt-freeze-2025-03/primary/tether.io__news-t3-fcu-freezes-nearly-9-million-linked-to-record-breaking-bybit-hack-bringing-crime-units-total-to-over-150-million__d6bb1e1bf7.html"", ""url"": ""https://tether.io/news/t3-fcu-freezes-nearly-9-million-linked-to-record-breaking-bybit-hack-bringing-crime-units-total-to-over-150-million/""}, {""body_hash"": ""sha256:eef1d0d6bca71edc7c27d4131f2548df79787c2318449448c99bab85aa43660f"", ""body_path"": ""sources/http_captures/t3-bybit-hack-usdt-freeze-2025-03/primary/hackscan.hackbounty.io__public-hack-address.json__dbb3efd2b5.json"", ""url"": ""https://hackscan.hackbounty.io/public/hack-address.json""}, {""tx_hash"": ""e55f21880eb4b58aace813b1350776b085194af613f3fdd9ff38bd328399fe80"", ""url"": ""https://tronscan.org/#/transaction/e55f21880eb4b58aace813b1350776b085194af613f3fdd9ff38bd328399fe80""}, {""tx_hash"": ""c0591a35651d622d19ed27b1e1961dc005e7a84074ecca2012eac4505c296a5e"", ""url"": ""https://tronscan.org/#/transaction/c0591a35651d622d19ed27b1e1961dc005e7a84074ecca2012eac4505c296a5e""}, {""tx_hash"": ""0e0cd72fcbf09fb17d7acff188328c7b6c6734463ef1e266727f523fa284674f"", ""url"": ""https://tronscan.org/#/transaction/0e0cd72fcbf09fb17d7acff188328c7b6c6734463ef1e266727f523fa284674f""}, {""tx_hash"": ""aeaac3dcd1e2d9ac92a01a4ffea1bbebc248410859d21327a29645ccca92e3f0"", ""url"": ""https://tronscan.org/#/transaction/aeaac3dcd1e2d9ac92a01a4ffea1bbebc248410859d21327a29645ccca92e3f0""}, {""tx_hash"": ""6084da483740a6d10b14310974cc9077f6e6ed30c665556f7953677bbdac3990"", ""url"": ""https://tronscan.org/#/transaction/6084da483740a6d10b14310974cc9077f6e6ed30c665556f7953677bbdac3990""}, {""tx_hash"": ""b021c6a691a51a1007558dfcfb99de79c3f9a56c13724d136720c5cf38ad3a65"", ""url"": ""https://tronscan.org/#/transaction/b021c6a691a51a1007558dfcfb99de79c3f9a56c13724d136720c5cf38ad3a65""}, {""tx_hash"": ""04ff6378e56cc6614fda40145a98adf218586ac499309dae2e6bd6bdf9b27d23"", ""url"": ""https://tronscan.org/#/transaction/04ff6378e56cc6614fda40145a98adf218586ac499309dae2e6bd6bdf9b27d23""}, {""tx_hash"": ""b59eb7f5edb2101726f00e19722d7b24a064cbbde5d704f6b042c5c35d1cad5f"", ""url"": ""https://tronscan.org/#/transaction/b59eb7f5edb2101726f00e19722d7b24a064cbbde5d704f6b042c5c35d1cad5f""}, {""tx_hash"": ""7034e8e7f93511259f3ce384eb0d328ec885d5dbd627e6541213567b994de8cd"", ""url"": ""https://tronscan.org/#/transaction/7034e8e7f93511259f3ce384eb0d328ec885d5dbd627e6541213567b994de8cd""}, {""tx_hash"": ""c5223e2f8fe9fbfc4e57fe9bd4b0e4e4b7bde289ed4fcdb319414ae60e1bc5ad"", ""url"": ""https://tronscan.org/#/transaction/c5223e2f8fe9fbfc4e57fe9bd4b0e4e4b7bde289ed4fcdb319414ae60e1bc5ad""}, {""tx_hash"": ""b4feadd44e2e9378797e50a4150e8f73cc9ceadaf924b76dcf2b860421eb1d5b"", ""url"": ""https://tronscan.org/#/transaction/b4feadd44e2e9378797e50a4150e8f73cc9ceadaf924b76dcf2b860421eb1d5b""}, {""tx_hash"": ""759ff42fc6554ba3f8816c7eee40b94dfdf44cf74f0efefd70b363d06cac8e41"", ""url"": ""https://tronscan.org/#/transaction/759ff42fc6554ba3f8816c7eee40b94dfdf44cf74f0efefd70b363d06cac8e41""}, {""tx_hash"": ""8fdd5aac1f1aedfd71a72dbf5bb60815db1a2c03a511a39b344aeb30f29b44ac"", ""url"": ""https://tronscan.org/#/transaction/8fdd5aac1f1aedfd71a72dbf5bb60815db1a2c03a511a39b344aeb30f29b44ac""}, {""tx_hash"": ""0xb6bc7e5f79e9c7ed91db7a917f01633e8b7a39fbc9d2713db667c336c304a0e0"", ""url"": ""https://etherscan.io/tx/0xb6bc7e5f79e9c7ed91db7a917f01633e8b7a39fbc9d2713db667c336c304a0e0""}, {""tx_hash"": ""0x970af0dc17ff56a1846b59bfc0d347f6615fdb940bca5ca2258b0bdfdcb46edb"", ""url"": ""https://etherscan.io/tx/0x970af0dc17ff56a1846b59bfc0d347f6615fdb940bca5ca2258b0bdfdcb46edb""}, {""tx_hash"": ""0xa71f1a9da815b86cee18e3628e967b85409ae366050f522452e0f5471838cdd3"", ""url"": ""https://etherscan.io/tx/0xa71f1a9da815b86cee18e3628e967b85409ae366050f522452e0f5471838cdd3""}, {""tx_hash"": ""0xb36caaaad90f4fe9e194882086194671b827fed86e8af571c6d974a910f276e1"", ""url"": ""https://etherscan.io/tx/0xb36caaaad90f4fe9e194882086194671b827fed86e8af571c6d974a910f276e1""}, {""tx_hash"": ""0x3ec45ce2716355ccfabf5f26a5c91acfe9cd58e8b4d806f3a56283663bd30ee3"", ""url"": ""https://etherscan.io/tx/0x3ec45ce2716355ccfabf5f26a5c91acfe9cd58e8b4d806f3a56283663bd30ee3""}, {""body_hash"": ""sha256:a1ab069c077c34fc519fcb1bf39ef8c206fa8a40901cf2dc73a727620698894a"", ""body_path"": ""sources/http_captures/t3-bybit-hack-usdt-freeze-2025-03/primary/usdtbanlist.com__address-TLZiKkccnBs2hg21dD55HZJLhQWFEgkjVU__84239a2658.html"", ""url"": ""https://usdtbanlist.com/address/TLZiKkccnBs2hg21dD55HZJLhQWFEgkjVU""}]",unadjudicated_risk_flag
t3-financial-crime-unit-launch-2024-09,admitted,events/t3-financial-crime-unit-launch-2024-09.yaml,0,asset_onchain,observed_change,t3_fcu_launch_executes_usdt_tron_enforcement_freezes,"[{""matching_fields"": [""url"", ""body_hash""], ""observation_source_index"": 0, ""trigger_source_index"": 0}, {""matching_fields"": [""url"", ""body_hash""], ""observation_source_index"": 3, ""trigger_source_index"": 1}]","[{""body_hash"": ""sha256:23160e7ef1d31d72b5942c399d80ac2742457b5bed3eede8fa65f4ff1725a52f"", ""body_path"": ""sources/http_captures/t3-financial-crime-unit-launch-2024-09/primary/web.archive.org__web-20240911000000-https-tether.io-news-tether-tron-and-trm-labs-establish-first-ever-private-sector-financial-crime-unit-to-combat-crypto-crime__c18df46f05.html"", ""url"": ""https://tether.io/news/tether-tron-and-trm-labs-establish-first-ever-private-sector-financial-crime-unit-to-combat-crypto-crime/"", ""wayback"": ""https://web.archive.org/web/20240910215903/https://tether.io/news/tether-tron-and-trm-labs-establish-first-ever-private-sector-financial-crime-unit-to-combat-crypto-crime/""}, {""body_hash"": ""sha256:a53fc43c4afcb2ec6f303a6ff33e445b3e3f966874fab10b745059599e03bc72"", ""body_path"": ""sources/http_captures/t3-financial-crime-unit-launch-2024-09/primary/web.archive.org__web-20240911000000-https-www.coindesk.com-business-2024-09-10-tron-tether-and-trm-labs-start-financial-crime-fighting-force__73eb34a248.html"", ""url"": ""https://www.coindesk.com/business/2024/09/10/tron-tether-and-trm-labs-start-financial-crime-fighting-force"", ""wayback"": ""https://web.archive.org/web/20240911050312/https://www.coindesk.com/business/2024/09/10/tron-tether-and-trm-labs-start-financial-crime-fighting-force/""}]","[{""body_hash"": ""sha256:23160e7ef1d31d72b5942c399d80ac2742457b5bed3eede8fa65f4ff1725a52f"", ""body_path"": ""sources/http_captures/t3-financial-crime-unit-launch-2024-09/primary/web.archive.org__web-20240911000000-https-tether.io-news-tether-tron-and-trm-labs-establish-first-ever-private-sector-financial-crime-unit-to-combat-crypto-crime__c18df46f05.html"", ""url"": ""https://tether.io/news/tether-tron-and-trm-labs-establish-first-ever-private-sector-financial-crime-unit-to-combat-crypto-crime/"", ""wayback"": ""https://web.archive.org/web/20240910215903/https://tether.io/news/tether-tron-and-trm-labs-establish-first-ever-private-sector-financial-crime-unit-to-combat-crypto-crime/""}, {""tx_hash"": ""b08e804e631be03ff779027181d7069be9135d57890fc32856d8b093c07f0c5d"", ""url"": ""https://tronscan.org/#/transaction/b08e804e631be03ff779027181d7069be9135d57890fc32856d8b093c07f0c5d""}, {""tx_hash"": ""0f7c52af61004b54bc9de3ec37695c3a3d61fd135b2db29faee824386f604856"", ""url"": ""https://tronscan.org/#/transaction/0f7c52af61004b54bc9de3ec37695c3a3d61fd135b2db29faee824386f604856""}, {""body_hash"": ""sha256:a53fc43c4afcb2ec6f303a6ff33e445b3e3f966874fab10b745059599e03bc72"", ""body_path"": ""sources/http_captures/t3-financial-crime-unit-launch-2024-09/primary/web.archive.org__web-20240911000000-https-www.coindesk.com-business-2024-09-10-tron-tether-and-trm-labs-start-financial-crime-fighting-force__73eb34a248.html"", ""url"": ""https://www.coindesk.com/business/2024/09/10/tron-tether-and-trm-labs-start-financial-crime-fighting-force"", ""wayback"": ""https://web.archive.org/web/20240911050312/https://www.coindesk.com/business/2024/09/10/tron-tether-and-trm-labs-start-financial-crime-fighting-force/""}]",unadjudicated_risk_flag
taiwan-fsc-bitcoin-bank-atm-ban-2014-01,admitted,events/taiwan-fsc-bitcoin-bank-atm-ban-2014-01.yaml,0,offramp_cex,observed_change,fsc_barred_banks_from_bitcoin_conversion_and_atms,"[{""matching_fields"": [""url"", ""body_hash""], ""observation_source_index"": 0, ""trigger_source_index"": 0}, {""matching_fields"": [""url"", ""body_hash""], ""observation_source_index"": 1, ""trigger_source_index"": 1}, {""matching_fields"": [""url"", ""body_hash""], ""observation_source_index"": 2, ""trigger_source_index"": 2}]","[{""body_hash"": ""sha256:fc7886ec985edc6772079f79dc2fc4a8528b4525ba428f44429ce1b6b1fb8d4c"", ""body_path"": ""sources/http_captures/taiwan-fsc-bitcoin-bank-atm-ban-2014-01/primary-fsc-press-live/www.fsc.gov.tw__en-home.jsp__dbeef62d88.html"", ""url"": ""https://www.fsc.gov.tw/en/home.jsp?aplistdn=ou%3Dnews%2Cou%3Dmultisite%2Cou%3Denglish%2Cou%3Dap_root%2Co%3Dfsc%2Cc%3Dtw&dataserno=202011120011&dtable=News&id=54&mcustomize=multimessage_view.jsp&parentpath=0""}, {""body_hash"": ""sha256:8c780a7d93396ee37ef651978bea26cf7058995996264bc0674084743e11e4c1"", ""body_path"": ""sources/http_captures/taiwan-fsc-bitcoin-bank-atm-ban-2014-01/primary-fsc-press-live/www.fsc.gov.tw__ch-home.jsp__899be8f835.html"", ""url"": ""https://www.fsc.gov.tw/ch/home.jsp?dataserno=201401060003&dtable=News&id=96&mcustomize=news_view.jsp&parentpath=0%2C2""}, {""body_hash"": ""sha256:a5fb9b0d0ff23f4f567c245dfa54e12c0917c75388d5a15412753c81034a801d"", ""body_path"": ""sources/http_captures/taiwan-fsc-bitcoin-bank-atm-ban-2014-01/primary/web.archive.org__web-20140110000000-http-www.taipeitimes.com-News-biz-archives-2014-01-07-2003580688__46d53f886c.html"", ""url"": ""http://www.taipeitimes.com/News/biz/archives/2014/01/07/2003580688"", ""wayback"": ""https://web.archive.org/web/20140109163139/http://www.taipeitimes.com/News/biz/archives/2014/01/07/2003580688""}]","[{""body_hash"": ""sha256:fc7886ec985edc6772079f79dc2fc4a8528b4525ba428f44429ce1b6b1fb8d4c"", ""body_path"": ""sources/http_captures/taiwan-fsc-bitcoin-bank-atm-ban-2014-01/primary-fsc-press-live/www.fsc.gov.tw__en-home.jsp__dbeef62d88.html"", ""url"": ""https://www.fsc.gov.tw/en/home.jsp?aplistdn=ou%3Dnews%2Cou%3Dmultisite%2Cou%3Denglish%2Cou%3Dap_root%2Co%3Dfsc%2Cc%3Dtw&dataserno=202011120011&dtable=News&id=54&mcustomize=multimessage_view.jsp&parentpath=0""}, {""body_hash"": ""sha256:8c780a7d93396ee37ef651978bea26cf7058995996264bc0674084743e11e4c1"", ""body_path"": ""sources/http_captures/taiwan-fsc-bitcoin-bank-atm-ban-2014-01/primary-fsc-press-live/www.fsc.gov.tw__ch-home.jsp__899be8f835.html"", ""url"": ""https://www.fsc.gov.tw/ch/home.jsp?dataserno=201401060003&dtable=News&id=96&mcustomize=news_view.jsp&parentpath=0%2C2""}, {""body_hash"": ""sha256:a5fb9b0d0ff23f4f567c245dfa54e12c0917c75388d5a15412753c81034a801d"", ""body_path"": ""sources/http_captures/taiwan-fsc-bitcoin-bank-atm-ban-2014-01/primary/web.archive.org__web-20140110000000-http-www.taipeitimes.com-News-biz-archives-2014-01-07-2003580688__46d53f886c.html"", ""url"": ""http://www.taipeitimes.com/News/biz/archives/2014/01/07/2003580688"", ""wayback"": ""https://web.archive.org/web/20140109163139/http://www.taipeitimes.com/News/biz/archives/2014/01/07/2003580688""}]",unadjudicated_risk_flag
teraexchange-cftc-bitcoin-swap-2015,admitted,events/teraexchange-cftc-bitcoin-swap-2015.yaml,0,offramp_cex,observed_change,cftc_order_imposing_cease_and_desist_and_undertakings_on_sef_for_bitcoin_swap,"[{""matching_fields"": [""url"", ""body_hash""], ""observation_source_index"": 0, ""trigger_source_index"": 1}, {""matching_fields"": [""url"", ""body_hash""], ""observation_source_index"": 1, ""trigger_source_index"": 0}]","[{""body_hash"": ""sha256:158a1dbcad61e5cefa74c75e4f2779b13aa831e8657f4e2203ae7b28bb583d78"", ""body_path"": ""sources/http_captures/teraexchange-cftc-bitcoin-swap-2015/primary/www.cftc.gov__PressRoom-PressReleases-7240-15__5082f96e2b.html"", ""url"": ""https://www.cftc.gov/PressRoom/PressReleases/7240-15""}, {""body_hash"": ""sha256:101633f08b454df506f01ae226361c48cb6a58f2e9e74efca05cca917c88e9c2"", ""body_path"": ""sources/http_captures/teraexchange-cftc-bitcoin-swap-2015/primary/www.cftc.gov__idc-groups-public-lrenforcementactions-documents-legalpleading-enfteraexchangeorder92415.pdf__be2f47b647.bin"", ""url"": ""https://www.cftc.gov/idc/groups/public/@lrenforcementactions/documents/legalpleading/enfteraexchangeorder92415.pdf""}]","[{""body_hash"": ""sha256:101633f08b454df506f01ae226361c48cb6a58f2e9e74efca05cca917c88e9c2"", ""body_path"": ""sources/http_captures/teraexchange-cftc-bitcoin-swap-2015/primary/www.cftc.gov__idc-groups-public-lrenforcementactions-documents-legalpleading-enfteraexchangeorder92415.pdf__be2f47b647.bin"", ""url"": ""https://www.cftc.gov/idc/groups/public/@lrenforcementactions/documents/legalpleading/enfteraexchangeorder92415.pdf""}, {""body_hash"": ""sha256:158a1dbcad61e5cefa74c75e4f2779b13aa831e8657f4e2203ae7b28bb583d78"", ""body_path"": ""sources/http_captures/teraexchange-cftc-bitcoin-swap-2015/primary/www.cftc.gov__PressRoom-PressReleases-7240-15__5082f96e2b.html"", ""url"": ""https://www.cftc.gov/PressRoom/PressReleases/7240-15""}]",unadjudicated_risk_flag
terror-financing-crypto-seizure-doj-2020,admitted,events/terror-financing-crypto-seizure-doj-2020.yaml,0,l4_frontend,observed_change,terror_finance_websites_and_social_pages_seized,"[{""matching_fields"": [""url"", ""body_hash""], ""observation_source_index"": 0, ""trigger_source_index"": 0}, {""matching_fields"": [""url"", ""body_hash""], ""observation_source_index"": 1, ""trigger_source_index"": 2}]","[{""body_hash"": ""sha256:000020bc96919db4ef08202b09ed962e69baaf9f707e4049e2859708dbc41ba4"", ""body_path"": ""sources/http_captures/terror-financing-crypto-seizure-doj-2020/primary/web.archive.org__web-20200814232542-https-www.justice.gov-opa-pr-global-disruption-three-terror-finance-cyber-enabled-campaigns__75dbce79dd.html"", ""url"": ""https://www.justice.gov/opa/pr/global-disruption-three-terror-finance-cyber-enabled-campaigns"", ""wayback"": ""http://web.archive.org/web/20200814232542/https://www.justice.gov/opa/pr/global-disruption-three-terror-finance-cyber-enabled-campaigns""}, {""body_hash"": ""sha256:36f0ba91894de6e4fc6e3b0af59dbdfd47de2074ac175a85fb2939e1d9187b74"", ""body_path"": ""sources/http_captures/terror-financing-crypto-seizure-doj-2020/primary/web.archive.org__web-20200903202343if_-https-www.justice.gov-opa-press-release-file-1304276-download__e0d6a54488.bin"", ""url"": ""https://www.justice.gov/opa/press-release/file/1304276/download"", ""wayback"": ""http://web.archive.org/web/20200903202343if_/https://www.justice.gov/opa/press-release/file/1304276/download""}, {""body_hash"": ""sha256:dbc11bf5c0044851d923242086b8c6957a3c77c2c8fea66548147f0bbe2ecfe0"", ""body_path"": ""sources/http_captures/terror-financing-crypto-seizure-doj-2020/primary/web.archive.org__web-20201004114529if_-https-www.justice.gov-opa-press-release-file-1304296-download__345512e6de.bin"", ""url"": ""https://www.justice.gov/opa/press-release/file/1304296/download"", ""wayback"": ""http://web.archive.org/web/20201004114529if_/https://www.justice.gov/opa/press-release/file/1304296/download""}]","[{""body_hash"": ""sha256:000020bc96919db4ef08202b09ed962e69baaf9f707e4049e2859708dbc41ba4"", ""body_path"": ""sources/http_captures/terror-financing-crypto-seizure-doj-2020/primary/web.archive.org__web-20200814232542-https-www.justice.gov-opa-pr-global-disruption-three-terror-finance-cyber-enabled-campaigns__75dbce79dd.html"", ""url"": ""https://www.justice.gov/opa/pr/global-disruption-three-terror-finance-cyber-enabled-campaigns"", ""wayback"": ""http://web.archive.org/web/20200814232542/https://www.justice.gov/opa/pr/global-disruption-three-terror-finance-cyber-enabled-campaigns""}, {""body_hash"": ""sha256:dbc11bf5c0044851d923242086b8c6957a3c77c2c8fea66548147f0bbe2ecfe0"", ""body_path"": ""sources/http_captures/terror-financing-crypto-seizure-doj-2020/primary/web.archive.org__web-20201004114529if_-https-www.justice.gov-opa-press-release-file-1304296-download__345512e6de.bin"", ""url"": ""https://www.justice.gov/opa/press-release/file/1304296/download"", ""wayback"": ""http://web.archive.org/web/20201004114529if_/https://www.justice.gov/opa/press-release/file/1304296/download""}]",unadjudicated_risk_flag
tether-doj-pig-butchering-freeze-2023,admitted,events/tether-doj-pig-butchering-freeze-2023.yaml,0,asset_onchain,observed_change,tether_added_blacklist_for_doj_usss_pig_butchering_cluster,"[{""matching_fields"": [""url"", ""body_hash""], ""observation_source_index"": 0, ""trigger_source_index"": 2}]","[{""body_hash"": ""sha256:c37819595db98b24face1d35241c4c62a5fe0dc3fa6606450e17c25c6505c114"", ""body_path"": ""sources/http_captures/tether-doj-pig-butchering-freeze-2023/primary/tether.to__en-tether-freezes-225-million-linked-to-international-human-trafficking-syndicate__ae3e393bc3.html"", ""url"": ""https://tether.to/en/tether-freezes-225-million-linked-to-international-human-trafficking-syndicate/""}, {""body_hash"": ""sha256:be9f63130d3a946049f43e8cb2d8a2a4bbeb0b21fcff76600646f9a141a7d9f0"", ""body_path"": ""sources/http_captures/tether-doj-pig-butchering-freeze-2023/primary/www.justice.gov__usao-edva-pr-united-states-files-civil-forfeiture-complaint-seeking-recovery-over-112-million-crypto__3f4a45e92b.html"", ""url"": ""https://www.justice.gov/usao-edva/pr/united-states-files-civil-forfeiture-complaint-seeking-recovery-over-112-million-crypto""}, {""body_hash"": ""sha256:2134aba63aa003b2574401bb7ba94c10fa54970e82131baa747cdba0ebc8ae0b"", ""body_path"": ""sources/http_captures/tether-doj-pig-butchering-freeze-2023/primary/www.justice.gov__usao-dc-media-1403996-dl__2a4332ecd7.bin"", ""url"": ""https://www.justice.gov/usao-dc/media/1403996/dl?inline=""}]","[{""body_hash"": ""sha256:2134aba63aa003b2574401bb7ba94c10fa54970e82131baa747cdba0ebc8ae0b"", ""body_path"": ""sources/http_captures/tether-doj-pig-butchering-freeze-2023/primary/www.justice.gov__usao-dc-media-1403996-dl__2a4332ecd7.bin"", ""url"": ""https://www.justice.gov/usao-dc/media/1403996/dl?inline=""}, {""tx_hash"": ""0x6f2ee4e620f7ad9424746dc66bc0d59177769ab4162c152abc50735a1fb900d9"", ""url"": ""https://etherscan.io/tx/0x6f2ee4e620f7ad9424746dc66bc0d59177769ab4162c152abc50735a1fb900d9""}, {""tx_hash"": ""0x27daa9b2a7feecfd9036f4c45eec44e9f06733e074d8ce222637201506855f0c"", ""url"": ""https://etherscan.io/tx/0x27daa9b2a7feecfd9036f4c45eec44e9f06733e074d8ce222637201506855f0c""}, {""tx_hash"": ""0x1cba0d1237187bc409bdf02b1b54c2b848ad7e959d7229b48d13e13af042d769"", ""url"": ""https://etherscan.io/tx/0x1cba0d1237187bc409bdf02b1b54c2b848ad7e959d7229b48d13e13af042d769""}, {""tx_hash"": ""0x9663efbd994469f8660b26efb553b23b16aa93a7fb531f04639ceaee2f5e4542"", ""url"": ""https://etherscan.io/tx/0x9663efbd994469f8660b26efb553b23b16aa93a7fb531f04639ceaee2f5e4542""}, {""tx_hash"": ""0x0af2ed54fae51aab459873f8e97d8996810a7b19bb20615769c81d4a47ebab66"", ""url"": ""https://etherscan.io/tx/0x0af2ed54fae51aab459873f8e97d8996810a7b19bb20615769c81d4a47ebab66""}, {""tx_hash"": ""0x4ae05726cfb0dd0c2eaba70fe63a1a7848fb57f8a4f6efb5f72e290bd9141d1e"", ""url"": ""https://etherscan.io/tx/0x4ae05726cfb0dd0c2eaba70fe63a1a7848fb57f8a4f6efb5f72e290bd9141d1e""}, {""tx_hash"": ""0x3769cb9daa98464d086855d82f2327864778fe7c9b6bb2109d46b2f6d0900d0e"", ""url"": ""https://etherscan.io/tx/0x3769cb9daa98464d086855d82f2327864778fe7c9b6bb2109d46b2f6d0900d0e""}]",unadjudicated_risk_flag
tether-doj-pig-butchering-freeze-2023,admitted,events/tether-doj-pig-butchering-freeze-2023.yaml,1,offramp_cex,observed_change,tether_froze_225m_at_doj_request_non_ofac_trigger,"[{""matching_fields"": [""url"", ""body_hash""], ""observation_source_index"": 0, ""trigger_source_index"": 0}, {""matching_fields"": [""url"", ""body_hash""], ""observation_source_index"": 1, ""trigger_source_index"": 1}]","[{""body_hash"": ""sha256:c37819595db98b24face1d35241c4c62a5fe0dc3fa6606450e17c25c6505c114"", ""body_path"": ""sources/http_captures/tether-doj-pig-butchering-freeze-2023/primary/tether.to__en-tether-freezes-225-million-linked-to-international-human-trafficking-syndicate__ae3e393bc3.html"", ""url"": ""https://tether.to/en/tether-freezes-225-million-linked-to-international-human-trafficking-syndicate/""}, {""body_hash"": ""sha256:be9f63130d3a946049f43e8cb2d8a2a4bbeb0b21fcff76600646f9a141a7d9f0"", ""body_path"": ""sources/http_captures/tether-doj-pig-butchering-freeze-2023/primary/www.justice.gov__usao-edva-pr-united-states-files-civil-forfeiture-complaint-seeking-recovery-over-112-million-crypto__3f4a45e92b.html"", ""url"": ""https://www.justice.gov/usao-edva/pr/united-states-files-civil-forfeiture-complaint-seeking-recovery-over-112-million-crypto""}, {""body_hash"": ""sha256:2134aba63aa003b2574401bb7ba94c10fa54970e82131baa747cdba0ebc8ae0b"", ""body_path"": ""sources/http_captures/tether-doj-pig-butchering-freeze-2023/primary/www.justice.gov__usao-dc-media-1403996-dl__2a4332ecd7.bin"", ""url"": ""https://www.justice.gov/usao-dc/media/1403996/dl?inline=""}]","[{""body_hash"": ""sha256:c37819595db98b24face1d35241c4c62a5fe0dc3fa6606450e17c25c6505c114"", ""body_path"": ""sources/http_captures/tether-doj-pig-butchering-freeze-2023/primary/tether.to__en-tether-freezes-225-million-linked-to-international-human-trafficking-syndicate__ae3e393bc3.html"", ""url"": ""https://tether.to/en/tether-freezes-225-million-linked-to-international-human-trafficking-syndicate/""}, {""body_hash"": ""sha256:be9f63130d3a946049f43e8cb2d8a2a4bbeb0b21fcff76600646f9a141a7d9f0"", ""body_path"": ""sources/http_captures/tether-doj-pig-butchering-freeze-2023/primary/www.justice.gov__usao-edva-pr-united-states-files-civil-forfeiture-complaint-seeking-recovery-over-112-million-crypto__3f4a45e92b.html"", ""url"": ""https://www.justice.gov/usao-edva/pr/united-states-files-civil-forfeiture-complaint-seeking-recovery-over-112-million-crypto""}]",unadjudicated_risk_flag
tether-dprk-precommit-freeze-2025,admitted,events/tether-dprk-precommit-freeze-2025.yaml,0,asset_onchain,observed_change,batch_freeze_dprk_cluster_pre_ofac_designation,"[{""matching_fields"": [""url"", ""body_hash""], ""observation_source_index"": 1, ""trigger_source_index"": 0}, {""matching_fields"": [""url"", ""body_hash""], ""observation_source_index"": 2, ""trigger_source_index"": 1}]","[{""body_hash"": ""sha256:5d6317eb4970c6d1f570dc8b37892db66664fd3fab838a1ce879341facf32e50"", ""body_path"": ""sources/http_captures/dprk-usdt-network-ofac-2025/asset-layer-check/usdtbanlist.com__address-TA3941uFAvmVibSkQ6fMJXxmaSNovX86mz__a69f3029ba.html"", ""url"": ""https://usdtbanlist.com/address/TA3941uFAvmVibSkQ6fMJXxmaSNovX86mz""}, {""body_hash"": ""sha256:200f60acba98b02da2d51134a4d5b8b731d571ebde3c95bea99402e52462300b"", ""body_path"": ""sources/http_captures/dprk-usdt-network-ofac-2025/asset-layer-check/usdtbanlist.com__address-TYxwUhoLPF7AgfG9GaXFEp8CQi8K8KG1m3__f1f6804eff.html"", ""url"": ""https://usdtbanlist.com/address/TYxwUhoLPF7AgfG9GaXFEp8CQi8K8KG1m3""}]","[{""tx_hash"": ""29c22d0444c84f77a861064285093eb005cef4ffd656944645766480bcd0bc78"", ""url"": ""https://tronscan.org/#/transaction/29c22d0444c84f77a861064285093eb005cef4ffd656944645766480bcd0bc78""}, {""body_hash"": ""sha256:5d6317eb4970c6d1f570dc8b37892db66664fd3fab838a1ce879341facf32e50"", ""body_path"": ""sources/http_captures/dprk-usdt-network-ofac-2025/asset-layer-check/usdtbanlist.com__address-TA3941uFAvmVibSkQ6fMJXxmaSNovX86mz__a69f3029ba.html"", ""url"": ""https://usdtbanlist.com/address/TA3941uFAvmVibSkQ6fMJXxmaSNovX86mz""}, {""body_hash"": ""sha256:200f60acba98b02da2d51134a4d5b8b731d571ebde3c95bea99402e52462300b"", ""body_path"": ""sources/http_captures/dprk-usdt-network-ofac-2025/asset-layer-check/usdtbanlist.com__address-TYxwUhoLPF7AgfG9GaXFEp8CQi8K8KG1m3__f1f6804eff.html"", ""url"": ""https://usdtbanlist.com/address/TYxwUhoLPF7AgfG9GaXFEp8CQi8K8KG1m3""}]",unadjudicated_risk_flag
tether-garantex-usdt-freeze-2025-03,admitted,events/tether-garantex-usdt-freeze-2025-03.yaml,0,offramp_cex,observed_change,garantex_suspends_all_services_after_tether_usdt_freeze,"[{""matching_fields"": [""url"", ""body_hash""], ""observation_source_index"": 0, ""trigger_source_index"": 0}, {""matching_fields"": [""url"", ""body_hash""], ""observation_source_index"": 1, ""trigger_source_index"": 1}]","[{""body_hash"": ""sha256:7fac161b542140e576ba6984a1f9c30726d243d73ffe2043b20fac544b6e277c"", ""body_path"": ""sources/http_captures/tether-garantex-usdt-freeze-2025-03/primary/web.archive.org__web-20251230143611-https-cointelegraph.com-news-tether-freezes-27-million-usdt-sanctions-garantex-russia__2dfac54eda.html"", ""url"": ""https://cointelegraph.com/news/tether-freezes-27-million-usdt-sanctions-garantex-russia"", ""wayback"": ""https://web.archive.org/web/20251230143611/https://cointelegraph.com/news/tether-freezes-27-million-usdt-sanctions-garantex-russia""}, {""body_hash"": ""sha256:94138908ffbc2cf82148c6465988b2b0304d7f9ae9b530bc15a5f4df0f25e7dd"", ""body_path"": ""sources/http_captures/tether-garantex-usdt-freeze-2025-03/primary/web.archive.org__web-20260306082124-https-tether.io-news-tether-recognized-for-assisting-the-united-states-secret-service-in-23m-freeze-related-to-transfers-on-sanction__f4b7d2b2aa.html"", ""url"": ""https://tether.io/news/tether-recognized-for-assisting-the-united-states-secret-service-in-23m-freeze-related-to-transfers-on-sanctioned-exchange-garantex/"", ""wayback"": ""https://web.archive.org/web/20260306082124/https://tether.io/news/tether-recognized-for-assisting-the-united-states-secret-service-in-23m-freeze-related-to-transfers-on-sanctioned-exchange-garantex/""}]","[{""body_hash"": ""sha256:7fac161b542140e576ba6984a1f9c30726d243d73ffe2043b20fac544b6e277c"", ""body_path"": ""sources/http_captures/tether-garantex-usdt-freeze-2025-03/primary/web.archive.org__web-20251230143611-https-cointelegraph.com-news-tether-freezes-27-million-usdt-sanctions-garantex-russia__2dfac54eda.html"", ""url"": ""https://cointelegraph.com/news/tether-freezes-27-million-usdt-sanctions-garantex-russia"", ""wayback"": ""https://web.archive.org/web/20251230143611/https://cointelegraph.com/news/tether-freezes-27-million-usdt-sanctions-garantex-russia""}, {""body_hash"": ""sha256:94138908ffbc2cf82148c6465988b2b0304d7f9ae9b530bc15a5f4df0f25e7dd"", ""body_path"": ""sources/http_captures/tether-garantex-usdt-freeze-2025-03/primary/web.archive.org__web-20260306082124-https-tether.io-news-tether-recognized-for-assisting-the-united-states-secret-service-in-23m-freeze-related-to-transfers-on-sanction__f4b7d2b2aa.html"", ""url"": ""https://tether.io/news/tether-recognized-for-assisting-the-united-states-secret-service-in-23m-freeze-related-to-transfers-on-sanctioned-exchange-garantex/"", ""wayback"": ""https://web.archive.org/web/20260306082124/https://tether.io/news/tether-recognized-for-assisting-the-united-states-secret-service-in-23m-freeze-related-to-transfers-on-sanctioned-exchange-garantex/""}]",unadjudicated_risk_flag
tether-ofac-iran-economic-fury-344m-freeze-2026-04,admitted,events/tether-ofac-iran-economic-fury-344m-freeze-2026-04.yaml,0,asset_onchain,observed_change,tether_froze_344m_usdt_central_bank_iran_two_addresses,"[{""matching_fields"": [""url"", ""body_hash""], ""observation_source_index"": 0, ""trigger_source_index"": 1}, {""matching_fields"": [""url"", ""body_hash""], ""observation_source_index"": 3, ""trigger_source_index"": 0}, {""matching_fields"": [""url"", ""body_hash""], ""observation_source_index"": 4, ""trigger_source_index"": 2}]","[{""body_hash"": ""sha256:74ef9f0b7a5fe23c37c57e1c5b3649eb9fec3cbce109864401d59cce57ff6509"", ""body_path"": ""sources/http_captures/tether-ofac-iran-economic-fury-344m-freeze-2026-04/primary/web.archive.org__web-20260520133449-https-tether.io-news-tether-supports-freeze-of-more-than-344-million-in-usdt-in-coordination-with-ofac-and-u-s-law-enforcement__13331ae00f.html"", ""url"": ""https://tether.io/news/tether-supports-freeze-of-more-than-344-million-in-usdt-in-coordination-with-ofac-and-u-s-law-enforcement/"", ""wayback"": ""https://web.archive.org/web/20260520133449/https://tether.io/news/tether-supports-freeze-of-more-than-344-million-in-usdt-in-coordination-with-ofac-and-u-s-law-enforcement/""}, {""body_hash"": ""sha256:327835198fb4e13ee3b43efeca177f9f50d6fe26360678db82965446b7c26661"", ""body_path"": ""sources/http_captures/tether-ofac-iran-economic-fury-344m-freeze-2026-04/primary/ofac.treasury.gov__recent-actions-20260424__ab9d2f176b.html"", ""url"": ""https://ofac.treasury.gov/recent-actions/20260424""}, {""body_hash"": ""sha256:7d958fe9098d3287131261d64ee0a063d548030368c4f39fe9254e3f6ec2e7cb"", ""body_path"": ""sources/http_captures/tether-ofac-iran-economic-fury-344m-freeze-2026-04/primary/web.archive.org__web-20260524000757-https-www.trmlabs.com-resources-blog-ofac-sanctions-crypto-addresses-associated-with-the-central-bank-of-iran-freezes-usd-344-millio__e726d45b35.html"", ""url"": ""https://www.trmlabs.com/resources/blog/ofac-sanctions-crypto-addresses-associated-with-the-central-bank-of-iran-freezes-usd-344-million"", ""wayback"": ""https://web.archive.org/web/20260524000757/https://www.trmlabs.com/resources/blog/ofac-sanctions-crypto-addresses-associated-with-the-central-bank-of-iran-freezes-usd-344-million""}]","[{""body_hash"": ""sha256:327835198fb4e13ee3b43efeca177f9f50d6fe26360678db82965446b7c26661"", ""body_path"": ""sources/http_captures/tether-ofac-iran-economic-fury-344m-freeze-2026-04/primary/ofac.treasury.gov__recent-actions-20260424__ab9d2f176b.html"", ""url"": ""https://ofac.treasury.gov/recent-actions/20260424""}, {""tx_hash"": ""ebe670f1518f67077d28ec4b54dd0d236a5f1edfa90651524aeb42a21e6975fe"", ""url"": ""https://tronscan.org/#/transaction/ebe670f1518f67077d28ec4b54dd0d236a5f1edfa90651524aeb42a21e6975fe""}, {""tx_hash"": ""295cd606150289dc18d9e0e4d9503adb9d1b10bde9c314158f9cfa7c9928b09a"", ""url"": ""https://tronscan.org/#/transaction/295cd606150289dc18d9e0e4d9503adb9d1b10bde9c314158f9cfa7c9928b09a""}, {""body_hash"": ""sha256:74ef9f0b7a5fe23c37c57e1c5b3649eb9fec3cbce109864401d59cce57ff6509"", ""body_path"": ""sources/http_captures/tether-ofac-iran-economic-fury-344m-freeze-2026-04/primary/web.archive.org__web-20260520133449-https-tether.io-news-tether-supports-freeze-of-more-than-344-million-in-usdt-in-coordination-with-ofac-and-u-s-law-enforcement__13331ae00f.html"", ""url"": ""https://tether.io/news/tether-supports-freeze-of-more-than-344-million-in-usdt-in-coordination-with-ofac-and-u-s-law-enforcement/"", ""wayback"": ""https://web.archive.org/web/20260520133449/https://tether.io/news/tether-supports-freeze-of-more-than-344-million-in-usdt-in-coordination-with-ofac-and-u-s-law-enforcement/""}, {""body_hash"": ""sha256:7d958fe9098d3287131261d64ee0a063d548030368c4f39fe9254e3f6ec2e7cb"", ""body_path"": ""sources/http_captures/tether-ofac-iran-economic-fury-344m-freeze-2026-04/primary/web.archive.org__web-20260524000757-https-www.trmlabs.com-resources-blog-ofac-sanctions-crypto-addresses-associated-with-the-central-bank-of-iran-freezes-usd-344-millio__e726d45b35.html"", ""url"": ""https://www.trmlabs.com/resources/blog/ofac-sanctions-crypto-addresses-associated-with-the-central-bank-of-iran-freezes-usd-344-million"", ""wayback"": ""https://web.archive.org/web/20260524000757/https://www.trmlabs.com/resources/blog/ofac-sanctions-crypto-addresses-associated-with-the-central-bank-of-iran-freezes-usd-344-million""}]",unadjudicated_risk_flag
tether-okx-doj-pig-butchering-225m-freeze-2025-06,admitted,events/tether-okx-doj-pig-butchering-225m-freeze-2025-06.yaml,0,asset_onchain,observed_change,tether_destroyed_blacklisted_225m_usdt_for_doj_dc_forfeiture,"[{""matching_fields"": [""url"", ""body_hash""], ""observation_source_index"": 0, ""trigger_source_index"": 1}]","[{""body_hash"": ""sha256:026aa203c614e21003febe02f00b3ef23a65201f68a40284832befe2e26d48b6"", ""body_path"": ""sources/http_captures/tether-okx-doj-pig-butchering-225m-freeze-2025-06/primary/www.justice.gov__opa-pr-united-states-files-civil-forfeiture-complaint-against-225m-funds-involved-cryptocurrency__881e12c00c.html"", ""url"": ""https://www.justice.gov/opa/pr/united-states-files-civil-forfeiture-complaint-against-225m-funds-involved-cryptocurrency""}, {""body_hash"": ""sha256:2134aba63aa003b2574401bb7ba94c10fa54970e82131baa747cdba0ebc8ae0b"", ""body_path"": ""sources/http_captures/tether-okx-doj-pig-butchering-225m-freeze-2025-06/primary/www.justice.gov__usao-dc-media-1403996-dl__2a4332ecd7.bin"", ""url"": ""https://www.justice.gov/usao-dc/media/1403996/dl?inline=""}, {""body_hash"": ""sha256:50ad0a3b08e400b39c65a90948cdca45c725d851b027bd4ae2fbcf65ac9c48e7"", ""body_path"": ""sources/http_captures/tether-okx-doj-pig-butchering-225m-freeze-2025-06/primary/web.archive.org__web-20260409233711-https-www.trmlabs.com-resources-blog-us-doj-announces-largest-ever-seizure-of-funds-related-to-crypto-scams__0d14d7bd3b.html"", ""url"": ""https://www.trmlabs.com/resources/blog/us-doj-announces-largest-ever-seizure-of-funds-related-to-crypto-scams"", ""wayback"": ""https://web.archive.org/web/20260409233711/https://www.trmlabs.com/resources/blog/us-doj-announces-largest-ever-seizure-of-funds-related-to-crypto-scams""}, {""body_hash"": ""sha256:6d42073efca881f4f19fb822df80a94f79afebfa4e4e4fb2045d32814c2ddb4f"", ""body_path"": ""sources/http_captures/tether-okx-doj-pig-butchering-225m-freeze-2025-06/primary/web.archive.org__web-20260128145043-https-www.cnbc.com-2025-06-18-doj-crypto-scams.html__e1478807da.html"", ""url"": ""https://www.cnbc.com/2025/06/18/doj-crypto-scams.html"", ""wayback"": ""https://web.archive.org/web/20260128145043/https://www.cnbc.com/2025/06/18/doj-crypto-scams.html""}]","[{""body_hash"": ""sha256:2134aba63aa003b2574401bb7ba94c10fa54970e82131baa747cdba0ebc8ae0b"", ""body_path"": ""sources/http_captures/tether-okx-doj-pig-butchering-225m-freeze-2025-06/primary/www.justice.gov__usao-dc-media-1403996-dl__2a4332ecd7.bin"", ""url"": ""https://www.justice.gov/usao-dc/media/1403996/dl?inline=""}, {""tx_hash"": ""0x9236570580a19690a321f47803be08ba58d6d74addc3e54ded0353ce0d5f172d"", ""url"": ""https://etherscan.io/tx/0x9236570580a19690a321f47803be08ba58d6d74addc3e54ded0353ce0d5f172d""}, {""tx_hash"": ""0xd2401fdccc2597f6ca00ec2e24ca48ac96310b1100360af0d8337d33cfa21c4b"", ""url"": ""https://etherscan.io/tx/0xd2401fdccc2597f6ca00ec2e24ca48ac96310b1100360af0d8337d33cfa21c4b""}, {""tx_hash"": ""0x8ea3bca78393791db7e8f5e8deb20fd16b4fa654033ec3febd51c8c3fa598abb"", ""url"": ""https://etherscan.io/tx/0x8ea3bca78393791db7e8f5e8deb20fd16b4fa654033ec3febd51c8c3fa598abb""}, {""tx_hash"": ""0xfe6095c3f9cc9184d7620cbcf5eeae95cb8f24b2e63e5fb976bc4ca72a589a71"", ""url"": ""https://etherscan.io/tx/0xfe6095c3f9cc9184d7620cbcf5eeae95cb8f24b2e63e5fb976bc4ca72a589a71""}, {""tx_hash"": ""0x1c3feae280871f5638e41b9622e198268e636ea83940ccd2bd9c35c68fa9ff9e"", ""url"": ""https://etherscan.io/tx/0x1c3feae280871f5638e41b9622e198268e636ea83940ccd2bd9c35c68fa9ff9e""}, {""tx_hash"": ""0x65c93d03c1513045ddb1007e090ea5816b6d68bdef6786517f70b249913932ef"", ""url"": ""https://etherscan.io/tx/0x65c93d03c1513045ddb1007e090ea5816b6d68bdef6786517f70b249913932ef""}, {""tx_hash"": ""0x198c93baad1d3f7b8149f9c4ad218875e520e05bbd131a503bfca3ba97ab245c"", ""url"": ""https://etherscan.io/tx/0x198c93baad1d3f7b8149f9c4ad218875e520e05bbd131a503bfca3ba97ab245c""}, {""tx_hash"": ""0x6f2ee4e620f7ad9424746dc66bc0d59177769ab4162c152abc50735a1fb900d9"", ""url"": ""https://etherscan.io/tx/0x6f2ee4e620f7ad9424746dc66bc0d59177769ab4162c152abc50735a1fb900d9""}, {""tx_hash"": ""0x27daa9b2a7feecfd9036f4c45eec44e9f06733e074d8ce222637201506855f0c"", ""url"": ""https://etherscan.io/tx/0x27daa9b2a7feecfd9036f4c45eec44e9f06733e074d8ce222637201506855f0c""}, {""tx_hash"": ""0x1cba0d1237187bc409bdf02b1b54c2b848ad7e959d7229b48d13e13af042d769"", ""url"": ""https://etherscan.io/tx/0x1cba0d1237187bc409bdf02b1b54c2b848ad7e959d7229b48d13e13af042d769""}, {""tx_hash"": ""0x9663efbd994469f8660b26efb553b23b16aa93a7fb531f04639ceaee2f5e4542"", ""url"": ""https://etherscan.io/tx/0x9663efbd994469f8660b26efb553b23b16aa93a7fb531f04639ceaee2f5e4542""}, {""tx_hash"": ""0x0af2ed54fae51aab459873f8e97d8996810a7b19bb20615769c81d4a47ebab66"", ""url"": ""https://etherscan.io/tx/0x0af2ed54fae51aab459873f8e97d8996810a7b19bb20615769c81d4a47ebab66""}, {""tx_hash"": ""0x4ae05726cfb0dd0c2eaba70fe63a1a7848fb57f8a4f6efb5f72e290bd9141d1e"", ""url"": ""https://etherscan.io/tx/0x4ae05726cfb0dd0c2eaba70fe63a1a7848fb57f8a4f6efb5f72e290bd9141d1e""}, {""tx_hash"": ""0x3769cb9daa98464d086855d82f2327864778fe7c9b6bb2109d46b2f6d0900d0e"", ""url"": ""https://etherscan.io/tx/0x3769cb9daa98464d086855d82f2327864778fe7c9b6bb2109d46b2f6d0900d0e""}]",unadjudicated_risk_flag
tether-pig-butchering-second-wave-2024,admitted,events/tether-pig-butchering-second-wave-2024.yaml,0,offramp_cex,observed_change,tether_froze_apac_pig_butchering_cohort_june_2024,"[{""matching_fields"": [""url"", ""body_hash""], ""observation_source_index"": 0, ""trigger_source_index"": 0}, {""matching_fields"": [""url"", ""body_hash""], ""observation_source_index"": 1, ""trigger_source_index"": 1}]","[{""body_hash"": ""sha256:c71999bbf6bfdb3989d73fcbe74acd37581667887fd42159dc8c06061d8fca04"", ""body_path"": ""sources/http_captures/tether-pig-butchering-second-wave-2024/primary/web.archive.org__web-20250901000000-https-www.chainalysis.com-blog-apac-law-enforcement-freezes-pig-butchering-funds-august-2025__b74ed93cf2.html"", ""url"": ""https://www.chainalysis.com/blog/apac-law-enforcement-freezes-pig-butchering-funds-august-2025/"", ""wayback"": ""https://web.archive.org/web/20250901072225/https://www.chainalysis.com/blog/apac-law-enforcement-freezes-pig-butchering-funds-august-2025/""}, {""body_hash"": ""sha256:d4301688adf7a0396e366cc0e651035a58d433cc78f636840206edd5b14c1e60"", ""body_path"": ""sources/http_captures/tether-pig-butchering-second-wave-2024/primary/web.archive.org__web-20250101000000-https-www.infosecurity-magazine.com-news-crypto-freeze-47m-romance-baiting__aca160050e.html"", ""url"": ""https://www.infosecurity-magazine.com/news/crypto-freeze-47m-romance-baiting/"", ""wayback"": ""https://web.archive.org/web/20250828090302/https://www.infosecurity-magazine.com/news/crypto-freeze-47m-romance-baiting/""}, {""body_hash"": ""sha256:a2c10cc9935dd4cbcf9ab9d3ed1a02f4b7620e9560cdd58b2def70274146bde2"", ""body_path"": ""sources/http_captures/tether-pig-butchering-second-wave-2024/contextual/crypto.news__tether-binance-chainalysis-aid-47m-pig-butchering-crackdown-in-apac__2683c3a529.html"", ""url"": ""https://crypto.news/tether-binance-chainalysis-aid-47m-pig-butchering-crackdown-in-apac/"", ""wayback"": ""https://web.archive.org/web/20260516203715/https://crypto.news/tether-binance-chainalysis-aid-47m-pig-butchering-crackdown-in-apac/""}, {""body_hash"": ""sha256:fca19f79138c970865c899af01ee45606796c1f02b2f6014203053b5c71516bd"", ""body_path"": ""sources/http_captures/tether-pig-butchering-second-wave-2024/primary/web.archive.org__web-20250901000000-https-www.theblock.co-post-368611-chainalysis-tether-binance-okx-police-freeze-nearly-50-million-usd-pig-butchering-scam-funds__25f0473f84.html"", ""url"": ""https://www.theblock.co/post/368611/chainalysis-tether-binance-okx-police-freeze-nearly-50-million-usd-pig-butchering-scam-funds"", ""wayback"": ""https://web.archive.org/web/20250829225833/https://www.theblock.co/post/368611/chainalysis-tether-binance-okx-police-freeze-nearly-50-million-usd-pig-butchering-scam-funds""}, {""body_hash"": ""sha256:0b9424750d1d42fb1e8741b150325dec44eabcab229ab18282c4c95779b9d852"", ""body_path"": ""sources/http_captures/tether-pig-butchering-second-wave-2024/primary/web.archive.org__web-20250901000000-https-cryptonews.com-news-tether-freezes-49-6m-in-pig-butchering-funds-chainalysis-binance-okx-join-apac-crackdown__19be29660e.html"", ""url"": ""https://cryptonews.com/news/tether-freezes-49-6m-in-pig-butchering-funds-chainalysis-binance-okx-join-apac-crackdown/"", ""wayback"": ""https://web.archive.org/web/20250828210418/https://cryptonews.com/news/tether-freezes-49-6m-in-pig-butchering-funds-chainalysis-binance-okx-join-apac-crackdown/""}]","[{""body_hash"": ""sha256:c71999bbf6bfdb3989d73fcbe74acd37581667887fd42159dc8c06061d8fca04"", ""body_path"": ""sources/http_captures/tether-pig-butchering-second-wave-2024/primary/web.archive.org__web-20250901000000-https-www.chainalysis.com-blog-apac-law-enforcement-freezes-pig-butchering-funds-august-2025__b74ed93cf2.html"", ""url"": ""https://www.chainalysis.com/blog/apac-law-enforcement-freezes-pig-butchering-funds-august-2025/"", ""wayback"": ""https://web.archive.org/web/20250901072225/https://www.chainalysis.com/blog/apac-law-enforcement-freezes-pig-butchering-funds-august-2025/""}, {""body_hash"": ""sha256:d4301688adf7a0396e366cc0e651035a58d433cc78f636840206edd5b14c1e60"", ""body_path"": ""sources/http_captures/tether-pig-butchering-second-wave-2024/primary/web.archive.org__web-20250101000000-https-www.infosecurity-magazine.com-news-crypto-freeze-47m-romance-baiting__aca160050e.html"", ""url"": ""https://www.infosecurity-magazine.com/news/crypto-freeze-47m-romance-baiting/"", ""wayback"": ""https://web.archive.org/web/20250828090302/https://www.infosecurity-magazine.com/news/crypto-freeze-47m-romance-baiting/""}]",unadjudicated_risk_flag
tether-retroactive-sweep-2023,admitted,events/tether-retroactive-sweep-2023.yaml,0,asset_onchain,observed_change,retroactive_batch_freeze_historical_sdn_eth_cluster,"[{""matching_fields"": [""url"", ""body_hash""], ""observation_source_index"": 1, ""trigger_source_index"": 0}, {""matching_fields"": [""url"", ""body_hash""], ""observation_source_index"": 2, ""trigger_source_index"": 1}]","[{""body_hash"": ""sha256:e946a8a44c3614815c900592d087e55c382e967d681383737473c72702df1cce"", ""body_path"": ""sources/http_captures/suex-ofac-2021/asset-layer-check/usdtbanlist.com__address-0x19aa5fe80d33a56d56c78e82ea5e50e5d80b4dff.html"", ""url"": ""https://usdtbanlist.com/address/0x19aa5fe80d33a56d56c78e82ea5e50e5d80b4dff""}, {""body_hash"": ""sha256:307d2114e16ee087eb53d9c0cf5b72e19d064338dc6da708abb08fb92a3cc7e7"", ""body_path"": ""sources/http_captures/chatex-ofac-2021/asset-layer-check/usdtbanlist.com__address-0x67d40EE1A85bf4a4Bb7Ffae16De985e8427B6b45.html"", ""url"": ""https://usdtbanlist.com/address/0x67d40EE1A85bf4a4Bb7Ffae16De985e8427B6b45""}]","[{""tx_hash"": ""0x26f25d8c2e8239252c9a1f7abf01c17f328c68700afa71027e8b5a93b3f63f25"", ""url"": ""https://etherscan.io/tx/0x26f25d8c2e8239252c9a1f7abf01c17f328c68700afa71027e8b5a93b3f63f25""}, {""body_hash"": ""sha256:e946a8a44c3614815c900592d087e55c382e967d681383737473c72702df1cce"", ""body_path"": ""sources/http_captures/suex-ofac-2021/asset-layer-check/usdtbanlist.com__address-0x19aa5fe80d33a56d56c78e82ea5e50e5d80b4dff.html"", ""url"": ""https://usdtbanlist.com/address/0x19aa5fe80d33a56d56c78e82ea5e50e5d80b4dff""}, {""body_hash"": ""sha256:307d2114e16ee087eb53d9c0cf5b72e19d064338dc6da708abb08fb92a3cc7e7"", ""body_path"": ""sources/http_captures/chatex-ofac-2021/asset-layer-check/usdtbanlist.com__address-0x67d40EE1A85bf4a4Bb7Ffae16De985e8427B6b45.html"", ""url"": ""https://usdtbanlist.com/address/0x67d40EE1A85bf4a4Bb7Ffae16De985e8427B6b45""}, {""body_hash"": ""sha256:eb18a808c950839bcd99569230708f68b0fbe8f85c8950deb587d45f9ce44c7b"", ""body_path"": ""sources/http_captures/russia-election-interference-ofac-2020/asset-layer-check/usdtbanlist.com__address-0x8576acc5c05d6ce88f4e49bf65bdf0c62f91353c.html"", ""url"": ""https://usdtbanlist.com/address/0x8576acc5c05d6ce88f4e49bf65bdf0c62f91353c""}]",unadjudicated_risk_flag
thailand-bot-bitcoin-prohibition-2013,admitted,events/thailand-bot-bitcoin-prohibition-2013.yaml,0,offramp_cex,observed_change,bitcoin_co_ltd_thailand_exchange_services_suspended_per_bot_advisement,"[{""matching_fields"": [""url"", ""body_hash""], ""observation_source_index"": 0, ""trigger_source_index"": 0}, {""matching_fields"": [""url""], ""observation_source_index"": 1, ""trigger_source_index"": 1}, {""matching_fields"": [""url""], ""observation_source_index"": 2, ""trigger_source_index"": 2}]","[{""body_hash"": ""sha256:b46d45646e9277ed4f8fe35c60c07463533d93e8da63edc85ffbbc289c16ddef"", ""body_path"": ""sources/http_captures/thailand-bot-bitcoin-prohibition-2013/v0_3_primary_repair/web.archive.org__web-2013-https-bitcoin.co.th-trading-suspended-due-to-bank-of-thailand-advisement__cb8eeb9d82.html"", ""url"": ""https://bitcoin.co.th/trading-suspended-due-to-bank-of-thailand-advisement/"", ""wayback"": ""https://web.archive.org/web/20140212082550/https://bitcoin.co.th/trading-suspended-due-to-bank-of-thailand-advisement/""}, {""url"": ""https://www.coindesk.com/markets/2013/07/29/bank-of-thailand-allegedly-declares-bitcoin-illegal-thai-exchange-suspends-trading"", ""wayback"": ""https://web.archive.org/web/2013/https://www.coindesk.com/markets/2013/07/29/bank-of-thailand-allegedly-declares-bitcoin-illegal-thai-exchange-suspends-trading""}, {""url"": ""https://www.bangkokpost.com/business/362222/bitcoin-declared-illegal-in-thailand"", ""wayback"": ""https://web.archive.org/web/2013/https://www.bangkokpost.com/business/362222/bitcoin-declared-illegal-in-thailand""}, {""url"": ""https://reason.com/2013/07/31/thailands-central-bank-outlaws-bitcoin-t/"", ""wayback"": ""https://web.archive.org/web/2013/https://reason.com/2013/07/31/thailands-central-bank-outlaws-bitcoin-t/""}]","[{""body_hash"": ""sha256:b46d45646e9277ed4f8fe35c60c07463533d93e8da63edc85ffbbc289c16ddef"", ""body_path"": ""sources/http_captures/thailand-bot-bitcoin-prohibition-2013/v0_3_primary_repair/web.archive.org__web-2013-https-bitcoin.co.th-trading-suspended-due-to-bank-of-thailand-advisement__cb8eeb9d82.html"", ""url"": ""https://bitcoin.co.th/trading-suspended-due-to-bank-of-thailand-advisement/"", ""wayback"": ""https://web.archive.org/web/20140212082550/https://bitcoin.co.th/trading-suspended-due-to-bank-of-thailand-advisement/""}, {""body_hash"": ""sha256:08c86630fd782a881e0738342dc88392d4c57b5d3845b77044177adae0a008dd"", ""body_path"": ""sources/http_captures/thailand-bot-bitcoin-prohibition-2013/primary/web.archive.org__web-20211020132827-https-www.coindesk.com-markets-2013-07-29-bank-of-thailand-allegedly-declares-bitcoin-illegal-thai-exchange-suspends-trading__b8cd63044c.html"", ""url"": ""https://www.coindesk.com/markets/2013/07/29/bank-of-thailand-allegedly-declares-bitcoin-illegal-thai-exchange-suspends-trading"", ""wayback"": ""https://web.archive.org/web/20211020132827/https://www.coindesk.com/markets/2013/07/29/bank-of-thailand-allegedly-declares-bitcoin-illegal-thai-exchange-suspends-trading""}, {""url"": ""https://www.bangkokpost.com/business/362222/bitcoin-declared-illegal-in-thailand"", ""wayback"": ""https://web.archive.org/web/2013/https://www.bangkokpost.com/business/362222/bitcoin-declared-illegal-in-thailand""}]",unadjudicated_risk_flag
thailand-sec-binance-bybit-c-and-d-2021,admitted,events/thailand-sec-binance-bybit-c-and-d-2021.yaml,0,offramp_cex,observed_change,th_thb_rail_constraint_under_th_sec_unlicensed_status,"[{""matching_fields"": [""url"", ""body_hash""], ""observation_source_index"": 0, ""trigger_source_index"": 0}]","[{""body_hash"": ""sha256:ccde39d696241c09db1794f3ad90c7203603d170f724379b43dd2b62f147fe77"", ""body_path"": ""sources/http_captures/thailand-sec-binance-bybit-c-and-d-2021/primary/web.archive.org__web-20210702090802-https-www.sec.or.th-EN-Pages-News_Detail.aspx__8f919efcf2.html"", ""url"": ""https://www.sec.or.th/EN/Pages/News_Detail.aspx?SECID=9017"", ""wayback"": ""https://web.archive.org/web/20210702090802/https://www.sec.or.th/EN/Pages/News_Detail.aspx?SECID=9017""}]","[{""body_hash"": ""sha256:ccde39d696241c09db1794f3ad90c7203603d170f724379b43dd2b62f147fe77"", ""body_path"": ""sources/http_captures/thailand-sec-binance-bybit-c-and-d-2021/primary/web.archive.org__web-20210702090802-https-www.sec.or.th-EN-Pages-News_Detail.aspx__8f919efcf2.html"", ""url"": ""https://www.sec.or.th/EN/Pages/News_Detail.aspx?SECID=9017"", ""wayback"": ""https://web.archive.org/web/20210702090802/https://www.sec.or.th/EN/Pages/News_Detail.aspx?SECID=9017""}, {""body_hash"": ""sha256:a6dc09bc43c53c367f358a6a2c7f6fa8c000ec344a3e104af09063d974429b81"", ""body_path"": ""sources/http_captures/thailand-sec-binance-bybit-c-and-d-2021/primary/web.archive.org__web-20210916230514-https-www.coindesk.com-markets-2021-07-02-thailand-sec-files-criminal-complaint-against-binance__7c956e0ae9.html"", ""url"": ""https://www.coindesk.com/markets/2021/07/02/thailand-sec-files-criminal-complaint-against-binance"", ""wayback"": ""https://web.archive.org/web/20210916230514/https://www.coindesk.com/markets/2021/07/02/thailand-sec-files-criminal-complaint-against-binance""}, {""url"": ""https://www.bangkokpost.com/business/2142503/sec-files-criminal-complaint-against-binance"", ""wayback"": ""https://web.archive.org/web/2021/https://www.bangkokpost.com/business/2142503/sec-files-criminal-complaint-against-binance""}]",unadjudicated_risk_flag
thailand-sec-crypto-payment-ban-2022-04,admitted,events/thailand-sec-crypto-payment-ban-2022-04.yaml,0,offramp_cex,observed_change,crypto_as_means_of_payment_services_prohibited_class_wide,"[{""matching_fields"": [""url"", ""body_hash""], ""observation_source_index"": 0, ""trigger_source_index"": 0}]","[{""body_hash"": ""sha256:11a67a6d0eafe3d93ddcda40594af9082fb4e8c3892bffa2cf9bdd7bef454da3"", ""body_path"": ""sources/http_captures/thailand-sec-crypto-payment-ban-2022-04/primary/web.archive.org__web-20220716015641-https-www.sec.or.th-EN-Pages-News_Detail.aspx__b7b092d9f9.html"", ""url"": ""https://web.archive.org/web/20220716015641/https://www.sec.or.th/EN/Pages/News_Detail.aspx?SECID=9366"", ""wayback"": ""https://web.archive.org/web/20220716015641/https://www.sec.or.th/EN/Pages/News_Detail.aspx?SECID=9366""}]","[{""body_hash"": ""sha256:11a67a6d0eafe3d93ddcda40594af9082fb4e8c3892bffa2cf9bdd7bef454da3"", ""body_path"": ""sources/http_captures/thailand-sec-crypto-payment-ban-2022-04/primary/web.archive.org__web-20220716015641-https-www.sec.or.th-EN-Pages-News_Detail.aspx__b7b092d9f9.html"", ""url"": ""https://web.archive.org/web/20220716015641/https://www.sec.or.th/EN/Pages/News_Detail.aspx?SECID=9366"", ""wayback"": ""https://web.archive.org/web/20220716015641/https://www.sec.or.th/EN/Pages/News_Detail.aspx?SECID=9366""}]",unadjudicated_risk_flag
thailand-sec-meme-fan-nft-exchange-token-ban-2021-06,admitted,events/thailand-sec-meme-fan-nft-exchange-token-ban-2021-06.yaml,0,offramp_cex,observed_change,meme_fan_nft_exchange_tokens_delisting_mandated,"[{""matching_fields"": [""url"", ""body_hash""], ""observation_source_index"": 0, ""trigger_source_index"": 0}, {""matching_fields"": [""url"", ""body_hash""], ""observation_source_index"": 1, ""trigger_source_index"": 1}]","[{""body_hash"": ""sha256:482e94e3ddc1b77d51f615cd80f40444db8f3b183f5bfbcb99eb1676a62e0c45"", ""body_path"": ""sources/http_captures/thailand-sec-meme-fan-nft-exchange-token-ban-2021-06/official-sec/web.archive.org__web-20210613190001id_-https-www.sec.or.th-EN-Pages-News_Detail.aspx__23a08a3b6b.html"", ""url"": ""https://www.sec.or.th/EN/Pages/News_Detail.aspx?SECID=8994"", ""wayback"": ""https://web.archive.org/web/20210613190001/https://www.sec.or.th/EN/Pages/News_Detail.aspx?SECID=8994""}, {""body_hash"": ""sha256:c51487aa44a751e3b92c62bfbd98f861ceb2d9fa661dc2a7e987eb907ad314d9"", ""body_path"": ""sources/http_captures/thailand-sec-meme-fan-nft-exchange-token-ban-2021-06/primary/web.archive.org__web-20210612000000-https-www.coindesk.com-markets-2021-06-12-no-doge-allowed-thai-sec-bans-meme-fan-and-exchange-tokens-as-well-as-nfts__d3f6abfc5f.html"", ""url"": ""https://www.coindesk.com/markets/2021/06/12/no-doge-allowed-thai-sec-bans-meme-fan-and-exchange-tokens-as-well-as-nfts"", ""wayback"": ""https://web.archive.org/web/20210927215039/https://www.coindesk.com/markets/2021/06/12/no-doge-allowed-thai-sec-bans-meme-fan-and-exchange-tokens-as-well-as-nfts/""}]","[{""body_hash"": ""sha256:482e94e3ddc1b77d51f615cd80f40444db8f3b183f5bfbcb99eb1676a62e0c45"", ""body_path"": ""sources/http_captures/thailand-sec-meme-fan-nft-exchange-token-ban-2021-06/official-sec/web.archive.org__web-20210613190001id_-https-www.sec.or.th-EN-Pages-News_Detail.aspx__23a08a3b6b.html"", ""url"": ""https://www.sec.or.th/EN/Pages/News_Detail.aspx?SECID=8994"", ""wayback"": ""https://web.archive.org/web/20210613190001/https://www.sec.or.th/EN/Pages/News_Detail.aspx?SECID=8994""}, {""body_hash"": ""sha256:c51487aa44a751e3b92c62bfbd98f861ceb2d9fa661dc2a7e987eb907ad314d9"", ""body_path"": ""sources/http_captures/thailand-sec-meme-fan-nft-exchange-token-ban-2021-06/primary/web.archive.org__web-20210612000000-https-www.coindesk.com-markets-2021-06-12-no-doge-allowed-thai-sec-bans-meme-fan-and-exchange-tokens-as-well-as-nfts__d3f6abfc5f.html"", ""url"": ""https://www.coindesk.com/markets/2021/06/12/no-doge-allowed-thai-sec-bans-meme-fan-and-exchange-tokens-as-well-as-nfts"", ""wayback"": ""https://web.archive.org/web/20210927215039/https://www.coindesk.com/markets/2021/06/12/no-doge-allowed-thai-sec-bans-meme-fan-and-exchange-tokens-as-well-as-nfts/""}]",unadjudicated_risk_flag
thailand-sec-unlicensed-exchange-block-2025-06,admitted,events/thailand-sec-unlicensed-exchange-block-2025-06.yaml,0,l0_network,observed_change,isp_block_of_exchange_websites,"[{""matching_fields"": [""url"", ""body_hash""], ""observation_source_index"": 0, ""trigger_source_index"": 0}]","[{""body_hash"": ""sha256:de5f8b03a889014f0449ca55769a9ecf8aa413fde60284d3aeda1ff73cb9f73b"", ""body_path"": ""sources/http_captures/thailand-sec-unlicensed-exchange-block-2025-06/source/www.coindesk.com__policy-2025-05-30-thailand-to-block-okx-bybit-and-others-citing-lack-of-license__a4a714d62f.html"", ""url"": ""https://www.coindesk.com/policy/2025/05/30/thailand-to-block-okx-bybit-and-others-citing-lack-of-license""}]","[{""body_hash"": ""sha256:de5f8b03a889014f0449ca55769a9ecf8aa413fde60284d3aeda1ff73cb9f73b"", ""body_path"": ""sources/http_captures/thailand-sec-unlicensed-exchange-block-2025-06/source/www.coindesk.com__policy-2025-05-30-thailand-to-block-okx-bybit-and-others-citing-lack-of-license__a4a714d62f.html"", ""url"": ""https://www.coindesk.com/policy/2025/05/30/thailand-to-block-okx-bybit-and-others-citing-lack-of-license""}]",unadjudicated_risk_flag
tornado-cash-frontend-tornado-cash-eth-block-2022-04,admitted,events/tornado-cash-frontend-tornado-cash-eth-block-2022-04.yaml,0,l4_frontend,observed_change,tornado_cash_team_integrated_chainalysis_oracle_blocking_ofac_sdn_addresses_at_dapp,"[{""matching_fields"": [""url""], ""observation_source_index"": 0, ""trigger_source_index"": 1}, {""matching_fields"": [""url""], ""observation_source_index"": 1, ""trigger_source_index"": 2}]","[{""url"": ""https://twitter.com/TornadoCash/status/1514904975037210632"", ""wayback"": ""https://web.archive.org/web/2022/https://twitter.com/TornadoCash/status/1514904975037210632""}, {""url"": ""https://www.coindesk.com/tech/2022/04/15/tornado-cash-adds-chainalysis-tool-for-blocking-ofac-sanctioned-wallets-from-dapp"", ""wayback"": ""https://web.archive.org/web/2022/https://www.coindesk.com/tech/2022/04/15/tornado-cash-adds-chainalysis-tool-for-blocking-ofac-sanctioned-wallets-from-dapp""}, {""url"": ""https://cryptopotato.com/tornado-cash-reveals-using-chainalysis-oracle-contract/"", ""wayback"": ""https://web.archive.org/web/2022/https://cryptopotato.com/tornado-cash-reveals-using-chainalysis-oracle-contract/""}, {""url"": ""https://chainbulletin.com/tornado-cash-to-use-chainalysis-to-block-ofac-sanctioned-addresses"", ""wayback"": ""https://web.archive.org/web/2022/https://chainbulletin.com/tornado-cash-to-use-chainalysis-to-block-ofac-sanctioned-addresses""}]","[{""body_hash"": ""sha256:d72eac8c9ced5e98835bde3651b0267b8e2e3b937bf77232685afbc79b4b39b0"", ""body_path"": ""sources/http_captures/tornado-cash-frontend-tornado-cash-eth-block-2022-04/primary/web.archive.org__web-20220416000000-https-www.coindesk.com-tech-2022-04-15-tornado-cash-adds-chainalysis-tool-for-blocking-ofac-sanctioned-wallets-from-dapp__a006914c35.html"", ""url"": ""https://www.coindesk.com/tech/2022/04/15/tornado-cash-adds-chainalysis-tool-for-blocking-ofac-sanctioned-wallets-from-dapp"", ""wayback"": ""https://web.archive.org/web/20220415140448/https://www.coindesk.com/tech/2022/04/15/tornado-cash-adds-chainalysis-tool-for-blocking-ofac-sanctioned-wallets-from-dapp/""}, {""body_hash"": ""sha256:1f730593d3376f8028aa5a38e26e656489e89df75577e592be88b7323b33caab"", ""body_path"": ""sources/http_captures/tornado-cash-frontend-tornado-cash-eth-block-2022-04/primary/web.archive.org__web-20220416000000-https-cryptopotato.com-tornado-cash-reveals-using-chainalysis-oracle-contract__16657ac18f.html"", ""url"": ""https://cryptopotato.com/tornado-cash-reveals-using-chainalysis-oracle-contract/"", ""wayback"": ""https://web.archive.org/web/20220416160427/https://cryptopotato.com/tornado-cash-reveals-using-chainalysis-oracle-contract/""}]",unadjudicated_risk_flag
tornado-cash-github-takedown-2022-08,admitted,events/tornado-cash-github-takedown-2022-08.yaml,0,l4_frontend,observed_change,github_microsoft_removed_tornadocash_org_and_semenov_developer_account,"[{""matching_fields"": [""url"", ""body_hash""], ""observation_source_index"": 0, ""trigger_source_index"": 0}, {""matching_fields"": [""url""], ""observation_source_index"": 0, ""trigger_source_index"": 1}, {""matching_fields"": [""url""], ""observation_source_index"": 1, ""trigger_source_index"": 0}, {""matching_fields"": [""url"", ""body_hash""], ""observation_source_index"": 1, ""trigger_source_index"": 1}, {""matching_fields"": [""url"", ""body_hash""], ""observation_source_index"": 2, ""trigger_source_index"": 2}, {""matching_fields"": [""url"", ""body_hash""], ""observation_source_index"": 3, ""trigger_source_index"": 3}]","[{""body_hash"": ""sha256:2133abf49379a6c9fcc66382c9b454b3482689f234bc3d87a03191c83cc5ebcb"", ""body_path"": ""sources/http_captures/tornado-cash-github-takedown-2022-08/v0_3_primary_repair/web.archive.org__web-20220808144505-https-github.com-tornadocash__47734842c3.html"", ""url"": ""https://github.com/tornadocash"", ""wayback"": ""https://web.archive.org/web/20220808144505/https://github.com/tornadocash""}, {""body_hash"": ""sha256:e533e007cf7b48ea5b070febcc8add27e624432988710c11effcb496cc6a422c"", ""body_path"": ""sources/http_captures/tornado-cash-github-takedown-2022-08/v0_3_primary_repair/web.archive.org__web-20220809154243-https-github.com-tornadocash__manual404.html"", ""url"": ""https://github.com/tornadocash"", ""wayback"": ""https://web.archive.org/web/20220809154243/https://github.com/tornadocash""}, {""body_hash"": ""sha256:bf2eab81bd1b3e5293bc5dee0f1c2013a0dbebae2eefcaebed196e3d80cf9725"", ""body_path"": ""sources/http_captures/tornado-cash-github-takedown-2022-08/primary/web.archive.org__web-20220825000000-https-www.theregister.com-2022-08-24-github_eff_tornado_cash__625112de04.html"", ""url"": ""https://www.theregister.com/2022/08/24/github_eff_tornado_cash/"", ""wayback"": ""https://web.archive.org/web/20220825093705/https://www.theregister.com/2022/08/24/github_eff_tornado_cash/""}, {""body_hash"": ""sha256:dab65362b458b3ea85681d0389282489cacd6a717781f8ed45c8ea90528747a4"", ""body_path"": ""sources/http_captures/tornado-cash-github-takedown-2022-08/primary/web.archive.org__web-20230420000000-https-www.eff.org-deeplinks-2023-04-update-tornado-cash__44c1b7fb25.html"", ""url"": ""https://www.eff.org/deeplinks/2023/04/update-tornado-cash"", ""wayback"": ""https://web.archive.org/web/20230419014440/https://www.eff.org/deeplinks/2023/04/update-tornado-cash""}]","[{""body_hash"": ""sha256:2133abf49379a6c9fcc66382c9b454b3482689f234bc3d87a03191c83cc5ebcb"", ""body_path"": ""sources/http_captures/tornado-cash-github-takedown-2022-08/v0_3_primary_repair/web.archive.org__web-20220808144505-https-github.com-tornadocash__47734842c3.html"", ""url"": ""https://github.com/tornadocash"", ""wayback"": ""https://web.archive.org/web/20220808144505/https://github.com/tornadocash""}, {""body_hash"": ""sha256:e533e007cf7b48ea5b070febcc8add27e624432988710c11effcb496cc6a422c"", ""body_path"": ""sources/http_captures/tornado-cash-github-takedown-2022-08/v0_3_primary_repair/web.archive.org__web-20220809154243-https-github.com-tornadocash__manual404.html"", ""url"": ""https://github.com/tornadocash"", ""wayback"": ""https://web.archive.org/web/20220809154243/https://github.com/tornadocash""}, {""body_hash"": ""sha256:bf2eab81bd1b3e5293bc5dee0f1c2013a0dbebae2eefcaebed196e3d80cf9725"", ""body_path"": ""sources/http_captures/tornado-cash-github-takedown-2022-08/primary/web.archive.org__web-20220825000000-https-www.theregister.com-2022-08-24-github_eff_tornado_cash__625112de04.html"", ""url"": ""https://www.theregister.com/2022/08/24/github_eff_tornado_cash/"", ""wayback"": ""https://web.archive.org/web/20220825093705/https://www.theregister.com/2022/08/24/github_eff_tornado_cash/""}, {""body_hash"": ""sha256:dab65362b458b3ea85681d0389282489cacd6a717781f8ed45c8ea90528747a4"", ""body_path"": ""sources/http_captures/tornado-cash-github-takedown-2022-08/primary/web.archive.org__web-20230420000000-https-www.eff.org-deeplinks-2023-04-update-tornado-cash__44c1b7fb25.html"", ""url"": ""https://www.eff.org/deeplinks/2023/04/update-tornado-cash"", ""wayback"": ""https://web.archive.org/web/20230419014440/https://www.eff.org/deeplinks/2023/04/update-tornado-cash""}]",unadjudicated_risk_flag
tornado-cash-storm-conviction-2025,draft,events/tornado-cash-storm-conviction-2025.yaml,0,l4_frontend,observed_change,operator_narrative_personal_risk_reassessment_post_storm_conviction,"[{""matching_fields"": [""url""], ""observation_source_index"": 0, ""trigger_source_index"": 0}]","[{""url"": ""https://www.justice.gov/usao-sdny/pr/founder-tornado-cash-crypto-mixing-service-convicted-knowingly-transmitting-criminal"", ""wayback"": ""https://web.archive.org/web/20260516000000/https://www.justice.gov/usao-sdny/pr/roman-storm-convicted-conspiracy-charge-relating-tornado-cash""}]","[{""url"": ""https://www.justice.gov/usao-sdny/pr/founder-tornado-cash-crypto-mixing-service-convicted-knowingly-transmitting-criminal"", ""wayback"": ""https://web.archive.org/web/20260516000000/https://www.justice.gov/usao-sdny/pr/roman-storm-convicted-conspiracy-charge-relating-tornado-cash""}]",unadjudicated_risk_flag
tornado-cash-tornadocash-org-seizure-2022,admitted,events/tornado-cash-tornadocash-org-seizure-2022.yaml,0,l4_frontend,observed_change,tornadocash_org_canonical_domain_rendered_unreachable_after_ofac_sdn,"[{""matching_fields"": [""url""], ""observation_source_index"": 0, ""trigger_source_index"": 2}, {""matching_fields"": [""url""], ""observation_source_index"": 1, ""trigger_source_index"": 1}]","[{""url"": ""https://alexbobes.medium.com/crypto-mixers-and-tornado-cash-shutdown-98a6e743b596"", ""wayback"": ""https://web.archive.org/web/2022/https://alexbobes.medium.com/crypto-mixers-and-tornado-cash-shutdown-98a6e743b596""}, {""url"": ""https://www.eff.org/deeplinks/2023/04/update-tornado-cash"", ""wayback"": ""https://web.archive.org/web/2023/https://www.eff.org/deeplinks/2023/04/update-tornado-cash""}, {""url"": ""https://federal-lawyer.com/ofac-and-tornado-cash-a-timeline-of-the-events-leading-to-and-following-ofacs-sanctions/"", ""wayback"": ""https://web.archive.org/web/2022/https://federal-lawyer.com/ofac-and-tornado-cash-a-timeline-of-the-events-leading-to-and-following-ofacs-sanctions/""}, {""url"": ""https://www.coindesk.com/policy/2022/08/08/crypto-mixing-service-tornado-cash-blacklisted-by-us-treasury"", ""wayback"": ""https://web.archive.org/web/2022/https://www.coindesk.com/policy/2022/08/08/crypto-mixing-service-tornado-cash-blacklisted-by-us-treasury""}]","[{""body_hash"": ""sha256:574912a16f369032c0dbe545c028eecf7ccf3f4e6967665d28cdc9d6de618bc2"", ""body_path"": ""sources/http_captures/tornado-cash-tornadocash-org-seizure-2022/primary/web.archive.org__web-20230101000000-https-federal-lawyer.com-ofac-and-tornado-cash-a-timeline-of-the-events-leading-to-and-following-ofacs-sanctions__783e1924dd.html"", ""url"": ""https://federal-lawyer.com/ofac-and-tornado-cash-a-timeline-of-the-events-leading-to-and-following-ofacs-sanctions/"", ""wayback"": ""https://web.archive.org/web/20240222012127/https://federal-lawyer.com/ofac-and-tornado-cash-a-timeline-of-the-events-leading-to-and-following-ofacs-sanctions/""}, {""body_hash"": ""sha256:dab65362b458b3ea85681d0389282489cacd6a717781f8ed45c8ea90528747a4"", ""body_path"": ""sources/http_captures/tornado-cash-tornadocash-org-seizure-2022/primary/web.archive.org__web-20230420000000-https-www.eff.org-deeplinks-2023-04-update-tornado-cash__44c1b7fb25.html"", ""url"": ""https://www.eff.org/deeplinks/2023/04/update-tornado-cash"", ""wayback"": ""https://web.archive.org/web/20230419014440/https://www.eff.org/deeplinks/2023/04/update-tornado-cash""}]",unadjudicated_risk_flag
tradehill-dwolla-payment-cutoff-2012-02,admitted,events/tradehill-dwolla-payment-cutoff-2012-02.yaml,0,offramp_cex,observed_change,tradehill_halts_trading_deposits_and_returns_client_funds,"[{""matching_fields"": [""url"", ""body_hash""], ""observation_source_index"": 0, ""trigger_source_index"": 0}, {""matching_fields"": [""url"", ""body_hash""], ""observation_source_index"": 1, ""trigger_source_index"": 1}, {""matching_fields"": [""url"", ""body_hash""], ""observation_source_index"": 2, ""trigger_source_index"": 2}]","[{""body_hash"": ""sha256:fb9e8e442f03e0e98bd80b611fa9cdf969d26aafe133dc6583e6a11e2d9e5417"", ""body_path"": ""sources/http_captures/tradehill-dwolla-payment-cutoff-2012-02/primary-tradehill-bitcointalk-v1/bitcointalk.org__index.php__864a09c795.html"", ""url"": ""https://bitcointalk.org/index.php?topic=63749.0""}, {""body_hash"": ""sha256:2a5326490ca22c4e42abdb9d64d4d26038a72ed276c9a8da6b653896fd8f1cb0"", ""body_path"": ""sources/http_captures/tradehill-dwolla-payment-cutoff-2012-02/primary/web.archive.org__web-20211026183118-https-venturebeat.com-2012-03-07-tradehill-sues-suing-dwolla-bitcoin__512fa258ef.html"", ""url"": ""https://venturebeat.com/2012/03/07/tradehill-sues-suing-dwolla-bitcoin/"", ""wayback"": ""https://web.archive.org/web/20211026183118/https://venturebeat.com/2012/03/07/tradehill-sues-suing-dwolla-bitcoin/""}, {""body_hash"": ""sha256:43b4702a95855ad5650bc47a8caa4f51e73b3baf190982878a1421faca89a5fd"", ""body_path"": ""sources/http_captures/tradehill-dwolla-payment-cutoff-2012-02/primary/web.archive.org__web-20260410131031-https-www.americanbanker.com-news-dwolla-put-us-out-of-business-bitcoin-exchange-says-in-suit__40e7218451.html"", ""url"": ""https://www.americanbanker.com/news/dwolla-put-us-out-of-business-bitcoin-exchange-says-in-suit"", ""wayback"": ""https://web.archive.org/web/20260410131031/https://www.americanbanker.com/news/dwolla-put-us-out-of-business-bitcoin-exchange-says-in-suit""}]","[{""body_hash"": ""sha256:fb9e8e442f03e0e98bd80b611fa9cdf969d26aafe133dc6583e6a11e2d9e5417"", ""body_path"": ""sources/http_captures/tradehill-dwolla-payment-cutoff-2012-02/primary-tradehill-bitcointalk-v1/bitcointalk.org__index.php__864a09c795.html"", ""url"": ""https://bitcointalk.org/index.php?topic=63749.0""}, {""body_hash"": ""sha256:2a5326490ca22c4e42abdb9d64d4d26038a72ed276c9a8da6b653896fd8f1cb0"", ""body_path"": ""sources/http_captures/tradehill-dwolla-payment-cutoff-2012-02/primary/web.archive.org__web-20211026183118-https-venturebeat.com-2012-03-07-tradehill-sues-suing-dwolla-bitcoin__512fa258ef.html"", ""url"": ""https://venturebeat.com/2012/03/07/tradehill-sues-suing-dwolla-bitcoin/"", ""wayback"": ""https://web.archive.org/web/20211026183118/https://venturebeat.com/2012/03/07/tradehill-sues-suing-dwolla-bitcoin/""}, {""body_hash"": ""sha256:43b4702a95855ad5650bc47a8caa4f51e73b3baf190982878a1421faca89a5fd"", ""body_path"": ""sources/http_captures/tradehill-dwolla-payment-cutoff-2012-02/primary/web.archive.org__web-20260410131031-https-www.americanbanker.com-news-dwolla-put-us-out-of-business-bitcoin-exchange-says-in-suit__40e7218451.html"", ""url"": ""https://www.americanbanker.com/news/dwolla-put-us-out-of-business-bitcoin-exchange-says-in-suit"", ""wayback"": ""https://web.archive.org/web/20260410131031/https://www.americanbanker.com/news/dwolla-put-us-out-of-business-bitcoin-exchange-says-in-suit""}]",unadjudicated_risk_flag
turkey-cbrt-crypto-ban-2021,admitted,events/turkey-cbrt-crypto-ban-2021.yaml,0,offramp_cex,observed_change,try_payment_rail_to_crypto_severed,"[{""matching_fields"": [""url"", ""body_hash""], ""observation_source_index"": 0, ""trigger_source_index"": 0}]","[{""body_hash"": ""sha256:43f6e1d01042f479c52a2f281c803e30271557de1b56b81820f08f7921a07360"", ""body_path"": ""sources/http_captures/turkey-cbrt-crypto-ban-2021/cbrt-regulation/web.archive.org__web-20210416100000-https-www.tcmb.gov.tr__effb7c7ee3.html"", ""url"": ""https://web.archive.org/web/20210416073914/https://www.tcmb.gov.tr/"", ""wayback"": ""https://web.archive.org/web/20210416073914/https://www.tcmb.gov.tr/""}]","[{""body_hash"": ""sha256:43f6e1d01042f479c52a2f281c803e30271557de1b56b81820f08f7921a07360"", ""body_path"": ""sources/http_captures/turkey-cbrt-crypto-ban-2021/cbrt-regulation/web.archive.org__web-20210416100000-https-www.tcmb.gov.tr__effb7c7ee3.html"", ""url"": ""https://web.archive.org/web/20210416073914/https://www.tcmb.gov.tr/""}]",unadjudicated_risk_flag
uk-fca-binance-markets-2021,admitted,events/uk-fca-binance-markets-2021.yaml,0,offramp_cex,observed_change,bml_regulated_business_restriction_remained_in_place,"[{""matching_fields"": [""url"", ""body_hash""], ""observation_source_index"": 0, ""trigger_source_index"": 1}, {""matching_fields"": [""url"", ""body_hash""], ""observation_source_index"": 1, ""trigger_source_index"": 0}]","[{""body_hash"": ""sha256:4ea9e5b25281b4685156a0f03327d3e86e779e6ed03e2b8176bd4201515c37e9"", ""body_path"": ""sources/http_captures/uk-fca-binance-markets-2021/primary/www.fca.org.uk__news-news-stories-consumer-warning-binance-markets-limited-and-binance-group__de6cfda4a8.html"", ""url"": ""https://www.fca.org.uk/news/news-stories/consumer-warning-binance-markets-limited-and-binance-group""}, {""body_hash"": ""sha256:e31a4e8a06371066cc3057da5bdd8d9ada90706b5f515b92a8144e18b65d2b07"", ""body_path"": ""sources/http_captures/uk-fca-binance-markets-2021/primary/www.fca.org.uk__publication-supervisory-notices-first-supervisory-notice-binance-markets-limited.pdf__0e4475627e.bin"", ""url"": ""https://www.fca.org.uk/publication/supervisory-notices/first-supervisory-notice-binance-markets-limited.pdf""}]","[{""body_hash"": ""sha256:e31a4e8a06371066cc3057da5bdd8d9ada90706b5f515b92a8144e18b65d2b07"", ""body_path"": ""sources/http_captures/uk-fca-binance-markets-2021/primary/www.fca.org.uk__publication-supervisory-notices-first-supervisory-notice-binance-markets-limited.pdf__0e4475627e.bin"", ""url"": ""https://www.fca.org.uk/publication/supervisory-notices/first-supervisory-notice-binance-markets-limited.pdf""}, {""body_hash"": ""sha256:4ea9e5b25281b4685156a0f03327d3e86e779e6ed03e2b8176bd4201515c37e9"", ""body_path"": ""sources/http_captures/uk-fca-binance-markets-2021/primary/www.fca.org.uk__news-news-stories-consumer-warning-binance-markets-limited-and-binance-group__de6cfda4a8.html"", ""url"": ""https://www.fca.org.uk/news/news-stories/consumer-warning-binance-markets-limited-and-binance-group""}]",unadjudicated_risk_flag
uk-fca-binance-markets-2021,admitted,events/uk-fca-binance-markets-2021.yaml,1,l4_frontend,observed_change,fca_required_binance_notice_and_promotion_removal_complied,"[{""matching_fields"": [""url"", ""body_hash""], ""observation_source_index"": 0, ""trigger_source_index"": 1}, {""matching_fields"": [""url"", ""body_hash""], ""observation_source_index"": 1, ""trigger_source_index"": 0}]","[{""body_hash"": ""sha256:4ea9e5b25281b4685156a0f03327d3e86e779e6ed03e2b8176bd4201515c37e9"", ""body_path"": ""sources/http_captures/uk-fca-binance-markets-2021/primary/www.fca.org.uk__news-news-stories-consumer-warning-binance-markets-limited-and-binance-group__de6cfda4a8.html"", ""url"": ""https://www.fca.org.uk/news/news-stories/consumer-warning-binance-markets-limited-and-binance-group""}, {""body_hash"": ""sha256:e31a4e8a06371066cc3057da5bdd8d9ada90706b5f515b92a8144e18b65d2b07"", ""body_path"": ""sources/http_captures/uk-fca-binance-markets-2021/primary/www.fca.org.uk__publication-supervisory-notices-first-supervisory-notice-binance-markets-limited.pdf__0e4475627e.bin"", ""url"": ""https://www.fca.org.uk/publication/supervisory-notices/first-supervisory-notice-binance-markets-limited.pdf""}]","[{""body_hash"": ""sha256:e31a4e8a06371066cc3057da5bdd8d9ada90706b5f515b92a8144e18b65d2b07"", ""body_path"": ""sources/http_captures/uk-fca-binance-markets-2021/primary/www.fca.org.uk__publication-supervisory-notices-first-supervisory-notice-binance-markets-limited.pdf__0e4475627e.bin"", ""url"": ""https://www.fca.org.uk/publication/supervisory-notices/first-supervisory-notice-binance-markets-limited.pdf""}, {""body_hash"": ""sha256:4ea9e5b25281b4685156a0f03327d3e86e779e6ed03e2b8176bd4201515c37e9"", ""body_path"": ""sources/http_captures/uk-fca-binance-markets-2021/primary/www.fca.org.uk__news-news-stories-consumer-warning-binance-markets-limited-and-binance-group__de6cfda4a8.html"", ""url"": ""https://www.fca.org.uk/news/news-stories/consumer-warning-binance-markets-limited-and-binance-group""}]",unadjudicated_risk_flag
uk-fca-crypto-promotion-rule-2023,admitted,events/uk-fca-crypto-promotion-rule-2023.yaml,0,offramp_cex,observed_change,bybit_restricted_uk_retail_customers_in_response_to_fca_financial_promotions_regime,"[{""matching_fields"": [""url"", ""body_hash""], ""observation_source_index"": 0, ""trigger_source_index"": 3}]","[{""body_hash"": ""sha256:c60f0383d9bcb946d76c4432feac40de420a9b89cc28990fcc24acc4adb1372c"", ""body_path"": ""sources/http_captures/uk-fca-crypto-promotion-rule-2023/primary/web.archive.org__web-20230608081306-https-www.fca.org.uk-publications-policy-statements-ps23-6-financial-promotion-rules-cryptoassets__b03d205172.html"", ""url"": ""https://www.fca.org.uk/publications/policy-statements/ps23-6-financial-promotion-rules-cryptoassets"", ""wayback"": ""https://web.archive.org/web/20230608081306/https://www.fca.org.uk/publications/policy-statements/ps23-6-financial-promotion-rules-cryptoassets""}, {""url"": ""https://www.fca.org.uk/firms/cryptoassets/marketing-uk-consumers"", ""wayback"": ""https://web.archive.org/web/2023/https://www.fca.org.uk/firms/cryptoassets/marketing-uk-consumers""}, {""url"": ""https://www.fca.org.uk/publications/finalised-guidance/fg23-3-cryptoasset-financial-promotions"", ""wayback"": ""https://web.archive.org/web/2023/https://www.fca.org.uk/publications/finalised-guidance/fg23-3-cryptoasset-financial-promotions""}, {""body_hash"": ""sha256:05c1ac5fdc5393fdab7c73bf932fa74588426557908ac46a3a904657a6d4fcfb"", ""body_path"": ""sources/http_captures/uk-fca-crypto-promotion-rule-2023/primary/web.archive.org__web-20230907160645-https-www.fca.org.uk-news-press-releases-fca-sets-expectations-ahead-incoming-crypto-marketing-rules__4e866f9a79.html"", ""url"": ""https://www.fca.org.uk/news/press-releases/fca-sets-expectations-ahead-incoming-crypto-marketing-rules"", ""wayback"": ""https://web.archive.org/web/20230907160645/https://www.fca.org.uk/news/press-releases/fca-sets-expectations-ahead-incoming-crypto-marketing-rules""}]","[{""body_hash"": ""sha256:05c1ac5fdc5393fdab7c73bf932fa74588426557908ac46a3a904657a6d4fcfb"", ""body_path"": ""sources/http_captures/uk-fca-crypto-promotion-rule-2023/primary/web.archive.org__web-20230907160645-https-www.fca.org.uk-news-press-releases-fca-sets-expectations-ahead-incoming-crypto-marketing-rules__4e866f9a79.html"", ""url"": ""https://www.fca.org.uk/news/press-releases/fca-sets-expectations-ahead-incoming-crypto-marketing-rules"", ""wayback"": ""https://web.archive.org/web/20230907160645/https://www.fca.org.uk/news/press-releases/fca-sets-expectations-ahead-incoming-crypto-marketing-rules""}, {""url"": ""https://announcements.bybit.com/en-US/article/important-notice-for-bybit-users-in-the-uk-blt8d6c3a98f0db4f4b/"", ""wayback"": ""https://web.archive.org/web/2023/https://announcements.bybit.com/en-US/article/important-notice-for-bybit-users-in-the-uk-blt8d6c3a98f0db4f4b/""}, {""url"": ""https://www.reuters.com/technology/crypto-exchange-bybit-suspend-services-britain-2023-10-02/"", ""wayback"": ""https://web.archive.org/web/2023/https://www.reuters.com/technology/crypto-exchange-bybit-suspend-services-britain-2023-10-02/""}]",unadjudicated_risk_flag
uk-fca-crypto-promotion-rule-2023,admitted,events/uk-fca-crypto-promotion-rule-2023.yaml,1,offramp_cex,observed_change,kucoin_restricted_uk_retail_customers_in_response_to_fca_financial_promotions_regime,"[{""matching_fields"": [""url"", ""body_hash""], ""observation_source_index"": 0, ""trigger_source_index"": 3}]","[{""body_hash"": ""sha256:c60f0383d9bcb946d76c4432feac40de420a9b89cc28990fcc24acc4adb1372c"", ""body_path"": ""sources/http_captures/uk-fca-crypto-promotion-rule-2023/primary/web.archive.org__web-20230608081306-https-www.fca.org.uk-publications-policy-statements-ps23-6-financial-promotion-rules-cryptoassets__b03d205172.html"", ""url"": ""https://www.fca.org.uk/publications/policy-statements/ps23-6-financial-promotion-rules-cryptoassets"", ""wayback"": ""https://web.archive.org/web/20230608081306/https://www.fca.org.uk/publications/policy-statements/ps23-6-financial-promotion-rules-cryptoassets""}, {""url"": ""https://www.fca.org.uk/firms/cryptoassets/marketing-uk-consumers"", ""wayback"": ""https://web.archive.org/web/2023/https://www.fca.org.uk/firms/cryptoassets/marketing-uk-consumers""}, {""url"": ""https://www.fca.org.uk/publications/finalised-guidance/fg23-3-cryptoasset-financial-promotions"", ""wayback"": ""https://web.archive.org/web/2023/https://www.fca.org.uk/publications/finalised-guidance/fg23-3-cryptoasset-financial-promotions""}, {""body_hash"": ""sha256:05c1ac5fdc5393fdab7c73bf932fa74588426557908ac46a3a904657a6d4fcfb"", ""body_path"": ""sources/http_captures/uk-fca-crypto-promotion-rule-2023/primary/web.archive.org__web-20230907160645-https-www.fca.org.uk-news-press-releases-fca-sets-expectations-ahead-incoming-crypto-marketing-rules__4e866f9a79.html"", ""url"": ""https://www.fca.org.uk/news/press-releases/fca-sets-expectations-ahead-incoming-crypto-marketing-rules"", ""wayback"": ""https://web.archive.org/web/20230907160645/https://www.fca.org.uk/news/press-releases/fca-sets-expectations-ahead-incoming-crypto-marketing-rules""}]","[{""body_hash"": ""sha256:05c1ac5fdc5393fdab7c73bf932fa74588426557908ac46a3a904657a6d4fcfb"", ""body_path"": ""sources/http_captures/uk-fca-crypto-promotion-rule-2023/primary/web.archive.org__web-20230907160645-https-www.fca.org.uk-news-press-releases-fca-sets-expectations-ahead-incoming-crypto-marketing-rules__4e866f9a79.html"", ""url"": ""https://www.fca.org.uk/news/press-releases/fca-sets-expectations-ahead-incoming-crypto-marketing-rules"", ""wayback"": ""https://web.archive.org/web/20230907160645/https://www.fca.org.uk/news/press-releases/fca-sets-expectations-ahead-incoming-crypto-marketing-rules""}, {""url"": ""https://www.kucoin.com/news/en-important-notice-for-our-uk-users"", ""wayback"": ""https://web.archive.org/web/2023/https://www.kucoin.com/news/en-important-notice-for-our-uk-users""}, {""url"": ""https://www.coindesk.com/policy/2023/10/06/kucoin-tells-uk-users-to-close-positions-amid-new-fca-rules/"", ""wayback"": ""https://web.archive.org/web/2023/https://www.coindesk.com/policy/2023/10/06/kucoin-tells-uk-users-to-close-positions-amid-new-fca-rules/""}]",unadjudicated_risk_flag
uk-fca-crypto-promotion-rule-2023,admitted,events/uk-fca-crypto-promotion-rule-2023.yaml,2,l4_frontend,observed_change,uk_geo_frontend_banners_and_kyc_restrictions_added_on_bybit_and_kucoin_uk_vantage,"[{""matching_fields"": [""url"", ""body_hash""], ""observation_source_index"": 0, ""trigger_source_index"": 3}]","[{""body_hash"": ""sha256:c60f0383d9bcb946d76c4432feac40de420a9b89cc28990fcc24acc4adb1372c"", ""body_path"": ""sources/http_captures/uk-fca-crypto-promotion-rule-2023/primary/web.archive.org__web-20230608081306-https-www.fca.org.uk-publications-policy-statements-ps23-6-financial-promotion-rules-cryptoassets__b03d205172.html"", ""url"": ""https://www.fca.org.uk/publications/policy-statements/ps23-6-financial-promotion-rules-cryptoassets"", ""wayback"": ""https://web.archive.org/web/20230608081306/https://www.fca.org.uk/publications/policy-statements/ps23-6-financial-promotion-rules-cryptoassets""}, {""url"": ""https://www.fca.org.uk/firms/cryptoassets/marketing-uk-consumers"", ""wayback"": ""https://web.archive.org/web/2023/https://www.fca.org.uk/firms/cryptoassets/marketing-uk-consumers""}, {""url"": ""https://www.fca.org.uk/publications/finalised-guidance/fg23-3-cryptoasset-financial-promotions"", ""wayback"": ""https://web.archive.org/web/2023/https://www.fca.org.uk/publications/finalised-guidance/fg23-3-cryptoasset-financial-promotions""}, {""body_hash"": ""sha256:05c1ac5fdc5393fdab7c73bf932fa74588426557908ac46a3a904657a6d4fcfb"", ""body_path"": ""sources/http_captures/uk-fca-crypto-promotion-rule-2023/primary/web.archive.org__web-20230907160645-https-www.fca.org.uk-news-press-releases-fca-sets-expectations-ahead-incoming-crypto-marketing-rules__4e866f9a79.html"", ""url"": ""https://www.fca.org.uk/news/press-releases/fca-sets-expectations-ahead-incoming-crypto-marketing-rules"", ""wayback"": ""https://web.archive.org/web/20230907160645/https://www.fca.org.uk/news/press-releases/fca-sets-expectations-ahead-incoming-crypto-marketing-rules""}]","[{""body_hash"": ""sha256:05c1ac5fdc5393fdab7c73bf932fa74588426557908ac46a3a904657a6d4fcfb"", ""body_path"": ""sources/http_captures/uk-fca-crypto-promotion-rule-2023/primary/web.archive.org__web-20230907160645-https-www.fca.org.uk-news-press-releases-fca-sets-expectations-ahead-incoming-crypto-marketing-rules__4e866f9a79.html"", ""url"": ""https://www.fca.org.uk/news/press-releases/fca-sets-expectations-ahead-incoming-crypto-marketing-rules"", ""wayback"": ""https://web.archive.org/web/20230907160645/https://www.fca.org.uk/news/press-releases/fca-sets-expectations-ahead-incoming-crypto-marketing-rules""}, {""url"": ""https://announcements.bybit.com/en-US/article/important-notice-for-bybit-users-in-the-uk-blt8d6c3a98f0db4f4b/"", ""wayback"": ""https://web.archive.org/web/2023/https://announcements.bybit.com/en-US/article/important-notice-for-bybit-users-in-the-uk-blt8d6c3a98f0db4f4b/""}]",unadjudicated_risk_flag
ukraine-virtual-assets-law-2022-03,admitted,events/ukraine-virtual-assets-law-2022-03.yaml,0,offramp_cex,observed_change,ua_law_on_virtual_assets_signed_vasp_licensing_framework_established,"[{""matching_fields"": [""url"", ""body_hash""], ""observation_source_index"": 0, ""trigger_source_index"": 1}, {""matching_fields"": [""url"", ""body_hash""], ""observation_source_index"": 1, ""trigger_source_index"": 2}, {""matching_fields"": [""url""], ""observation_source_index"": 2, ""trigger_source_index"": 0}, {""matching_fields"": [""url""], ""observation_source_index"": 3, ""trigger_source_index"": 1}]","[{""url"": ""https://www.president.gov.ua/news/prezident-pidpisav-zakon-pro-virtualni-aktivi-73575"", ""wayback"": ""https://web.archive.org/web/2022/https://www.president.gov.ua/news/prezident-pidpisav-zakon-pro-virtualni-aktivi-73575""}, {""body_hash"": ""sha256:664c1193796b533f6632b84305c97d464c220273da1f6a69323c07c7cc6d1585"", ""body_path"": ""sources/http_captures/ukraine-virtual-assets-law-2022-03/primary/web.archive.org__web-20220316162154-https-www.coindesk.com-policy-2022-03-16-ukraines-zelensky-signs-virtual-assets-bill-into-law-legalizing-crypto__3dbc77c05f.html"", ""url"": ""https://www.coindesk.com/policy/2022/03/16/ukraines-zelensky-signs-virtual-assets-bill-into-law-legalizing-crypto"", ""wayback"": ""https://web.archive.org/web/20220316162154/https://www.coindesk.com/policy/2022/03/16/ukraines-zelensky-signs-virtual-assets-bill-into-law-legalizing-crypto""}, {""body_hash"": ""sha256:67b1b820012c975c0f168ec6c888295520264f7d4fe9b1f97247cc2c8c0169b8"", ""body_path"": ""sources/http_captures/ukraine-virtual-assets-law-2022-03/primary/web.archive.org__web-20220325085252-https-www.elliptic.co-blog-crypto-regulatory-affairs-ukrainian-president-signs-virtual-currency-bill-into-law__23f7c97c35.html"", ""url"": ""https://www.elliptic.co/blog/crypto-regulatory-affairs-ukrainian-president-signs-virtual-currency-bill-into-law"", ""wayback"": ""https://web.archive.org/web/20220325085252/https://www.elliptic.co/blog/crypto-regulatory-affairs-ukrainian-president-signs-virtual-currency-bill-into-law""}]","[{""body_hash"": ""sha256:664c1193796b533f6632b84305c97d464c220273da1f6a69323c07c7cc6d1585"", ""body_path"": ""sources/http_captures/ukraine-virtual-assets-law-2022-03/primary/web.archive.org__web-20220316162154-https-www.coindesk.com-policy-2022-03-16-ukraines-zelensky-signs-virtual-assets-bill-into-law-legalizing-crypto__3dbc77c05f.html"", ""url"": ""https://www.coindesk.com/policy/2022/03/16/ukraines-zelensky-signs-virtual-assets-bill-into-law-legalizing-crypto"", ""wayback"": ""https://web.archive.org/web/20220316162154/https://www.coindesk.com/policy/2022/03/16/ukraines-zelensky-signs-virtual-assets-bill-into-law-legalizing-crypto""}, {""body_hash"": ""sha256:67b1b820012c975c0f168ec6c888295520264f7d4fe9b1f97247cc2c8c0169b8"", ""body_path"": ""sources/http_captures/ukraine-virtual-assets-law-2022-03/primary/web.archive.org__web-20220325085252-https-www.elliptic.co-blog-crypto-regulatory-affairs-ukrainian-president-signs-virtual-currency-bill-into-law__23f7c97c35.html"", ""url"": ""https://www.elliptic.co/blog/crypto-regulatory-affairs-ukrainian-president-signs-virtual-currency-bill-into-law"", ""wayback"": ""https://web.archive.org/web/20220325085252/https://www.elliptic.co/blog/crypto-regulatory-affairs-ukrainian-president-signs-virtual-currency-bill-into-law""}, {""url"": ""https://www.president.gov.ua/news/prezident-pidpisav-zakon-pro-virtualni-aktivi-73575"", ""wayback"": ""https://web.archive.org/web/2022/https://www.president.gov.ua/news/prezident-pidpisav-zakon-pro-virtualni-aktivi-73575""}, {""url"": ""https://www.coindesk.com/policy/2022/03/16/ukraines-zelensky-signs-virtual-assets-bill-into-law-legalizing-crypto"", ""wayback"": ""https://web.archive.org/web/2022/https://www.coindesk.com/policy/2022/03/16/ukraines-zelensky-signs-virtual-assets-bill-into-law-legalizing-crypto""}]",unadjudicated_risk_flag
uniswap-frontend-delisting-2023,admitted,events/uniswap-frontend-delisting-2023.yaml,0,l4_frontend,observed_change,uniswap_labs_restricted_100_plus_tokens_from_frontend_ui,"[{""matching_fields"": [""url"", ""body_hash""], ""observation_source_index"": 0, ""trigger_source_index"": 0}]","[{""body_hash"": ""sha256:f894f9c87ad84496a487fca0d0cefed890e99cfdc139ae22de189f6d3405b27c"", ""body_path"": ""sources/http_captures/uniswap-frontend-delisting-2023/primary/blog.uniswap.org__capture__c164666676.html"", ""url"": ""https://blog.uniswap.org/""}]","[{""body_hash"": ""sha256:f894f9c87ad84496a487fca0d0cefed890e99cfdc139ae22de189f6d3405b27c"", ""body_path"": ""sources/http_captures/uniswap-frontend-delisting-2023/primary/blog.uniswap.org__capture__c164666676.html"", ""url"": ""https://blog.uniswap.org/""}, {""body_hash"": ""sha256:7f74d95b70d4fde33a4aced832dd61be5827b156a6959e9e0a9b35863ddf605a"", ""body_path"": ""sources/http_captures/uniswap-frontend-delisting-2023/token-lists-local/github.com__Uniswap-token-lists__12917a3e9f.html"", ""url"": ""https://github.com/Uniswap/token-lists"", ""wayback"": ""https://web.archive.org/web/2023/https://github.com/Uniswap/token-lists""}]",unadjudicated_risk_flag
uniswap-labs-trm-address-screening-2022-04,admitted,events/uniswap-labs-trm-address-screening-2022-04.yaml,0,l4_frontend,observed_change,uniswap_labs_trm_screening_block_of_illicit_wallets,"[{""matching_fields"": [""url"", ""body_hash""], ""observation_source_index"": 0, ""trigger_source_index"": 0}, {""matching_fields"": [""url"", ""body_hash""], ""observation_source_index"": 1, ""trigger_source_index"": 1}]","[{""body_hash"": ""sha256:97cbcdcf1912c8c37ea25ea4e4e09081e581b792e758e84ca4551c35926414e2"", ""body_path"": ""sources/http_captures/uniswap-labs-trm-address-screening-2022-04/primary/web.archive.org__web-20220824000000-https-blog.uniswap.org-trm__6bc512d432.html"", ""url"": ""https://blog.uniswap.org/trm"", ""wayback"": ""https://web.archive.org/web/20230330015248/https://blog.uniswap.org/trm""}, {""body_hash"": ""sha256:5f565d9df6ffe166766c152d4046138c4b026b965ef071055f92b1f4be52e1e9"", ""body_path"": ""sources/http_captures/uniswap-labs-trm-address-screening-2022-04/primary/web.archive.org__web-20220824000000-https-www.theblock.co-post-143036-uniswap-labs-now-blocks-crypto-wallets-frontend__c337ab2c5e.html"", ""url"": ""https://www.theblock.co/post/143036/uniswap-labs-now-blocks-crypto-wallets-frontend"", ""wayback"": ""https://web.archive.org/web/20220815231904/https://www.theblock.co/post/143036/uniswap-labs-now-blocks-crypto-wallets-frontend""}]","[{""body_hash"": ""sha256:97cbcdcf1912c8c37ea25ea4e4e09081e581b792e758e84ca4551c35926414e2"", ""body_path"": ""sources/http_captures/uniswap-labs-trm-address-screening-2022-04/primary/web.archive.org__web-20220824000000-https-blog.uniswap.org-trm__6bc512d432.html"", ""url"": ""https://blog.uniswap.org/trm"", ""wayback"": ""https://web.archive.org/web/20230330015248/https://blog.uniswap.org/trm""}, {""body_hash"": ""sha256:5f565d9df6ffe166766c152d4046138c4b026b965ef071055f92b1f4be52e1e9"", ""body_path"": ""sources/http_captures/uniswap-labs-trm-address-screening-2022-04/primary/web.archive.org__web-20220824000000-https-www.theblock.co-post-143036-uniswap-labs-now-blocks-crypto-wallets-frontend__c337ab2c5e.html"", ""url"": ""https://www.theblock.co/post/143036/uniswap-labs-now-blocks-crypto-wallets-frontend"", ""wayback"": ""https://web.archive.org/web/20220815231904/https://www.theblock.co/post/143036/uniswap-labs-now-blocks-crypto-wallets-frontend""}]",unadjudicated_risk_flag
upbit-bithumb-regulatory-delisting-purge-2021-06,admitted,events/upbit-bithumb-regulatory-delisting-purge-2021-06.yaml,0,offramp_cex,observed_change,upbit_bithumb_delist_altcoins_and_dark_coins_pre_fiu_registration,"[{""matching_fields"": [""url"", ""body_hash""], ""observation_source_index"": 0, ""trigger_source_index"": 0}]","[{""body_hash"": ""sha256:d4be38d2b326184e24c7c4aa8db32a22a7e3908a7e577a7a31e3756016f8bfac"", ""body_path"": ""sources/http_captures/upbit-bithumb-regulatory-delisting-purge-2021-06/primary/web.archive.org__web-20250830094223-https-www.coindesk.com-policy-2021-06-24-upbit-bithumb-delist-numerous-coins-ahead-of-south-korean-regulatory-review__b05e4830e7.html"", ""url"": ""https://www.coindesk.com/policy/2021/06/24/upbit-bithumb-delist-numerous-coins-ahead-of-south-korean-regulatory-review"", ""wayback"": ""https://web.archive.org/web/20250830094223/https://www.coindesk.com/policy/2021/06/24/upbit-bithumb-delist-numerous-coins-ahead-of-south-korean-regulatory-review""}]","[{""body_hash"": ""sha256:d4be38d2b326184e24c7c4aa8db32a22a7e3908a7e577a7a31e3756016f8bfac"", ""body_path"": ""sources/http_captures/upbit-bithumb-regulatory-delisting-purge-2021-06/primary/web.archive.org__web-20250830094223-https-www.coindesk.com-policy-2021-06-24-upbit-bithumb-delist-numerous-coins-ahead-of-south-korean-regulatory-review__b05e4830e7.html"", ""url"": ""https://www.coindesk.com/policy/2021/06/24/upbit-bithumb-delist-numerous-coins-ahead-of-south-korean-regulatory-review"", ""wayback"": ""https://web.archive.org/web/20250830094223/https://www.coindesk.com/policy/2021/06/24/upbit-bithumb-delist-numerous-coins-ahead-of-south-korean-regulatory-review""}]",unadjudicated_risk_flag
upbit-privacy-coin-delisting-2019-09,admitted,events/upbit-privacy-coin-delisting-2019-09.yaml,0,offramp_cex,observed_change,upbit_ends_support_for_six_privacy_coin_markets,"[{""matching_fields"": [""url"", ""body_hash""], ""observation_source_index"": 0, ""trigger_source_index"": 0}, {""matching_fields"": [""url"", ""body_hash""], ""observation_source_index"": 1, ""trigger_source_index"": 2}]","[{""body_hash"": ""sha256:63f8257fc5a3388c9f3e4a851b4c45b77211748f334ee471214e8ef78caea0ad"", ""body_path"": ""sources/http_captures/upbit-privacy-coin-delisting-2019-09/primary-upbit-api/sg-api-manager.upbit.com__api-v1-announcements-2256__f8cff15335.json"", ""url"": ""https://sg-api-manager.upbit.com/api/v1/announcements/2256"", ""wayback"": ""https://web.archive.org/web/20260601121553/https://sg-api-manager.upbit.com/api/v1/announcements/2256""}, {""body_hash"": ""sha256:74f7cc89cbfcaff8c78a4d853670f1b77cf65f8a8dfdaa6a9dba32838ef1147c"", ""body_path"": ""sources/http_captures/upbit-privacy-coin-delisting-2019-09/primary-upbit/sg.upbit.com__service_center-notice__1947c10dcb.html"", ""url"": ""https://sg.upbit.com/service_center/notice?id=2256"", ""wayback"": ""https://web.archive.org/web/20260601121249/https://sg.upbit.com/service_center/notice?id=2256""}, {""body_hash"": ""sha256:b3da85616fc118fd6ae92c046374901bb247c8ae3ab8eff5588830052ffb7a63"", ""body_path"": ""sources/http_captures/upbit-privacy-coin-delisting-2019-09/primary/web.archive.org__web-20210917015654-https-www.coindesk.com-markets-2019-09-20-south-koreas-upbit-becomes-latest-exchange-to-delist-privacy-coins__f793860280.html"", ""url"": ""https://www.coindesk.com/markets/2019/09/20/south-koreas-upbit-becomes-latest-exchange-to-delist-privacy-coins/"", ""wayback"": ""https://web.archive.org/web/20210917015654/https://www.coindesk.com/markets/2019/09/20/south-koreas-upbit-becomes-latest-exchange-to-delist-privacy-coins/""}]","[{""body_hash"": ""sha256:63f8257fc5a3388c9f3e4a851b4c45b77211748f334ee471214e8ef78caea0ad"", ""body_path"": ""sources/http_captures/upbit-privacy-coin-delisting-2019-09/primary-upbit-api/sg-api-manager.upbit.com__api-v1-announcements-2256__f8cff15335.json"", ""url"": ""https://sg-api-manager.upbit.com/api/v1/announcements/2256"", ""wayback"": ""https://web.archive.org/web/20260601121553/https://sg-api-manager.upbit.com/api/v1/announcements/2256""}, {""body_hash"": ""sha256:b3da85616fc118fd6ae92c046374901bb247c8ae3ab8eff5588830052ffb7a63"", ""body_path"": ""sources/http_captures/upbit-privacy-coin-delisting-2019-09/primary/web.archive.org__web-20210917015654-https-www.coindesk.com-markets-2019-09-20-south-koreas-upbit-becomes-latest-exchange-to-delist-privacy-coins__f793860280.html"", ""url"": ""https://www.coindesk.com/markets/2019/09/20/south-koreas-upbit-becomes-latest-exchange-to-delist-privacy-coins/"", ""wayback"": ""https://web.archive.org/web/20210917015654/https://www.coindesk.com/markets/2019/09/20/south-koreas-upbit-becomes-latest-exchange-to-delist-privacy-coins/""}]",unadjudicated_risk_flag
venezuela-sunacrip-mining-exchange-halt-2023-03,admitted,events/venezuela-sunacrip-mining-exchange-halt-2023-03.yaml,0,l1_consensus,observed_change,state_ordered_mining_facility_shutdown_carabobo_lara_bolivar,"[{""matching_fields"": [""url"", ""body_hash""], ""observation_source_index"": 0, ""trigger_source_index"": 0}]","[{""body_hash"": ""sha256:6212c4c67fb167ce0222dd865cd2d37eb62d0cebcd575f5ca219186ff1de3c18"", ""body_path"": ""sources/http_captures/venezuela-sunacrip-mining-exchange-halt-2023-03/primary/web.archive.org__web-20230324212438-https-decrypt.co-124525-shut-down-mining-farms-exchanges-venezuela__ed95e252dd.html"", ""url"": ""https://decrypt.co/124525/shut-down-mining-farms-exchanges-venezuela"", ""wayback"": ""https://web.archive.org/web/20230324212438/https://decrypt.co/124525/shut-down-mining-farms-exchanges-venezuela""}]","[{""body_hash"": ""sha256:6212c4c67fb167ce0222dd865cd2d37eb62d0cebcd575f5ca219186ff1de3c18"", ""body_path"": ""sources/http_captures/venezuela-sunacrip-mining-exchange-halt-2023-03/primary/web.archive.org__web-20230324212438-https-decrypt.co-124525-shut-down-mining-farms-exchanges-venezuela__ed95e252dd.html"", ""url"": ""https://decrypt.co/124525/shut-down-mining-farms-exchanges-venezuela"", ""wayback"": ""https://web.archive.org/web/20230324212438/https://decrypt.co/124525/shut-down-mining-farms-exchanges-venezuela""}]",unadjudicated_risk_flag
vietnam-sbv-payment-prohibition-2017-10,admitted,events/vietnam-sbv-payment-prohibition-2017-10.yaml,0,offramp_cex,observed_change,bitcoin_payment_use_prohibited_with_fines_by_sbv,"[{""matching_fields"": [""url"", ""body_hash""], ""observation_source_index"": 0, ""trigger_source_index"": 0}, {""matching_fields"": [""url"", ""body_hash""], ""observation_source_index"": 1, ""trigger_source_index"": 1}, {""matching_fields"": [""url"", ""body_hash""], ""observation_source_index"": 2, ""trigger_source_index"": 2}, {""matching_fields"": [""url"", ""body_hash""], ""observation_source_index"": 3, ""trigger_source_index"": 3}]","[{""body_hash"": ""sha256:0c03b52ce2c8a6f04146c2a9efd7d9581c72d4e8706959a933f7bcc26f3652ef"", ""body_path"": ""sources/http_captures/vietnam-sbv-payment-prohibition-2017-10/primary-government-v1/baochinhphu.vn__nhnn-cam-su-dung-bitcoin-102229280.htm__0209e3409f.html"", ""url"": ""https://baochinhphu.vn/nhnn-cam-su-dung-bitcoin-102229280.htm""}, {""body_hash"": ""sha256:86c8042e70b51ae658ba950279819ba1697cec0e887d7a30f8088681ace20075"", ""body_path"": ""sources/http_captures/vietnam-sbv-payment-prohibition-2017-10/primary-government-v1/www.sbv.gov.vn__w-sbv554224---categories-93909__a8d054950b.html"", ""url"": ""https://www.sbv.gov.vn/w/sbv554224/-/categories/93909""}, {""body_hash"": ""sha256:f6b302500867f8bbb37ddce759ea18cbfedb89f682d4969fa75a5793599286ed"", ""body_path"": ""sources/http_captures/vietnam-sbv-payment-prohibition-2017-10/primary/web.archive.org__web-20171101125722-http-vietnamnews.vn-economy-416480-sbv-says-bitcoin-prohibited-in-viet-nam.html__f28874fff5.html"", ""url"": ""http://vietnamnews.vn/economy/416480/sbv-says-bitcoin-prohibited-in-viet-nam.html"", ""wayback"": ""https://web.archive.org/web/20171101125722/http://vietnamnews.vn/economy/416480/sbv-says-bitcoin-prohibited-in-viet-nam.html""}, {""body_hash"": ""sha256:86bbc4324109e2f67ce9eb5f9453cf898429ffcee58ef06e363093e458032023"", ""body_path"": ""sources/http_captures/vietnam-sbv-payment-prohibition-2017-10/tracker/web.archive.org__web-20220629153357-https-freemanlaw.com-cryptocurrency-vietnam__2b7db4010d.html"", ""url"": ""https://freemanlaw.com/cryptocurrency/vietnam/"", ""wayback"": ""https://web.archive.org/web/20220629153357/https://freemanlaw.com/cryptocurrency/vietnam/""}]","[{""body_hash"": ""sha256:0c03b52ce2c8a6f04146c2a9efd7d9581c72d4e8706959a933f7bcc26f3652ef"", ""body_path"": ""sources/http_captures/vietnam-sbv-payment-prohibition-2017-10/primary-government-v1/baochinhphu.vn__nhnn-cam-su-dung-bitcoin-102229280.htm__0209e3409f.html"", ""url"": ""https://baochinhphu.vn/nhnn-cam-su-dung-bitcoin-102229280.htm""}, {""body_hash"": ""sha256:86c8042e70b51ae658ba950279819ba1697cec0e887d7a30f8088681ace20075"", ""body_path"": ""sources/http_captures/vietnam-sbv-payment-prohibition-2017-10/primary-government-v1/www.sbv.gov.vn__w-sbv554224---categories-93909__a8d054950b.html"", ""url"": ""https://www.sbv.gov.vn/w/sbv554224/-/categories/93909""}, {""body_hash"": ""sha256:f6b302500867f8bbb37ddce759ea18cbfedb89f682d4969fa75a5793599286ed"", ""body_path"": ""sources/http_captures/vietnam-sbv-payment-prohibition-2017-10/primary/web.archive.org__web-20171101125722-http-vietnamnews.vn-economy-416480-sbv-says-bitcoin-prohibited-in-viet-nam.html__f28874fff5.html"", ""url"": ""http://vietnamnews.vn/economy/416480/sbv-says-bitcoin-prohibited-in-viet-nam.html"", ""wayback"": ""https://web.archive.org/web/20171101125722/http://vietnamnews.vn/economy/416480/sbv-says-bitcoin-prohibited-in-viet-nam.html""}, {""body_hash"": ""sha256:86bbc4324109e2f67ce9eb5f9453cf898429ffcee58ef06e363093e458032023"", ""body_path"": ""sources/http_captures/vietnam-sbv-payment-prohibition-2017-10/tracker/web.archive.org__web-20220629153357-https-freemanlaw.com-cryptocurrency-vietnam__2b7db4010d.html"", ""url"": ""https://freemanlaw.com/cryptocurrency/vietnam/"", ""wayback"": ""https://web.archive.org/web/20220629153357/https://freemanlaw.com/cryptocurrency/vietnam/""}]",unadjudicated_risk_flag
voyager-bankruptcy-doj-objection-2023,admitted,events/voyager-bankruptcy-doj-objection-2023.yaml,0,offramp_cex,observed_change,sdny_stay_order_paused_voyager_binance_us_sale_route,"[{""matching_fields"": [""url"", ""body_hash""], ""observation_source_index"": 0, ""trigger_source_index"": 0}, {""matching_fields"": [""url"", ""body_hash""], ""observation_source_index"": 2, ""trigger_source_index"": 1}, {""matching_fields"": [""url"", ""body_hash""], ""observation_source_index"": 3, ""trigger_source_index"": 2}, {""matching_fields"": [""url"", ""body_hash""], ""observation_source_index"": 4, ""trigger_source_index"": 3}]","[{""body_hash"": ""sha256:f3eb8fee30cb73dff15ce6a3fc40c05afd2b3589c76f4952838c1e162494a5ae"", ""body_path"": ""sources/http_captures/voyager-bankruptcy-doj-objection-2023/primary-legal-stretto-repair-v2/cases.stretto.com__public-x193-11753-PLEADINGS-1175304172380000000106.pdf__7e88393d78.bin"", ""url"": ""https://cases.stretto.com/public/x193/11753/PLEADINGS/1175304172380000000106.pdf""}, {""body_hash"": ""sha256:25ae70bc59ab756fa34542ab9ba52dc5badb911cec7c4b85448208caee6db555"", ""body_path"": ""sources/http_captures/voyager-bankruptcy-doj-objection-2023/primary-legal-stretto-repair-v2/cases.stretto.com__public-x193-11753-PLEADINGS-1175303152380000000014.pdf__237b8ded26.bin"", ""url"": ""https://cases.stretto.com/public/x193/11753/PLEADINGS/1175303152380000000014.pdf""}, {""body_hash"": ""sha256:bf6a39d6e9c7522e93d70b3e8c660bad4f5e24fb604467e515df19a75e40abfd"", ""body_path"": ""sources/http_captures/voyager-bankruptcy-doj-objection-2023/primary-legal-stretto-repair-v2/cases.stretto.com__public-x193-11753-PLEADINGS-1175303272380000000186.pdf__4ce51b4aba.bin"", ""url"": ""https://cases.stretto.com/public/x193/11753/PLEADINGS/1175303272380000000186.pdf""}, {""body_hash"": ""sha256:f8816fac4d1f5efb338f42a3323e2fc6d5b7cebe4d109d061b951df8a41dc709"", ""body_path"": ""sources/http_captures/voyager-bankruptcy-doj-objection-2023/primary/web.archive.org__web-20230310074649-https-www.coindesk.com-policy-2023-03-10-us-doj-appeals-new-york-judges-decision-to-approve-voyagers-sale-to-binanceus__27eaea0eee.html"", ""url"": ""https://www.coindesk.com/policy/2023/03/10/us-doj-appeals-new-york-judges-decision-to-approve-voyagers-sale-to-binanceus"", ""wayback"": ""https://web.archive.org/web/20230310074649/https://www.coindesk.com/policy/2023/03/10/us-doj-appeals-new-york-judges-decision-to-approve-voyagers-sale-to-binanceus""}]","[{""body_hash"": ""sha256:f3eb8fee30cb73dff15ce6a3fc40c05afd2b3589c76f4952838c1e162494a5ae"", ""body_path"": ""sources/http_captures/voyager-bankruptcy-doj-objection-2023/primary-legal-stretto-repair-v2/cases.stretto.com__public-x193-11753-PLEADINGS-1175304172380000000106.pdf__7e88393d78.bin"", ""url"": ""https://cases.stretto.com/public/x193/11753/PLEADINGS/1175304172380000000106.pdf""}, {""body_hash"": ""sha256:e276d7288a7e22e2f9f88af54312918f6d523f5667d825b9711a034c6f672932"", ""body_path"": ""sources/http_captures/voyager-bankruptcy-doj-objection-2023/primary-legal-stretto-repair-v2/cases.stretto.com__public-x193-11753-PLEADINGS-1175304252380000000171.pdf__d67838da04.bin"", ""url"": ""https://cases.stretto.com/public/x193/11753/PLEADINGS/1175304252380000000171.pdf""}, {""body_hash"": ""sha256:25ae70bc59ab756fa34542ab9ba52dc5badb911cec7c4b85448208caee6db555"", ""body_path"": ""sources/http_captures/voyager-bankruptcy-doj-objection-2023/primary-legal-stretto-repair-v2/cases.stretto.com__public-x193-11753-PLEADINGS-1175303152380000000014.pdf__237b8ded26.bin"", ""url"": ""https://cases.stretto.com/public/x193/11753/PLEADINGS/1175303152380000000014.pdf""}, {""body_hash"": ""sha256:bf6a39d6e9c7522e93d70b3e8c660bad4f5e24fb604467e515df19a75e40abfd"", ""body_path"": ""sources/http_captures/voyager-bankruptcy-doj-objection-2023/primary-legal-stretto-repair-v2/cases.stretto.com__public-x193-11753-PLEADINGS-1175303272380000000186.pdf__4ce51b4aba.bin"", ""url"": ""https://cases.stretto.com/public/x193/11753/PLEADINGS/1175303272380000000186.pdf""}, {""body_hash"": ""sha256:f8816fac4d1f5efb338f42a3323e2fc6d5b7cebe4d109d061b951df8a41dc709"", ""body_path"": ""sources/http_captures/voyager-bankruptcy-doj-objection-2023/primary/web.archive.org__web-20230310074649-https-www.coindesk.com-policy-2023-03-10-us-doj-appeals-new-york-judges-decision-to-approve-voyagers-sale-to-binanceus__27eaea0eee.html"", ""url"": ""https://www.coindesk.com/policy/2023/03/10/us-doj-appeals-new-york-judges-decision-to-approve-voyagers-sale-to-binanceus"", ""wayback"": ""https://web.archive.org/web/20230310074649/https://www.coindesk.com/policy/2023/03/10/us-doj-appeals-new-york-judges-decision-to-approve-voyagers-sale-to-binanceus""}, {""body_hash"": ""sha256:ed36d0c9abf3a4b33434a229dd6bfccede2668ba16415ceee144b7e1be2f4916"", ""body_path"": ""sources/http_captures/voyager-bankruptcy-doj-objection-2023/primary/web.archive.org__web-20230401153120-https-www.coindesk.com-policy-2023-04-01-us-government-case-against-voyager-binanceus-deal-has-substantial-merits-judge-says__52a7d20dbc.html"", ""url"": ""https://www.coindesk.com/policy/2023/04/01/us-government-case-against-voyager-binanceus-deal-has-substantial-merits-judge-says"", ""wayback"": ""https://web.archive.org/web/20230401153120/https://www.coindesk.com/policy/2023/04/01/us-government-case-against-voyager-binanceus-deal-has-substantial-merits-judge-says""}, {""body_hash"": ""sha256:2a7c1591f24179e1d6b8764565696982dc0491b72557ae1f20a74378ac2feeab"", ""body_path"": ""sources/http_captures/voyager-bankruptcy-doj-objection-2023/binance-termination/www.investing.com__news-stock-market-news-binanceus-calls-off-13-billion-deal-for-voyagers-assets-3064146__3c5bb35bf4.html"", ""url"": ""https://www.investing.com/news/stock-market-news/binanceus-calls-off-13-billion-deal-for-voyagers-assets-3064146""}]",unadjudicated_risk_flag
webmoney-ukraine-tax-police-freeze-2013-06,admitted,events/webmoney-ukraine-tax-police-freeze-2013-06.yaml,0,offramp_cex,observed_change,webmoney_ukraine_bank_accounts_frozen_and_operating_equipment_seized,"[{""matching_fields"": [""url"", ""body_hash""], ""observation_source_index"": 0, ""trigger_source_index"": 0}]","[{""body_hash"": ""sha256:0b6b74a691a1d13da47cc7f65a939e59d793fafd7cf85451f131761f9b252365"", ""body_path"": ""sources/http_captures/webmoney-ukraine-tax-police-freeze-2013-06/primary/web.archive.org__web-20130615000000-https-rapsinews.com-news-20130613-267751619.html__6577a90155.html"", ""url"": ""https://rapsinews.com/news/20130613/267751619.html"", ""wayback"": ""https://web.archive.org/web/20130616045519/http://rapsinews.com/news/20130613/267751619.html""}]","[{""body_hash"": ""sha256:0b6b74a691a1d13da47cc7f65a939e59d793fafd7cf85451f131761f9b252365"", ""body_path"": ""sources/http_captures/webmoney-ukraine-tax-police-freeze-2013-06/primary/web.archive.org__web-20130615000000-https-rapsinews.com-news-20130613-267751619.html__6577a90155.html"", ""url"": ""https://rapsinews.com/news/20130613/267751619.html"", ""wayback"": ""https://web.archive.org/web/20130616045519/http://rapsinews.com/news/20130613/267751619.html""}, {""body_hash"": ""sha256:bb07f9f1aff13a0498af55fb8ea4cc91000af3a6d17f4e9b10e42a68e4b91545"", ""body_path"": ""sources/http_captures/webmoney-ukraine-tax-police-freeze-2013-06/secondary/web.archive.org__web-20130620000000-https-rapsinews.com-news-20130614-267768004.html__2cb597dbb6.html"", ""url"": ""https://rapsinews.com/news/20130614/267768004.html"", ""wayback"": ""https://web.archive.org/web/20130618025849/http://rapsinews.com/news/20130614/267768004.html""}]",unadjudicated_risk_flag
welcome-to-video-doj-2019,admitted,events/welcome-to-video-doj-2019.yaml,0,l4_frontend,observed_change,tor_marketplace_seized_in_joint_us_uk_kr_operation,"[{""matching_fields"": [""url""], ""observation_source_index"": 0, ""trigger_source_index"": 0}]","[{""url"": ""https://www.justice.gov/opa/pr/south-korean-national-and-hundreds-others-charged-worldwide-takedown-largest-darknet-child"", ""wayback"": ""https://web.archive.org/web/20260516000000/https://www.justice.gov/opa/pr/south-korean-national-and-hundreds-others-charged-worldwide-takedown-largest-darknet-child""}]","[{""url"": ""https://www.justice.gov/opa/pr/south-korean-national-and-hundreds-others-charged-worldwide-takedown-largest-darknet-child"", ""wayback"": ""https://web.archive.org/web/20260516000000/https://www.justice.gov/opa/pr/south-korean-national-and-hundreds-others-charged-worldwide-takedown-largest-darknet-child""}]",unadjudicated_risk_flag
wikileaks-amazon-aws-eviction-2010-12,admitted,events/wikileaks-amazon-aws-eviction-2010-12.yaml,0,l4_frontend,observed_change,wikileaks_account_terminated_from_amazon_aws_ec2_s3_hosting,"[{""matching_fields"": [""url""], ""observation_source_index"": 0, ""trigger_source_index"": 0}, {""matching_fields"": [""url""], ""observation_source_index"": 2, ""trigger_source_index"": 1}]","[{""url"": ""https://aws.amazon.com/message/65348/"", ""wayback"": ""https://web.archive.org/web/2010/https://aws.amazon.com/message/65348/""}, {""url"": ""https://www.cnn.com/2010/US/12/01/wikileaks.amazon/index.html"", ""wayback"": ""https://web.archive.org/web/2010/https://www.cnn.com/2010/US/12/01/wikileaks.amazon/index.html""}, {""url"": ""https://www.theregister.com/2010/12/01/wikileaks_disappers_from_amazon_us/"", ""wayback"": ""https://web.archive.org/web/2010/https://www.theregister.com/2010/12/01/wikileaks_disappers_from_amazon_us/""}]","[{""body_hash"": ""sha256:0d7f1f8f509c9d4dbce3726d25078e49ae1a63ece43bcc269b047ec58abffe0d"", ""body_path"": ""sources/http_captures/wikileaks-amazon-aws-eviction-2010-12/primary/web.archive.org__web-20101203000000-https-aws.amazon.com-message-65348__517c15f209.html"", ""url"": ""https://aws.amazon.com/message/65348/"", ""wayback"": ""https://web.archive.org/web/20101203190043/http://aws.amazon.com/message/65348/""}, {""body_hash"": ""sha256:bdc06e1dff16bd05b9fe94395749977cc01f3297c5b67a94998a6b76a818d2fa"", ""body_path"": ""sources/http_captures/wikileaks-amazon-aws-eviction-2010-12/primary/web.archive.org__web-20101202000000-http-www.theregister.co.uk-2010-12-01-wikileaks_disappers_from_amazon_us__d735e9558b.html"", ""url"": ""https://www.theregister.co.uk/2010/12/01/wikileaks_disappers_from_amazon_us/"", ""wayback"": ""https://web.archive.org/web/20101203062456/http://www.theregister.co.uk/2010/12/01/wikileaks_disappers_from_amazon_us/""}, {""body_hash"": ""sha256:7fe56f12ed53641ccd916ebee1f6623bf60c6128dcf67dd2ad65e25b5fc3fab6"", ""body_path"": ""sources/http_captures/wikileaks-amazon-aws-eviction-2010-12/primary/web.archive.org__web-20101202000000-http-www.cnn.com-2010-US-12-01-wikileaks.amazon-index.html__8ba2fd3e9f.html"", ""url"": ""https://www.cnn.com/2010/US/12/01/wikileaks.amazon/index.html"", ""wayback"": ""https://web.archive.org/web/20101202040945/http://www.cnn.com/2010/US/12/01/wikileaks.amazon/index.html""}]",unadjudicated_risk_flag
wikileaks-bank-of-america-block-2010-12,admitted,events/wikileaks-bank-of-america-block-2010-12.yaml,0,offramp_cex,observed_change,bofa_refuses_to_process_wikileaks_intended_transactions,"[{""matching_fields"": [""url""], ""observation_source_index"": 0, ""trigger_source_index"": 5}]","[{""url"": ""https://newsroom.bankofamerica.com/"", ""wayback"": ""https://web.archive.org/web/2010/https://newsroom.bankofamerica.com/""}, {""url"": ""https://www.reuters.com/article/idUSTRE6BH0NQ/"", ""wayback"": ""https://web.archive.org/web/2010/https://www.reuters.com/article/idUSTRE6BH0NQ/""}, {""url"": ""https://www.nbcnews.com/id/wbna40728284"", ""wayback"": ""https://web.archive.org/web/2010/https://www.nbcnews.com/id/wbna40728284""}, {""url"": ""https://www.aljazeera.com/economy/2010/12/18/bank-of-america-cuts-off-wikileaks"", ""wayback"": ""https://web.archive.org/web/2010/https://www.aljazeera.com/economy/2010/12/18/bank-of-america-cuts-off-wikileaks""}, {""url"": ""https://www.cbsnews.com/news/bank-of-america-to-block-donations-to-wikileaks/"", ""wayback"": ""https://web.archive.org/web/2010/https://www.cbsnews.com/news/bank-of-america-to-block-donations-to-wikileaks/""}, {""url"": ""https://wikileaks.org/Banking-Blockade.html"", ""wayback"": ""https://web.archive.org/web/2011/https://wikileaks.org/Banking-Blockade.html""}]","[{""body_hash"": ""sha256:f43fbbf0ffec01ac89e02b2a36a332851099a64e56ccfe53b5a6e0a26e5d9f0a"", ""body_path"": ""sources/http_captures/wikileaks-bank-of-america-block-2010-12/primary/web.archive.org__web-20110601000000-http-www.wikileaks.org-Banking-Blockade.html__c0a0319be1.html"", ""url"": ""https://wikileaks.org/Banking-Blockade.html"", ""wayback"": ""https://web.archive.org/web/20110630203331/http://wikileaks.org/Banking-Blockade.html""}]",unadjudicated_risk_flag
wikileaks-everydns-domain-termination-2010-12,admitted,events/wikileaks-everydns-domain-termination-2010-12.yaml,0,l4_frontend,observed_change,everydns_terminated_authoritative_dns_for_wikileaks_org_under_tos,"[{""matching_fields"": [""url""], ""observation_source_index"": 1, ""trigger_source_index"": 3}]","[{""url"": ""http://everydns.com/"", ""wayback"": ""https://web.archive.org/web/2010/http://everydns.com/""}, {""url"": ""https://www.theregister.com/2010/12/03/wikileaks_loses_dns/"", ""wayback"": ""https://web.archive.org/web/2010/https://www.theregister.com/2010/12/03/wikileaks_loses_dns/""}, {""url"": ""https://thenextweb.com/news/wikileaks-is-reportedly-down-worldwide-as-dns-services-pulled"", ""wayback"": ""https://web.archive.org/web/2010/https://thenextweb.com/news/wikileaks-is-reportedly-down-worldwide-as-dns-services-pulled""}, {""url"": ""https://thenextweb.com/media/2010/12/03/wikileaks-resolves-dns-moves-to-switzerland/"", ""wayback"": ""https://web.archive.org/web/2010/https://thenextweb.com/media/2010/12/03/wikileaks-resolves-dns-moves-to-switzerland/""}]","[{""body_hash"": ""sha256:65efe345e934bf4d05e9e9b6f96332c23b67865960fbf8e783817da00416b083"", ""body_path"": ""sources/http_captures/wikileaks-everydns-domain-termination-2010-12/primary/web.archive.org__web-20101204000000-http-www.theregister.co.uk-2010-12-03-wikileaks_loses_dns__3de29cd81a.html"", ""url"": ""https://www.theregister.co.uk/2010/12/03/wikileaks_loses_dns/"", ""wayback"": ""https://web.archive.org/web/20101204054939/http://www.theregister.co.uk/2010/12/03/wikileaks_loses_dns/""}, {""body_hash"": ""sha256:718e6dcbb245bccfccf694780b3a66c2a02df596b529d3c57e0c9afc367113df"", ""body_path"": ""sources/http_captures/wikileaks-everydns-domain-termination-2010-12/primary/web.archive.org__web-20101204000000-http-thenextweb.com-media-2010-12-03-wikileaks-resolves-dns-moves-to-switzerland__7adb278f4a.html"", ""url"": ""https://thenextweb.com/media/2010/12/03/wikileaks-resolves-dns-moves-to-switzerland/"", ""wayback"": ""https://web.archive.org/web/20101204140314/http://thenextweb.com/media/2010/12/03/wikileaks-resolves-dns-moves-to-switzerland/""}]",unadjudicated_risk_flag
wikileaks-mastercard-suspension-2010-12,admitted,events/wikileaks-mastercard-suspension-2010-12.yaml,0,offramp_cex,observed_change,mastercard_suspended_card_network_processing_of_wikileaks_donations,"[{""matching_fields"": [""url""], ""observation_source_index"": 0, ""trigger_source_index"": 2}, {""matching_fields"": [""url""], ""observation_source_index"": 1, ""trigger_source_index"": 1}]","[{""url"": ""https://www.mastercard.com/"", ""wayback"": ""https://web.archive.org/web/2010/https://www.mastercard.com/""}, {""url"": ""https://money.cnn.com/2010/12/08/news/companies/mastercard_wiki/index.htm"", ""wayback"": ""https://web.archive.org/web/2010/https://money.cnn.com/2010/12/08/news/companies/mastercard_wiki/index.htm""}, {""url"": ""https://wikileaks.org/Banking-Blockade.html"", ""wayback"": ""https://web.archive.org/web/2011/https://wikileaks.org/Banking-Blockade.html""}]","[{""body_hash"": ""sha256:f43fbbf0ffec01ac89e02b2a36a332851099a64e56ccfe53b5a6e0a26e5d9f0a"", ""body_path"": ""sources/http_captures/wikileaks-mastercard-suspension-2010-12/primary/web.archive.org__web-20110601000000-http-www.wikileaks.org-Banking-Blockade.html__c0a0319be1.html"", ""url"": ""https://wikileaks.org/Banking-Blockade.html"", ""wayback"": ""https://web.archive.org/web/20110630203331/http://wikileaks.org/Banking-Blockade.html""}, {""body_hash"": ""sha256:d57757d55469868e201a480f0653c80d46e1e6efbb7ec26b7fa93da15d9b049c"", ""body_path"": ""sources/http_captures/wikileaks-mastercard-suspension-2010-12/primary/web.archive.org__web-20101209000000-http-money.cnn.com-2010-12-08-news-companies-mastercard_wiki-index.htm__100baa7e23.html"", ""url"": ""https://money.cnn.com/2010/12/08/news/companies/mastercard_wiki/index.htm"", ""wayback"": ""https://web.archive.org/web/20101209234220/http://money.cnn.com/2010/12/08/news/companies/mastercard_wiki/index.htm""}]",unadjudicated_risk_flag
wikileaks-paypal-freeze-2010-12,admitted,events/wikileaks-paypal-freeze-2010-12.yaml,0,offramp_cex,observed_change,paypal_permanently_restricted_wikileaks_donation_merchant_account,"[{""matching_fields"": [""url""], ""observation_source_index"": 1, ""trigger_source_index"": 2}]","[{""url"": ""https://www.thepaypalblog.com/2010/12/why-paypal-restricted-wikileaks-account/"", ""wayback"": ""https://web.archive.org/web/2010/https://www.thepaypalblog.com/2010/12/why-paypal-restricted-wikileaks-account/""}, {""url"": ""https://www.cnn.com/2010/US/12/04/wikileaks.pay.pal/index.html"", ""wayback"": ""https://web.archive.org/web/2010/https://www.cnn.com/2010/US/12/04/wikileaks.pay.pal/index.html""}, {""url"": ""https://www.bloomberg.com/news/articles/2010-12-04/paypal-restricts-wikileaks-account-as-website-comes-under-global-scrutity"", ""wayback"": ""https://web.archive.org/web/2010/https://www.bloomberg.com/news/articles/2010-12-04/paypal-restricts-wikileaks-account-as-website-comes-under-global-scrutity""}, {""url"": ""https://techcrunch.com/2010/12/08/paypal-wikileaks/"", ""wayback"": ""https://web.archive.org/web/2010/https://techcrunch.com/2010/12/08/paypal-wikileaks/""}]","[{""body_hash"": ""sha256:176da1f635a85725bb3971a31c4a97abc29e332b7a7a84d092aa2417282ace67"", ""body_path"": ""sources/http_captures/wikileaks-paypal-freeze-2010-12/primary/web.archive.org__web-20110527212402-http-www.wikileaks.org-PayPal-freezes-WikiLeaks-donations.html__e523effd2c.html"", ""url"": ""https://www.wikileaks.org/PayPal-freezes-WikiLeaks-donations.html"", ""wayback"": ""https://web.archive.org/web/20110527212402/http://www.wikileaks.org/PayPal-freezes-WikiLeaks-donations.html""}, {""body_hash"": ""sha256:df106cc72bf4a547cb815aa1420f505d1019160a90396c7b602addbc460dffb5"", ""body_path"": ""sources/http_captures/wikileaks-paypal-freeze-2010-12/primary/web.archive.org__web-20101205000000-https-www.bloomberg.com-news-articles-2010-12-04-paypal-restricts-wikileaks-account-as-website-comes-under-global-scrutity__b6ac26fa6c.html"", ""url"": ""https://www.bloomberg.com/news/articles/2010-12-04/paypal-restricts-wikileaks-account-as-website-comes-under-global-scrutity"", ""wayback"": ""https://web.archive.org/web/20150413182628/http://www.bloomberg.com/news/articles/2010-12-04/paypal-restricts-wikileaks-account-as-website-comes-under-global-scrutity""}, {""body_hash"": ""sha256:467aa4a7ba4a4a60d9fa775a99e9b4d63ce7567268b6ddd13e4a4c63a9ae4555"", ""body_path"": ""sources/http_captures/wikileaks-paypal-freeze-2010-12/primary/web.archive.org__web-20101209000000-https-www.csmonitor.com-Technology-Horizons-2010-1208-Why-did-PayPal-ditch-WikiLeaks-The-State-Department-asked-it-to__7e9b4f2d48.html"", ""url"": ""https://www.csmonitor.com/Technology/Horizons/2010/1208/Why-did-PayPal-ditch-WikiLeaks-The-State-Department-asked-it-to"", ""wayback"": ""https://web.archive.org/web/20150911222850/http://www.csmonitor.com/Technology/Horizons/2010/1208/Why-did-PayPal-ditch-WikiLeaks-The-State-Department-asked-it-to""}]",unadjudicated_risk_flag
wikileaks-wau-holland-tax-status-challenge-2010-12,admitted,events/wikileaks-wau-holland-tax-status-challenge-2010-12.yaml,0,offramp_cex,observed_change,finanzamt_kassel_challenges_wau_holland_2010_gemeinnuetzig_status_disrupting_wikileaks_donation_channel,"[{""matching_fields"": [""url""], ""observation_source_index"": 0, ""trigger_source_index"": 0}]","[{""url"": ""https://en.wikipedia.org/wiki/Wau_Holland_Foundation"", ""wayback"": ""https://web.archive.org/web/2010/https://en.wikipedia.org/wiki/Wau_Holland_Foundation""}, {""url"": ""https://wauland.de/en/projects/enduring-freedom-of-information-wikileaks/"", ""wayback"": ""https://web.archive.org/web/2010/https://wauland.de/en/projects/enduring-freedom-of-information-wikileaks/""}, {""url"": ""https://www.weeklystandard.com/john-rosenthal/tax-deductible-wikileaks"", ""wayback"": ""https://web.archive.org/web/2010/https://www.weeklystandard.com/john-rosenthal/tax-deductible-wikileaks""}]","[{""body_hash"": ""sha256:e4004ff8935de24162d30709abeb01177562b3e6e7960aaf893a4b625f3d2351"", ""body_path"": ""sources/http_captures/wikileaks-wau-holland-tax-status-challenge-2010-12/primary/web.archive.org__web-20110107193603-https-en.wikipedia.org-wiki-Wau_Holland_Foundation__23d5498fbe.html"", ""url"": ""https://en.wikipedia.org/wiki/Wau_Holland_Foundation"", ""wayback"": ""https://web.archive.org/web/20110107193603/https://en.wikipedia.org/wiki/Wau_Holland_Foundation""}, {""body_hash"": ""sha256:29ae37cefe648f3306e8bd6f8fe0358ad230da3de3d26fb572a7baf8c65c69c3"", ""body_path"": ""sources/http_captures/wikileaks-wau-holland-tax-status-challenge-2010-12/primary/web.archive.org__web-20171227213018-http-www.wauland.de-de-projekte-WikiLeaks-2017-12-26_Statement.html__8c034d015d.html"", ""url"": ""http://www.wauland.de/de/projekte/WikiLeaks/2017-12-26_Statement.html"", ""wayback"": ""https://web.archive.org/web/20171227213018/http://www.wauland.de/de/projekte/WikiLeaks/2017-12-26_Statement.html""}]",unadjudicated_risk_flag
wikileaks-western-union-interdiction-2010-12,admitted,events/wikileaks-western-union-interdiction-2010-12.yaml,0,offramp_cex,observed_change,wikileaks_added_to_western_union_interdiction_list,"[{""matching_fields"": [""url"", ""body_hash""], ""observation_source_index"": 0, ""trigger_source_index"": 0}, {""matching_fields"": [""url""], ""observation_source_index"": 1, ""trigger_source_index"": 1}]","[{""body_hash"": ""sha256:0e508a4de9c98728b2285a4d0bfb66155b1c5f9396dc5765b6c06ac7c71de647"", ""body_path"": ""sources/http_captures/wikileaks-western-union-interdiction-2010-12/v0_3_primary_repair/wikileaks.org__Banking-Blockade.html__9000597c87.html"", ""url"": ""https://wikileaks.org/Banking-Blockade.html"", ""wayback"": ""https://web.archive.org/web/2012/https://wikileaks.org/Banking-Blockade.html""}, {""url"": ""https://www.csmonitor.com/World/Latest-News-Wires/2011/1024/Wikilieaks-says-financial-blockade-could-put-it-out-of-business"", ""wayback"": ""https://web.archive.org/web/2012/https://www.csmonitor.com/World/Latest-News-Wires/2011/1024/Wikilieaks-says-financial-blockade-could-put-it-out-of-business""}]","[{""body_hash"": ""sha256:0e508a4de9c98728b2285a4d0bfb66155b1c5f9396dc5765b6c06ac7c71de647"", ""body_path"": ""sources/http_captures/wikileaks-western-union-interdiction-2010-12/v0_3_primary_repair/wikileaks.org__Banking-Blockade.html__9000597c87.html"", ""url"": ""https://wikileaks.org/Banking-Blockade.html"", ""wayback"": ""https://web.archive.org/web/20110630203331/http://wikileaks.org/Banking-Blockade.html""}, {""body_hash"": ""sha256:5e1cf2f9e45d5a8f220ff0d746e115575189a21f7e2a7ea5b20c78fb4812bc23"", ""body_path"": ""sources/http_captures/wikileaks-western-union-interdiction-2010-12/primary/web.archive.org__web-20111025083916-http-www.csmonitor.com-World-Latest-News-Wires-2011-1024-Wikilieaks-says-financial-blockade-could-put-it-out-of-business__a2679c1080.html"", ""url"": ""https://www.csmonitor.com/World/Latest-News-Wires/2011/1024/Wikilieaks-says-financial-blockade-could-put-it-out-of-business"", ""wayback"": ""https://web.archive.org/web/20111025083916/http://www.csmonitor.com/World/Latest-News-Wires/2011/1024/Wikilieaks-says-financial-blockade-could-put-it-out-of-business""}]",unadjudicated_risk_flag
zimbabwe-rbz-circular-2-2018-golix-ban,admitted,events/zimbabwe-rbz-circular-2-2018-golix-ban.yaml,0,offramp_cex,observed_change,banking_rail_severed_named_exchanges_60_day_winddown,"[{""matching_fields"": [""url"", ""body_hash""], ""observation_source_index"": 0, ""trigger_source_index"": 0}]","[{""body_hash"": ""sha256:fdc71369459215066780646f02ee3aedc2a718b58cdf16a24d44e49aa0481225"", ""body_path"": ""sources/http_captures/zimbabwe-rbz-circular-2-2018-golix-ban/primary/web.archive.org__web-20180512143200-https-www.techzim.co.zw-2018-05-cryptocurrency-ban-full-statement-rbz__32712142e9.html"", ""url"": ""https://web.archive.org/web/20180512143200/https://www.techzim.co.zw/2018/05/cryptocurrency-ban-full-statement-rbz/"", ""wayback"": ""https://web.archive.org/web/20180512143200/https://www.techzim.co.zw/2018/05/cryptocurrency-ban-full-statement-rbz/""}]","[{""body_hash"": ""sha256:fdc71369459215066780646f02ee3aedc2a718b58cdf16a24d44e49aa0481225"", ""body_path"": ""sources/http_captures/zimbabwe-rbz-circular-2-2018-golix-ban/primary/web.archive.org__web-20180512143200-https-www.techzim.co.zw-2018-05-cryptocurrency-ban-full-statement-rbz__32712142e9.html"", ""url"": ""https://web.archive.org/web/20180512143200/https://www.techzim.co.zw/2018/05/cryptocurrency-ban-full-statement-rbz/"", ""wayback"": ""https://web.archive.org/web/20180512143200/https://www.techzim.co.zw/2018/05/cryptocurrency-ban-full-statement-rbz/""}]",unadjudicated_risk_flag
zimbabwe-rbz-circular-2-2018-golix,admitted,events/zimbabwe-rbz-circular-2-2018-golix.yaml,0,offramp_cex,observed_change,banking_channel_severed_named_exchanges_golix_styx24,"[{""matching_fields"": [""url"", ""body_hash""], ""observation_source_index"": 0, ""trigger_source_index"": 0}]","[{""body_hash"": ""sha256:bfc884d752671650f0f57eac44d179ff0bf539ab53a8a07f681964edb9bffd62"", ""body_path"": ""sources/http_captures/zimbabwe-rbz-circular-2-2018-golix/primary/web.archive.org__web-20180515000000-https-www.techzim.co.zw-2018-05-cryptocurrency-ban-full-statement-rbz__0c19bf61cf.html"", ""url"": ""https://web.archive.org/web/20180515000000/https://www.techzim.co.zw/2018/05/cryptocurrency-ban-full-statement-rbz/"", ""wayback"": ""https://web.archive.org/web/20180514120042/https://www.techzim.co.zw/2018/05/cryptocurrency-ban-full-statement-rbz/""}]","[{""body_hash"": ""sha256:bfc884d752671650f0f57eac44d179ff0bf539ab53a8a07f681964edb9bffd62"", ""body_path"": ""sources/http_captures/zimbabwe-rbz-circular-2-2018-golix/primary/web.archive.org__web-20180515000000-https-www.techzim.co.zw-2018-05-cryptocurrency-ban-full-statement-rbz__0c19bf61cf.html"", ""url"": ""https://web.archive.org/web/20180515000000/https://www.techzim.co.zw/2018/05/cryptocurrency-ban-full-statement-rbz/""}]",unadjudicated_risk_flag
