event_id,event_status,source_yaml,coverage_index,layer,screen_rules,legacy_note,trigger_sources,verdict
1mdc-egold-account-freeze-2007-04,admitted,events/1mdc-egold-account-freeze-2007-04.yaml,4,asset_onchain,"[""missing_capture_or_anchor""]","1mdc units were off-ledger e-gold-backed entries on the centralized e-gold ledger, not a blockchain token; there is no on-chain tx_hash for the freeze, so per codebook §1.6 the freeze effect is carried at offramp_cex rather than asset_onchain.","[{""body_hash"": ""sha256:61540013bbabcf9330f52f862e9b625f96a821af3ffd882c40631ee17815dd50"", ""body_path"": ""sources/http_captures/1mdc-egold-account-freeze-2007-04/primary/web.archive.org__web-20210401004405-https-www.justice.gov-archive-criminal-cybercrime-press-releases-2007-egoldIndict.htm__9c96372596.html"", ""url"": ""https://www.justice.gov/archive/criminal/cybercrime/press-releases/2007/egoldIndict.htm"", ""wayback"": ""https://web.archive.org/web/20210401004405/https://www.justice.gov/archive/criminal/cybercrime/press-releases/2007/egoldIndict.htm""}, {""body_hash"": ""sha256:688c3732c0bfff067b7f2cfd6ae537748d47fa42a4880c6d9bd31e9847cf7fca"", ""body_path"": ""sources/http_captures/1mdc-egold-account-freeze-2007-04/primary/web.archive.org__web-20251129000000-https-en.wikipedia.org-wiki-1mdc__7048e5fe3c.html"", ""url"": ""https://en.wikipedia.org/wiki/1mdc"", ""wayback"": ""https://web.archive.org/web/20251129151946/https://en.wikipedia.org/wiki/1mdc""}]",unadjudicated_risk_flag
aave-tornado-frontend-block-2022-08,admitted,events/aave-tornado-frontend-block-2022-08.yaml,1,l1_consensus,"[""missing_capture_or_anchor""]","Pre-Merge Ethereum (Paris was 2022-09-15, 33 days after this event); PBS relay-censorship infrastructure did not exist yet. Consensus-layer effects of the 2022-08-08 OFAC trigger are captured under tornado-cash-ofac-2022 observations[l1].","[{""url"": ""https://twitter.com/AaveAave/status/1558414985380536321"", ""wayback"": ""https://web.archive.org/web/2022/https://twitter.com/AaveAave/status/1558414985380536321""}, {""url"": ""https://blockworks.co/news/defi-web-apps-block-users-hit-by-tornado-cash-dust-attack"", ""wayback"": ""https://web.archive.org/web/2022/https://blockworks.co/news/defi-web-apps-block-users-hit-by-tornado-cash-dust-attack""}, {""url"": ""https://cryptoslate.com/aave-confirms-trm-labs-api-blocked-dusted-ethereum-wallets-access-restored/"", ""wayback"": ""https://web.archive.org/web/2022/https://cryptoslate.com/aave-confirms-trm-labs-api-blocked-dusted-ethereum-wallets-access-restored/""}, {""url"": ""https://decrypt.co/107890/meet-the-sleuthing-firm-helping-defi-projects-stay-compliant-with-tornado-cash-sanctions"", ""wayback"": ""https://web.archive.org/web/2022/https://decrypt.co/107890/meet-the-sleuthing-firm-helping-defi-projects-stay-compliant-with-tornado-cash-sanctions""}]",unadjudicated_risk_flag
al-law-hezbollah-crypto-ofac-2024-03,admitted,events/al-law-hezbollah-crypto-ofac-2024-03.yaml,4,asset_onchain,"[""missing_capture_or_anchor"", ""absence_of_observed_action""]","Al-Law's SDN entry names one USDT-on-Tron address. Per codebook §1.6, this event makes no on-chain claim absent a captured primary_onchain freeze tx_hash; the measurable surface is carried at offramp_cex. (A future Tether-on-Tron freeze confirmation against the named address could upgrade to an asset_onchain observed_change under §1.2; not pinned at draft time.)","[{""body_hash"": ""sha256:604a162d4136ca4ec092e06ebcc6d950e844db40c4451096febb3b5035764ba5"", ""body_path"": ""sources/http_captures/al-law-hezbollah-crypto-ofac-2024-03/primary/web.archive.org__web-20240326000000-https-home.treasury.gov-news-press-releases-jy2209__314cf7a7bf.html"", ""url"": ""https://home.treasury.gov/news/press-releases/jy2209"", ""wayback"": ""https://web.archive.org/web/20240326154347/https://home.treasury.gov/news/press-releases/jy2209""}, {""body_hash"": ""sha256:0908e9a28cbb264de13f22a0e57a6b2d8e0eb1ae906e7669dcef96747abcb15e"", ""body_path"": ""sources/http_captures/al-law-hezbollah-crypto-ofac-2024-03/primary/web.archive.org__web-20240326000000-https-ofac.treasury.gov-recent-actions-20240326__cf3fe7dad6.html"", ""url"": ""https://ofac.treasury.gov/recent-actions/20240326"", ""wayback"": ""https://web.archive.org/web/20240326151735/https://ofac.treasury.gov/recent-actions/20240326""}]",unadjudicated_risk_flag
bcbs-cryptoasset-prudential-standard-sco60-2022,admitted,events/bcbs-cryptoasset-prudential-standard-sco60-2022.yaml,4,asset_onchain,"[""missing_capture_or_anchor""]",The standard penalises bank EXPOSURE to a defined cryptoasset class via capital charges; it does not itself freeze specific on-chain assets/addresses (no enumerated addresses; no issuer freeze tx).,"[{""body_hash"": ""sha256:9acfcc4667ea2c1eaa4aa10433f9b3bf686ec6dd3ca4c50b182a94d9a0bda09b"", ""body_path"": ""sources/http_captures/bcbs-cryptoasset-prudential-standard-sco60-2022/primary/web.archive.org__web-20221216235557id_-https-www.bis.org-bcbs-publ-d545.pdf__008d2f6e87.bin"", ""url"": ""https://www.bis.org/bcbs/publ/d545.pdf"", ""wayback"": ""https://web.archive.org/web/20221216235557id_/https://www.bis.org/bcbs/publ/d545.pdf""}, {""body_hash"": ""sha256:fb7a445e01395325401976ed8932c8383e7199694ef9490a47347716c89f8815"", ""body_path"": ""sources/http_captures/bcbs-cryptoasset-prudential-standard-sco60-2022/primary/web.archive.org__web-20260210113309-https-www.bis.org-press-p221216.htm__fa704df9ff.html"", ""url"": ""https://www.bis.org/press/p221216.htm"", ""wayback"": ""https://web.archive.org/web/20260210113309/https://www.bis.org/press/p221216.htm""}]",unadjudicated_risk_flag
binance-busd-wind-down-2024,admitted,events/binance-busd-wind-down-2024.yaml,3,l4_frontend,"[""missing_capture_or_anchor""]","The Binance customer-support announcement is the public-policy anchor for the wind-down, not a separable frontend-restriction observation distinct from the off-ramp catalogue change. Frontend visibility of BUSD pairs on binance.com collapses in lockstep with the off-ramp action; no independent L4 surface is pinned here. Treated symmetrically with the L4 handling in binance-privacy-coin-delisting-2023 and okx-privacy-token-delist-2024.","[{""url"": ""https://www.binance.com/en/support/announcement/notice-regarding-the-removal-of-busd-and-conversion-of-busd-to-fdusd-1c98ce7bb464422dbbaeda7066ae445b"", ""wayback"": ""https://web.archive.org/web/20240222000000/https://www.binance.com/en/support/announcement/notice-regarding-the-removal-of-busd-and-conversion-of-busd-to-fdusd-1c98ce7bb464422dbbaeda7066ae445b""}, {""url"": ""https://www.binance.com/en/support/announcement/binance-encourages-users-to-convert-busd-to-other-stablecoins-prior-to-february-2024-d392843e81fd4bc3a5f7e219aa01f34d"", ""wayback"": ""https://web.archive.org/web/2023/https://www.binance.com/en/support/announcement/binance-encourages-users-to-convert-busd-to-other-stablecoins-prior-to-february-2024-d392843e81fd4bc3a5f7e219aa01f34d""}]",unadjudicated_risk_flag
binance-busd-wind-down-2024,admitted,events/binance-busd-wind-down-2024.yaml,4,asset_onchain,"[""missing_capture_or_anchor""]",BUSD supply-decline lifecycle (Etherscan contract history) is real but no pinnable primary_onchain tx_hash (a specific decreaseSupply burn) was anchored at audit time; per audit precedent the asset_onchain layer is set not_applicable and the censorship effect is carried at offramp_cex (Binance BUSD product removal). The BUSD contract 0x4Fabb145... remains documented in the notes.,"[{""url"": ""https://www.binance.com/en/support/announcement/notice-regarding-the-removal-of-busd-and-conversion-of-busd-to-fdusd-1c98ce7bb464422dbbaeda7066ae445b"", ""wayback"": ""https://web.archive.org/web/20240222000000/https://www.binance.com/en/support/announcement/notice-regarding-the-removal-of-busd-and-conversion-of-busd-to-fdusd-1c98ce7bb464422dbbaeda7066ae445b""}, {""url"": ""https://www.binance.com/en/support/announcement/binance-encourages-users-to-convert-busd-to-other-stablecoins-prior-to-february-2024-d392843e81fd4bc3a5f7e219aa01f34d"", ""wayback"": ""https://web.archive.org/web/2023/https://www.binance.com/en/support/announcement/binance-encourages-users-to-convert-busd-to-other-stablecoins-prior-to-february-2024-d392843e81fd4bc3a5f7e219aa01f34d""}]",unadjudicated_risk_flag
binance-cftc-2023,admitted,events/binance-cftc-2023.yaml,0,l0_network,"[""absence_of_observed_action""]","No network-layer (DNS / ISP) blocking observed at the CFTC complaint stage. The complaint operates on commodities-law + BSA-AML axes at the exchange-registration / off-ramp layer, not substrate-level filtering of binance.com.","[{""url"": ""https://www.cftc.gov/PressRoom/PressReleases/8680-23"", ""wayback"": ""https://web.archive.org/web/20260516000000/https://www.cftc.gov/PressRoom/PressReleases/8680-23""}]",unadjudicated_risk_flag
binance-com-us-customer-geofence-2019-06,admitted,events/binance-com-us-customer-geofence-2019-06.yaml,3,l4_frontend,"[""missing_capture_or_anchor""]",The ToS bar and U.S.-IP geofencing/redirect to Binance.US is an access/off-ramp restriction on the trading product; not pinned as a separable frontend-block observation here.,"[{""body_hash"": ""sha256:567ddd89e8f29dd0f8fb5b8190a080258bf0013dca0b944c9f3d9ea4a5b07224"", ""body_path"": ""sources/http_captures/binance-com-us-customer-geofence-2019-06/official_support_360029196512/web.archive.org__web-20190614175800-https-www.binance.com-en-support-articles-360029196512__93d106315f.html"", ""url"": ""https://www.binance.com/en/support/articles/360029196512"", ""wayback"": ""https://web.archive.org/web/20190614192737/https://www.binance.com/en/support/articles/360029196512""}, {""body_hash"": ""sha256:cefd1bd90cacd52f998442695dfb474dc8f6cc2230a49e277b4faae81fc17a98"", ""body_path"": ""sources/http_captures/binance-com-us-customer-geofence-2019-06/official_terms/web.archive.org__web-20190614104622-https-www.binance.com-agreement.html__3fbaa8673a.html"", ""url"": ""https://www.binance.com/agreement.html"", ""wayback"": ""https://web.archive.org/web/20190614175800/https://www.binance.com/agreement.html""}, {""body_hash"": ""sha256:3dee385b4d89d4fa787fb9a1f61fabe73c67393dc1a1a446b187fe75e0a322ea"", ""body_path"": ""sources/http_captures/binance-com-us-customer-geofence-2019-06/primary/web.archive.org__web-20210921042151-https-www.coindesk.com-markets-2019-06-14-crypto-exchange-binancecom-to-block-us-customers-from-trading__accd4baaa0.html"", ""url"": ""https://www.coindesk.com/markets/2019/06/14/crypto-exchange-binancecom-to-block-us-customers-from-trading/"", ""wayback"": ""https://web.archive.org/web/20210921042151/https://www.coindesk.com/markets/2019/06/14/crypto-exchange-binancecom-to-block-us-customers-from-trading/""}]",unadjudicated_risk_flag
binance-hamas-account-freeze-israel-2023-10,admitted,events/binance-hamas-account-freeze-israel-2023-10.yaml,4,asset_onchain,"[""missing_capture_or_anchor""]","The freeze acts on custodial Binance accounts (off-ramp custody), not via an on-chain issuer blacklist; no §1.6 asset_onchain tx_hash floor applies.","[{""body_hash"": ""sha256:088d77dc114cd382054e9d91000977b41621db57a843311a5f516e1ed87d3705"", ""body_path"": ""sources/http_captures/binance-hamas-account-freeze-israel-2023-10/primary/web.archive.org__web-20260117195331-https-www.dlnews.com-articles-regulation-israeli-police-seize-binance-account-linked-to-hamas__c80d6b79b1.html"", ""url"": ""https://www.dlnews.com/articles/regulation/israeli-police-seize-binance-account-linked-to-hamas/"", ""wayback"": ""https://web.archive.org/web/20260117195331/https://www.dlnews.com/articles/regulation/israeli-police-seize-binance-account-linked-to-hamas/""}]",unadjudicated_risk_flag
binance-netherlands-exit-2023-07,admitted,events/binance-netherlands-exit-2023-07.yaml,4,asset_onchain,"[""missing_capture_or_anchor""]",No on-chain token freeze; a centralized exchange exiting a national market. No §1.6 asset_onchain tx_hash floor applies.,"[{""body_hash"": ""sha256:01617926483c08666d267f9f54ab30377ca18fec9f517fcc86f5360bd413631b"", ""body_path"": ""sources/http_captures/binance-netherlands-exit-2023-07/official-binance-wayback/web.archive.org__web-20230616171924-https-www.binance.com-en-support-announcement-notice-on-changes-of-services-in-the-netherlands-b5a647be31cf469b87fc3337fd461ced__517a24b988.html"", ""url"": ""https://www.binance.com/en/support/announcement/notice-on-changes-of-services-in-the-netherlands-b5a647be31cf469b87fc3337fd461ced"", ""wayback"": ""https://web.archive.org/web/20230616171924/https://www.binance.com/en/support/announcement/notice-on-changes-of-services-in-the-netherlands-b5a647be31cf469b87fc3337fd461ced""}, {""body_hash"": ""sha256:f409e0479abad2aeabc1ee9beb7596da07c4276a2dcdb945eb39b2fbaf8b8180"", ""body_path"": ""sources/http_captures/binance-netherlands-exit-2023-07/primary/web.archive.org__web-20251212094859-https-decrypt.co-144920-binance-to-leave-netherlands-after-failing-to-acquire-vasp-license__2fe0a699ed.html"", ""url"": ""https://decrypt.co/144920/binance-to-leave-netherlands-after-failing-to-acquire-vasp-license"", ""wayback"": ""https://web.archive.org/web/20251212094859/https://decrypt.co/144920/binance-to-leave-netherlands-after-failing-to-acquire-vasp-license""}]",unadjudicated_risk_flag
binance-palestinian-accounts-seizure-israel-2023-11,admitted,events/binance-palestinian-accounts-seizure-israel-2023-11.yaml,4,asset_onchain,"[""missing_capture_or_anchor""]","No verified on-chain issuer/contract freeze tx is pinned. The action is a Binance-internal account block (exchange custody), so the effect is carried at offramp_cex, not asset_onchain. (Codebook §1.6: an asset_onchain observed_change requires a verified primary_onchain freeze tx_hash, which is not available here.)","[{""body_hash"": ""sha256:c33a10e717954b66726ad2befd49f1a22dc05de6a43543866c85adc9d8be7102"", ""body_path"": ""sources/http_captures/binance-palestinian-accounts-seizure-israel-2023-11/primary/web.archive.org__web-20240827142258-https-cointelegraph.com-news-binance-seize-funds-palestine-israel__51e5185689.html"", ""url"": ""https://cointelegraph.com/news/binance-seize-funds-palestine-israel"", ""wayback"": ""https://web.archive.org/web/20240827142258/https://cointelegraph.com/news/binance-seize-funds-palestine-israel""}, {""body_hash"": ""sha256:ea7ab115856d2c3bb7ac0435bb6068fa7cfdd1e7c0fc1748431c483a77373afe"", ""body_path"": ""sources/http_captures/binance-palestinian-accounts-seizure-israel-2023-11/primary/web.archive.org__web-20241008190737-https-skylineforhuman.org-en-news-details-801-binances-response-to-skylines-letter-on-seizure-of-palestinian-cryptocurrency-wallets__c6a6fa0209.html"", ""url"": ""https://skylineforhuman.org/en/news/details/801/binances-response-to-skylines-letter-on-seizure-of-palestinian-cryptocurrency-wallets"", ""wayback"": ""https://web.archive.org/web/20241008190737/https://skylineforhuman.org/en/news/details/801/binances-response-to-skylines-letter-on-seizure-of-palestinian-cryptocurrency-wallets""}]",unadjudicated_risk_flag
binance-privacy-coin-delisting-2023,admitted,events/binance-privacy-coin-delisting-2023.yaml,3,l4_frontend,"[""missing_capture_or_anchor""]","No independent Binance frontend geofence measurement is pinned here. User-facing pair visibility would be part of the same exchange catalogue action coded at offramp_cex, not a separate L4 observation.","[{""body_hash"": ""sha256:b88e4a673b199fd4a7b6f655f06cbba54db22330b412b43a83602920bd7d4d7d"", ""body_path"": ""sources/http_captures/binance-privacy-coin-delisting-2023/secondary/web.archive.org__web-20230626230325-https-www.theblock.co-amp-post-236340-binance-privacy-coins__21c914e44d.html"", ""url"": ""https://www.theblock.co/post/236340/binance-privacy-coins"", ""wayback"": ""https://web.archive.org/web/20230626230325/https://www.theblock.co/amp/post/236340/binance-privacy-coins""}, {""body_hash"": ""sha256:8bfb9f11b5166ea504a570dab808a49bb12254ed35e70cfb0fbd21f7cf093afc"", ""body_path"": ""sources/http_captures/binance-privacy-coin-delisting-2023/secondary/web.archive.org__web-20230601034432-https-www.theblock.co-amp-post-232751-binance-privacy-coins-delisting-europe__d2c944110b.html"", ""url"": ""https://www.theblock.co/post/232751/binance-privacy-coins-delisting-europe"", ""wayback"": ""https://web.archive.org/web/20230601034432/https://www.theblock.co/amp/post/232751/binance-privacy-coins-delisting-europe""}]",unadjudicated_risk_flag
binance-russia-gunmaker-asset-freeze-ukraine-2022-08,admitted,events/binance-russia-gunmaker-asset-freeze-ukraine-2022-08.yaml,4,asset_onchain,"[""missing_capture_or_anchor"", ""absence_of_observed_action""]","No issuer on-chain freeze tx: the funds (BTC/ETH/USDT) sit in Binance custody and the action is a custodial account lock, not an asset-issuer on-chain blacklist. Per §1.6 the effect is carried at offramp_cex, and no primary_onchain tx_hash is claimed.","[{""body_hash"": ""sha256:4a9db4928be5154a6b069d5fea5012cdbdbde5afa7bfe964b0b0c2019af22ccb"", ""body_path"": ""sources/http_captures/binance-russia-gunmaker-asset-freeze-ukraine-2022-08/primary/web.archive.org__web-20220914203535-https-www.nasdaq.com-articles-binance-froze-russian-gun-makers-crypto-assets-amid-ukrainian-pressure__8e0848db7b.html"", ""url"": ""https://www.nasdaq.com/articles/binance-froze-russian-gun-makers-crypto-assets-amid-ukrainian-pressure"", ""wayback"": ""https://web.archive.org/web/20220914203535/https://www.nasdaq.com/articles/binance-froze-russian-gun-makers-crypto-assets-amid-ukrainian-pressure""}]",unadjudicated_risk_flag
binance-us-staking-end-2023,rejected,events/binance-us-staking-end-2023.yaml,3,l4_frontend,"[""missing_capture_or_anchor""]",Rejected candidate. No independent Binance.US staking-page removal or frontend diff is pinned for this alleged action.,"[{""body_hash"": ""sha256:e6d1292db455dc6a8680637449cc8a05dbf11c63618da8770937b88bcdc588e6"", ""body_path"": ""sources/http_captures/sec-v-binance-2023/platform-response/support.binance.us__en-articles-9843568-binance-us-will-remove-10-trading-pairs-has-paused-otc-trading-updated__0e03a1e712.html"", ""url"": ""https://support.binance.us/en/articles/9843568-binance-us-will-remove-10-trading-pairs-has-paused-otc-trading-updated""}, {""body_hash"": ""sha256:3a20f9c26f640caba0b9e3ec228a43abc60793521137dbec563d310af8431ecb"", ""body_path"": ""sources/http_captures/sec-v-binance-2023/platform-response/support.binance.us__en-articles-9843567-binance-us-will-remove-select-usd-advanced-trading-pairs__852a151d2b.html"", ""url"": ""https://support.binance.us/en/articles/9843567-binance-us-will-remove-select-usd-advanced-trading-pairs""}]",unadjudicated_risk_flag
bitfinex-us-retail-customer-exit-2017-11,admitted,events/bitfinex-us-retail-customer-exit-2017-11.yaml,4,asset_onchain,"[""absence_of_observed_action""]",No on-chain freeze; assets remain on-chain. The action is an off-ramp access termination for US retail users.,"[{""body_hash"": ""sha256:3aeb5ddb3641fbc4a7d1aa5a473832b0e0e2c9c3bd94bbb50ea213e600d2daa5"", ""body_path"": ""sources/http_captures/bitfinex-us-retail-customer-exit-2017-11/official_bitfinex/web.archive.org__web-20170811184809-https-www.bitfinex.com-posts-216__bcdcdd5a39.html"", ""url"": ""https://www.bitfinex.com/posts/216"", ""wayback"": ""https://web.archive.org/web/20170811184809/https://www.bitfinex.com/posts/216""}, {""body_hash"": ""sha256:5a26060a406b8a6b4c8e5459d177802d17c18a8b1b445994531b2c008a140fd9"", ""body_path"": ""sources/http_captures/bitfinex-us-retail-customer-exit-2017-11/primary/web.archive.org__web-20171018121607-https-news.bitcoin.com-bitfinex-to-terminate-services-to-us-retail-customers-by-november-9__f781837006.html"", ""url"": ""https://news.bitcoin.com/bitfinex-to-terminate-services-to-us-retail-customers-by-november-9/"", ""wayback"": ""https://web.archive.org/web/20171018121607/https://news.bitcoin.com/bitfinex-to-terminate-services-to-us-retail-customers-by-november-9/""}]",unadjudicated_risk_flag
bitfloor-capital-one-debanking-2013-04,admitted,events/bitfloor-capital-one-debanking-2013-04.yaml,4,asset_onchain,"[""absence_of_observed_action""]",No on-chain freeze; BTC remained on-chain. The action is a fiat-rail debanking realized off-chain.,"[{""body_hash"": ""sha256:5e4542aedb281c462119f7061b674645ca6e04fc0f2bae7ae9194c916a8291c3"", ""body_path"": ""sources/http_captures/bitfloor-capital-one-debanking-2013-04/primary/web.archive.org__web-20241130191119-https-www.americanbanker.com-fincen-regulations-choking-bitcoin-entrepreneurs-1058606-1.html__242252ee6d.html"", ""url"": ""https://www.americanbanker.com/fincen-regulations-choking-bitcoin-entrepreneurs-1058606-1.html"", ""wayback"": ""https://web.archive.org/web/20241130191119/https://www.americanbanker.com/fincen-regulations-choking-bitcoin-entrepreneurs-1058606-1.html""}]",unadjudicated_risk_flag
bitmex-cftc-doj-2020,admitted,events/bitmex-cftc-doj-2020.yaml,0,l0_network,"[""absence_of_observed_action""]","No network-layer (DNS / ISP) blocking observed; the cascade surface is exchange-level US-resident off-boarding + global KYC mandate, not substrate-level filtering of bitmex.com.","[{""url"": ""https://www.cftc.gov/PressRoom/PressReleases/8270-20"", ""wayback"": ""https://web.archive.org/web/20260516000000/https://www.cftc.gov/PressRoom/PressReleases/8270-20""}, {""url"": ""https://www.justice.gov/usao-sdny/pr/founders-and-executive-cryptocurrency-exchange-charged-violation-bank-secrecy-act"", ""wayback"": ""https://web.archive.org/web/20260516000000/https://www.justice.gov/usao-sdny/pr/founders-and-executive-cryptocurrency-exchange-charged-violation-bank-secrecy-act""}, {""url"": ""https://blog.bitmex.com/hdr-global-trading-limited-response-to-the-cftc-and-fincen/"", ""wayback"": ""https://web.archive.org/web/20260516000000/https://blog.bitmex.com/hdr-global-trading-limited-response-to-the-cftc-and-fincen/""}]",unadjudicated_risk_flag
bitriver-russia-mining-ofac-2022-04,admitted,events/bitriver-russia-mining-ofac-2022-04.yaml,3,l4_frontend,"[""missing_capture_or_anchor""]","bitriver.com is the company's canonical domain, but the retained row does not assert a website seizure, frontend takedown, or operator-posted compliance notice. Wayback bracketing of the website would be an optional enrichment, not load-bearing evidence for the current null-case claim.","[{""body_hash"": ""sha256:29ae5daf08553def8ccf7f30a9da1516bbe9bbfd25c01bb24492c12163c778be"", ""body_path"": ""sources/http_captures/bitriver-russia-mining-ofac-2022-04/primary/web.archive.org__web-20220501000000-https-home.treasury.gov-news-press-releases-jy0731__70365f1f26.html"", ""url"": ""https://home.treasury.gov/news/press-releases/jy0731"", ""wayback"": ""https://web.archive.org/web/20220430203000/https://home.treasury.gov/news/press-releases/jy0731""}, {""body_hash"": ""sha256:e251f0fa7d3dd43973cb8bd1966061cd36fa96dc60885e1decf10c1cdce692f3"", ""body_path"": ""sources/http_captures/bitriver-russia-mining-ofac-2022-04/primary/web.archive.org__web-20220421000000-https-therecord.media-us-treasury-dept-sanctions-russian-crypto-mining-giant-bitriver__2423a37ff1.html"", ""url"": ""https://therecord.media/us-treasury-dept-sanctions-russian-crypto-mining-giant-bitriver"", ""wayback"": ""https://web.archive.org/web/20220421190013/https://therecord.media/us-treasury-dept-sanctions-russian-crypto-mining-giant-bitriver""}]",unadjudicated_risk_flag
bitzlato-doj-2023,admitted,events/bitzlato-doj-2023.yaml,3,l4_frontend,"[""missing_capture_or_anchor""]","Frontend/operator website availability is not asserted in this release. The claim-usable observation is FinCEN's covered-financial- institution transmittal prohibition and DOJ-described exchange disruption at the venue/off-ramp layer, not a separately verified bitzlato.com seizure-banner or frontend takedown.","[{""body_hash"": ""sha256:f329a65084549262222dbcdba541f48123bff56247cbe0f932e3e025f70f1318"", ""body_path"": ""sources/http_captures/bitzlato-doj-2023/backfill-1.3/www.justice.gov__opa-pr-founder-and-majority-owner-cryptocurrency-exchange-charged-processing-over-700-million__a42e944c97.html"", ""url"": ""https://www.justice.gov/opa/pr/founder-and-majority-owner-cryptocurrency-exchange-charged-processing-over-700-million""}, {""url"": ""https://www.justice.gov/usao-edny/pr/founder-and-majority-owner-bitzlato-cryptocurrency-exchange-charged-unlicensed-money""}, {""body_hash"": ""sha256:bf2c40b29895e11a97510321b0a33003b56802ad3349fac1357f4b927cf143e6"", ""body_path"": ""sources/http_captures/bitzlato-doj-2023/backfill-1.3/www.fincen.gov__news-news-releases-fincen-identifies-virtual-currency-exchange-bitzlato-primary-money-laundering__c4a9bf0d08.html"", ""url"": ""https://www.fincen.gov/news/news-releases/fincen-identifies-virtual-currency-exchange-bitzlato-primary-money-laundering"", ""wayback"": ""https://web.archive.org/web/20260421105235/https://www.fincen.gov/news/news-releases/fincen-identifies-virtual-currency-exchange-bitzlato-primary-money-laundering""}]",unadjudicated_risk_flag
blockfi-multistate-cease-desist-bia-2021-07,admitted,events/blockfi-multistate-cease-desist-bia-2021-07.yaml,3,l4_frontend,"[""missing_capture_or_anchor""]",No frontend DOM block captured; the order operates at the product-offering / securities-registration layer.,"[{""body_hash"": ""sha256:b235ce2adf08dcfd40e5f38fc9c262407c0dc60cfbddd1d887baa75f67209771"", ""body_path"": ""sources/http_captures/blockfi-multistate-cease-desist-bia-2021-07/primary/web.archive.org__web-20210801000000id_-https-www.nj.gov-oag-newsreleases21-BlockFi-Cease-and-Desist-Order.pdf__5e0feb98af.bin"", ""url"": ""https://www.nj.gov/oag/newsreleases21/BlockFi-Cease-and-Desist-Order.pdf"", ""wayback"": ""https://web.archive.org/web/20210731004209id_/https://www.nj.gov/oag/newsreleases21/BlockFi-Cease-and-Desist-Order.pdf""}]",unadjudicated_risk_flag
botnet-911-s5-ofac-2024-05,admitted,events/botnet-911-s5-ofac-2024-05.yaml,0,l0_network,"[""missing_capture_or_anchor""]","The 911 S5 botnet was a residential-proxy service, but the designation acts on the SDN/sanctions surface; no nation-state network-layer block of a domain is asserted, and no OONI / Censored Planet replay slice was captured, so no L0 observation is admitted (codebook §1.5 measurement floor).","[{""body_hash"": ""sha256:291f54f8b94689ff177e9d71baf66793b663990f4484ecd7e3c38bf42c1134f5"", ""body_path"": ""sources/http_captures/botnet-911-s5-ofac-2024-05/primary/web.archive.org__web-20240529000000-https-home.treasury.gov-news-press-releases-jy2375__708636ae49.html"", ""url"": ""https://home.treasury.gov/news/press-releases/jy2375"", ""wayback"": ""https://web.archive.org/web/20240528232624/https://home.treasury.gov/news/press-releases/jy2375""}]",unadjudicated_risk_flag
btc-e-doj-2017,admitted,events/btc-e-doj-2017.yaml,5,offramp_cex,"[""missing_capture_or_anchor""]","BTC-e was itself the enforcement target and exchange venue. The release claim is limited to the same-day btc-e.com domain seizure and does not retain a separate counterparty-exchange delisting, KYT, or off-ramp cascade observation. Generic chain-analytics substrate captures are therefore not used as event-specific offramp_cex evidence for this row.","[{""body_hash"": ""sha256:2cf3684bc3a1e169adc66e01c3a615540c81a3061eedac0609422559383f0919"", ""body_path"": ""sources/http_captures/btc-e-doj-2017/wayback_doj_press_snapshot/web.archive.org__web-20170727013407-https-www.justice.gov-usao-ndca-pr-russian-national-and-bitcoin-exchange-charged-21-count-indictment-operating-alleged__359babd4a6.html"", ""url"": ""https://www.justice.gov/usao-ndca/pr/russian-national-and-bitcoin-exchange-charged-21-count-indictment-operating-alleged"", ""wayback"": ""https://web.archive.org/web/20170727013407/https://www.justice.gov/usao-ndca/pr/russian-national-and-bitcoin-exchange-charged-21-count-indictment-operating-alleged""}, {""url"": ""https://www.justice.gov/archives/opa/pr/russian-national-and-bitcoin-exchange-charged-21-count-indictment-operating-alleged""}]",unadjudicated_risk_flag
bybit-canada-exit-2023-05,admitted,events/bybit-canada-exit-2023-05.yaml,4,asset_onchain,"[""missing_capture_or_anchor""]",No on-chain token freeze; Bybit is a centralized exchange exiting a national market. No §1.6 asset_onchain tx_hash floor applies.,"[{""body_hash"": ""sha256:a802fe5845ac3071f4bbd7b438903a39be4c11464e5ba742737727e35b7c4699"", ""body_path"": ""sources/http_captures/bybit-canada-exit-2023-05/official-bybit-notice/announcements.bybitglobal.com__en-article-notice-on-exit-from-canadian-market-bltc1bfb8746d077fda__5dc8a1eae2.html"", ""url"": ""https://announcements.bybitglobal.com/en/article/notice-on-exit-from-canadian-market-bltc1bfb8746d077fda/""}, {""body_hash"": ""sha256:7257f0b9e14465adee90ecab6f733b287974e96710d8239dcdae6fe0f1dbf17a"", ""body_path"": ""sources/http_captures/bybit-canada-exit-2023-05/primary/web.archive.org__web-20250505011102-https-www.coindesk.com-business-2023-05-30-crypto-exchange-bybit-exit-canada-citing-recent-regulatory-development__f6923b8b16.html"", ""url"": ""https://www.coindesk.com/business/2023/05/30/crypto-exchange-bybit-exit-canada-citing-recent-regulatory-development"", ""wayback"": ""https://web.archive.org/web/20250505011102/https://www.coindesk.com/business/2023/05/30/crypto-exchange-bybit-exit-canada-citing-recent-regulatory-development""}]",unadjudicated_risk_flag
cambodia-nbc-joint-crypto-prohibition-2018-05,admitted,events/cambodia-nbc-joint-crypto-prohibition-2018-05.yaml,4,asset_onchain,"[""absence_of_observed_action""]",The joint statement engages no issuer-side blacklist or on-chain freeze method. not_applicable on construct-did-not-exist grounds.,"[{""body_hash"": ""sha256:21ea89870f7dc2410603614d23f78f5d9e7cedf1de7d51151ecb05f275f54d7c"", ""body_path"": ""sources/http_captures/cambodia-nbc-joint-crypto-prohibition-2018-05/primary-nbc-pdf/www.nbc.gov.kh__download_files-news_and_events-news_eng-5223Joint_statement_NBC_SECC_POLICE_ENG.pdf__3b5478c840.bin"", ""url"": ""https://www.nbc.gov.kh/download_files/news_and_events/news_eng/5223Joint_statement_NBC_SECC_POLICE_ENG.pdf"", ""wayback"": ""https://web.archive.org/web/20260601125313/https://www.nbc.gov.kh/download_files/news_and_events/news_eng/5223Joint_statement_NBC_SECC_POLICE_ENG.pdf""}, {""body_hash"": ""sha256:8c8215744a74e3fdbb52d7c302ae874eb2c212820cf4a59b5f681c1bfd444d7b"", ""body_path"": ""sources/http_captures/cambodia-nbc-joint-crypto-prohibition-2018-05/primary-nbc-page/www.nbc.gov.kh__english-news_and_events-news_info.php__8390f78670.html"", ""url"": ""https://www.nbc.gov.kh/english/news_and_events/news_info.php?id=380"", ""wayback"": ""https://web.archive.org/web/20260601125236/https://www.nbc.gov.kh/english/news_and_events/news_info.php?id=380""}, {""body_hash"": ""sha256:c8acdc033a4946eef66dde5c4d2ae7858c2aec180a64696a3ba09b74ac99edb6"", ""body_path"": ""sources/http_captures/cambodia-nbc-joint-crypto-prohibition-2018-05/primary/web.archive.org__web-20180620031123-https-www.phnompenhpost.com-business-cryptos-illegal-kingdom-regulators__3512288dd1.html"", ""url"": ""https://web.archive.org/web/20180620031123/https://www.phnompenhpost.com/business/cryptos-illegal-kingdom-regulators"", ""wayback"": ""https://web.archive.org/web/20180620031123/https://www.phnompenhpost.com/business/cryptos-illegal-kingdom-regulators""}]",unadjudicated_risk_flag
celsius-bankruptcy-mashinsky-doj-2023,admitted,events/celsius-bankruptcy-mashinsky-doj-2023.yaml,0,l0_network,"[""absence_of_observed_action""]","No network-layer blocking observed; the cascade surface is the lending-platform off-ramp collapse + criminal/civil enforcement against named executives, not ISP / DNS filtering of celsius.network.","[{""url"": ""https://www.justice.gov/usao-sdny/pr/founder-and-former-chief-executive-officer-celsius-network-limited-charged-multi"", ""wayback"": ""https://web.archive.org/web/20260516000000/https://www.justice.gov/usao-sdny/pr/founder-and-former-chief-executive-officer-celsius-network-limited-charged-multi""}, {""url"": ""https://www.sec.gov/news/press-release/2023-127"", ""wayback"": ""https://web.archive.org/web/20260516000000/https://www.sec.gov/news/press-release/2023-127""}, {""url"": ""https://www.cftc.gov/PressRoom/PressReleases/8758-23"", ""wayback"": ""https://web.archive.org/web/20260516000000/https://www.cftc.gov/PressRoom/PressReleases/8758-23""}, {""url"": ""https://www.ftc.gov/news-events/news/press-releases/2023/07/ftc-action-leads-record-47-billion-imposed-judgment-against-crypto-platform-celsius"", ""wayback"": ""https://web.archive.org/web/20260516000000/https://www.ftc.gov/news-events/news/press-releases/2023/07/ftc-action-leads-record-47-billion-imposed-judgment-against-crypto-platform-celsius""}, {""body_hash"": ""sha256:b889e7875b38b8d0ad0f91f7f24388aa1f36b0af797d1ff4c094f032ac0c74f6"", ""body_path"": ""sources/http_captures/celsius-bankruptcy-mashinsky-doj-2023/v0_3_repair/cases.stretto.com__celsius__f15ad87980.html"", ""url"": ""https://cases.stretto.com/celsius/""}]",unadjudicated_risk_flag
celsius-bankruptcy-mashinsky-doj-2023,admitted,events/celsius-bankruptcy-mashinsky-doj-2023.yaml,2,l3_rpc,"[""missing_capture_or_anchor""]",Public RPC providers' filter lists are not implicated. No Celsius- specific RPC rejection or docs/status-page change is pinned.,"[{""url"": ""https://www.justice.gov/usao-sdny/pr/founder-and-former-chief-executive-officer-celsius-network-limited-charged-multi"", ""wayback"": ""https://web.archive.org/web/20260516000000/https://www.justice.gov/usao-sdny/pr/founder-and-former-chief-executive-officer-celsius-network-limited-charged-multi""}, {""url"": ""https://www.sec.gov/news/press-release/2023-127"", ""wayback"": ""https://web.archive.org/web/20260516000000/https://www.sec.gov/news/press-release/2023-127""}, {""url"": ""https://www.cftc.gov/PressRoom/PressReleases/8758-23"", ""wayback"": ""https://web.archive.org/web/20260516000000/https://www.cftc.gov/PressRoom/PressReleases/8758-23""}, {""url"": ""https://www.ftc.gov/news-events/news/press-releases/2023/07/ftc-action-leads-record-47-billion-imposed-judgment-against-crypto-platform-celsius"", ""wayback"": ""https://web.archive.org/web/20260516000000/https://www.ftc.gov/news-events/news/press-releases/2023/07/ftc-action-leads-record-47-billion-imposed-judgment-against-crypto-platform-celsius""}, {""body_hash"": ""sha256:b889e7875b38b8d0ad0f91f7f24388aa1f36b0af797d1ff4c094f032ac0c74f6"", ""body_path"": ""sources/http_captures/celsius-bankruptcy-mashinsky-doj-2023/v0_3_repair/cases.stretto.com__celsius__f15ad87980.html"", ""url"": ""https://cases.stretto.com/celsius/""}]",unadjudicated_risk_flag
celsius-bankruptcy-mashinsky-doj-2023,admitted,events/celsius-bankruptcy-mashinsky-doj-2023.yaml,4,asset_onchain,"[""absence_of_observed_action""]","CEL token (Celsius's native exchange token) experienced post-freeze price collapse, but no issuer-level on-chain freeze or sanction-list address set is asserted. CEL price manipulation is the subject of the criminal charges, not an on-chain censorship primitive.","[{""url"": ""https://www.justice.gov/usao-sdny/pr/founder-and-former-chief-executive-officer-celsius-network-limited-charged-multi"", ""wayback"": ""https://web.archive.org/web/20260516000000/https://www.justice.gov/usao-sdny/pr/founder-and-former-chief-executive-officer-celsius-network-limited-charged-multi""}, {""url"": ""https://www.sec.gov/news/press-release/2023-127"", ""wayback"": ""https://web.archive.org/web/20260516000000/https://www.sec.gov/news/press-release/2023-127""}, {""url"": ""https://www.cftc.gov/PressRoom/PressReleases/8758-23"", ""wayback"": ""https://web.archive.org/web/20260516000000/https://www.cftc.gov/PressRoom/PressReleases/8758-23""}, {""url"": ""https://www.ftc.gov/news-events/news/press-releases/2023/07/ftc-action-leads-record-47-billion-imposed-judgment-against-crypto-platform-celsius"", ""wayback"": ""https://web.archive.org/web/20260516000000/https://www.ftc.gov/news-events/news/press-releases/2023/07/ftc-action-leads-record-47-billion-imposed-judgment-against-crypto-platform-celsius""}, {""body_hash"": ""sha256:b889e7875b38b8d0ad0f91f7f24388aa1f36b0af797d1ff4c094f032ac0c74f6"", ""body_path"": ""sources/http_captures/celsius-bankruptcy-mashinsky-doj-2023/v0_3_repair/cases.stretto.com__celsius__f15ad87980.html"", ""url"": ""https://cases.stretto.com/celsius/""}]",unadjudicated_risk_flag
china-fentanyl-network-ofac-2023-10,admitted,events/china-fentanyl-network-ofac-2023-10.yaml,4,asset_onchain,"[""missing_capture_or_anchor"", ""absence_of_observed_action""]","16 BTC/ETH/Tron addresses (mostly receiving drug proceeds in USDT/USDC) are attached, but no captured primary_onchain freeze/blacklist tx_hash is pinned at draft time. Per codebook §1.6, no on-chain claim is made; the measurable surface is carried at offramp_cex. Not reclassified to escape the asset_onchain evidence floor.","[{""body_hash"": ""sha256:00f439975eba09e5ac169c4f0d6fea7617063249f1a5d1faa0c03cc6a96d8f67"", ""body_path"": ""sources/http_captures/china-fentanyl-network-ofac-2023-10/primary/web.archive.org__web-20231003000000-https-home.treasury.gov-news-press-releases-jy1779__c0f71db364.html"", ""url"": ""https://home.treasury.gov/news/press-releases/jy1779"", ""wayback"": ""https://web.archive.org/web/20231003190525/https://home.treasury.gov/news/press-releases/jy1779""}, {""body_hash"": ""sha256:1e69d995969b2deee20c842346e86f4d8aa35d0c615e25df287c28cea79f17cc"", ""body_path"": ""sources/http_captures/china-fentanyl-network-ofac-2023-10/primary/web.archive.org__web-20231003000000-https-ofac.treasury.gov-recent-actions-20231003__09b2bec01f.html"", ""url"": ""https://ofac.treasury.gov/recent-actions/20231003"", ""wayback"": ""https://web.archive.org/web/20231003190327/https://ofac.treasury.gov/recent-actions/20231003""}]",unadjudicated_risk_flag
china-ico-ban-2017-09,admitted,events/china-ico-ban-2017-09.yaml,4,asset_onchain,"[""missing_capture_or_anchor""]","The 7-Ministry Notice prohibits token-issuance fundraising (""代币发行融资"") as unauthorized public financing and mandates ICO refunds, but it does not engage an on-chain issuer-admin freeze/blacklist primitive and no enumerated on-chain transaction is pinned. The token-issuance prohibition is recorded at the offramp_cex / fundraising layer rather than asset_onchain (the validator reserves asset_onchain observed_change for primary_onchain-anchored events). not_applicable on construct-not-engaged grounds here.","[{""body_hash"": ""sha256:48cad3d18bb9d1d59fb58b3ba398bfcc70a1dd74cabf81d554094f9f981983ca"", ""body_path"": ""sources/http_captures/china-ico-ban-2017-09/primary/web.archive.org__web-20170904083557-http-www.pbc.gov.cn-goutongjiaoliu-113456-113469-3374222-index.html__0aa94d8f93.html"", ""url"": ""http://www.pbc.gov.cn/goutongjiaoliu/113456/113469/3374222/index.html"", ""wayback"": ""https://web.archive.org/web/20170904083557/http://www.pbc.gov.cn/goutongjiaoliu/113456/113469/3374222/index.html""}, {""url"": ""https://www.loc.gov/item/global-legal-monitor/2017-10-19/china-regulators-ban-companies-from-raising-money-through-virtual-currencies/"", ""wayback"": ""https://web.archive.org/web/2020/https://www.loc.gov/item/global-legal-monitor/2017-10-19/china-regulators-ban-companies-from-raising-money-through-virtual-currencies/""}, {""body_hash"": ""sha256:4b10ede20fb7ed959ddcf52630d092ffe2d5fa5598cd2f2f4a228fa5d5dd24dd"", ""body_path"": ""sources/http_captures/china-ico-ban-2017-09/primary/web.archive.org__web-20170904084200-https-www.cnbc.com-2017-09-04-chinese-icos-china-bans-fundraising-through-initial-coin-offerings-report-says.html__a27d6aec56.html"", ""url"": ""https://www.cnbc.com/2017/09/04/chinese-icos-china-bans-fundraising-through-initial-coin-offerings-report-says.html"", ""wayback"": ""https://web.archive.org/web/20170904084200/https://www.cnbc.com/2017/09/04/chinese-icos-china-bans-fundraising-through-initial-coin-offerings-report-says.html""}]",unadjudicated_risk_flag
china-nft-secondary-trading-self-discipline-2022-06,admitted,events/china-nft-secondary-trading-self-discipline-2022-06.yaml,4,asset_onchain,"[""missing_capture_or_anchor""]","Mapped from the original ""asset_issuance"" axis: token issuance on PRC digital-collectibles permissioned consortium chains was restricted to primary-sale flows (no secondary transfer) under the self-discipline initiative. Scope narrowed to the primary/secondary distinction rather than blanket issuance cessation; the platforms continued to mint primary collectibles after 2022-06-30. Replayable on-chain artifacts for the consortium chains are not yet pinned in this session.","[{""url"": ""https://www.scmp.com/tech/big-tech/article/3184021/china-nfts-tencent-and-ant-group-join-industry-pledge-ban"", ""wayback"": ""https://web.archive.org/web/2022/https://www.scmp.com/tech/big-tech/article/3184021/china-nfts-tencent-and-ant-group-join-industry-pledge-ban""}, {""url"": ""https://www.euronews.com/next/2022/06/30/china-tech-nfts"", ""wayback"": ""https://web.archive.org/web/2022/https://www.euronews.com/next/2022/06/30/china-tech-nfts""}, {""url"": ""https://www.asiafinancial.com/chinas-big-tech-groups-pledge-to-help-ban-nft-trading"", ""wayback"": ""https://web.archive.org/web/2022/https://www.asiafinancial.com/chinas-big-tech-groups-pledge-to-help-ban-nft-trading""}]",unadjudicated_risk_flag
china-pboc-crypto-ban-2021,admitted,events/china-pboc-crypto-ban-2021.yaml,2,l3_rpc,"[""missing_capture_or_anchor""]","Pre-Merge event (Ethereum Merge 2022-09-15). The OFAC-compliance-adjacent public Ethereum RPC substrate (Flashbots Protect launched 2022-11, MEV-Blocker launched 2023-03-27) did not exist at event time. Same construct-did-not-exist reasoning as L1 consensus coverage for pre-Merge events. not_applicable rather than not_measured. L3 RPC-layer public-provider filter-list pin: the two dominant OFAC-compliance-adjacent public Ethereum RPC providers are MEV-Blocker (mevblocker.io) and Flashbots Protect (docs.flashbots.net). Both captured 2026-04-22 as ecosystem-level primary_corporate anchors for L3-layer reasoning: mevblocker.io landing: body_hash sha256:f580083a67f052d2d8301dc1975c6f1f369474d25a10f0587ef081f70379cc67 docs.flashbots.net/flashbots-protect/quick-start: body_hash sha256:b937ed96974815d638d2db412ad674d417ae71f0295f625c8cec839638307282 Status remains not_measured because per-event bracketing snapshots of the provider filter lists (pre-event / event-day / post-event) are not yet pinned from the Wayback CDX. The anchors establish the measurement substrate; per-event slices would promote status to partially_measured.","[{""body_hash"": ""sha256:a5c7da7da584c23c3e880f394b445cea75f0ad11aee41f79b10d2da4b2884a84"", ""body_path"": ""sources/archived_htmls/china-pboc-crypto-ban-2021/pbc-notice-20210924.html"", ""url"": ""http://www.pbc.gov.cn/goutongjiaoliu/113456/113469/4348521/index.html"", ""wayback"": ""https://web.archive.org/web/20210924105105/http://www.pbc.gov.cn/goutongjiaoliu/113456/113469/4348521/index.html""}]",unadjudicated_risk_flag
chinyong-kim-sang-man-dprk-it-worker-ofac-2023-05,admitted,events/chinyong-kim-sang-man-dprk-it-worker-ofac-2023-05.yaml,4,asset_onchain,"[""missing_capture_or_anchor"", ""absence_of_observed_action""]","Kim's named addresses are mainstream-exchange DEPOSIT addresses, not issuer-controlled or protocol addresses; no freeze surface and no captured primary_onchain tx_hash. Per codebook §1.6, no on-chain claim is made; the measurable surface is carried at offramp_cex. Not reclassified to escape the asset_onchain evidence floor.","[{""body_hash"": ""sha256:d62f6b8c04eba2477e1022a7510ad722c2fd81a14b37a030e44a3a96cdb77f76"", ""body_path"": ""sources/http_captures/chinyong-kim-sang-man-dprk-it-worker-ofac-2023-05/primary/web.archive.org__web-20230523000000-https-home.treasury.gov-news-press-releases-jy1498__dd2b856709.html"", ""url"": ""https://home.treasury.gov/news/press-releases/jy1498"", ""wayback"": ""https://web.archive.org/web/20230523155510/https://home.treasury.gov/news/press-releases/jy1498""}, {""body_hash"": ""sha256:361020395af3a02bf7feca792f7a0d84de9d8c1e45a296fd1ebcbd0b6f34d096"", ""body_path"": ""sources/http_captures/chinyong-kim-sang-man-dprk-it-worker-ofac-2023-05/primary/web.archive.org__web-20230523000000-https-ofac.treasury.gov-recent-actions-20230523__b4eb572e68.html"", ""url"": ""https://ofac.treasury.gov/recent-actions/20230523"", ""wayback"": ""https://web.archive.org/web/20230523144315/https://ofac.treasury.gov/recent-actions/20230523""}]",unadjudicated_risk_flag
circle-freeze-zama-cusdc-court-order-2026,admitted,events/circle-freeze-zama-cusdc-court-order-2026.yaml,4,asset_onchain,"[""missing_capture_or_anchor"", ""absence_of_observed_action""]",Circle's cUSDC freeze is reported but no captured primary_onchain tx_hash; per codebook §1.6 no on-chain claim is made.,"[{""body_hash"": ""sha256:56527f13529c94018c8afcad416835d8e605067036fddcf50dec5155757f4b99"", ""body_path"": ""sources/http_captures/circle-freeze-zama-cusdc-court-order-2026/source/www.cryptotimes.io__2026-06-02-court-lifts-freeze-on-zamas-cusdc-contract-restoring-12-5m-usdc__166d0be9ad.html"", ""url"": ""https://www.cryptotimes.io/2026/06/02/court-lifts-freeze-on-zamas-cusdc-contract-restoring-12-5m-usdc/""}]",unadjudicated_risk_flag
circle-usdc-svb-policy-statement-2023,admitted,events/circle-usdc-svb-policy-statement-2023.yaml,4,asset_onchain,"[""absence_of_observed_action""]","No Circle on-chain freeze / blacklist / supply-control action occurred in response to the SVB cycle, so no asset_onchain surface was engaged and no observation remains on that layer. The policy statement is a peg-defense commitment, not an issuer freeze; the USDC ERC-20 contract continued to operate normally, with Circle pausing redemption / minting only over the weekend banking-closure window (2023-03-11 / 2023-03-12) and resuming Monday 2023-03-13 per the announced policy. The brief weekend redemption pause is operational / banking-rail-driven rather than a discretionary issuer censorship action. not_applicable on substrate-mismatch grounds: no discretionary on-chain issuer action fired, so there is no asset_onchain restriction surface to measure.","[{""url"": ""https://www.circle.com/pressroom/3-3-billion-of-usdc-reserve-risk-removed-dollar-de-peg-closes"", ""wayback"": ""https://web.archive.org/web/2023/https://www.circle.com/pressroom/3-3-billion-of-usdc-reserve-risk-removed-dollar-de-peg-closes""}, {""url"": ""https://www.circle.com/blog/an-update-on-usdc-and-silicon-valley-bank"", ""wayback"": ""https://web.archive.org/web/2023/https://www.circle.com/blog/an-update-on-usdc-and-silicon-valley-bank""}]",unadjudicated_risk_flag
cloudflare-ethereum-gateway-tornado-block-2022-08,admitted,events/cloudflare-ethereum-gateway-tornado-block-2022-08.yaml,1,l1_consensus,"[""missing_capture_or_anchor""]","Pre-Merge Ethereum (Paris was 2022-09-15, 34 days after this event); PBS relay-censorship infrastructure did not exist yet. The consensus-layer effect of the 2022-08-08 OFAC trigger is captured in the related event tornado-cash-ofac-2022 observations[l1] for the post-Merge window.","[{""url"": ""https://blog.cloudflare.com/cloudflare-ethereum-gateway/"", ""wayback"": ""https://web.archive.org/web/2022/https://blog.cloudflare.com/cloudflare-ethereum-gateway/""}, {""url"": ""https://www.cloudflare.com/transparency/"", ""wayback"": ""https://web.archive.org/web/2023/https://www.cloudflare.com/transparency/""}, {""url"": ""https://www.coindesk.com/tech/2022/08/17/tornado-cash-fallout-can-ethereum-be-censored"", ""wayback"": ""https://web.archive.org/web/2022/https://www.coindesk.com/tech/2022/08/17/tornado-cash-fallout-can-ethereum-be-censored""}, {""url"": ""https://torrentfreak.com/cloudflare-blocks-abusive-content-on-its-ethereum-gateway-231121/"", ""wayback"": ""https://web.archive.org/web/2023/https://torrentfreak.com/cloudflare-blocks-abusive-content-on-its-ethereum-gateway-231121/""}]",unadjudicated_risk_flag
coin-mx-doj-murgio-2015,admitted,events/coin-mx-doj-murgio-2015.yaml,3,l4_frontend,"[""absence_of_observed_action""]","No L4 frontend seizure or takedown banner is documented for coin.mx on 2015-07-21. The site went dark following the arrests without a DOJ-attributed L4 seizure banner. Recording the post-arrest disappearance as observed_change at L4 would conflate corporate shutdown with a DOJ takedown order, so L4 is not coded here.","[{""body_hash"": ""sha256:f7479ed2097ce55639b8d506a5c1ad9fee67a9e6fb1f3489d1fed9ec9411b750"", ""body_path"": ""sources/http_captures/coin-mx-doj-murgio-2015/primary/web.archive.org__web-20150725142739-https-www.justice.gov-usao-sdny-pr-manhattan-us-attorney-announces-charges-against-two-florida-men-operating-underground__f04043f73f.html"", ""url"": ""https://www.justice.gov/usao-sdny/pr/manhattan-us-attorney-announces-charges-against-two-florida-men-operating-underground"", ""wayback"": ""https://web.archive.org/web/20150725142739/https://www.justice.gov/usao-sdny/pr/manhattan-us-attorney-announces-charges-against-two-florida-men-operating-underground""}, {""body_hash"": ""sha256:a19d2017ad35b2f12785ac090514862b32e1ffe576c43c32ba734e05550ff47d"", ""body_path"": ""sources/http_captures/coin-mx-doj-murgio-2015/primary/web.archive.org__web-20170329203707-https-www.justice.gov-usao-sdny-pr-operator-unlawful-bitcoin-exchange-pleads-guilty-multimillion-dollar-money-laundering__60279e0cd1.html"", ""url"": ""https://www.justice.gov/usao-sdny/pr/operator-unlawful-bitcoin-exchange-pleads-guilty-multimillion-dollar-money-laundering"", ""wayback"": ""https://web.archive.org/web/20170329203707/https://www.justice.gov/usao-sdny/pr/operator-unlawful-bitcoin-exchange-pleads-guilty-multimillion-dollar-money-laundering""}, {""body_hash"": ""sha256:7b866d8e7e250f45348dbebda12c6b6e17a39eff340f2ba3f95de1623df2cb7d"", ""body_path"": ""sources/http_captures/coin-mx-doj-murgio-2015/primary/web.archive.org__web-20170628201601-https-www.justice.gov-usao-sdny-pr-operator-unlawful-bitcoin-exchange-sentenced-more-5-years-prison-leading-multimillion__f3a64c1893.html"", ""url"": ""https://www.justice.gov/usao-sdny/pr/operator-unlawful-bitcoin-exchange-sentenced-more-5-years-prison-leading-multimillion"", ""wayback"": ""https://web.archive.org/web/20170628201601/https://www.justice.gov/usao-sdny/pr/operator-unlawful-bitcoin-exchange-sentenced-more-5-years-prison-leading-multimillion""}]",unadjudicated_risk_flag
coinbase-irs-john-doe-summons-2016,admitted,events/coinbase-irs-john-doe-summons-2016.yaml,4,asset_onchain,"[""absence_of_observed_action""]","Bitcoin has no issuer admin-freeze surface, and the John Doe summons did not invoke any on-chain freeze or seizure mechanism. Out of scope.","[{""body_hash"": ""sha256:56a6392a45575f333467a199dcaa15db3a743f787022d6b6648fc84d4b19e335"", ""body_path"": ""sources/http_captures/coinbase-irs-john-doe-summons-2016/primary/web.archive.org__web-20161130232748-https-www.justice.gov-opa-pr-court-authorizes-service-john-doe-summons-seeking-identities-us-taxpayers-who-have-used__4d794ca699.html"", ""url"": ""https://www.justice.gov/opa/pr/court-authorizes-service-john-doe-summons-seeking-identities-us-taxpayers-who-have-used"", ""wayback"": ""https://web.archive.org/web/20161130232748/https://www.justice.gov/opa/pr/court-authorizes-service-john-doe-summons-seeking-identities-us-taxpayers-who-have-used""}, {""body_hash"": ""sha256:a513884b358ba15a001ca99fbc53366262a02904c73b7aed0eaca5cfed9a77f4"", ""body_path"": ""sources/http_captures/coinbase-irs-john-doe-summons-2016/primary/www.justice.gov__opa-pr-court-authorizes-service-john-doe-summons-seeking-identities-us-taxpayers-who-have-used__55518cad06.html"", ""url"": ""https://www.justice.gov/archives/opa/pr/court-authorizes-service-john-doe-summons-seeking-identities-us-taxpayers-who-have-used""}]",unadjudicated_risk_flag
consensys-metamask-infura-rpc-data-collection-2022-11,admitted,events/consensys-metamask-infura-rpc-data-collection-2022-11.yaml,3,l4_frontend,"[""absence_of_observed_action""]","No frontend-UI change is required or documented at the MetaMask wallet UI layer in response to the privacy-policy disclosure. The wallet UI continued to function unchanged; the disclosure is a textual transparency update rather than a UI behavior change. not_applicable on construct-not-engaged grounds in this null_event scope. (The MetaMask wallet UI is the downstream-default surface for Infura RPC requests, so the collection scope reaches MetaMask users via the L3 layer; the L4 surface itself does not change.)","[{""url"": ""https://consensys.io/privacy-policy"", ""wayback"": ""https://web.archive.org/web/2022/https://consensys.io/privacy-policy""}, {""body_hash"": ""sha256:9e7e1de2017082950f81267d77f69693828cc587d3b226ba018e6f039245c8fb"", ""body_path"": ""sources/http_captures/consensys-metamask-infura-rpc-data-collection-2022-11/primary/web.archive.org__web-20221124110546-https-www.theblock.co-post-189717-consensys-says-it-collects-ip-addresses-of-metamask-users-via-infura__bb63c07635.html"", ""url"": ""https://www.theblock.co/post/189717/consensys-says-it-collects-ip-addresses-of-metamask-users-via-infura"", ""wayback"": ""https://web.archive.org/web/20221124110546/https://www.theblock.co/post/189717/consensys-says-it-collects-ip-addresses-of-metamask-users-via-infura""}, {""url"": ""https://decrypt.co/115486/infura-collect-metamask-users-ip-ethereum-addresses-after-privacy-policy-update"", ""wayback"": ""https://web.archive.org/web/2022/https://decrypt.co/115486/infura-collect-metamask-users-ip-ethereum-addresses-after-privacy-policy-update""}, {""url"": ""https://cryptoslate.com/consensys-updates-policy-to-collect-metamask-ip-data/"", ""wayback"": ""https://web.archive.org/web/2022/https://cryptoslate.com/consensys-updates-policy-to-collect-metamask-ip-data/""}]",unadjudicated_risk_flag
cryptex-uaps-pm2btc-ivanov-shakhmametov-doj-2024,admitted,events/cryptex-uaps-pm2btc-ivanov-shakhmametov-doj-2024.yaml,4,asset_onchain,"[""missing_capture_or_anchor""]","The captured DOJ release references blockchain-traced flows but does not enumerate specific on-chain addresses, and no primary_onchain tx_hash is asserted; per §1.6 the asset_onchain floor is not invoked and the load-bearing effect is carried at l4_frontend / offramp_cex.","[{""body_hash"": ""sha256:c5c9eace590dee38f8593a4d597471e844caf7d670e914be663e5d0ff02f9213"", ""body_path"": ""sources/http_captures/cryptex-uaps-pm2btc-ivanov-shakhmametov-doj-2024/primary/web.archive.org__web-20240926000000-https-www.justice.gov-usao-edva-pr-two-russian-nationals-charged-connection-operating-billion-dollar-money-laundering__a7acbbf27a.html"", ""url"": ""https://www.justice.gov/usao-edva/pr/two-russian-nationals-charged-connection-operating-billion-dollar-money-laundering"", ""wayback"": ""https://web.archive.org/web/20240926181943/https://www.justice.gov/usao-edva/pr/two-russian-nationals-charged-connection-operating-billion-dollar-money-laundering""}]",unadjudicated_risk_flag
dkba-burma-scam-compound-ofac-2025-11,admitted,events/dkba-burma-scam-compound-ofac-2025-11.yaml,4,asset_onchain,"[""missing_capture_or_anchor""]","The SDN entries name the DKBA armed group, companies, and leaders rather than enumerating on-chain addresses; no asset-onchain freeze surface is attached to this designation in the captured page.","[{""body_hash"": ""sha256:f6fd7f18cb6c852c1119bb239c19f26ecda1a18a4fc7fd9b0c58dc9ea335b242"", ""body_path"": ""sources/http_captures/dkba-burma-scam-compound-ofac-2025-11/primary/web.archive.org__web-20251114001806-https-home.treasury.gov-news-press-releases-sb0312__c42392aa88.html"", ""url"": ""https://home.treasury.gov/news/press-releases/sb0312"", ""wayback"": ""https://web.archive.org/web/20251114001806/https://home.treasury.gov/news/press-releases/sb0312""}]",unadjudicated_risk_flag
dprk-it-workers-amnokgang-vietnam-2026,admitted,events/dprk-it-workers-amnokgang-vietnam-2026.yaml,4,asset_onchain,"[""missing_capture_or_anchor"", ""absence_of_observed_action""]",Named in the SDN action context but no captured primary_onchain freeze tx_hash; per codebook §1.6 no on-chain claim is made.,"[{""body_hash"": ""sha256:1e18e4907c119c46c94e08a12057bf0cadeedf2cda81237a6d57e0d245508a27"", ""body_path"": ""sources/http_captures/dprk-it-workers-amnokgang-vietnam-2026/source/home.treasury.gov__news-press-releases-sb0416__eff0c64d90.html"", ""url"": ""https://home.treasury.gov/news/press-releases/sb0416""}]",unadjudicated_risk_flag
dprk-song-kum-hyok-andariel-it-workers-2025,admitted,events/dprk-song-kum-hyok-andariel-it-workers-2025.yaml,4,asset_onchain,"[""missing_capture_or_anchor"", ""absence_of_observed_action""]",Named in the SDN action context but no captured primary_onchain freeze tx_hash; per codebook §1.6 no on-chain claim is made.,"[{""body_hash"": ""sha256:75523c8addc092280ea53d7c03a013968da1eb5d53cda561426f653f1735a018"", ""body_path"": ""sources/http_captures/dprk-song-kum-hyok-andariel-it-workers-2025/source/home.treasury.gov__news-press-releases-sb0190__7dbe6ea9ea.html"", ""url"": ""https://home.treasury.gov/news/press-releases/sb0190""}]",unadjudicated_risk_flag
dydx-tornado-account-block-2022-08,admitted,events/dydx-tornado-account-block-2022-08.yaml,1,l1_consensus,"[""missing_capture_or_anchor""]","Pre-Merge Ethereum (Paris was 2022-09-15, 35 days after this event); PBS relay-censorship infrastructure did not exist yet. Consensus-layer effects of the 2022-08-08 OFAC trigger are captured under tornado-cash-ofac-2022 observations[l1].","[{""url"": ""https://dydx.exchange/blog/tornado-cash-update"", ""wayback"": ""https://web.archive.org/web/2022/https://dydx.exchange/blog/tornado-cash-update""}, {""url"": ""https://www.coindesk.com/business/2022/08/11/crypto-exchange-dydx-blocked-accounts-that-received-even-small-amounts-from-tornado-cash"", ""wayback"": ""https://web.archive.org/web/2022/https://www.coindesk.com/business/2022/08/11/crypto-exchange-dydx-blocked-accounts-that-received-even-small-amounts-from-tornado-cash""}, {""url"": ""https://www.theblock.co/post/162928/dydx-confirms-blocking-user-accounts-tied-to-tornado-cash"", ""wayback"": ""https://web.archive.org/web/2022/https://www.theblock.co/post/162928/dydx-confirms-blocking-user-accounts-tied-to-tornado-cash""}, {""url"": ""https://cointelegraph.com/news/dydx-confirms-blocking-and-unblocking-some-accounts-linked-to-tornado-cash"", ""wayback"": ""https://web.archive.org/web/2022/https://cointelegraph.com/news/dydx-confirms-blocking-and-unblocking-some-accounts-linked-to-tornado-cash""}]",unadjudicated_risk_flag
dydx-tornado-account-block-2022-08,admitted,events/dydx-tornado-account-block-2022-08.yaml,2,l3_rpc,"[""missing_capture_or_anchor""]",dYdX v3 used StarkEx (StarkWare's L2) for settlement; the L3 JSON-RPC managed-provider layer is not in scope for the dYdX account-block action. The L3 block of Tornado Cash RPC requests is captured separately under infura-alchemy-tornado-rpc-block-2022.,"[{""url"": ""https://dydx.exchange/blog/tornado-cash-update"", ""wayback"": ""https://web.archive.org/web/2022/https://dydx.exchange/blog/tornado-cash-update""}, {""url"": ""https://www.coindesk.com/business/2022/08/11/crypto-exchange-dydx-blocked-accounts-that-received-even-small-amounts-from-tornado-cash"", ""wayback"": ""https://web.archive.org/web/2022/https://www.coindesk.com/business/2022/08/11/crypto-exchange-dydx-blocked-accounts-that-received-even-small-amounts-from-tornado-cash""}, {""url"": ""https://www.theblock.co/post/162928/dydx-confirms-blocking-user-accounts-tied-to-tornado-cash"", ""wayback"": ""https://web.archive.org/web/2022/https://www.theblock.co/post/162928/dydx-confirms-blocking-user-accounts-tied-to-tornado-cash""}, {""url"": ""https://cointelegraph.com/news/dydx-confirms-blocking-and-unblocking-some-accounts-linked-to-tornado-cash"", ""wayback"": ""https://web.archive.org/web/2022/https://cointelegraph.com/news/dydx-confirms-blocking-and-unblocking-some-accounts-linked-to-tornado-cash""}]",unadjudicated_risk_flag
eba-virtual-currencies-opinion-eba-op-2014-08,admitted,events/eba-virtual-currencies-opinion-eba-op-2014-08.yaml,4,asset_onchain,"[""absence_of_observed_action""]","EBA/Op/2014/08 does not engage any on-chain freeze, blacklist, or issuer admin action; native and issued asset surfaces are not directly targeted. not_applicable.","[{""body_hash"": ""sha256:5bb1772c847475e9c6b32bead00c446dffddd1050f0c901b81d47fe1cad832e2"", ""body_path"": ""sources/http_captures/eba-virtual-currencies-opinion-eba-op-2014-08/pdf-primary/www.eba.europa.eu__sites-default-files-documents-10180-657547-81409b94-4222-45d7-ba3b-7deb5863ab57-EBA-Op-2014-08-20Opinion-20on-20Virtual-20Currencies.pdf__2bb82434df.bin"", ""url"": ""https://www.eba.europa.eu/sites/default/files/documents/10180/657547/81409b94-4222-45d7-ba3b-7deb5863ab57/EBA-Op-2014-08%20Opinion%20on%20Virtual%20Currencies.pdf"", ""wayback"": ""https://web.archive.org/web/2014/https://www.eba.europa.eu/sites/default/files/documents/10180/657547/81409b94-4222-45d7-ba3b-7deb5863ab57/EBA-Op-2014-08%20Opinion%20on%20Virtual%20Currencies.pdf""}, {""body_hash"": ""sha256:db0c0a0913e085cf73e49b4ce0b26874ea9b4f7f1f0782aa15d5b1d4a0ace781"", ""body_path"": ""sources/http_captures/eba-virtual-currencies-opinion-eba-op-2014-08/primary/web.archive.org__web-20191031205451-https-eba.europa.eu-eba-proposes-potential-regulatory-regime-for-virtual-currencies-but-also-advises-that-financial-institutions-sho__a1903a26ac.html"", ""url"": ""https://eba.europa.eu/eba-proposes-potential-regulatory-regime-for-virtual-currencies-but-also-advises-that-financial-institutions-should-not-buy-hold-or-sell-them-whilst-n"", ""wayback"": ""https://web.archive.org/web/20191031205451/https://eba.europa.eu/eba-proposes-potential-regulatory-regime-for-virtual-currencies-but-also-advises-that-financial-institutions-should-not-buy-hold-or-sell-them-whilst-n""}]",unadjudicated_risk_flag
egypt-cbe-banking-law-194-2020,admitted,events/egypt-cbe-banking-law-194-2020.yaml,4,asset_onchain,"[""absence_of_observed_action""]",The statute engages no issuer-side blacklist or on-chain freeze method. not_applicable on construct-did-not-exist grounds.,"[{""body_hash"": ""sha256:3010c9baac36284c3fbf1aeb04f9f859d6a4ab80af0fbe3c2255aa2aeb93393a"", ""body_path"": ""sources/http_captures/egypt-cbe-banking-law-194-2020/primary-fra-law-v1/fra.gov.eg__regulations-D9-82-D8-A7-D9-86-D9-88-D9-86--D8-B1-D9-82-D9-85-194--D9-84-D8-B3-D9-86-D8-A9-2020__059ec583b5.html"", ""url"": ""https://fra.gov.eg/regulations/%D9%82%D8%A7%D9%86%D9%88%D9%86-%D8%B1%D9%82%D9%85-194-%D9%84%D8%B3%D9%86%D8%A9-2020/""}, {""body_hash"": ""sha256:349b17f58a17f3025a35747f9fafa5739eb0ed01e02ffdf050fadf0671f8706a"", ""body_path"": ""sources/http_captures/egypt-cbe-banking-law-194-2020/primary-fra-law-v1/fra.gov.eg__wp-content-uploads-2025-01-D9-82-D8-A7-D9-86-D9-88-D9-86--D8-A7-D9-84-D8-A8-D9-86-D9-83--D8-A7-D9-84-D9-85-D8-B1-D9-83-D8-B2-D9-8A--D8-A8-D8-A7-D9-84-D8-A7__298496545b.bin"", ""url"": ""https://fra.gov.eg/wp-content/uploads/2025/01/%D9%82%D8%A7%D9%86%D9%88%D9%86-%D8%A7%D9%84%D8%A8%D9%86%D9%83-%D8%A7%D9%84%D9%85%D8%B1%D9%83%D8%B2%D9%8A-%D8%A8%D8%A7%D9%84%D8%A7%D8%B3%D8%AA%D8%AF%D8%B1%D8%A7%D9%83.pdf""}, {""body_hash"": ""sha256:9bd42acfbb503ff79c5319ca30f3deb48f4ce3f831236bf0b7057b2f9519efea"", ""body_path"": ""sources/http_captures/egypt-cbe-banking-law-194-2020/primary/web.archive.org__web-20260117012007-https-youssrysaleh.com-en-cryptocurrency-legality-in-egypt__07ac104a1e.html"", ""url"": ""https://web.archive.org/web/20260117012007/https://youssrysaleh.com/en/cryptocurrency-legality-in-egypt/"", ""wayback"": ""https://web.archive.org/web/20260117012007/https://youssrysaleh.com/en/cryptocurrency-legality-in-egypt/""}]",unadjudicated_risk_flag
etherscan-tornado-cash-ui-label-2022,admitted,events/etherscan-tornado-cash-ui-label-2022.yaml,2,l3_rpc,"[""missing_capture_or_anchor""]",Etherscan provides JSON-RPC and API endpoints but the UI label does not gate RPC responses. The contemporaneous L3 RPC-provider blocks are captured under infura-alchemy-tornado-rpc-block-2022.,"[{""url"": ""https://etherscan.io/address/0x7ff9cfad3877f21d41da833e2f775db0569ee3d9"", ""wayback"": ""https://web.archive.org/web/2022/https://etherscan.io/address/0x7ff9cfad3877f21d41da833e2f775db0569ee3d9""}, {""url"": ""https://etherscan.io/address/0xa0e1c89ef1a489c9c7de96311ed5ce5d32c20e4b"", ""wayback"": ""https://web.archive.org/web/2022/https://etherscan.io/address/0xa0e1c89ef1a489c9c7de96311ed5ce5d32c20e4b""}, {""url"": ""https://info.etherscan.com/public-name-tags-labels/"", ""wayback"": ""https://web.archive.org/web/2022/https://info.etherscan.com/public-name-tags-labels/""}]",unadjudicated_risk_flag
etherscan-tornado-cash-ui-label-2022,admitted,events/etherscan-tornado-cash-ui-label-2022.yaml,4,asset_onchain,"[""missing_capture_or_anchor""]",No issuer-level asset freeze invoked by Etherscan's UI label; sibling asset-layer action is captured in circle-usdc-tornado-2022.,"[{""url"": ""https://etherscan.io/address/0x7ff9cfad3877f21d41da833e2f775db0569ee3d9"", ""wayback"": ""https://web.archive.org/web/2022/https://etherscan.io/address/0x7ff9cfad3877f21d41da833e2f775db0569ee3d9""}, {""url"": ""https://etherscan.io/address/0xa0e1c89ef1a489c9c7de96311ed5ce5d32c20e4b"", ""wayback"": ""https://web.archive.org/web/2022/https://etherscan.io/address/0xa0e1c89ef1a489c9c7de96311ed5ce5d32c20e4b""}, {""url"": ""https://info.etherscan.com/public-name-tags-labels/"", ""wayback"": ""https://web.archive.org/web/2022/https://info.etherscan.com/public-name-tags-labels/""}]",unadjudicated_risk_flag
eu-16th-russia-sanctions-2025,admitted,events/eu-16th-russia-sanctions-2025.yaml,4,asset_onchain,"[""missing_capture_or_anchor""]",The package extends a transaction ban / listing power over a CASP/financial-operator class; it does not itself freeze specific on-chain assets/addresses (no enumerated addresses; no issuer freeze tx in the captured source).,"[{""body_hash"": ""sha256:e635751e58a561c556ba39ccac4a6b8ffbc0c249c5833e5530cbe8bbcb82dac6"", ""body_path"": ""sources/http_captures/eu-16th-russia-sanctions-2025/primary/web.archive.org__web-20250301000000-https-finance.ec.europa.eu-news-eu-adopts-16th-package-sanctions-against-russia-2025-02-24_en__ef32c394a1.html"", ""url"": ""https://finance.ec.europa.eu/news/eu-adopts-16th-package-sanctions-against-russia-2025-02-24_en"", ""wayback"": ""https://web.archive.org/web/20250318121030/https://finance.ec.europa.eu/news/eu-adopts-16th-package-sanctions-against-russia-2025-02-24_en""}]",unadjudicated_risk_flag
eu-18th-russia-sanctions-casp-spfs-2025,admitted,events/eu-18th-russia-sanctions-casp-spfs-2025.yaml,4,asset_onchain,"[""missing_capture_or_anchor""]",The package prohibits transactions with a listed CASP/operator class; it does not itself freeze specific on-chain assets/addresses (no enumerated addresses; no issuer freeze tx in the captured source).,"[{""body_hash"": ""sha256:48205d9d6c844e0ae49f09c880e95ec65ac77c978e557d801861f1b6919dfcb1"", ""body_path"": ""sources/http_captures/eu-18th-russia-sanctions-casp-spfs-2025/primary/web.archive.org__web-20250801000000-https-finance.ec.europa.eu-news-eu-adopts-18th-package-sanctions-against-russia-2025-07-18_en__17e8fac1f5.html"", ""url"": ""https://finance.ec.europa.eu/news/eu-adopts-18th-package-sanctions-against-russia-2025-07-18_en"", ""wayback"": ""https://web.archive.org/web/20250805164642/https://finance.ec.europa.eu/news/eu-adopts-18th-package-sanctions-against-russia-2025-07-18_en""}]",unadjudicated_risk_flag
eu-19th-russia-sanctions-a7a5-crypto-ban-2025,admitted,events/eu-19th-russia-sanctions-a7a5-crypto-ban-2025.yaml,4,asset_onchain,"[""missing_capture_or_anchor""]","The package prohibits EU persons from transacting in the A7A5 stablecoin and designates its developer/issuer/platform operator; it is carried as a transaction/service prohibition. No specific on-chain address or issuer-freeze tx hash is enumerated in the captured sources (codebook §1.6), so no primary_onchain observed_change is asserted; the effect is carried at offramp_cex instead.","[{""body_hash"": ""sha256:405b69089a485505187b39ad3b3c07f3fdb305d340e70eabba1c46f12bb81a8d"", ""body_path"": ""sources/http_captures/eu-19th-russia-sanctions-a7a5-crypto-ban-2025/primary/web.archive.org__web-20251024000000-https-www.consilium.europa.eu-en-press-press-releases-2025-10-23-19th-package-of-sanctions-against-russia-eu-targets-russian-energy__cd341e65af.html"", ""url"": ""https://www.consilium.europa.eu/en/press/press-releases/2025/10/23/19th-package-of-sanctions-against-russia-eu-targets-russian-energy-third-country-banks-and-crypto-providers/"", ""wayback"": ""https://web.archive.org/web/20251023125146/https://www.consilium.europa.eu/en/press/press-releases/2025/10/23/19th-package-of-sanctions-against-russia-eu-targets-russian-energy-third-country-banks-and-crypto-providers/""}, {""body_hash"": ""sha256:489642274d0efd48b47f7c5941630e7455583e6005c71e7138a71fa97538fabc"", ""body_path"": ""sources/http_captures/eu-19th-russia-sanctions-a7a5-crypto-ban-2025/primary/web.archive.org__web-20260207000000-https-www.elliptic.co-blog-crypto-regulatory-affairs-eu-sanctions-target-a7a5-ruble-backed-stablecoin__fdc0f33728.html"", ""url"": ""https://www.elliptic.co/blog/crypto-regulatory-affairs-eu-sanctions-target-a7a5-ruble-backed-stablecoin"", ""wayback"": ""https://web.archive.org/web/20260207172617/https://www.elliptic.co/blog/crypto-regulatory-affairs-eu-sanctions-target-a7a5-ruble-backed-stablecoin""}]",unadjudicated_risk_flag
eu-20th-russia-sanctions-crypto-sectoral-ban-2026,admitted,events/eu-20th-russia-sanctions-crypto-sectoral-ban-2026.yaml,4,asset_onchain,"[""missing_capture_or_anchor""]","The package bans transactions in the RUBx stablecoin and cuts EU support for the digital rouble, but enumerates no specific on-chain address or issuer-freeze tx hash in the captured sources (codebook §1.6); the operative measure is a sectoral provider/platform and transaction prohibition carried at offramp_cex.","[{""body_hash"": ""sha256:dde0761ac107026002e4d2785237be0ae0fbfa45a06401a4b41c134e696e09e7"", ""body_path"": ""sources/http_captures/eu-20th-russia-sanctions-crypto-sectoral-ban-2026/primary/web.archive.org__web-20260429000000-https-www.consilium.europa.eu-en-press-press-releases-2026-04-23-russia-s-war-of-aggression-against-ukraine-20th-round-of-stern-eu-s__d537f28bcf.html"", ""url"": ""https://www.consilium.europa.eu/en/press/press-releases/2026/04/23/russia-s-war-of-aggression-against-ukraine-20th-round-of-stern-eu-sanctions-hits-energy-military-industrial-complex-trade-and-financial-services-including-crypto/"", ""wayback"": ""https://web.archive.org/web/20260428125431/https://www.consilium.europa.eu/en/press/press-releases/2026/04/23/russia-s-war-of-aggression-against-ukraine-20th-round-of-stern-eu-sanctions-hits-energy-military-industrial-complex-trade-and-financial-services-including-crypto/""}, {""body_hash"": ""sha256:e500e7176dd644a35d65c3bb48c3c0cfdb646520e3b2d1ce2a2be8cb2bb62992"", ""body_path"": ""sources/http_captures/eu-20th-russia-sanctions-crypto-sectoral-ban-2026/primary/web.archive.org__web-20260428000000-https-www.coindesk.com-policy-2026-04-27-eu-s-largest-measures-against-russia-yet-include-escalation-of-crypto-sanctions-evasion__07ea43a18f.html"", ""url"": ""https://www.coindesk.com/policy/2026/04/27/eu-s-largest-measures-against-russia-yet-include-escalation-of-crypto-sanctions-evasion"", ""wayback"": ""https://web.archive.org/web/20260427194653/https://www.coindesk.com/policy/2026/04/27/eu-s-largest-measures-against-russia-yet-include-escalation-of-crypto-sanctions-evasion""}]",unadjudicated_risk_flag
eu-8th-package-russia-crypto-services-ban-2022-10,admitted,events/eu-8th-package-russia-crypto-services-ban-2022-10.yaml,4,asset_onchain,"[""missing_capture_or_anchor""]",The ban prohibits SERVICE PROVISION (wallets/accounts/custody) to a sanctioned person-class; it does not itself freeze specific on-chain assets/addresses (no enumerated addresses; no issuer freeze tx).,"[{""body_hash"": ""sha256:25f907f04ba923199960626483b6dcb00b7c79ad39ff73ac2fe13947b6b19b17"", ""body_path"": ""sources/http_captures/eu-8th-package-russia-crypto-services-ban-2022-10/primary/web.archive.org__web-20221015000000-https-finance.ec.europa.eu-news-eu-agrees-eighth-package-sanctions-against-russia-2022-10-06_en__916ffa41ed.html"", ""url"": ""https://finance.ec.europa.eu/news/eu-agrees-eighth-package-sanctions-against-russia-2022-10-06_en"", ""wayback"": ""https://web.archive.org/web/20250530212527/https://finance.ec.europa.eu/news/eu-agrees-eighth-package-sanctions-against-russia-2022-10-06_en""}, {""body_hash"": ""sha256:4c49f5d6214ffd0c8bce614116e817c76a65a1b25d7dfacc7832abdc67ba588f"", ""body_path"": ""sources/http_captures/eu-8th-package-russia-crypto-services-ban-2022-10/primary/web.archive.org__web-20221008000000-https-www.coindesk.com-policy-2022-10-06-eus-russian-crypto-ban-confirmed-as-bloc-tightens-sanctions__6292511487.html"", ""url"": ""https://www.coindesk.com/policy/2022/10/06/eus-russian-crypto-ban-confirmed-as-bloc-tightens-sanctions"", ""wayback"": ""https://web.archive.org/web/20221007045409/https://www.coindesk.com/policy/2022/10/06/eus-russian-crypto-ban-confirmed-as-bloc-tightens-sanctions/""}]",unadjudicated_risk_flag
evil-corp-ofac-2024-10,admitted,events/evil-corp-ofac-2024-10.yaml,4,asset_onchain,"[""missing_capture_or_anchor""]","The 2024-10-01 designation names individuals and corporate entities (Evil Corp members/facilitators) rather than enumerating crypto addresses in the SDN entry; no asset_onchain freeze surface tied to a pre-named address set is asserted, and no primary_onchain tx_hash is held.","[{""body_hash"": ""sha256:acff2559861b6e13bb3fbf6287c8f36d612174bdedac3744c5dc9b7d2c67663a"", ""body_path"": ""sources/http_captures/evil-corp-ofac-2024-10/primary/web.archive.org__web-20241002120000-https-home.treasury.gov-news-press-releases-jy2623__f5d9c9c476.html"", ""url"": ""https://home.treasury.gov/news/press-releases/jy2623"", ""wayback"": ""https://web.archive.org/web/20241002115708/https://home.treasury.gov/news/press-releases/jy2623""}]",unadjudicated_risk_flag
garantex-besciokov-mira-serda-doj-2025,admitted,events/garantex-besciokov-mira-serda-doj-2025.yaml,4,asset_onchain,"[""missing_capture_or_anchor""]","The captured DOJ release describes a >$26M fund freeze but lists no on-chain wallet addresses or transaction hashes; per codebook §1.6 the asset_onchain evidence floor (a real primary_onchain tx_hash) is not met, so no asset_onchain observation is asserted. The frozen-funds effect is not carried as a distinct on-chain row; the operative censorship action is the domain seizure (l4_frontend) and operational disruption (offramp_cex).","[{""body_hash"": ""sha256:ec3f812163ed57d80e8af1d4a66cb9d3d156008e80556df0833e6061bfbb8d8a"", ""body_path"": ""sources/http_captures/garantex-besciokov-mira-serda-doj-2025/primary/web.archive.org__web-20250307000000-https-www.justice.gov-opa-pr-garantex-cryptocurrency-exchange-disrupted-international-operation__d76e9d3a2a.html"", ""url"": ""https://web.archive.org/web/20250307000000/https://www.justice.gov/opa/pr/garantex-cryptocurrency-exchange-disrupted-international-operation"", ""wayback"": ""https://web.archive.org/web/20250307191431/https://www.justice.gov/opa/pr/garantex-cryptocurrency-exchange-disrupted-international-operation""}]",unadjudicated_risk_flag
gemini-netherlands-exit-2023-11,admitted,events/gemini-netherlands-exit-2023-11.yaml,4,asset_onchain,"[""missing_capture_or_anchor""]",No on-chain token freeze; a centralized exchange exiting a national market. No §1.6 asset_onchain tx_hash floor applies.,"[{""body_hash"": ""sha256:2c3471a8fb196710e613f237bc94f72cf068094491acdecc77c61ab1c4a2e9fd"", ""body_path"": ""sources/http_captures/gemini-netherlands-exit-2023-11/primary-gemini-wayback-v1/web.archive.org__web-20231208060627-https-support.gemini.com-hc-en-us-articles-19053340588187-Gemini-closing-accounts-in-the-Netherlands-Everything-you-need-to-know__23d44b8427.html"", ""url"": ""https://support.gemini.com/hc/en-us/articles/19053340588187-Gemini-closing-accounts-in-the-Netherlands-Everything-you-need-to-know"", ""wayback"": ""https://web.archive.org/web/20231208060627/https://support.gemini.com/hc/en-us/articles/19053340588187-Gemini-closing-accounts-in-the-Netherlands-Everything-you-need-to-know""}, {""body_hash"": ""sha256:18d5f55197f40afa004b6ed0a8bbd240cbefac4e140233e5c52c886a9079ecda"", ""body_path"": ""sources/http_captures/gemini-netherlands-exit-2023-11/primary/web.archive.org__web-20240615053708-https-www.coindesk.com-policy-2023-09-29-gemini-to-cease-offering-crypto-services-in-netherlands-in-november__7aed9116c7.html"", ""url"": ""https://www.coindesk.com/policy/2023/09/29/gemini-to-cease-offering-crypto-services-in-netherlands-in-november"", ""wayback"": ""https://web.archive.org/web/20240615053708/https://www.coindesk.com/policy/2023/09/29/gemini-to-cease-offering-crypto-services-in-netherlands-in-november/""}]",unadjudicated_risk_flag
germany-bafin-binance-licence-withdrawal-2023,admitted,events/germany-bafin-binance-licence-withdrawal-2023.yaml,3,l4_frontend,"[""missing_capture_or_anchor""]","No replayable Binance.com Germany-geo page state is pinned. The repaired event does not assert a frontend geofence, banner, or DOM restriction; it is scoped to the licence-application / service-provider state.","[{""body_hash"": ""sha256:e6024f8b49411b9a80c6db5d0d97ea71044f8bfa2c6aa8474dd0f8729ffca38f"", ""body_path"": ""sources/http_captures/germany-bafin-binance-licence-withdrawal-2023/bafin/www.bafin.de__SharedDocs-Veroeffentlichungen-EN-Merkblatt-mb_200302_kryptoverwahrgeschaeft_en__7735676cee.html"", ""url"": ""https://www.bafin.de/SharedDocs/Veroeffentlichungen/EN/Merkblatt/mb_200302_kryptoverwahrgeschaeft_en""}, {""body_hash"": ""sha256:8ca3964fc655c3f17413afa3602b18b2cb2d19617a6db37e9dd34816dfc00a1a"", ""body_path"": ""sources/http_captures/germany-bafin-binance-licence-withdrawal-2023/primary/www.pymnts.com__cryptocurrency-2023-binance-retreats-germany-crypto-landscape-shifts-significantly__18947af64a.html"", ""url"": ""https://www.pymnts.com/cryptocurrency/2023/binance-retreats-germany-crypto-landscape-shifts-significantly/""}, {""body_hash"": ""sha256:ae9682d626ce853bb189e6d97a1d17805b966afa53a9c6f0aa81643bff5673a9"", ""body_path"": ""sources/http_captures/germany-bafin-binance-licence-withdrawal-2023/primary/www.investing.com__news-stock-market-news-binance-withdraws-application-for-crypto-license-in-germany-3134579__73c4dd7dbd.html"", ""url"": ""https://www.investing.com/news/stock-market-news/binance-withdraws-application-for-crypto-license-in-germany-3134579""}]",unadjudicated_risk_flag
hanafin-huriya-russia-evasion-ofac-2023-05,admitted,events/hanafin-huriya-russia-evasion-ofac-2023-05.yaml,4,asset_onchain,"[""missing_capture_or_anchor"", ""absence_of_observed_action""]","Hanafin's SDN entry names one Ethereum address (mostly USDT inflows). Per codebook §1.6, this event makes no on-chain claim absent a captured primary_onchain freeze tx_hash; the measurable surface is carried at offramp_cex. Not reclassified to escape the asset_onchain evidence floor.","[{""body_hash"": ""sha256:b3ee6a6ba713b4c6f7c4d1a6ca05efafc98391061e97bc1b31a7f35595965c09"", ""body_path"": ""sources/http_captures/hanafin-huriya-russia-evasion-ofac-2023-05/primary/web.archive.org__web-20230519000000-https-home.treasury.gov-news-press-releases-jy1494__49f614ecb7.html"", ""url"": ""https://home.treasury.gov/news/press-releases/jy1494"", ""wayback"": ""https://web.archive.org/web/20230519161141/https://home.treasury.gov/news/press-releases/jy1494""}, {""body_hash"": ""sha256:7d7cb183e4070782d4e18efe91394d9b59749d20d62c7481815e2f9ec8b56d0d"", ""body_path"": ""sources/http_captures/hanafin-huriya-russia-evasion-ofac-2023-05/primary/web.archive.org__web-20230519000000-https-ofac.treasury.gov-recent-actions-20230519__7ac3487571.html"", ""url"": ""https://ofac.treasury.gov/recent-actions/20230519"", ""wayback"": ""https://web.archive.org/web/20230519152222/https://ofac.treasury.gov/recent-actions/20230519""}]",unadjudicated_risk_flag
hongkong-hkma-stablecoins-ordinance-2025,admitted,events/hongkong-hkma-stablecoins-ordinance-2025.yaml,4,asset_onchain,"[""missing_capture_or_anchor""]","Stablecoin issuance licensing constrains who may legally issue a fiat-referenced stablecoin in HK; it does not engage an on-chain issuer-admin freeze/blacklist primitive at commencement, and no enumerated on-chain transaction is pinned. not_applicable on construct-not-engaged grounds; the licensing cascade is recorded at the offramp_cex layer (validator reserves asset_onchain observed_change for primary_onchain-anchored events).","[{""body_hash"": ""sha256:dfe19a0319bb00b19e95b5a23a029e39943e255ab3cb2eb9dd79ef6f892141bd"", ""body_path"": ""sources/http_captures/hongkong-hkma-stablecoins-ordinance-2025/primary/web.archive.org__web-20250115063707-https-www.hkma.gov.hk-eng-key-functions-international-financial-centre-stablecoin-issuers__e4d660a0cf.html"", ""url"": ""https://www.hkma.gov.hk/eng/key-functions/international-financial-centre/stablecoin-issuers/"", ""wayback"": ""https://web.archive.org/web/20250115063707/https://www.hkma.gov.hk/eng/key-functions/international-financial-centre/stablecoin-issuers/""}, {""body_hash"": ""sha256:90f3fdd8696ae240e5f8effd9ae8927d232af48a8a5baf45a7e7eb924b06a892"", ""body_path"": ""sources/http_captures/hongkong-hkma-stablecoins-ordinance-2025/primary/web.archive.org__web-20250624141341-https-www.info.gov.hk-gia-general-202506-06-P2025060600275.htm__dec4beae1b.html"", ""url"": ""https://www.info.gov.hk/gia/general/202506/06/P2025060600275.htm"", ""wayback"": ""https://web.archive.org/web/20250624141341/https://www.info.gov.hk/gia/general/202506/06/P2025060600275.htm""}, {""body_hash"": ""sha256:b0e317f3689c605d908d531bb44dd84fe6b21955049a99787255fa27902f3f31"", ""body_path"": ""sources/http_captures/hongkong-hkma-stablecoins-ordinance-2025/primary/web.archive.org__web-20250729123352-https-www.hkma.gov.hk-eng-news-and-media-press-releases-2025-07-20250729-4__281a2f1531.html"", ""url"": ""https://www.hkma.gov.hk/eng/news-and-media/press-releases/2025/07/20250729-4/"", ""wayback"": ""https://web.archive.org/web/20250729123352/https://www.hkma.gov.hk/eng/news-and-media/press-releases/2025/07/20250729-4/""}]",unadjudicated_risk_flag
huobi-htx-privacy-coin-delisting-2024,admitted,events/huobi-htx-privacy-coin-delisting-2024.yaml,3,l4_frontend,"[""missing_capture_or_anchor""]","The Huobi customer-support / announcement notice surface is the announcement anchor, not a separable frontend-restriction observation distinct from the off-ramp catalogue change. Frontend visibility of removed pairs collapses in lockstep with the off-ramp action; no independent L4 surface is pinned here. Treated symmetrically with the L4 handling in binance-privacy-coin-delisting-2023, okx-privacy-token-delist-2024, and kraken-monero-eu-delisting-2024.","[{""body_hash"": ""sha256:213480616d1bd2d9ba4dd2c9552c3edd36ffa33b3565ce7f4ad46cc1a4837844"", ""body_path"": ""sources/http_captures/huobi-htx-privacy-coin-delisting-2024/primary/web.archive.org__web-20220912093023-https-www.huobi.com-support-en-us-detail-104917015223952__fc3bbca22e.html"", ""url"": ""https://www.huobi.com/support/en-us/detail/104917015223952"", ""wayback"": ""https://web.archive.org/web/20220912093023/https://www.huobi.com/support/en-us/detail/104917015223952""}, {""body_hash"": ""sha256:8861a91f14b74c88a96f024e688262aa2b9ba5a0f214a838cd913918e8b2e995"", ""body_path"": ""sources/http_captures/huobi-htx-privacy-coin-delisting-2024/primary/web.archive.org__web-20220913000000-https-www.coindesk.com-business-2022-09-12-crypto-exchange-huobi-to-delist-7-privacy-coins-including-zcash-monero__791141af9e.html"", ""url"": ""https://www.coindesk.com/business/2022/09/12/crypto-exchange-huobi-to-delist-7-privacy-coins-including-zcash-monero"", ""wayback"": ""https://web.archive.org/web/20220912212806/https://www.coindesk.com/business/2022/09/12/crypto-exchange-huobi-to-delist-7-privacy-coins-including-zcash-monero/""}, {""body_hash"": ""sha256:bc1a3cd1ae472fb486f36a7004bea36ee7443d8929801a443526bd41a95f061d"", ""body_path"": ""sources/http_captures/huobi-htx-privacy-coin-delisting-2024/primary/web.archive.org__web-20220913000000-https-decrypt.co-109513-crypto-exchange-huobi-delist-7-privacy-coins-citing-latest-financial-regulations__e5694902e5.html"", ""url"": ""https://decrypt.co/109513/crypto-exchange-huobi-delist-7-privacy-coins-citing-latest-financial-regulations"", ""wayback"": ""https://web.archive.org/web/20220912165759/https://decrypt.co/109513/crypto-exchange-huobi-delist-7-privacy-coins-citing-latest-financial-regulations""}]",unadjudicated_risk_flag
indonesia-kominfo-exchange-social-account-block-2024-07,admitted,events/indonesia-kominfo-exchange-social-account-block-2024-07.yaml,0,l0_network,"[""missing_capture_or_anchor""]","This wave is a takedown of the exchanges' social-media accounts (Instagram) and is coordinated with domain blocking, but no replayable OONI/Censored Planet L0 slice is captured for this event, so L0 is not_applicable here. The load-bearing surface is the platform-facing account/frontend takedown.","[{""body_hash"": ""sha256:c2ff1ea82fa3d2d1b54029f1146d986fe21d3897474058d260f1ed57602efd1a"", ""body_path"": ""sources/http_captures/indonesia-kominfo-exchange-social-account-block-2024-07/primary/web.archive.org__web-20240824083712-https-bisnis.tempo.co-read-1893370-kominfo-blokir-akun-medsos-binance-dan-kucoin-ini-penjelasan-bappebti-hingga-tokocrypto__e32ab4134f.html"", ""url"": ""https://web.archive.org/web/20240824083712/https://bisnis.tempo.co/read/1893370/kominfo-blokir-akun-medsos-binance-dan-kucoin-ini-penjelasan-bappebti-hingga-tokocrypto"", ""wayback"": ""https://web.archive.org/web/20240824083712/https://bisnis.tempo.co/read/1893370/kominfo-blokir-akun-medsos-binance-dan-kucoin-ini-penjelasan-bappebti-hingga-tokocrypto""}]",unadjudicated_risk_flag
iran-cbi-exchange-payment-gateway-block-2024-12,admitted,events/iran-cbi-exchange-payment-gateway-block-2024-12.yaml,4,asset_onchain,"[""absence_of_observed_action""]",The action engages no issuer-side blacklist or on-chain freeze method; it operates on the fiat rial payment rail. not_applicable (codebook §1.6).,"[{""body_hash"": ""sha256:057a38614a03a5546d2264c6ddd4f97bc91cef7c3dfa8e860adae87e2b087952"", ""body_path"": ""sources/http_captures/iran-cbi-exchange-freeze-2024-10/secondary/web.archive.org__web-20251226045735-https-www.intellinews.com-iran-central-bank-blocks-crypto-payments-amid-industry-backlash-359655__60b8322af4.html"", ""url"": ""https://web.archive.org/web/20251226045735/https://www.intellinews.com/iran-central-bank-blocks-crypto-payments-amid-industry-backlash-359655/"", ""wayback"": ""https://web.archive.org/web/20251226045735/https://www.intellinews.com/iran-central-bank-blocks-crypto-payments-amid-industry-backlash-359655/""}]",unadjudicated_risk_flag
israel-nbctf-hamas-crypto-addresses-2021,admitted,events/israel-nbctf-hamas-crypto-addresses-2021.yaml,4,asset_onchain,"[""absence_of_observed_action""]","Not classified as an observed-change layer at admission. BTC holdings cannot be protocol-frozen, and no pinnable issuer-level (Tether destroyBlackFunds/addBlackList) or forfeiture transaction hash against the 84-address NBCTF roster was verifiable at audit time. The enforceable censorship effect is therefore classified at offramp_cex (exchange/issuer freezes of deposit clusters) rather than asserted on-chain. The seized address roster remains documented in target.enumeration_note for a future on-chain authoring pass.","[{""url"": ""https://www.chainalysis.com/blog/israel-hamas-cryptocurrency-seizure-july-2021/"", ""wayback"": ""https://web.archive.org/web/2021/https://www.chainalysis.com/blog/israel-hamas-cryptocurrency-seizure-july-2021/""}, {""url"": ""https://www.merklescience.com/blog/israel-issues-seizure-orders"", ""wayback"": ""https://web.archive.org/web/2021/https://www.merklescience.com/blog/israel-issues-seizure-orders""}, {""url"": ""https://www.theblock.co/post/110725/israeli-counterterror-authority-seizes-84-crypto-addresses-it-says-belong-to-hamas"", ""wayback"": ""https://web.archive.org/web/2021/https://www.theblock.co/post/110725/israeli-counterterror-authority-seizes-84-crypto-addresses-it-says-belong-to-hamas""}]",unadjudicated_risk_flag
japan-fsa-dmm-bitcoin-order-2024-09,admitted,events/japan-fsa-dmm-bitcoin-order-2024-09.yaml,4,asset_onchain,"[""missing_capture_or_anchor""]","~4,502.9 BTC private-key compromise on 2024-05-31 (the precipitating event behind the FSA order). Stolen-funds flow was traced on-chain by Chainalysis, Elliptic, MerkleScience, and ZachXBT; subsequent Bitcoin→Bitcoin-CashShuffle/HuionePay laundering paths are documented in 2024-Q4 attribution reports. No state-issued asset-layer freeze primitive applies (the on-chain trail is private-sector tracing, not an OFAC-style address designation). partially_measured pending pinned anchors for the stolen-funds tx-hash cluster and the Chainalysis/ Elliptic/MerkleScience attribution publications.","[{""url"": ""https://www.fsa.go.jp/news/r6/sonota/"", ""wayback"": ""https://web.archive.org/web/2024/https://www.fsa.go.jp/news/r6/sonota/""}, {""body_hash"": ""sha256:3a4d45f45728130a33364155da381c5d5b59dddbf6512784a982846b58f7c91b"", ""body_path"": ""sources/http_captures/japan-fsa-dmm-bitcoin-order-2024-09/primary/web.archive.org__web-20240930101400-https-www.regulationasia.com-japan-fsa-issues-business-improvement-order-on-dmm-bitcoin__cf2fd425a7.html"", ""url"": ""https://www.regulationasia.com/japan-fsa-issues-business-improvement-order-on-dmm-bitcoin/"", ""wayback"": ""https://web.archive.org/web/20240930101400/https://www.regulationasia.com/japan-fsa-issues-business-improvement-order-on-dmm-bitcoin/""}, {""url"": ""https://securityaffairs.com/172290/hacking/dmm-bitcoin-308m-theft-linked-north-korea.html"", ""wayback"": ""https://web.archive.org/web/2024/https://securityaffairs.com/172290/hacking/dmm-bitcoin-308m-theft-linked-north-korea.html""}]",unadjudicated_risk_flag
japan-fsa-margin-leverage-cap-2x-2020-05,rejected,events/japan-fsa-margin-leverage-cap-2x-2020-05.yaml,4,asset_onchain,"[""missing_capture_or_anchor""]","No issuer-side token freeze, blacklist, burn, or address set is involved. The asset_onchain tx_hash floor is not engaged.","[{""body_hash"": ""sha256:1f7504f2994c68fd2b09ad97bdd6d28b1a8cbfa0d770cd23ae663a06f166ca31"", ""body_path"": ""sources/http_captures/japan-fsa-margin-leverage-cap-2x-2020-05/primary/www.fsa.go.jp__en-newsletter-accessfsa2020-201.pdf__0258b03d06.bin"", ""url"": ""https://www.fsa.go.jp/en/newsletter/accessfsa2020/201.pdf""}, {""body_hash"": ""sha256:f9dc25e14b5c9a8f14a509582d4f83e2266930ae28db38961efe300704c8f629"", ""body_path"": ""sources/http_captures/japan-fsa-margin-leverage-cap-2x-2020-05/primary/www.fsa.go.jp__en-news-2022-20220914-2-02.pdf__e6c759abb3.bin"", ""url"": ""https://www.fsa.go.jp/en/news/2022/20220914-2/02.pdf""}, {""body_hash"": ""sha256:8a171f686dfcb00d2b1d225308568c7ca0d200a05479ec4115dc02b9f55bf7c9"", ""body_path"": ""sources/http_captures/japan-fsa-margin-leverage-cap-2x-2020-05/primary/www.japaneselawtranslation.go.jp__en-laws-download-4748-09-h19Cop00520504en15.0_r4O20.pdf__83a4a0a88c.bin"", ""url"": ""https://www.japaneselawtranslation.go.jp/en/laws/download/4748/09/h19Cop00520504en15.0_r4O20.pdf""}, {""body_hash"": ""sha256:cc93b6c5d35684697f3b29ca404527dc6268dce4cbade6352ceb9a2c6eaf490d"", ""body_path"": ""sources/http_captures/japan-fsa-margin-leverage-cap-2x-2020-05/primary/www.fsa.go.jp__en-newsletter-weekly2020-391.html__a8e715811a.html"", ""url"": ""https://www.fsa.go.jp/en/newsletter/weekly2020/391.html""}]",unadjudicated_risk_flag
korea-fsc-privacy-coin-delisting-mandate-2021-03,admitted,events/korea-fsc-privacy-coin-delisting-mandate-2021-03.yaml,4,asset_onchain,"[""missing_capture_or_anchor"", ""absence_of_observed_action""]","The mechanism is an exchange-handling/delisting prohibition, not an on-chain freeze of the privacy-coin contracts (Monero/Dash/Zcash are independent L1 chains with no issuer freeze entrypoint). Per codebook §1.6 the effect is carried at offramp_cex, not asset_onchain; no primary_onchain tx_hash exists or is asserted.","[{""body_hash"": ""sha256:a2c7fdcad3bd103de21b2e38077b851fc63e3ee7792180b45a2f1798b8701ff2"", ""body_path"": ""sources/http_captures/korea-fsc-privacy-coin-delisting-mandate-2021-03/primary-fsc-nowww/fsc.go.kr__no010101-75591__80c5090d3f.html"", ""url"": ""https://fsc.go.kr/no010101/75591""}, {""body_hash"": ""sha256:010a8ed8d4c6d10d2aed336211eca9d7a6f05d7e923fb6c084d4a0a2edec15a7"", ""body_path"": ""sources/http_captures/korea-fsc-privacy-coin-delisting-mandate-2021-03/primary-fsc-pdf/fsc.go.kr__comm-getFile__99d4d4b302.bin"", ""url"": ""https://fsc.go.kr/comm/getFile?srvcId=BBSTY1&upperNo=75591&fileTy=ATTACH&fileNo=2""}, {""body_hash"": ""sha256:0db6fbd0fde1a06682603c614aa565696119b03b0ab32e6f954305843b85f62a"", ""body_path"": ""sources/http_captures/korea-fsc-privacy-coin-delisting-mandate-2021-03/primary/web.archive.org__web-20260114063228-https-cointelegraph.com-news-south-korean-financial-watchdog-to-ban-privacy-coins__3faf32edcd.html"", ""url"": ""https://cointelegraph.com/news/south-korean-financial-watchdog-to-ban-privacy-coins"", ""wayback"": ""https://web.archive.org/web/20260114063228/https://cointelegraph.com/news/south-korean-financial-watchdog-to-ban-privacy-coins""}, {""body_hash"": ""sha256:4a401cc50c7d3ea4f5ad5e0be211885e2e76f98c6097f32df87a35d5866c6070"", ""body_path"": ""sources/http_captures/korea-fsc-privacy-coin-delisting-mandate-2021-03/primary/web.archive.org__web-20260105125739-https-www.cpomagazine.com-data-privacy-south-koreas-new-crypto-aml-law-bans-trading-of-privacy-coins-monero-zcash__fcf7d78321.html"", ""url"": ""https://www.cpomagazine.com/data-privacy/south-koreas-new-crypto-aml-law-bans-trading-of-privacy-coins-monero-zcash/"", ""wayback"": ""https://web.archive.org/web/20260105125739/https://www.cpomagazine.com/data-privacy/south-koreas-new-crypto-aml-law-bans-trading-of-privacy-coins-monero-zcash/""}]",unadjudicated_risk_flag
kraken-monero-eu-delisting-2024,admitted,events/kraken-monero-eu-delisting-2024.yaml,3,l4_frontend,"[""missing_capture_or_anchor""]","The Kraken support-article notice is itself the announcement surface, not a separable frontend-restriction observation distinct from the off-ramp catalogue change. Frontend visibility of removed pairs for EEA users collapses in lockstep with the off-ramp action; no independent L4 surface is pinned here. Treated symmetrically with the L4 handling in binance-privacy-coin-delisting-2023 and okx-privacy-token-delist-2024.","[{""url"": ""https://support.kraken.com/articles/support-for-monero-xmr-in-europe"", ""wayback"": ""https://web.archive.org/web/2024/https://support.kraken.com/articles/support-for-monero-xmr-in-europe""}]",unadjudicated_risk_flag
kucoin-doj-2024,admitted,events/kucoin-doj-2024.yaml,0,l0_network,"[""absence_of_observed_action""]","No network-layer blocking observed; the cascade surface is exchange- level US-resident off-boarding, not ISP / DNS filtering of kucoin.com.","[{""url"": ""https://www.justice.gov/usao-sdny/pr/founders-and-executives-global-cryptocurrency-exchange-charged-bank-secrecy-act-and"", ""wayback"": ""https://web.archive.org/web/20260516000000/https://www.justice.gov/usao-sdny/pr/founders-and-executives-global-cryptocurrency-exchange-charged-bank-secrecy-act-and""}, {""url"": ""https://www.cftc.gov/PressRoom/PressReleases/8866-24"", ""wayback"": ""https://web.archive.org/web/20260516000000/https://www.cftc.gov/PressRoom/PressReleases/8866-24""}, {""url"": ""https://www.fincen.gov/news/news-releases""}]",unadjudicated_risk_flag
kucoin-doj-2024,admitted,events/kucoin-doj-2024.yaml,2,l3_rpc,"[""missing_capture_or_anchor""]",Public RPC providers' filter lists are not implicated. No KuCoin- specific RPC rejection or docs/status-page change is pinned.,"[{""url"": ""https://www.justice.gov/usao-sdny/pr/founders-and-executives-global-cryptocurrency-exchange-charged-bank-secrecy-act-and"", ""wayback"": ""https://web.archive.org/web/20260516000000/https://www.justice.gov/usao-sdny/pr/founders-and-executives-global-cryptocurrency-exchange-charged-bank-secrecy-act-and""}, {""url"": ""https://www.cftc.gov/PressRoom/PressReleases/8866-24"", ""wayback"": ""https://web.archive.org/web/20260516000000/https://www.cftc.gov/PressRoom/PressReleases/8866-24""}, {""url"": ""https://www.fincen.gov/news/news-releases""}]",unadjudicated_risk_flag
morocco-office-des-changes-crypto-ban-2017-11,admitted,events/morocco-office-des-changes-crypto-ban-2017-11.yaml,0,l0_network,"[""missing_capture_or_anchor""]","The Office des Changes statement is an FX-control-law prohibition, not an ISP/DNS network block; no replayable L0 measurement is captured (codebook §1.5).","[{""body_hash"": ""sha256:ca3f1c1ded2254ee75c78f960d93c80e28e46e5445ecff0b92d244d4afddf583"", ""body_path"": ""sources/http_captures/morocco-office-des-changes-crypto-ban-2017-11/primary-office-des-changes-page/www.oc.gov.ma__fr-actualites-communique-mise-au-point-au-sujet-de-l-utilisation-des-monnaies-virtuelles__1f1d7aa6bb.html"", ""url"": ""https://www.oc.gov.ma/fr/actualites/communique-mise-au-point-au-sujet-de-l-utilisation-des-monnaies-virtuelles""}, {""body_hash"": ""sha256:a2b36ed7b6eb898f8ae2c8bc6c4d5b41640372410b9ce26ef1b8f18e65771cdd"", ""body_path"": ""sources/http_captures/morocco-office-des-changes-crypto-ban-2017-11/primary-office-des-changes-pdf/www.oc.gov.ma__sites-default-files-2018-05-communique-CC-81-20monnaies-20virtuelles-20fr.pdf__4cc6ec2c28.bin"", ""url"": ""https://www.oc.gov.ma/sites/default/files/2018-05/communique%CC%81%20monnaies%20virtuelles%20fr.pdf""}, {""body_hash"": ""sha256:6b2d52b9a56def12ee6f42bd90a723cb6e26a01d688600e74191f0c98c3c6609"", ""body_path"": ""sources/http_captures/morocco-office-des-changes-crypto-ban-2017-11/primary/web.archive.org__web-20171209152107-https-www.moroccoworldnews.com-2017-11-234382-bitcoin-morocco-cryptocurrencies-economy__be7ba8bf29.html"", ""url"": ""https://www.moroccoworldnews.com/2017/11/234382/bitcoin-morocco-cryptocurrencies-economy/"", ""wayback"": ""https://web.archive.org/web/20171209152107/https://www.moroccoworldnews.com/2017/11/234382/bitcoin-morocco-cryptocurrencies-economy/""}, {""body_hash"": ""sha256:e2ce724fd9274b01b6432b03be523bb8ec39ed5abdbcd8a588665432f49eeae8"", ""body_path"": ""sources/http_captures/morocco-office-des-changes-crypto-ban-2017-11/tracker/web.archive.org__web-20220629151654-https-freemanlaw.com-cryptocurrency-morocco__5028aded5e.html"", ""url"": ""https://freemanlaw.com/cryptocurrency/morocco/"", ""wayback"": ""https://web.archive.org/web/20220629151654/https://freemanlaw.com/cryptocurrency/morocco/""}]",unadjudicated_risk_flag
myanmar-cbm-crypto-prohibition-directive-9-2020,admitted,events/myanmar-cbm-crypto-prohibition-directive-9-2020.yaml,4,asset_onchain,"[""absence_of_observed_action""]",The directive engages no issuer-side blacklist or on-chain freeze method. not_applicable on construct-did-not-exist grounds.,"[{""body_hash"": ""sha256:34c72f7b4b9149a3da0bf9aa77a26c09b667a458b58dc4b052005d8f9e639a17"", ""body_path"": ""sources/http_captures/myanmar-cbm-crypto-prohibition-directive-9-2020/primary-mfiu-annual-report-v1/www.mfiu.gov.mm__sites-default-files-document-files-2020-20Annual-20Report-20-28English-20Version-29.pdf__1b0a29a98a.bin"", ""url"": ""https://www.mfiu.gov.mm/sites/default/files/document/files/2020%20Annual%20Report%20%28English%20Version%29.pdf""}, {""body_hash"": ""sha256:0cd2cf34c9e091564c0875bfbf30099d5b3dda95acdd2a35738889da5bae2e48"", ""body_path"": ""sources/http_captures/myanmar-cbm-crypto-prohibition-directive-9-2020/primary/web.archive.org__web-20260120112720-https-www.tilleke.com-insights-myanmars-central-bank-issues-further-warning-against-crypto-trading__53bb7afc72.html"", ""url"": ""https://web.archive.org/web/20260120112720/https://www.tilleke.com/insights/myanmars-central-bank-issues-further-warning-against-crypto-trading/"", ""wayback"": ""https://web.archive.org/web/20260120112720/https://www.tilleke.com/insights/myanmars-central-bank-issues-further-warning-against-crypto-trading/""}]",unadjudicated_risk_flag
nemesis-parsarad-darknet-ofac-2025-03,admitted,events/nemesis-parsarad-darknet-ofac-2025-03.yaml,0,l0_network,"[""missing_capture_or_anchor""]","The designation acts on the SDN/sanctions surface; the Nemesis servers had already been seized (March 2024), and no nation-state network-layer block of a live domain is asserted. No OONI / Censored Planet replay slice was captured, so no L0 observation is admitted (codebook §1.5).","[{""body_hash"": ""sha256:fb6757db855c58916726cfa1b22ebea67f912d7ff24597db6585ffd7fa27b495"", ""body_path"": ""sources/http_captures/nemesis-parsarad-darknet-ofac-2025-03/primary/web.archive.org__web-20250305000000-https-ofac.treasury.gov-recent-actions-20250304__b643fa30bc.html"", ""url"": ""https://ofac.treasury.gov/recent-actions/20250304"", ""wayback"": ""https://web.archive.org/web/20250304201959/https://ofac.treasury.gov/recent-actions/20250304""}]",unadjudicated_risk_flag
nepal-nrb-bitcoin-ban-2017-08,admitted,events/nepal-nrb-bitcoin-ban-2017-08.yaml,0,l0_network,"[""missing_capture_or_anchor""]","The NRB notice is an FX-control-law prohibition, not an ISP/DNS network block; no replayable OONI / Censored Planet / Cloudflare Radar measurement is captured (per codebook §1.5, no L0 observation can be admitted without one).","[{""body_hash"": ""sha256:078c0b471d4f1588e31658a7c2e155aa90033ed586c05cdc4f9b8b2d6afb4721"", ""body_path"": ""sources/http_captures/nepal-nrb-bitcoin-ban-2017-08/primary-nrb-bitcoin-notice-live/www.nrb.org.np__contents-uploads-2019-12-BitcoinNotice.pdf__de5bdd24e0.bin"", ""url"": ""https://www.nrb.org.np/contents/uploads/2019/12/BitcoinNotice.pdf"", ""wayback"": ""https://web.archive.org/web/20190628001730id_/https://nrb.org.np/fxm/notices/BitcoinNotice.pdf""}, {""body_hash"": ""sha256:078c0b471d4f1588e31658a7c2e155aa90033ed586c05cdc4f9b8b2d6afb4721"", ""body_path"": ""sources/http_captures/nepal-nrb-bitcoin-ban-2017-08/primary-nrb-bitcoin-notice-wayback-2019-raw/web.archive.org__web-20190628001730id_-https-nrb.org.np-fxm-notices-BitcoinNotice.pdf__2489834dfd.bin"", ""url"": ""https://nrb.org.np/fxm/notices/BitcoinNotice.pdf"", ""wayback"": ""https://web.archive.org/web/20190628001730id_/https://nrb.org.np/fxm/notices/BitcoinNotice.pdf""}, {""body_hash"": ""sha256:88bbe7bbe77a4c9d12c93997c9a14771d17cdc34d9293c4a0f85451722c23163"", ""body_path"": ""sources/http_captures/nepal-nrb-bitcoin-ban-2017-08/primary/web.archive.org__web-20171006193823-http-kathmandupost.ekantipur.com-news-2017-10-06-7-nabbed-for-running-bitcoin-exchange-business.html__270840be88.html"", ""url"": ""http://kathmandupost.ekantipur.com/news/2017-10-06/7-nabbed-for-running-bitcoin-exchange-business.html"", ""wayback"": ""https://web.archive.org/web/20171006193823/http://kathmandupost.ekantipur.com/news/2017-10-06/7-nabbed-for-running-bitcoin-exchange-business.html""}, {""body_hash"": ""sha256:6d91346a536fb5977bd65163b96302689fba8861bfac9860cebe71a4f38ab586"", ""body_path"": ""sources/http_captures/nepal-nrb-bitcoin-ban-2017-08/tracker/web.archive.org__web-20220127132508-https-freemanlaw.com-cryptocurrency-nepal__c5e7c8e889.html"", ""url"": ""https://freemanlaw.com/cryptocurrency/nepal/"", ""wayback"": ""https://web.archive.org/web/20220127132508/https://freemanlaw.com/cryptocurrency/nepal/""}]",unadjudicated_risk_flag
nepal-nrb-comprehensive-crypto-ban-2021-09,admitted,events/nepal-nrb-comprehensive-crypto-ban-2021-09.yaml,0,l0_network,"[""missing_capture_or_anchor""]","The NRB notice is a central-bank prohibition of crypto activity, not an ISP-/DNS-level domain block. Nepal Telecommunications Authority later directed ISPs to block crypto sites, but that is a separate downstream action not captured here; no replayable L0 measurement is pinned, so no L0 observation is admitted (codebook §1.5).","[{""body_hash"": ""sha256:964daea861bc92d42116c37158b9cbbd989671a8c8066d190eb12296c0647b7f"", ""body_path"": ""sources/http_captures/nepal-nrb-comprehensive-crypto-ban-2021-09/primary/web.archive.org__web-20211001000000id_-https-www.nrb.org.np-contents-uploads-2021-09-FXMD-Notice-03-207879-Cryptocurrency.pdf__1d830a68b4.bin"", ""url"": ""https://www.nrb.org.np/contents/uploads/2021/09/FXMD-Notice-03-207879-Cryptocurrency.pdf"", ""wayback"": ""https://web.archive.org/web/20211018205117id_/https://www.nrb.org.np/contents/uploads/2021/09/FXMD-Notice-03-207879-Cryptocurrency.pdf""}, {""body_hash"": ""sha256:442eb013011dc622a1c94621d9ef30bef6fc2e5ca626a9b0b0e921fd3191cf0d"", ""body_path"": ""sources/http_captures/nepal-nrb-comprehensive-crypto-ban-2021-09/primary/web.archive.org__web-20210915000000-https-thehimalayantimes.com-business-nrb-issues-notice-on-cryptocurrency__ee4de17895.html"", ""url"": ""https://thehimalayantimes.com/business/nrb-issues-notice-on-cryptocurrency"", ""wayback"": ""https://web.archive.org/web/20210910161805/https://thehimalayantimes.com/business/nrb-issues-notice-on-cryptocurrency""}]",unadjudicated_risk_flag
netex24-bitpapa-russia-crypto-ofac-2024-03,admitted,events/netex24-bitpapa-russia-crypto-ofac-2024-03.yaml,4,asset_onchain,"[""missing_capture_or_anchor"", ""absence_of_observed_action""]","The designation targets exchange operators, not an enumerated issuer/protocol address set, and no captured primary_onchain freeze tx_hash is pinned at draft time. Per codebook §1.6, no on-chain claim is made; the measurable surface is carried at offramp_cex.","[{""body_hash"": ""sha256:7eb432311ad1e3f87cc1ebc0f9ce2037a547c4bee1e97c968971ddc6caf657d0"", ""body_path"": ""sources/http_captures/netex24-bitpapa-russia-crypto-ofac-2024-03/primary/web.archive.org__web-20240325000000-https-home.treasury.gov-news-press-releases-jy2204__8802ae93d9.html"", ""url"": ""https://home.treasury.gov/news/press-releases/jy2204"", ""wayback"": ""https://web.archive.org/web/20240325164058/https://home.treasury.gov/news/press-releases/jy2204""}, {""body_hash"": ""sha256:e9df0faca4d5419d5d3dfa52b33165a6ddce79e76bc37cfd62ecd7c360f001db"", ""body_path"": ""sources/http_captures/netex24-bitpapa-russia-crypto-ofac-2024-03/primary/web.archive.org__web-20240325000000-https-ofac.treasury.gov-recent-actions-20240325__95986fab84.html"", ""url"": ""https://ofac.treasury.gov/recent-actions/20240325"", ""wayback"": ""https://web.archive.org/web/20240325174522/https://ofac.treasury.gov/recent-actions/20240325""}]",unadjudicated_risk_flag
ofac-hamas-buy-cash-msb-2023-10,admitted,events/ofac-hamas-buy-cash-msb-2023-10.yaml,4,asset_onchain,"[""missing_capture_or_anchor""]","v0.3 audit 2026-05-20 (c) Batch C-1 FACTUAL CORRECTION: status changed from partially_measured (Ethereum-framed) to not_applicable (Bitcoin-native). Buy Cash MSB's only OFAC-named address is the Bitcoin XBT `19D1iGzDr7FyAdiy3ZZdxMd6ttHj1kj6WW`. Bitcoin has no issuer-level freeze primitive (no UTXO clawback / blacklist method), so asset_onchain layer is structurally not_applicable for this target. The original draft incorrectly attributed Tether 32/41-wallet freeze sweeps to Buy Cash; those sweeps target OTHER Hamas-affiliated EVM addresses (from the same RA's individual designations or independent chain-analytics clusters), NOT Buy Cash's XBT address. The Tether sweeps remain notable contextual background for the post-Oct-7 enforcement window (see analysis_notes) but are NOT load-bearing evidence for this event's asset_onchain layer.","[{""body_hash"": ""sha256:a043b8acb03268236237950413f59e2c5fafcfb6c3436209e80a7a7fc672eb2c"", ""body_path"": ""sources/http_captures/ofac-hamas-buy-cash-msb-2023-10/primary/web.archive.org__web-20231018131253-https-home.treasury.gov-news-press-releases-jy1816__2acb79624c.html"", ""url"": ""https://home.treasury.gov/news/press-releases/jy1816"", ""wayback"": ""https://web.archive.org/web/20231018131253/https://home.treasury.gov/news/press-releases/jy1816""}, {""body_hash"": ""sha256:33326cbd390fe44b26bd87803ad887f81b660aaf82221baac68a694430f415f0"", ""body_path"": ""sources/http_captures/ofac-hamas-buy-cash-msb-2023-10/primary/web.archive.org__web-20231018160335-https-ofac.treasury.gov-recent-actions-20231018__acf8500722.html"", ""url"": ""https://ofac.treasury.gov/recent-actions/20231018"", ""wayback"": ""https://web.archive.org/web/20231018160335/https://ofac.treasury.gov/recent-actions/20231018""}, {""body_hash"": ""sha256:0cfc282602b581e4c0351be29591f98af9d80acfa1d34bebce6249837550d706"", ""body_path"": ""sources/http_captures/ofac-hamas-buy-cash-msb-2023-10/primary/web.archive.org__web-20250328082128-https-www.trmlabs.com-resources-blog-us-doj-charges-hamas-leaders-with-october-7-attacks-details-hamas-use-of-cryptocurrencies__16d300ec9d.html"", ""url"": ""https://www.trmlabs.com/resources/blog/us-doj-charges-hamas-leaders-with-october-7-attacks-details-hamas-use-of-cryptocurrencies"", ""wayback"": ""https://web.archive.org/web/20250328082128/https://www.trmlabs.com/resources/blog/us-doj-charges-hamas-leaders-with-october-7-attacks-details-hamas-use-of-cryptocurrencies""}]",unadjudicated_risk_flag
ofac-zhdanova-russian-elite-launderer-2023-11,admitted,events/ofac-zhdanova-russian-elite-launderer-2023-11.yaml,4,asset_onchain,"[""absence_of_observed_action""]",v0.3 audit 2026-05-20 (c) Batch C-1: status downgraded from partially_measured to not_applicable. Native Bitcoin has no issuer-level freeze primitive (no Circle/Tether equivalent for XBT UTXOs). 3 XBT addresses are on SDN feed substrate but no on-chain freeze cascade possible. Original draft asset_onchain observation row REMOVED at promotion (validator requires primary_onchain for asset_onchain observed_change; private chain-analytics tagging via Chainalysis/Elliptic supporting_ journalism is not primary_onchain).,"[{""body_hash"": ""sha256:e17401b8bdfc3e9a4914629a4e2f4a8ed349555fceea4fa342d72a17bc8b2864"", ""body_path"": ""sources/http_captures/ofac-zhdanova-russian-elite-launderer-2023-11/primary/web.archive.org__web-20231103212642-https-ofac.treasury.gov-recent-actions-20231103__c454ed49f5.html"", ""url"": ""https://ofac.treasury.gov/recent-actions/20231103"", ""wayback"": ""https://web.archive.org/web/20231103212642/https://ofac.treasury.gov/recent-actions/20231103""}, {""body_hash"": ""sha256:77087a5e9ea09380a384cbc818d6fe470ef6f22c78dec51557056929e9318469"", ""body_path"": ""sources/http_captures/ofac-zhdanova-russian-elite-launderer-2023-11/primary/web.archive.org__web-20231103173627-https-home.treasury.gov-news-press-releases-jy1874__6813045f32.html"", ""url"": ""https://home.treasury.gov/news/press-releases/jy1874"", ""wayback"": ""https://web.archive.org/web/20231103173627/https://home.treasury.gov/news/press-releases/jy1874""}, {""body_hash"": ""sha256:0a04f9797f9ef58319a2d4b12c570c2737fe56575c81a8c603a611f2429fc9b8"", ""body_path"": ""sources/http_captures/ofac-zhdanova-russian-elite-launderer-2023-11/primary/web.archive.org__web-20231104195138-https-www.chainalysis.com-blog-ofac-russia-crypto-money-laundering-sanctions-2023__83a0c390ae.html"", ""url"": ""https://www.chainalysis.com/blog/ofac-russia-crypto-money-laundering-sanctions-2023/"", ""wayback"": ""https://web.archive.org/web/20231104195138/https://www.chainalysis.com/blog/ofac-russia-crypto-money-laundering-sanctions-2023/""}, {""body_hash"": ""sha256:6ebff5c0c514d2e79519113a3b15eb7dd0928db5e101a9fbddc38f471447caf7"", ""body_path"": ""sources/http_captures/ofac-zhdanova-russian-elite-launderer-2023-11/primary/web.archive.org__web-20231211232112-https-www.elliptic.co-blog-ofac-sanctions-russian-national-for-facilitating-sanctions-evasion__10c3693ea4.html"", ""url"": ""https://www.elliptic.co/blog/ofac-sanctions-russian-national-for-facilitating-sanctions-evasion"", ""wayback"": ""https://web.archive.org/web/20231211232112/https://www.elliptic.co/blog/ofac-sanctions-russian-national-for-facilitating-sanctions-evasion""}]",unadjudicated_risk_flag
okx-aux-cayes-doj-guilty-plea-2025,admitted,events/okx-aux-cayes-doj-guilty-plea-2025.yaml,4,asset_onchain,"[""missing_capture_or_anchor""]","No on-chain token freeze; the action is a money-transmission guilty plea against the operator, so no §1.6 asset_onchain tx_hash floor applies.","[{""body_hash"": ""sha256:9a71e4203f28303ac9ef8fb8f4670358c52e5ba48efb287dfc2884e412e4cf9b"", ""body_path"": ""sources/http_captures/okx-aux-cayes-doj-guilty-plea-2025/primary/web.archive.org__web-20250224000000-https-www.justice.gov-usao-sdny-pr-okx-pleads-guilty-violating-us-anti-money-laundering-laws-and-agrees-pay-penalties__4a9f16c414.html"", ""url"": ""https://www.justice.gov/usao-sdny/pr/okx-pleads-guilty-violating-us-anti-money-laundering-laws-and-agrees-pay-penalties"", ""wayback"": ""https://web.archive.org/web/20250224212930/https://www.justice.gov/usao-sdny/pr/okx-pleads-guilty-violating-us-anti-money-laundering-laws-and-agrees-pay-penalties""}]",unadjudicated_risk_flag
okx-privacy-token-delist-2024,admitted,events/okx-privacy-token-delist-2024.yaml,3,l4_frontend,"[""missing_capture_or_anchor""]","The OKX customer-help notice is itself the announcement surface, not a separable frontend-restriction observation distinct from the off-ramp catalogue change. Frontend visibility of removed pairs collapses in lockstep with the off-ramp action; no independent L4 surface is pinned.","[{""url"": ""https://www.okx.com/en-us/help/okx-to-delist-several-spot-trading-pairs-12-29"", ""wayback"": ""https://web.archive.org/web/2023/https://www.okx.com/en-us/help/okx-to-delist-several-spot-trading-pairs-12-29""}]",unadjudicated_risk_flag
opensea-iran-cuba-sanctions-block-2022,admitted,events/opensea-iran-cuba-sanctions-block-2022.yaml,4,asset_onchain,"[""absence_of_observed_action""]",No on-chain freeze of underlying ERC-721 / ERC-1155 NFT contracts; frontend-only.,"[{""body_hash"": ""sha256:aeea5280e258d0b40e119f22cd3e8d1ca096dc1b1364e9809bd11c2321833966"", ""body_path"": ""sources/http_captures/opensea-iran-cuba-sanctions-block-2022/primary_tos_wayback/web.archive.org__web-20220304231810-https-opensea.io-tos__cdb212d483.html"", ""url"": ""https://opensea.io/tos"", ""wayback"": ""https://web.archive.org/web/20220304231810/https://opensea.io/tos""}, {""body_hash"": ""sha256:4fd60363b72a08c3e44a6fe3cdeed48fbe8916bf8a18d4a46c2f4f2e574b9cd4"", ""body_path"": ""sources/http_captures/opensea-iran-cuba-sanctions-block-2022/primary_tos_wayback/web.archive.org__web-20221218055647-https-opensea.io-tos__0b3fdaefb8.html"", ""url"": ""https://opensea.io/tos"", ""wayback"": ""https://web.archive.org/web/20221218055647/https://opensea.io/tos""}]",unadjudicated_risk_flag
pakistan-sbp-crypto-prohibition-2018-04,admitted,events/pakistan-sbp-crypto-prohibition-2018-04.yaml,4,asset_onchain,"[""absence_of_observed_action""]",The circular engages no issuer-side blacklist or on-chain freeze method. not_applicable on construct-did-not-exist grounds.,"[{""body_hash"": ""sha256:7f326e4384a9c3a6f060a2d72326cd09795d56a40ab5a2ae39cce7c1ba81a876"", ""body_path"": ""sources/http_captures/pakistan-sbp-crypto-prohibition-2018-04/primary/web.archive.org__web-20180409033815-http-www.sbp.org.pk-bprd-2018-C3.htm__5d4efb5b12.html"", ""url"": ""https://web.archive.org/web/20180409033815/http://www.sbp.org.pk/bprd/2018/C3.htm"", ""wayback"": ""https://web.archive.org/web/20180409033815/http://www.sbp.org.pk/bprd/2018/C3.htm""}]",unadjudicated_risk_flag
paxos-busd-nydfs-minting-stop-2023,admitted,events/paxos-busd-nydfs-minting-stop-2023.yaml,0,l0_network,"[""absence_of_observed_action""]","No network-layer blocking observed; the cascade surface is issuer-level mint cessation on Ethereum mainnet, not ISP / DNS filtering of paxos.com or binance.com.","[{""url"": ""https://paxos.com/2023/02/13/paxos-will-halt-minting-new-busd-tokens/"", ""wayback"": ""https://web.archive.org/web/20260516000000/https://paxos.com/2023/02/13/paxos-will-halt-minting-new-busd-tokens/""}, {""url"": ""https://www.dfs.ny.gov/consumers/alerts/Paxos_and_Binance"", ""wayback"": ""https://web.archive.org/web/20260516000000/https://www.dfs.ny.gov/consumers/alerts/Paxos_and_Binance""}]",unadjudicated_risk_flag
paxos-busd-nydfs-minting-stop-2023,admitted,events/paxos-busd-nydfs-minting-stop-2023.yaml,2,l3_rpc,"[""missing_capture_or_anchor""]",Public RPC providers' filter lists are not implicated by an issuer mint cessation. No BUSD-specific RPC rejection or docs/status-page change is pinned.,"[{""url"": ""https://paxos.com/2023/02/13/paxos-will-halt-minting-new-busd-tokens/"", ""wayback"": ""https://web.archive.org/web/20260516000000/https://paxos.com/2023/02/13/paxos-will-halt-minting-new-busd-tokens/""}, {""url"": ""https://www.dfs.ny.gov/consumers/alerts/Paxos_and_Binance"", ""wayback"": ""https://web.archive.org/web/20260516000000/https://www.dfs.ny.gov/consumers/alerts/Paxos_and_Binance""}]",unadjudicated_risk_flag
paxos-busd-nydfs-minting-stop-2023,admitted,events/paxos-busd-nydfs-minting-stop-2023.yaml,4,asset_onchain,"[""missing_capture_or_anchor""]",BUSD mint cessation (increaseSupply calls stop after 2023-02-21) is real on Etherscan but no pinnable primary_onchain tx_hash was anchored at audit time; per audit precedent the asset_onchain layer is set not_applicable and the censorship action (NYDFS order -> Paxos halts minting) is carried at l4_frontend. BUSD contract 0x4Fabb145... documented in notes.,"[{""url"": ""https://paxos.com/2023/02/13/paxos-will-halt-minting-new-busd-tokens/"", ""wayback"": ""https://web.archive.org/web/20260516000000/https://paxos.com/2023/02/13/paxos-will-halt-minting-new-busd-tokens/""}, {""url"": ""https://www.dfs.ny.gov/consumers/alerts/Paxos_and_Binance"", ""wayback"": ""https://web.archive.org/web/20260516000000/https://www.dfs.ny.gov/consumers/alerts/Paxos_and_Binance""}]",unadjudicated_risk_flag
paxos-canada-exit-2023-04,admitted,events/paxos-canada-exit-2023-04.yaml,4,asset_onchain,"[""missing_capture_or_anchor"", ""absence_of_observed_action""]","Although Paxos is a stablecoin issuer, this event is a Canadian market exit (platform-service withdrawal), not an issuer-admin on-chain freeze of any asset. No tx_hash freeze is asserted; the effect is carried at offramp_cex per codebook §1.6 routing.","[{""body_hash"": ""sha256:bffcd3c6765a875abff57a45dfdc3716d6217a3937298a0766c6325a1edc2196"", ""body_path"": ""sources/http_captures/paxos-canada-exit-2023-04/official-paxos-canada-support/support.paxos.com__hc-en-us-articles-14791919809812-Paxos-Withdrawal-from-Canada__59e2fa6332.html"", ""url"": ""https://support.paxos.com/articles/3570242566-paxos-withdrawal-from-canada""}, {""body_hash"": ""sha256:2847886e2e270edad0e32f6d9bbfe7ccd32af9a5aaeadadfceb3a0c9b5c946d3"", ""body_path"": ""sources/http_captures/paxos-canada-exit-2023-04/primary/web.archive.org__web-20240810111740-https-www.coindesk.com-business-2023-04-12-blockchain-financial-services-firm-paxos-is-withdrawing-from-canada__c7eb09cb13.html"", ""url"": ""https://www.coindesk.com/business/2023/04/12/blockchain-financial-services-firm-paxos-is-withdrawing-from-canada"", ""wayback"": ""https://web.archive.org/web/20240810111740/https://www.coindesk.com/business/2023/04/12/blockchain-financial-services-firm-paxos-is-withdrawing-from-canada/""}]",unadjudicated_risk_flag
polymarket-cftc-geofence-2022-01,admitted,events/polymarket-cftc-geofence-2022-01.yaml,0,l0_network,"[""absence_of_observed_action""]","No network-layer (DNS / ISP) blocking observed. The cascade surface is operator-side geofencing at the application layer, not substrate-level filtering of polymarket.com.","[{""body_hash"": ""sha256:ced129f8b43464ae9b2a24d4375187c2f7fa14a963347375c13394c5163f500f"", ""body_path"": ""sources/http_captures/polymarket-cftc-geofence-2022-01/primary/web.archive.org__web-20220103203805-https-www.cftc.gov-PressRoom-PressReleases-8478-22__afc6e83fb6.html"", ""url"": ""https://www.cftc.gov/PressRoom/PressReleases/8478-22"", ""wayback"": ""https://web.archive.org/web/20220103203805/https://www.cftc.gov/PressRoom/PressReleases/8478-22""}]",unadjudicated_risk_flag
powell-unlicensed-bitcoin-exchange-2014,admitted,events/powell-unlicensed-bitcoin-exchange-2014.yaml,3,l4_frontend,"[""absence_of_observed_action""]",No L4 frontend seizure or takedown banner is documented for Powell's operation. The DOJ press release names no website / domain / platform; Powell operated as an individual cash-for-bitcoin exchanger without a named clearnet surface. There is no L4 artifact to attach.,"[{""body_hash"": ""sha256:b78a3318ac70cd09fe1a0b1ba5458d7c2ba6ba8a10892b337724d1b3f2b7cef1"", ""body_path"": ""sources/http_captures/powell-unlicensed-bitcoin-exchange-2014/primary/www.justice.gov__usao-cdil-pr-mclean-county-man__wayback_20141210__primary.html"", ""url"": ""https://www.justice.gov/usao-cdil/pr/mclean-county-man-serve-four-years-prisonfor-operating-unlicensed-internet-bitcoin"", ""wayback"": ""https://web.archive.org/web/20141210000000/https://www.justice.gov/usao-cdil/pr/mclean-county-man-serve-four-years-prisonfor-operating-unlicensed-internet-bitcoin""}]",unadjudicated_risk_flag
sec-abra-plutus-earn-cease-2024-08,admitted,events/sec-abra-plutus-earn-cease-2024-08.yaml,4,asset_onchain,"[""missing_capture_or_anchor""]","No on-chain token freeze; the action is a securities/investment-company cease against the operator, so no §1.6 asset_onchain tx_hash floor applies.","[{""body_hash"": ""sha256:f4ac516f0c286dd3536cdacc3c5c6229f409f57b7dd48063e15b871e8609f4c4"", ""body_path"": ""sources/http_captures/sec-abra-plutus-earn-cease-2024-08/primary/web.archive.org__web-20240826000000-https-www.sec.gov-newsroom-press-releases-2024-105__9f043af52e.html"", ""url"": ""https://www.sec.gov/newsroom/press-releases/2024-105"", ""wayback"": ""https://web.archive.org/web/20240826192230/https://www.sec.gov/newsroom/press-releases/2024-105""}]",unadjudicated_risk_flag
sec-consensys-metamask-staking-swaps-2024-06,admitted,events/sec-consensys-metamask-staking-swaps-2024-06.yaml,4,asset_onchain,"[""missing_capture_or_anchor""]","No on-chain token freeze; the action is a securities suit against the software operator, so no §1.6 asset_onchain tx_hash floor applies.","[{""body_hash"": ""sha256:3e14ed53e6026439354070c4725a41112c0c360f09863e629f7045a6dfa24567"", ""body_path"": ""sources/http_captures/sec-consensys-metamask-staking-swaps-2024-06/primary/web.archive.org__web-20240628000000-https-www.sec.gov-newsroom-press-releases-2024-79__71103c869f.html"", ""url"": ""https://www.sec.gov/newsroom/press-releases/2024-79"", ""wayback"": ""https://web.archive.org/web/20240629094936/https://www.sec.gov/newsroom/press-releases/2024-79""}]",unadjudicated_risk_flag
sec-etoro-cease-crypto-trading-2024-09,admitted,events/sec-etoro-cease-crypto-trading-2024-09.yaml,4,asset_onchain,"[""missing_capture_or_anchor""]","No on-chain token freeze; the action is a securities cease-and-desist against the operator, so no §1.6 asset_onchain tx_hash floor applies.","[{""body_hash"": ""sha256:e0308b141b3c67a33041186574d9450d15c89aa275729e4811eb19e4bdcdbdd5"", ""body_path"": ""sources/http_captures/sec-etoro-cease-crypto-trading-2024-09/primary/web.archive.org__web-20240912000000-https-www.sec.gov-newsroom-press-releases-2024-125__41be25e11d.html"", ""url"": ""https://www.sec.gov/newsroom/press-releases/2024-125"", ""wayback"": ""https://web.archive.org/web/20240912140445/https://www.sec.gov/newsroom/press-releases/2024-125""}]",unadjudicated_risk_flag
sec-kik-interactive-kin-unregistered-offering-2020-10,admitted,events/sec-kik-interactive-kin-unregistered-offering-2020-10.yaml,4,asset_onchain,"[""absence_of_observed_action""]","The §1.6 asset_onchain evidence floor requires a primary_onchain tx_hash; the SEC remedy is an issuer-level injunction and penalty, not an on-chain freeze/blacklist of any Kin contract address, so no on-chain receipt exists or can exist for this mechanism. Per §1.6 routing, the enforceable effect is carried at offramp_cex (the issuer-conduct restriction on future Kin offerings/transfers). not_applicable on the asset_onchain layer.","[{""body_hash"": ""sha256:6332c524c28b2de0cf159b37ee280a698c5cf22ffb6d12052c5775edad41b1b2"", ""body_path"": ""sources/http_captures/sec-kik-interactive-kin-unregistered-offering-2020-10/primary/web.archive.org__web-20201022000000-https-www.sec.gov-news-press-release-2020-262__bc9a3c2def.html"", ""url"": ""https://www.sec.gov/news/press-release/2020-262"", ""wayback"": ""https://web.archive.org/web/20201024175913/https://www.sec.gov/news/press-release/2020-262""}]",unadjudicated_risk_flag
sec-lbry-lbc-unregistered-securities-2021-03,admitted,events/sec-lbry-lbc-unregistered-securities-2021-03.yaml,4,asset_onchain,"[""absence_of_observed_action""]","The §1.6 asset_onchain evidence floor requires a primary_onchain tx_hash; the SEC remedy is an issuer-level charge/ruling, not an on-chain freeze/blacklist of any LBC address (LBC is a native proof-of-work coin with no issuer freeze primitive), so no on-chain receipt exists or can exist. Per §1.6 routing, the enforceable effect is carried at offramp_cex. not_applicable on asset_onchain.","[{""body_hash"": ""sha256:4b5f930697a111c534f596767de2147c9c3f2457277fba8bd3418c4789451c06"", ""body_path"": ""sources/http_captures/sec-lbry-lbc-unregistered-securities-2021-03/primary/web.archive.org__web-20241207235421-https-www.sec.gov-enforcement-litigation-litigation-releases-lr-25573__4db1f7573e.html"", ""url"": ""https://www.sec.gov/enforcement-litigation/litigation-releases/lr-25573"", ""wayback"": ""https://web.archive.org/web/20241207235421/https://www.sec.gov/enforcement-litigation/litigation-releases/lr-25573""}]",unadjudicated_risk_flag
sec-nexo-earn-lending-product-cease-2023-01,admitted,events/sec-nexo-earn-lending-product-cease-2023-01.yaml,3,l4_frontend,"[""missing_capture_or_anchor""]",No frontend DOM block captured; the order operates at the product-offering / securities-registration layer.,"[{""body_hash"": ""sha256:ef328758b02afdc231dc972516c5a3644eee0d63ad7b89c2127a125e9d851614"", ""body_path"": ""sources/http_captures/sec-nexo-earn-lending-product-cease-2023-01/primary/web.archive.org__web-20230120000000-https-www.sec.gov-newsroom-press-releases-2023-11__77d9b92c8e.html"", ""url"": ""https://www.sec.gov/newsroom/press-releases/2023-11"", ""wayback"": ""https://web.archive.org/web/20240704131027/https://www.sec.gov/newsroom/press-releases/2023-11""}]",unadjudicated_risk_flag
sec-poloniex-unregistered-exchange-2021-08,admitted,events/sec-poloniex-unregistered-exchange-2021-08.yaml,4,asset_onchain,"[""absence_of_observed_action""]","The §1.6 asset_onchain evidence floor requires a primary_onchain tx_hash; the SEC remedy is a settled monetary order and cease-and- desist against the exchange operator, not an on-chain freeze of any asset, so no on-chain receipt exists or can exist. The enforceable effect is carried at offramp_cex. not_applicable on asset_onchain.","[{""body_hash"": ""sha256:7a8609e539db3f398d98d4b8c592604766f8fcbb4902355928659020edc57cde"", ""body_path"": ""sources/http_captures/sec-poloniex-unregistered-exchange-2021-08/primary/web.archive.org__web-20210810000000-https-www.sec.gov-news-press-release-2021-147__07b5f92445.html"", ""url"": ""https://www.sec.gov/news/press-release/2021-147"", ""wayback"": ""https://web.archive.org/web/20210809221853/https://www.sec.gov/news/press-release/2021-147""}]",unadjudicated_risk_flag
sec-v-ripple-2020,admitted,events/sec-v-ripple-2020.yaml,4,asset_onchain,"[""missing_capture_or_anchor"", ""absence_of_observed_action""]",The SEC complaint did not engage an issuer-side address blacklist or stablecoin-freeze primitive on XRP. No on-chain freeze tx_hash is part of this enforcement action.,"[{""body_hash"": ""sha256:5bea8f0f40ef78c32abd795f49ac508529e2d0bc6dee88ff110596007f4b910e"", ""body_path"": ""sources/http_captures/sec-v-ripple-2020/primary/www.sec.gov__news-press-release-2020-338__1549f335ea.html"", ""url"": ""https://www.sec.gov/news/press-release/2020-338""}]",unadjudicated_risk_flag
shapeshift-mandatory-kyc-anonymity-end-2018-09,admitted,events/shapeshift-mandatory-kyc-anonymity-end-2018-09.yaml,4,asset_onchain,"[""absence_of_observed_action""]",No on-chain freeze; assets remain on-chain. The action is an access-gating KYC requirement on a centralized swap/off-ramp surface.,"[{""body_hash"": ""sha256:599a145f66ddf106c44cea38395682b666b687135d48212274c2f47f62774fb5"", ""body_path"": ""sources/http_captures/shapeshift-mandatory-kyc-anonymity-end-2018-09/official-shapeshift-medium/medium.com__ShapeShift.com-introducing-shapeshift-membership-43cce0d9415__dcca963f14.html"", ""url"": ""https://medium.com/@ShapeShift.com/introducing-shapeshift-membership-43cce0d9415""}, {""body_hash"": ""sha256:8ff6e8ad8917401286503df16e08cda75abcca2b55c81908969cfee155669b95"", ""body_path"": ""sources/http_captures/shapeshift-mandatory-kyc-anonymity-end-2018-09/primary/web.archive.org__web-20251017143246-https-bitcoinist.com-shapeshift-ends-anonymity-with-announcement-of-mandatory-kyc-data-collection__37ef4733b2.html"", ""url"": ""https://bitcoinist.com/shapeshift-ends-anonymity-with-announcement-of-mandatory-kyc-data-collection/"", ""wayback"": ""https://web.archive.org/web/20251017143246/https://bitcoinist.com/shapeshift-ends-anonymity-with-announcement-of-mandatory-kyc-data-collection/""}]",unadjudicated_risk_flag
shrem-faiella-bitcoin-exchange-2014,admitted,events/shrem-faiella-bitcoin-exchange-2014.yaml,3,l4_frontend,"[""absence_of_observed_action""]","No L4 frontend seizure or takedown banner is documented for bitinstant.com on 2014-01-27. The site continued to display a ""BitInstant is currently in the process of upgrading our service"" maintenance-style notice for some time after the 2013-07 service suspension (which preceded this enforcement event), and ultimately went dark without a DOJ-attributed L4 seizure. Recording the post- suspension frontend state as observed_change would conflate the pre-existing service pause with the 2014-01-27 enforcement action, so L4 is not coded here.","[{""url"": ""https://www.justice.gov/usao-sdny/pr/manhattan-us-attorney-announces-charges-against-bitcoin-exchangers-including-ceo"", ""wayback"": ""https://web.archive.org/web/20260516000000/https://www.justice.gov/usao-sdny/pr/manhattan-us-attorney-announces-charges-against-bitcoin-exchangers-including-ceo""}, {""body_hash"": ""sha256:6162ec33c0cb6d353bf07bd86d04df88ba627da987833f21a9dbc0f375c2856a"", ""body_path"": ""sources/http_captures/shrem-faiella-bitcoin-exchange-2014/v0_3_repair/www.justice.gov__usao-sdny-pr-bitcoin-exchangers-plead-guilty-manhattan-federal-court-connection-sale-approximately-1__5c540d1fd5.html"", ""url"": ""https://www.justice.gov/usao-sdny/pr/bitcoin-exchangers-plead-guilty-manhattan-federal-court-connection-sale-approximately-1""}]",unadjudicated_risk_flag
silk-road-doj-seizure-2013,admitted,events/silk-road-doj-seizure-2013.yaml,4,asset_onchain,"[""missing_capture_or_anchor""]","Bitcoin is unfreezable at the protocol layer (no issuer blacklist method); the seized ~26k+~144k BTC were captured by transferring funds from wallet keys recovered during the operation, which is a custody transfer rather than an asset-layer freeze in this dataset's sense. Tx-level seizure receipts are not retained at this event level.","[{""body_hash"": ""sha256:15991a51631d63b80e58e271b4ea3c0457d1f3fc073ef38344b7c5c154e5ea61"", ""body_path"": ""sources/http_captures/silk-road-doj-seizure-2013/wayback_doj_press_snapshot/web.archive.org__web-20131005034400-http-www.justice.gov-usao-nys-pressreleases-October13-SilkRoadSeizurePR.php__8bd95fcf2e.html"", ""url"": ""http://www.justice.gov/usao/nys/pressreleases/October13/SilkRoadSeizurePR.php"", ""wayback"": ""https://web.archive.org/web/20140123062431/http://www.justice.gov/usao/nys/pressreleases/October13/SilkRoadSeizurePR.php""}, {""body_hash"": ""sha256:dfb6515605619b7582aa3a4964ad88dc2c9eefc322224c73004e641e8e17c104"", ""body_path"": ""sources/http_captures/silk-road-doj-seizure-2013/primary/www.justice.gov__usao-sdny-pr-manhattan-us-attorney-announces-seizure-additional-28-million-worth-bitcoins-belonging__53580512e8.html"", ""url"": ""https://www.justice.gov/usao-sdny/pr/manhattan-us-attorney-announces-seizure-additional-28-million-worth-bitcoins-belonging""}]",unadjudicated_risk_flag
sinaloa-cartel-eth-addresses-fentanyl-2026,admitted,events/sinaloa-cartel-eth-addresses-fentanyl-2026.yaml,4,asset_onchain,"[""missing_capture_or_anchor"", ""absence_of_observed_action""]","Six ETH addresses were SDN-listed, but no captured primary_onchain freeze tx_hash is pinned; per codebook §1.6 no on-chain claim is made.","[{""url"": ""https://home.treasury.gov/news/press-releases/sb0503""}, {""body_hash"": ""sha256:8456cbe000486fc421a2d00f1c171224e70df3afa894159fc7285a8ec9caac68"", ""body_path"": ""sources/http_captures/sinaloa-cartel-eth-addresses-fentanyl-2026/secondary/www.trmlabs.com__resources-blog-ofac-sanctions-sinaloa-cartel-network-including-six-ethereum-addresses__0979a17909.html"", ""url"": ""https://www.trmlabs.com/resources/blog/ofac-sanctions-sinaloa-cartel-network-including-six-ethereum-addresses""}]",unadjudicated_risk_flag
tether-tron-philippines-pdea-freeze-2024,admitted,events/tether-tron-philippines-pdea-freeze-2024.yaml,4,asset_onchain,"[""absence_of_observed_action""]","No primary Tether blog post, PDEA press release, or on-chain blacklist tx anchor for a USDT-TRC20 freeze coordinated with PDEA has been located. No documented USDT-Tron freeze transaction exists to repair, so the asset-issuer admin path is not_applicable: there is no on-chain freeze artifact to measure. The off-ramp-layer record is carried on the offramp_cex row below.","[{""body_hash"": ""sha256:c4c66b42427128eb7827ea27b2e6ac6c024d29bfc8430ea7e35bbf729dbf76d9"", ""body_path"": ""sources/http_captures/tether-tron-philippines-pdea-freeze-2024/primary/web.archive.org__web-20250217174116-https-newsbytes.ph-2025-01-29-cicc-pdea-say-crypto-now-being-used-in-local-drug-trade__c952bb35a1.html"", ""url"": ""https://newsbytes.ph/2025/01/29/cicc-pdea-say-crypto-now-being-used-in-local-drug-trade/"", ""wayback"": ""https://web.archive.org/web/20250217174116/https://newsbytes.ph/2025/01/29/cicc-pdea-say-crypto-now-being-used-in-local-drug-trade/""}, {""url"": ""https://www.pna.gov.ph/articles/1242821""}]",unadjudicated_risk_flag
venezuela-sunacrip-mining-exchange-halt-2023-03,admitted,events/venezuela-sunacrip-mining-exchange-halt-2023-03.yaml,3,l4_frontend,"[""missing_capture_or_anchor""]",No named exchange-frontend block is captured.,"[{""body_hash"": ""sha256:6212c4c67fb167ce0222dd865cd2d37eb62d0cebcd575f5ca219186ff1de3c18"", ""body_path"": ""sources/http_captures/venezuela-sunacrip-mining-exchange-halt-2023-03/primary/web.archive.org__web-20230324212438-https-decrypt.co-124525-shut-down-mining-farms-exchanges-venezuela__ed95e252dd.html"", ""url"": ""https://decrypt.co/124525/shut-down-mining-farms-exchanges-venezuela"", ""wayback"": ""https://web.archive.org/web/20230324212438/https://decrypt.co/124525/shut-down-mining-farms-exchanges-venezuela""}]",unadjudicated_risk_flag
vietnam-sbv-payment-prohibition-2017-10,admitted,events/vietnam-sbv-payment-prohibition-2017-10.yaml,0,l0_network,"[""missing_capture_or_anchor""]","The SBV statement is a payment-law prohibition, not an ISP/DNS network block; no replayable L0 measurement is captured (codebook §1.5).","[{""body_hash"": ""sha256:0c03b52ce2c8a6f04146c2a9efd7d9581c72d4e8706959a933f7bcc26f3652ef"", ""body_path"": ""sources/http_captures/vietnam-sbv-payment-prohibition-2017-10/primary-government-v1/baochinhphu.vn__nhnn-cam-su-dung-bitcoin-102229280.htm__0209e3409f.html"", ""url"": ""https://baochinhphu.vn/nhnn-cam-su-dung-bitcoin-102229280.htm""}, {""body_hash"": ""sha256:86c8042e70b51ae658ba950279819ba1697cec0e887d7a30f8088681ace20075"", ""body_path"": ""sources/http_captures/vietnam-sbv-payment-prohibition-2017-10/primary-government-v1/www.sbv.gov.vn__w-sbv554224---categories-93909__a8d054950b.html"", ""url"": ""https://www.sbv.gov.vn/w/sbv554224/-/categories/93909""}, {""body_hash"": ""sha256:f6b302500867f8bbb37ddce759ea18cbfedb89f682d4969fa75a5793599286ed"", ""body_path"": ""sources/http_captures/vietnam-sbv-payment-prohibition-2017-10/primary/web.archive.org__web-20171101125722-http-vietnamnews.vn-economy-416480-sbv-says-bitcoin-prohibited-in-viet-nam.html__f28874fff5.html"", ""url"": ""http://vietnamnews.vn/economy/416480/sbv-says-bitcoin-prohibited-in-viet-nam.html"", ""wayback"": ""https://web.archive.org/web/20171101125722/http://vietnamnews.vn/economy/416480/sbv-says-bitcoin-prohibited-in-viet-nam.html""}, {""body_hash"": ""sha256:86bbc4324109e2f67ce9eb5f9453cf898429ffcee58ef06e363093e458032023"", ""body_path"": ""sources/http_captures/vietnam-sbv-payment-prohibition-2017-10/tracker/web.archive.org__web-20220629153357-https-freemanlaw.com-cryptocurrency-vietnam__2b7db4010d.html"", ""url"": ""https://freemanlaw.com/cryptocurrency/vietnam/"", ""wayback"": ""https://web.archive.org/web/20220629153357/https://freemanlaw.com/cryptocurrency/vietnam/""}]",unadjudicated_risk_flag
voyager-bankruptcy-doj-objection-2023,admitted,events/voyager-bankruptcy-doj-objection-2023.yaml,4,asset_onchain,"[""absence_of_observed_action""]",No issuer-level on-chain freeze or sanction-list address set asserted.,"[{""body_hash"": ""sha256:f3eb8fee30cb73dff15ce6a3fc40c05afd2b3589c76f4952838c1e162494a5ae"", ""body_path"": ""sources/http_captures/voyager-bankruptcy-doj-objection-2023/primary-legal-stretto-repair-v2/cases.stretto.com__public-x193-11753-PLEADINGS-1175304172380000000106.pdf__7e88393d78.bin"", ""url"": ""https://cases.stretto.com/public/x193/11753/PLEADINGS/1175304172380000000106.pdf""}, {""body_hash"": ""sha256:25ae70bc59ab756fa34542ab9ba52dc5badb911cec7c4b85448208caee6db555"", ""body_path"": ""sources/http_captures/voyager-bankruptcy-doj-objection-2023/primary-legal-stretto-repair-v2/cases.stretto.com__public-x193-11753-PLEADINGS-1175303152380000000014.pdf__237b8ded26.bin"", ""url"": ""https://cases.stretto.com/public/x193/11753/PLEADINGS/1175303152380000000014.pdf""}, {""body_hash"": ""sha256:bf6a39d6e9c7522e93d70b3e8c660bad4f5e24fb604467e515df19a75e40abfd"", ""body_path"": ""sources/http_captures/voyager-bankruptcy-doj-objection-2023/primary-legal-stretto-repair-v2/cases.stretto.com__public-x193-11753-PLEADINGS-1175303272380000000186.pdf__4ce51b4aba.bin"", ""url"": ""https://cases.stretto.com/public/x193/11753/PLEADINGS/1175303272380000000186.pdf""}, {""body_hash"": ""sha256:f8816fac4d1f5efb338f42a3323e2fc6d5b7cebe4d109d061b951df8a41dc709"", ""body_path"": ""sources/http_captures/voyager-bankruptcy-doj-objection-2023/primary/web.archive.org__web-20230310074649-https-www.coindesk.com-policy-2023-03-10-us-doj-appeals-new-york-judges-decision-to-approve-voyagers-sale-to-binanceus__27eaea0eee.html"", ""url"": ""https://www.coindesk.com/policy/2023/03/10/us-doj-appeals-new-york-judges-decision-to-approve-voyagers-sale-to-binanceus"", ""wayback"": ""https://web.archive.org/web/20230310074649/https://www.coindesk.com/policy/2023/03/10/us-doj-appeals-new-york-judges-decision-to-approve-voyagers-sale-to-binanceus""}]",unadjudicated_risk_flag
zimbabwe-rbz-circular-2-2018-golix-ban,admitted,events/zimbabwe-rbz-circular-2-2018-golix-ban.yaml,4,asset_onchain,"[""absence_of_observed_action""]",The circular engages no issuer-side blacklist or on-chain freeze method. not_applicable on construct-did-not-exist grounds.,"[{""body_hash"": ""sha256:fdc71369459215066780646f02ee3aedc2a718b58cdf16a24d44e49aa0481225"", ""body_path"": ""sources/http_captures/zimbabwe-rbz-circular-2-2018-golix-ban/primary/web.archive.org__web-20180512143200-https-www.techzim.co.zw-2018-05-cryptocurrency-ban-full-statement-rbz__32712142e9.html"", ""url"": ""https://web.archive.org/web/20180512143200/https://www.techzim.co.zw/2018/05/cryptocurrency-ban-full-statement-rbz/"", ""wayback"": ""https://web.archive.org/web/20180512143200/https://www.techzim.co.zw/2018/05/cryptocurrency-ban-full-statement-rbz/""}]",unadjudicated_risk_flag
