event_id,event_status,source_yaml,observation_index,layer,observation_kind,legacy_claim,matches,trigger_sources,observation_sources,verdict
al-law-hezbollah-crypto-ofac-2024-03,admitted,events/al-law-hezbollah-crypto-ofac-2024-03.yaml,0,offramp_cex,observed_no_change,no_public_cex_cascade_documented_in_14d_window,"[{""matching_fields"": [""url"", ""body_hash""], ""observation_source_index"": 0, ""trigger_source_index"": 1}]","[{""body_hash"": ""sha256:604a162d4136ca4ec092e06ebcc6d950e844db40c4451096febb3b5035764ba5"", ""body_path"": ""sources/http_captures/al-law-hezbollah-crypto-ofac-2024-03/primary/web.archive.org__web-20240326000000-https-home.treasury.gov-news-press-releases-jy2209__314cf7a7bf.html"", ""url"": ""https://home.treasury.gov/news/press-releases/jy2209"", ""wayback"": ""https://web.archive.org/web/20240326154347/https://home.treasury.gov/news/press-releases/jy2209""}, {""body_hash"": ""sha256:0908e9a28cbb264de13f22a0e57a6b2d8e0eb1ae906e7669dcef96747abcb15e"", ""body_path"": ""sources/http_captures/al-law-hezbollah-crypto-ofac-2024-03/primary/web.archive.org__web-20240326000000-https-ofac.treasury.gov-recent-actions-20240326__cf3fe7dad6.html"", ""url"": ""https://ofac.treasury.gov/recent-actions/20240326"", ""wayback"": ""https://web.archive.org/web/20240326151735/https://ofac.treasury.gov/recent-actions/20240326""}]","[{""body_hash"": ""sha256:0908e9a28cbb264de13f22a0e57a6b2d8e0eb1ae906e7669dcef96747abcb15e"", ""body_path"": ""sources/http_captures/al-law-hezbollah-crypto-ofac-2024-03/primary/web.archive.org__web-20240326000000-https-ofac.treasury.gov-recent-actions-20240326__cf3fe7dad6.html"", ""url"": ""https://ofac.treasury.gov/recent-actions/20240326"", ""wayback"": ""https://web.archive.org/web/20240326151735/https://ofac.treasury.gov/recent-actions/20240326""}]",unadjudicated_risk_flag
argentina-cnv-psav-registration-2024,admitted,events/argentina-cnv-psav-registration-2024.yaml,0,offramp_cex,observed_no_change,no_measured_exchange_side_cutoff_of_argentine_residents,"[{""matching_fields"": [""url"", ""body_hash""], ""observation_source_index"": 0, ""trigger_source_index"": 0}]","[{""body_hash"": ""sha256:0ef4637e4a3961a2061738616706166f0e46058fbb912c1f01d1a856d1fa7144"", ""body_path"": ""sources/http_captures/argentina-cnv-psav-registration-2024/primary/web.archive.org__web-20240326083716-https-www.boletinoficial.gob.ar-detalleAviso-primera-305110-20240325__6c05882b65.html"", ""url"": ""https://www.boletinoficial.gob.ar/detalleAviso/primera/305110/20240325"", ""wayback"": ""https://web.archive.org/web/20240326083716/https://www.boletinoficial.gob.ar/detalleAviso/primera/305110/20240325""}, {""body_hash"": ""sha256:0035b97d15f8cfd67f7350593bf57b741f400fbf7a98c867af43e26cdbecbed4"", ""body_path"": ""sources/http_captures/argentina-cnv-psav-registration-2024/primary/web.archive.org__web-20250430212451-https-digitalpolicyalert.org-event-18948-implemented-cnv-resolution-on-registry-of-virtual-asset-service-providers-resolution-994202__95ba618c7c.html"", ""url"": ""https://digitalpolicyalert.org/event/18948-implemented-cnv-resolution-on-registry-of-virtual-asset-service-providers-resolution-9942024"", ""wayback"": ""https://web.archive.org/web/20250430212451/https://digitalpolicyalert.org/event/18948-implemented-cnv-resolution-on-registry-of-virtual-asset-service-providers-resolution-9942024""}, {""url"": ""https://www.marval.com/publicacion/se-reglamenta-la-inscripcion-de-los-proveedores-de-servicios-de-activos-virtuales-15792?lang=en"", ""wayback"": ""https://web.archive.org/web/2024/https://www.marval.com/publicacion/se-reglamenta-la-inscripcion-de-los-proveedores-de-servicios-de-activos-virtuales-15792?lang=en""}]","[{""body_hash"": ""sha256:0ef4637e4a3961a2061738616706166f0e46058fbb912c1f01d1a856d1fa7144"", ""body_path"": ""sources/http_captures/argentina-cnv-psav-registration-2024/primary/web.archive.org__web-20240326083716-https-www.boletinoficial.gob.ar-detalleAviso-primera-305110-20240325__6c05882b65.html"", ""url"": ""https://www.boletinoficial.gob.ar/detalleAviso/primera/305110/20240325"", ""wayback"": ""https://web.archive.org/web/20240326083716/https://www.boletinoficial.gob.ar/detalleAviso/primera/305110/20240325""}]",unadjudicated_risk_flag
argentina-uif-resolution-300-2014,admitted,events/argentina-uif-resolution-300-2014.yaml,0,offramp_cex,observed_no_change,no_measured_exchange_side_cutoff_of_argentine_residents,"[{""matching_fields"": [""url"", ""body_hash""], ""observation_source_index"": 0, ""trigger_source_index"": 0}]","[{""body_hash"": ""sha256:3f76bffe0838d9eec8a6ca166950124708e04e9ea07baaf547f86cfb8c6732dd"", ""body_path"": ""sources/http_captures/argentina-uif-resolution-300-2014/primary/web.archive.org__web-20170721151950-http-servicios.infoleg.gob.ar-infolegInternet-anexos-230000-234999-231930-norma.htm__4df8839055.html"", ""url"": ""http://servicios.infoleg.gob.ar/infolegInternet/anexos/230000-234999/231930/norma.htm"", ""wayback"": ""https://web.archive.org/web/20170721151950/http://servicios.infoleg.gob.ar/infolegInternet/anexos/230000-234999/231930/norma.htm""}, {""body_hash"": ""sha256:867e96c0804f88234034750bb543f2798c826d577f88865e3c16c6c10a28e1c9"", ""body_path"": ""sources/http_captures/argentina-uif-resolution-300-2014/primary/web.archive.org__web-20211209132830-https-www.coindesk.com-markets-2014-07-10-argentinian-money-regulator-mandates-reporting-on-bitcoin-activity__ab131ea5fe.html"", ""url"": ""https://www.coindesk.com/markets/2014/07/10/argentinian-money-regulator-mandates-reporting-on-bitcoin-activity"", ""wayback"": ""https://web.archive.org/web/20211209132830/https://www.coindesk.com/markets/2014/07/10/argentinian-money-regulator-mandates-reporting-on-bitcoin-activity""}, {""url"": ""https://www.cronista.com/finanzasmercados/LA-UIF-expande-el-control-a-las-monedas-virtuales-20140711-0044.html"", ""wayback"": ""https://web.archive.org/web/2014/https://www.cronista.com/finanzasmercados/LA-UIF-expande-el-control-a-las-monedas-virtuales-20140711-0044.html""}]","[{""body_hash"": ""sha256:3f76bffe0838d9eec8a6ca166950124708e04e9ea07baaf547f86cfb8c6732dd"", ""body_path"": ""sources/http_captures/argentina-uif-resolution-300-2014/primary/web.archive.org__web-20170721151950-http-servicios.infoleg.gob.ar-infolegInternet-anexos-230000-234999-231930-norma.htm__4df8839055.html"", ""url"": ""http://servicios.infoleg.gob.ar/infolegInternet/anexos/230000-234999/231930/norma.htm"", ""wayback"": ""https://web.archive.org/web/20170721151950/http://servicios.infoleg.gob.ar/infolegInternet/anexos/230000-234999/231930/norma.htm""}]",unadjudicated_risk_flag
bangladesh-bb-bitcoin-warning-2014,admitted,events/bangladesh-bb-bitcoin-warning-2014.yaml,0,offramp_cex,observed_no_change,bangladesh_exchange_side_cutoff_observation_gap_after_bb_warning,"[{""matching_fields"": [""url""], ""observation_source_index"": 0, ""trigger_source_index"": 0}, {""matching_fields"": [""url""], ""observation_source_index"": 1, ""trigger_source_index"": 1}]","[{""url"": ""https://www.coindesk.com/markets/2014/09/16/bangladesh-central-bank-cryptocurrency-use-is-a-punishable-offense"", ""wayback"": ""https://web.archive.org/web/2014/https://www.coindesk.com/markets/2014/09/16/bangladesh-central-bank-cryptocurrency-use-is-a-punishable-offense""}, {""url"": ""https://www.thedailystar.net/law-our-rights/law-analysis/bitcoin-legality-in-bangladesh-bank-1602583"", ""wayback"": ""https://web.archive.org/web/2020/https://www.thedailystar.net/law-our-rights/law-analysis/bitcoin-legality-in-bangladesh-bank-1602583""}, {""url"": ""https://futrlaw.org/bangladesh-bank-issues-cautionary-notice-bitcoin/"", ""wayback"": ""https://web.archive.org/web/2022/https://futrlaw.org/bangladesh-bank-issues-cautionary-notice-bitcoin/""}]","[{""body_hash"": ""sha256:96c7da53fb1a0a7081e45e4e407866603287c96e5c9e85fa039161071f59a792"", ""body_path"": ""sources/http_captures/bangladesh-bb-bitcoin-warning-2014/primary/web.archive.org__web-20210919030841-https-www.coindesk.com-markets-2014-09-16-bangladesh-central-bank-cryptocurrency-use-is-a-punishable-offense__fb15df6a48.html"", ""url"": ""https://www.coindesk.com/markets/2014/09/16/bangladesh-central-bank-cryptocurrency-use-is-a-punishable-offense"", ""wayback"": ""https://web.archive.org/web/20210919030841/https://www.coindesk.com/markets/2014/09/16/bangladesh-central-bank-cryptocurrency-use-is-a-punishable-offense""}, {""body_hash"": ""sha256:80e0eac9de65abb067104aa1e5172622e2cd4856c18fdbc47603ff5c8aee0223"", ""body_path"": ""sources/http_captures/bangladesh-bb-bitcoin-warning-2014/primary/web.archive.org__web-20181206154558-https-www.thedailystar.net-law-our-rights-law-analysis-bitcoin-legality-in-bangladesh-bank-1602583__e4c833f165.html"", ""url"": ""https://www.thedailystar.net/law-our-rights/law-analysis/bitcoin-legality-in-bangladesh-bank-1602583"", ""wayback"": ""https://web.archive.org/web/20181206154558/https://www.thedailystar.net/law-our-rights/law-analysis/bitcoin-legality-in-bangladesh-bank-1602583""}]",unadjudicated_risk_flag
binance-4framework-2023,admitted,events/binance-4framework-2023.yaml,0,l4_frontend,observed_no_change,canonical_frontend_remained_operational_through_4b_settlement,"[{""matching_fields"": [""url"", ""body_hash""], ""observation_source_index"": 0, ""trigger_source_index"": 0}, {""matching_fields"": [""url"", ""body_hash""], ""observation_source_index"": 1, ""trigger_source_index"": 1}]","[{""body_hash"": ""sha256:fe6c94a854a7600c6a431a88677f4566b02413935b8111aa421c8e0e29c2bafe"", ""body_path"": ""sources/http_captures/binance-4framework-2023/primary/www.justice.gov__archives-opa-pr-binance-and-ceo-plead-guilty-federal-charges-4b-resolution__1d3bf7f1b0.html"", ""url"": ""https://www.justice.gov/archives/opa/pr/binance-and-ceo-plead-guilty-federal-charges-4b-resolution""}, {""body_hash"": ""sha256:ed854249a4a3e2fafbeb93d8e310f7e21456ee7bad51680c6a764b490647c234"", ""body_path"": ""sources/http_captures/binance-4framework-2023/primary/home.treasury.gov__news-press-releases-jy1925__4346771bca.html"", ""url"": ""https://home.treasury.gov/news/press-releases/jy1925""}]","[{""body_hash"": ""sha256:fe6c94a854a7600c6a431a88677f4566b02413935b8111aa421c8e0e29c2bafe"", ""body_path"": ""sources/http_captures/binance-4framework-2023/primary/www.justice.gov__archives-opa-pr-binance-and-ceo-plead-guilty-federal-charges-4b-resolution__1d3bf7f1b0.html"", ""url"": ""https://www.justice.gov/archives/opa/pr/binance-and-ceo-plead-guilty-federal-charges-4b-resolution""}, {""body_hash"": ""sha256:ed854249a4a3e2fafbeb93d8e310f7e21456ee7bad51680c6a764b490647c234"", ""body_path"": ""sources/http_captures/binance-4framework-2023/primary/home.treasury.gov__news-press-releases-jy1925__4346771bca.html"", ""url"": ""https://home.treasury.gov/news/press-releases/jy1925""}]",unadjudicated_risk_flag
binance-us-staking-end-2023,rejected,events/binance-us-staking-end-2023.yaml,0,offramp_cex,observed_no_change,rejection_no_independent_binance_us_staking_shutdown_after_sec_action,"[{""matching_fields"": [""url"", ""body_hash""], ""observation_source_index"": 0, ""trigger_source_index"": 0}, {""matching_fields"": [""url"", ""body_hash""], ""observation_source_index"": 1, ""trigger_source_index"": 1}]","[{""body_hash"": ""sha256:e6d1292db455dc6a8680637449cc8a05dbf11c63618da8770937b88bcdc588e6"", ""body_path"": ""sources/http_captures/sec-v-binance-2023/platform-response/support.binance.us__en-articles-9843568-binance-us-will-remove-10-trading-pairs-has-paused-otc-trading-updated__0e03a1e712.html"", ""url"": ""https://support.binance.us/en/articles/9843568-binance-us-will-remove-10-trading-pairs-has-paused-otc-trading-updated""}, {""body_hash"": ""sha256:3a20f9c26f640caba0b9e3ec228a43abc60793521137dbec563d310af8431ecb"", ""body_path"": ""sources/http_captures/sec-v-binance-2023/platform-response/support.binance.us__en-articles-9843567-binance-us-will-remove-select-usd-advanced-trading-pairs__852a151d2b.html"", ""url"": ""https://support.binance.us/en/articles/9843567-binance-us-will-remove-select-usd-advanced-trading-pairs""}]","[{""body_hash"": ""sha256:e6d1292db455dc6a8680637449cc8a05dbf11c63618da8770937b88bcdc588e6"", ""body_path"": ""sources/http_captures/sec-v-binance-2023/platform-response/support.binance.us__en-articles-9843568-binance-us-will-remove-10-trading-pairs-has-paused-otc-trading-updated__0e03a1e712.html"", ""url"": ""https://support.binance.us/en/articles/9843568-binance-us-will-remove-10-trading-pairs-has-paused-otc-trading-updated""}, {""body_hash"": ""sha256:3a20f9c26f640caba0b9e3ec228a43abc60793521137dbec563d310af8431ecb"", ""body_path"": ""sources/http_captures/sec-v-binance-2023/platform-response/support.binance.us__en-articles-9843567-binance-us-will-remove-select-usd-advanced-trading-pairs__852a151d2b.html"", ""url"": ""https://support.binance.us/en/articles/9843567-binance-us-will-remove-select-usd-advanced-trading-pairs""}, {""body_hash"": ""sha256:c29283b567f98d5a4f2d5ecd3ed1e188c4baa391269023c347aa85f4cf794189"", ""body_path"": ""sources/http_captures/sec-v-binance-2023/platform-response/www.theguardian.com__business-2023-jun-09-binanceus-prepares-to-suspend-us-dollar-deposits-and-withdrawals-from-exchange__57c8dce343.html"", ""url"": ""https://www.theguardian.com/business/2023/jun/09/binanceus-prepares-to-suspend-us-dollar-deposits-and-withdrawals-from-exchange""}]",unadjudicated_risk_flag
bitmex-fincen-2024,admitted,events/bitmex-fincen-2024.yaml,0,offramp_cex,observed_no_change,bitmex_us_rails_no_incremental_change_after_corporate_bsa_plea,"[{""matching_fields"": [""url"", ""body_hash""], ""observation_source_index"": 0, ""trigger_source_index"": 0}]","[{""body_hash"": ""sha256:0147c00f36bee0d1f22054254864fbc143a476112f6933b5bf05a27dc7605c83"", ""body_path"": ""sources/http_captures/bitmex-fincen-2024/primary/web.archive.org__web-20240710201047-https-www.justice.gov-usao-sdny-pr-global-cryptocurrency-exchange-bitmex-pleads-guilty-bank-secrecy-act-offense__61d5257c8a.html"", ""url"": ""https://www.justice.gov/usao-sdny/pr/global-cryptocurrency-exchange-bitmex-pleads-guilty-bank-secrecy-act-offense"", ""wayback"": ""https://web.archive.org/web/20240710201047/https://www.justice.gov/usao-sdny/pr/global-cryptocurrency-exchange-bitmex-pleads-guilty-bank-secrecy-act-offense""}, {""body_hash"": ""sha256:a0f7d164078d4d3ceee2599157e8509a3cdc7254de3ab2c7a5ce3dec5ed41168"", ""body_path"": ""sources/http_captures/bitmex-fincen-2024/primary/web.archive.org__web-20250115213223-https-www.justice.gov-usao-sdny-pr-global-cryptocurrency-exchange-bitmex-fined-100-million-violating-bank-secrecy-act__9cd27f0931.html"", ""url"": ""https://www.justice.gov/usao-sdny/pr/global-cryptocurrency-exchange-bitmex-fined-100-million-violating-bank-secrecy-act"", ""wayback"": ""https://web.archive.org/web/20250115213223/https://www.justice.gov/usao-sdny/pr/global-cryptocurrency-exchange-bitmex-fined-100-million-violating-bank-secrecy-act""}]","[{""body_hash"": ""sha256:0147c00f36bee0d1f22054254864fbc143a476112f6933b5bf05a27dc7605c83"", ""body_path"": ""sources/http_captures/bitmex-fincen-2024/primary/web.archive.org__web-20240710201047-https-www.justice.gov-usao-sdny-pr-global-cryptocurrency-exchange-bitmex-pleads-guilty-bank-secrecy-act-offense__61d5257c8a.html"", ""url"": ""https://www.justice.gov/usao-sdny/pr/global-cryptocurrency-exchange-bitmex-pleads-guilty-bank-secrecy-act-offense"", ""wayback"": ""https://web.archive.org/web/20240710201047/https://www.justice.gov/usao-sdny/pr/global-cryptocurrency-exchange-bitmex-pleads-guilty-bank-secrecy-act-offense""}]",unadjudicated_risk_flag
bitriver-russia-mining-ofac-2022-04,admitted,events/bitriver-russia-mining-ofac-2022-04.yaml,0,offramp_cex,observed_no_change,no_public_cex_cascade_documented_in_14d_window,"[{""matching_fields"": [""url"", ""body_hash""], ""observation_source_index"": 0, ""trigger_source_index"": 0}]","[{""body_hash"": ""sha256:29ae5daf08553def8ccf7f30a9da1516bbe9bbfd25c01bb24492c12163c778be"", ""body_path"": ""sources/http_captures/bitriver-russia-mining-ofac-2022-04/primary/web.archive.org__web-20220501000000-https-home.treasury.gov-news-press-releases-jy0731__70365f1f26.html"", ""url"": ""https://home.treasury.gov/news/press-releases/jy0731"", ""wayback"": ""https://web.archive.org/web/20220430203000/https://home.treasury.gov/news/press-releases/jy0731""}, {""body_hash"": ""sha256:e251f0fa7d3dd43973cb8bd1966061cd36fa96dc60885e1decf10c1cdce692f3"", ""body_path"": ""sources/http_captures/bitriver-russia-mining-ofac-2022-04/primary/web.archive.org__web-20220421000000-https-therecord.media-us-treasury-dept-sanctions-russian-crypto-mining-giant-bitriver__2423a37ff1.html"", ""url"": ""https://therecord.media/us-treasury-dept-sanctions-russian-crypto-mining-giant-bitriver"", ""wayback"": ""https://web.archive.org/web/20220421190013/https://therecord.media/us-treasury-dept-sanctions-russian-crypto-mining-giant-bitriver""}]","[{""body_hash"": ""sha256:29ae5daf08553def8ccf7f30a9da1516bbe9bbfd25c01bb24492c12163c778be"", ""body_path"": ""sources/http_captures/bitriver-russia-mining-ofac-2022-04/primary/web.archive.org__web-20220501000000-https-home.treasury.gov-news-press-releases-jy0731__70365f1f26.html"", ""url"": ""https://home.treasury.gov/news/press-releases/jy0731"", ""wayback"": ""https://web.archive.org/web/20220430203000/https://home.treasury.gov/news/press-releases/jy0731""}]",unadjudicated_risk_flag
bitstamp-greece-portugal-exit-2023,admitted,events/bitstamp-greece-portugal-exit-2023.yaml,0,offramp_cex,observed_no_change,bitstamp_greece_portugal_exit_2023_unpinned,"[{""matching_fields"": [""url"", ""body_hash""], ""observation_source_index"": 0, ""trigger_source_index"": 1}, {""matching_fields"": [""url""], ""observation_source_index"": 1, ""trigger_source_index"": 0}]","[{""url"": ""https://www.bitstamp.net/faq/which-countries-are-the-bitstamp-apps-available-in/"", ""wayback"": ""https://web.archive.org/web/2023/https://www.bitstamp.net/faq/which-countries-are-the-bitstamp-apps-available-in/""}, {""body_hash"": ""sha256:1824fc1311d6736e9483e95a8fae2f2856ddec3469902b1de649bedf74bb45f3"", ""body_path"": ""sources/http_captures/bitstamp-greece-portugal-exit-2023/primary/web.archive.org__web-20230323174741-https-www.bportugal.pt-en-entidadeautorizada-bitstamp-europe-sa__daac2f34b8.html"", ""url"": ""https://www.bportugal.pt/en/entidadeautorizada/bitstamp-europe-sa"", ""wayback"": ""https://web.archive.org/web/20230323174741/https://www.bportugal.pt/en/entidadeautorizada/bitstamp-europe-sa""}]","[{""body_hash"": ""sha256:1824fc1311d6736e9483e95a8fae2f2856ddec3469902b1de649bedf74bb45f3"", ""body_path"": ""sources/http_captures/bitstamp-greece-portugal-exit-2023/primary/web.archive.org__web-20230323174741-https-www.bportugal.pt-en-entidadeautorizada-bitstamp-europe-sa__daac2f34b8.html"", ""url"": ""https://www.bportugal.pt/en/entidadeautorizada/bitstamp-europe-sa"", ""wayback"": ""https://web.archive.org/web/20230323174741/https://www.bportugal.pt/en/entidadeautorizada/bitstamp-europe-sa""}, {""url"": ""https://www.bitstamp.net/faq/which-countries-are-the-bitstamp-apps-available-in/"", ""wayback"": ""https://web.archive.org/web/2023/https://www.bitstamp.net/faq/which-countries-are-the-bitstamp-apps-available-in/""}]",unadjudicated_risk_flag
bolivia-bcb-crypto-prohibition-2014,admitted,events/bolivia-bcb-crypto-prohibition-2014.yaml,0,offramp_cex,observed_no_change,bolivian_class_level_crypto_prohibition_no_observable_offramp_cascade,"[{""matching_fields"": [""url"", ""body_hash""], ""observation_source_index"": 0, ""trigger_source_index"": 0}]","[{""body_hash"": ""sha256:9bfff6619c90767577289a870b5c5278ae432994e1f019cf510236d51e3e171d"", ""body_path"": ""sources/http_captures/bolivia-bcb-crypto-prohibition-2014/primary/www.bcb.gob.bo__webdocs-files_noticias-NP-2062-20Uso-20de-20Monedas-20Virtuales.pdf__251b4ea430.bin"", ""url"": ""https://www.bcb.gob.bo/webdocs/files_noticias/NP%2062%20Uso%20de%20Monedas%20Virtuales.pdf""}, {""url"": ""https://www.bcb.gob.bo/webdocs/resoluciones_directorio/Resolucion_044_2014.pdf"", ""wayback"": ""https://web.archive.org/web/2014/https://www.bcb.gob.bo/webdocs/resoluciones_directorio/Resolucion_044_2014.pdf""}, {""body_hash"": ""sha256:6562c5b3f764c25e85a4bc68ea10e8cf4af01af1253c37bcaf992f94712144ad"", ""body_path"": ""sources/http_captures/bolivia-bcb-crypto-prohibition-2014/primary/web.archive.org__web-20201112040703-https-www.cityam.com-bitcoin-banned-bolivian-central-bank-threat-national-currency__d6abb0b57c.html"", ""url"": ""https://www.cityam.com/bitcoin-banned-bolivian-central-bank-threat-national-currency/"", ""wayback"": ""https://web.archive.org/web/20201112040703/https://www.cityam.com/bitcoin-banned-bolivian-central-bank-threat-national-currency/""}]","[{""body_hash"": ""sha256:9bfff6619c90767577289a870b5c5278ae432994e1f019cf510236d51e3e171d"", ""body_path"": ""sources/http_captures/bolivia-bcb-crypto-prohibition-2014/primary/www.bcb.gob.bo__webdocs-files_noticias-NP-2062-20Uso-20de-20Monedas-20Virtuales.pdf__251b4ea430.bin"", ""url"": ""https://www.bcb.gob.bo/webdocs/files_noticias/NP%2062%20Uso%20de%20Monedas%20Virtuales.pdf""}]",unadjudicated_risk_flag
botnet-911-s5-ofac-2024-05,admitted,events/botnet-911-s5-ofac-2024-05.yaml,0,offramp_cex,observed_no_change,no_public_cex_cascade_documented_in_14d_window,"[{""matching_fields"": [""url"", ""body_hash""], ""observation_source_index"": 0, ""trigger_source_index"": 0}]","[{""body_hash"": ""sha256:291f54f8b94689ff177e9d71baf66793b663990f4484ecd7e3c38bf42c1134f5"", ""body_path"": ""sources/http_captures/botnet-911-s5-ofac-2024-05/primary/web.archive.org__web-20240529000000-https-home.treasury.gov-news-press-releases-jy2375__708636ae49.html"", ""url"": ""https://home.treasury.gov/news/press-releases/jy2375"", ""wayback"": ""https://web.archive.org/web/20240528232624/https://home.treasury.gov/news/press-releases/jy2375""}]","[{""body_hash"": ""sha256:291f54f8b94689ff177e9d71baf66793b663990f4484ecd7e3c38bf42c1134f5"", ""body_path"": ""sources/http_captures/botnet-911-s5-ofac-2024-05/primary/web.archive.org__web-20240529000000-https-home.treasury.gov-news-press-releases-jy2375__708636ae49.html"", ""url"": ""https://home.treasury.gov/news/press-releases/jy2375"", ""wayback"": ""https://web.archive.org/web/20240528232624/https://home.treasury.gov/news/press-releases/jy2375""}]",unadjudicated_risk_flag
brazil-bacen-stablecoin-restriction-2023,admitted,events/brazil-bacen-stablecoin-restriction-2023.yaml,0,offramp_cex,observed_no_change,bacen_decreto_11563_offshore_stablecoin_trading_perimeter,"[{""matching_fields"": [""url"", ""body_hash""], ""observation_source_index"": 0, ""trigger_source_index"": 0}, {""matching_fields"": [""url"", ""body_hash""], ""observation_source_index"": 1, ""trigger_source_index"": 1}]","[{""body_hash"": ""sha256:ea55c2f4b89525353673ae2f89f1f98c68c911266c42dfb45393b4ada8233f5d"", ""body_path"": ""sources/http_captures/brazil-bacen-stablecoin-restriction-2023/primary/web.archive.org__web-20230614113250-https-www.planalto.gov.br-ccivil_03-_ato2023-2026-2023-decreto-d11563.htm__bf339acd00.html"", ""url"": ""https://www.planalto.gov.br/ccivil_03/_ato2023-2026/2023/decreto/d11563.htm"", ""wayback"": ""https://web.archive.org/web/20230614113250/https://www.planalto.gov.br/ccivil_03/_ato2023-2026/2023/decreto/d11563.htm""}, {""body_hash"": ""sha256:7e989247268de0e5b150d3921b17a7790f22bd18e4993742a66b44614f3f8847"", ""body_path"": ""sources/http_captures/brazil-bacen-stablecoin-restriction-2023/primary/web.archive.org__web-20221222113356-https-www.planalto.gov.br-ccivil_03-_ato2019-2022-2022-lei-L14478.htm__31fa07c295.html"", ""url"": ""https://www.planalto.gov.br/ccivil_03/_ato2019-2022/2022/lei/L14478.htm"", ""wayback"": ""https://web.archive.org/web/20221222113356/https://www.planalto.gov.br/ccivil_03/_ato2019-2022/2022/lei/L14478.htm""}, {""url"": ""https://www.loc.gov/item/global-legal-monitor/2023-01-31/brazil-new-law-regulates-cryptocurrency/"", ""wayback"": ""https://web.archive.org/web/2023/https://www.loc.gov/item/global-legal-monitor/2023-01-31/brazil-new-law-regulates-cryptocurrency/""}]","[{""body_hash"": ""sha256:ea55c2f4b89525353673ae2f89f1f98c68c911266c42dfb45393b4ada8233f5d"", ""body_path"": ""sources/http_captures/brazil-bacen-stablecoin-restriction-2023/primary/web.archive.org__web-20230614113250-https-www.planalto.gov.br-ccivil_03-_ato2023-2026-2023-decreto-d11563.htm__bf339acd00.html"", ""url"": ""https://www.planalto.gov.br/ccivil_03/_ato2023-2026/2023/decreto/d11563.htm"", ""wayback"": ""https://web.archive.org/web/20230614113250/https://www.planalto.gov.br/ccivil_03/_ato2023-2026/2023/decreto/d11563.htm""}, {""body_hash"": ""sha256:7e989247268de0e5b150d3921b17a7790f22bd18e4993742a66b44614f3f8847"", ""body_path"": ""sources/http_captures/brazil-bacen-stablecoin-restriction-2023/primary/web.archive.org__web-20221222113356-https-www.planalto.gov.br-ccivil_03-_ato2019-2022-2022-lei-L14478.htm__31fa07c295.html"", ""url"": ""https://www.planalto.gov.br/ccivil_03/_ato2019-2022/2022/lei/L14478.htm"", ""wayback"": ""https://web.archive.org/web/20221222113356/https://www.planalto.gov.br/ccivil_03/_ato2019-2022/2022/lei/L14478.htm""}]",unadjudicated_risk_flag
brazil-bcb-comunicado-25306-2014,admitted,events/brazil-bcb-comunicado-25306-2014.yaml,0,offramp_cex,observed_no_change,bcb_comunicado_25306_class_level_risk_advisory,"[{""matching_fields"": [""url""], ""observation_source_index"": 0, ""trigger_source_index"": 0}, {""matching_fields"": [""url""], ""observation_source_index"": 2, ""trigger_source_index"": 1}]","[{""url"": ""https://www.bcb.gov.br/estabilidadefinanceira/exibenormativo?tipo=Comunicado&numero=25306"", ""wayback"": ""https://web.archive.org/web/2014/https://www.bcb.gov.br/estabilidadefinanceira/exibenormativo?tipo=Comunicado&numero=25306""}, {""url"": ""https://www.jusbrasil.com.br/diarios/66539047/dou-secao-3-20-02-2014-pg-105"", ""wayback"": ""https://web.archive.org/web/2014/https://www.jusbrasil.com.br/diarios/66539047/dou-secao-3-20-02-2014-pg-105""}]","[{""url"": ""https://www.bcb.gov.br/estabilidadefinanceira/exibenormativo?tipo=Comunicado&numero=25306"", ""wayback"": ""https://web.archive.org/web/2014/https://www.bcb.gov.br/estabilidadefinanceira/exibenormativo?tipo=Comunicado&numero=25306""}, {""body_hash"": ""sha256:3a0771e0b743ba7752efef71a20c1a16f28d51bc6753cd5af711e6bc716d6632"", ""body_path"": ""sources/http_captures/brazil-bcb-comunicado-25306-2014/primary/web.archive.org__web-20220629043447-https-www.legisweb.com.br-legislacao__518ffabdc0.html"", ""url"": ""https://www.legisweb.com.br/legislacao/?id=265825"", ""wayback"": ""https://web.archive.org/web/20220629043447/https://www.legisweb.com.br/legislacao/?id=265825""}, {""url"": ""https://www.jusbrasil.com.br/diarios/66539047/dou-secao-3-20-02-2014-pg-105"", ""wayback"": ""https://web.archive.org/web/2014/https://www.jusbrasil.com.br/diarios/66539047/dou-secao-3-20-02-2014-pg-105""}]",unadjudicated_risk_flag
cambodia-kok-an-pig-butchering-crypto-2026,admitted,events/cambodia-kok-an-pig-butchering-crypto-2026.yaml,0,offramp_cex,observed_no_change,no_public_cex_cascade_documented_in_14d_window,"[{""matching_fields"": [""url"", ""body_hash""], ""observation_source_index"": 0, ""trigger_source_index"": 0}]","[{""body_hash"": ""sha256:9ff674ac200aabdabd0896c6563226e015e4e12831efecb332b4f7f65a0e8e07"", ""body_path"": ""sources/http_captures/cambodia-kok-an-pig-butchering-crypto-2026/source/home.treasury.gov__news-press-releases-sb0469__5a2037ecce.html"", ""url"": ""https://home.treasury.gov/news/press-releases/sb0469""}]","[{""body_hash"": ""sha256:9ff674ac200aabdabd0896c6563226e015e4e12831efecb332b4f7f65a0e8e07"", ""body_path"": ""sources/http_captures/cambodia-kok-an-pig-butchering-crypto-2026/source/home.treasury.gov__news-press-releases-sb0469__5a2037ecce.html"", ""url"": ""https://home.treasury.gov/news/press-releases/sb0469""}]",unadjudicated_risk_flag
cftc-v-ftx-2022,admitted,events/cftc-v-ftx-2022.yaml,0,offramp_cex,observed_no_change,no_incremental_cftc_attributable_offramp_change_after_preexisting_chapter_11_freeze,"[{""matching_fields"": [""url""], ""observation_source_index"": 0, ""trigger_source_index"": 0}]","[{""url"": ""https://www.cftc.gov/PressRoom/PressReleases/8638-22"", ""wayback"": ""https://web.archive.org/web/2022/https://www.cftc.gov/PressRoom/PressReleases/8638-22""}]","[{""body_hash"": ""sha256:a2000c409763286b290961aadc3a541d520bff3f9ea039fa9aadc6670f4d7ada"", ""body_path"": ""sources/http_captures/cftc-v-ftx-2022/v0_3_primary_repair/www.cftc.gov__PressRoom-PressReleases-8638-22__5a31c2a5d9.html"", ""url"": ""https://www.cftc.gov/PressRoom/PressReleases/8638-22""}]",unadjudicated_risk_flag
china-fentanyl-network-ofac-2023-10,admitted,events/china-fentanyl-network-ofac-2023-10.yaml,0,offramp_cex,observed_no_change,no_public_cex_cascade_documented_in_14d_window,"[{""matching_fields"": [""url"", ""body_hash""], ""observation_source_index"": 0, ""trigger_source_index"": 1}]","[{""body_hash"": ""sha256:00f439975eba09e5ac169c4f0d6fea7617063249f1a5d1faa0c03cc6a96d8f67"", ""body_path"": ""sources/http_captures/china-fentanyl-network-ofac-2023-10/primary/web.archive.org__web-20231003000000-https-home.treasury.gov-news-press-releases-jy1779__c0f71db364.html"", ""url"": ""https://home.treasury.gov/news/press-releases/jy1779"", ""wayback"": ""https://web.archive.org/web/20231003190525/https://home.treasury.gov/news/press-releases/jy1779""}, {""body_hash"": ""sha256:1e69d995969b2deee20c842346e86f4d8aa35d0c615e25df287c28cea79f17cc"", ""body_path"": ""sources/http_captures/china-fentanyl-network-ofac-2023-10/primary/web.archive.org__web-20231003000000-https-ofac.treasury.gov-recent-actions-20231003__09b2bec01f.html"", ""url"": ""https://ofac.treasury.gov/recent-actions/20231003"", ""wayback"": ""https://web.archive.org/web/20231003190327/https://ofac.treasury.gov/recent-actions/20231003""}]","[{""body_hash"": ""sha256:1e69d995969b2deee20c842346e86f4d8aa35d0c615e25df287c28cea79f17cc"", ""body_path"": ""sources/http_captures/china-fentanyl-network-ofac-2023-10/primary/web.archive.org__web-20231003000000-https-ofac.treasury.gov-recent-actions-20231003__09b2bec01f.html"", ""url"": ""https://ofac.treasury.gov/recent-actions/20231003"", ""wayback"": ""https://web.archive.org/web/20231003190327/https://ofac.treasury.gov/recent-actions/20231003""}]",unadjudicated_risk_flag
chinyong-kim-sang-man-dprk-it-worker-ofac-2023-05,admitted,events/chinyong-kim-sang-man-dprk-it-worker-ofac-2023-05.yaml,0,offramp_cex,observed_no_change,no_public_cex_cascade_documented_in_14d_window,"[{""matching_fields"": [""url"", ""body_hash""], ""observation_source_index"": 0, ""trigger_source_index"": 1}]","[{""body_hash"": ""sha256:d62f6b8c04eba2477e1022a7510ad722c2fd81a14b37a030e44a3a96cdb77f76"", ""body_path"": ""sources/http_captures/chinyong-kim-sang-man-dprk-it-worker-ofac-2023-05/primary/web.archive.org__web-20230523000000-https-home.treasury.gov-news-press-releases-jy1498__dd2b856709.html"", ""url"": ""https://home.treasury.gov/news/press-releases/jy1498"", ""wayback"": ""https://web.archive.org/web/20230523155510/https://home.treasury.gov/news/press-releases/jy1498""}, {""body_hash"": ""sha256:361020395af3a02bf7feca792f7a0d84de9d8c1e45a296fd1ebcbd0b6f34d096"", ""body_path"": ""sources/http_captures/chinyong-kim-sang-man-dprk-it-worker-ofac-2023-05/primary/web.archive.org__web-20230523000000-https-ofac.treasury.gov-recent-actions-20230523__b4eb572e68.html"", ""url"": ""https://ofac.treasury.gov/recent-actions/20230523"", ""wayback"": ""https://web.archive.org/web/20230523144315/https://ofac.treasury.gov/recent-actions/20230523""}]","[{""body_hash"": ""sha256:361020395af3a02bf7feca792f7a0d84de9d8c1e45a296fd1ebcbd0b6f34d096"", ""body_path"": ""sources/http_captures/chinyong-kim-sang-man-dprk-it-worker-ofac-2023-05/primary/web.archive.org__web-20230523000000-https-ofac.treasury.gov-recent-actions-20230523__b4eb572e68.html"", ""url"": ""https://ofac.treasury.gov/recent-actions/20230523"", ""wayback"": ""https://web.archive.org/web/20230523144315/https://ofac.treasury.gov/recent-actions/20230523""}]",unadjudicated_risk_flag
circle-freeze-zama-cusdc-court-order-2026,admitted,events/circle-freeze-zama-cusdc-court-order-2026.yaml,0,offramp_cex,observed_no_change,no_public_cex_cascade_documented_in_14d_window,"[{""matching_fields"": [""url"", ""body_hash""], ""observation_source_index"": 0, ""trigger_source_index"": 0}]","[{""body_hash"": ""sha256:56527f13529c94018c8afcad416835d8e605067036fddcf50dec5155757f4b99"", ""body_path"": ""sources/http_captures/circle-freeze-zama-cusdc-court-order-2026/source/www.cryptotimes.io__2026-06-02-court-lifts-freeze-on-zamas-cusdc-contract-restoring-12-5m-usdc__166d0be9ad.html"", ""url"": ""https://www.cryptotimes.io/2026/06/02/court-lifts-freeze-on-zamas-cusdc-contract-restoring-12-5m-usdc/""}]","[{""body_hash"": ""sha256:56527f13529c94018c8afcad416835d8e605067036fddcf50dec5155757f4b99"", ""body_path"": ""sources/http_captures/circle-freeze-zama-cusdc-court-order-2026/source/www.cryptotimes.io__2026-06-02-court-lifts-freeze-on-zamas-cusdc-contract-restoring-12-5m-usdc__166d0be9ad.html"", ""url"": ""https://www.cryptotimes.io/2026/06/02/court-lifts-freeze-on-zamas-cusdc-contract-restoring-12-5m-usdc/""}]",unadjudicated_risk_flag
circle-usdc-svb-policy-statement-2023,admitted,events/circle-usdc-svb-policy-statement-2023.yaml,0,offramp_cex,observed_no_change,circle_resumed_usdc_redemption_no_holder_restriction_or_freeze,"[{""matching_fields"": [""url""], ""observation_source_index"": 0, ""trigger_source_index"": 0}]","[{""url"": ""https://www.circle.com/pressroom/3-3-billion-of-usdc-reserve-risk-removed-dollar-de-peg-closes"", ""wayback"": ""https://web.archive.org/web/2023/https://www.circle.com/pressroom/3-3-billion-of-usdc-reserve-risk-removed-dollar-de-peg-closes""}, {""url"": ""https://www.circle.com/blog/an-update-on-usdc-and-silicon-valley-bank"", ""wayback"": ""https://web.archive.org/web/2023/https://www.circle.com/blog/an-update-on-usdc-and-silicon-valley-bank""}]","[{""body_hash"": ""sha256:4739b03851b4414fb95e345b07205848f2213503cf3d0f1eeaf673e88b461811"", ""body_path"": ""sources/http_captures/circle-usdc-svb-policy-statement-2023/v0_3_primary_repair/www.circle.com__pressroom-3-3-billion-of-usdc-reserve-risk-removed-dollar-de-peg-closes__063c331ff1.html"", ""url"": ""https://www.circle.com/pressroom/3-3-billion-of-usdc-reserve-risk-removed-dollar-de-peg-closes""}]",unadjudicated_risk_flag
consensys-metamask-infura-rpc-data-collection-2022-11,admitted,events/consensys-metamask-infura-rpc-data-collection-2022-11.yaml,0,l3_rpc,observed_no_change,privacy_policy_disclosure_of_preexisting_ip_and_ethereum_address_collection,"[{""matching_fields"": [""url""], ""observation_source_index"": 0, ""trigger_source_index"": 0}, {""matching_fields"": [""url"", ""body_hash""], ""observation_source_index"": 1, ""trigger_source_index"": 1}]","[{""url"": ""https://consensys.io/privacy-policy"", ""wayback"": ""https://web.archive.org/web/2022/https://consensys.io/privacy-policy""}, {""body_hash"": ""sha256:9e7e1de2017082950f81267d77f69693828cc587d3b226ba018e6f039245c8fb"", ""body_path"": ""sources/http_captures/consensys-metamask-infura-rpc-data-collection-2022-11/primary/web.archive.org__web-20221124110546-https-www.theblock.co-post-189717-consensys-says-it-collects-ip-addresses-of-metamask-users-via-infura__bb63c07635.html"", ""url"": ""https://www.theblock.co/post/189717/consensys-says-it-collects-ip-addresses-of-metamask-users-via-infura"", ""wayback"": ""https://web.archive.org/web/20221124110546/https://www.theblock.co/post/189717/consensys-says-it-collects-ip-addresses-of-metamask-users-via-infura""}, {""url"": ""https://decrypt.co/115486/infura-collect-metamask-users-ip-ethereum-addresses-after-privacy-policy-update"", ""wayback"": ""https://web.archive.org/web/2022/https://decrypt.co/115486/infura-collect-metamask-users-ip-ethereum-addresses-after-privacy-policy-update""}, {""url"": ""https://cryptoslate.com/consensys-updates-policy-to-collect-metamask-ip-data/"", ""wayback"": ""https://web.archive.org/web/2022/https://cryptoslate.com/consensys-updates-policy-to-collect-metamask-ip-data/""}]","[{""url"": ""https://consensys.io/privacy-policy"", ""wayback"": ""https://web.archive.org/web/2022/https://consensys.io/privacy-policy""}, {""body_hash"": ""sha256:9e7e1de2017082950f81267d77f69693828cc587d3b226ba018e6f039245c8fb"", ""body_path"": ""sources/http_captures/consensys-metamask-infura-rpc-data-collection-2022-11/primary/web.archive.org__web-20221124110546-https-www.theblock.co-post-189717-consensys-says-it-collects-ip-addresses-of-metamask-users-via-infura__bb63c07635.html"", ""url"": ""https://www.theblock.co/post/189717/consensys-says-it-collects-ip-addresses-of-metamask-users-via-infura"", ""wayback"": ""https://web.archive.org/web/20221124110546/https://www.theblock.co/post/189717/consensys-says-it-collects-ip-addresses-of-metamask-users-via-infura""}]",unadjudicated_risk_flag
derakhshan-alivand-irgc-crypto-ofac-2025-09,admitted,events/derakhshan-alivand-irgc-crypto-ofac-2025-09.yaml,0,offramp_cex,observed_no_change,no_public_cex_cascade_documented_in_14d_window,"[{""matching_fields"": [""url"", ""body_hash""], ""observation_source_index"": 0, ""trigger_source_index"": 0}]","[{""body_hash"": ""sha256:96de8a340095a2c177c4c798ffe3a930db682b45229a791087af70b2372d1f45"", ""body_path"": ""sources/http_captures/derakhshan-alivand-irgc-crypto-ofac-2025-09/primary/web.archive.org__web-20250917232322-https-home.treasury.gov-news-press-releases-sb0248__a24adc46a8.html"", ""url"": ""https://home.treasury.gov/news/press-releases/sb0248"", ""wayback"": ""https://web.archive.org/web/20250917232322/https://home.treasury.gov/news/press-releases/sb0248""}]","[{""body_hash"": ""sha256:96de8a340095a2c177c4c798ffe3a930db682b45229a791087af70b2372d1f45"", ""body_path"": ""sources/http_captures/derakhshan-alivand-irgc-crypto-ofac-2025-09/primary/web.archive.org__web-20250917232322-https-home.treasury.gov-news-press-releases-sb0248__a24adc46a8.html"", ""url"": ""https://home.treasury.gov/news/press-releases/sb0248"", ""wayback"": ""https://web.archive.org/web/20250917232322/https://home.treasury.gov/news/press-releases/sb0248""}]",unadjudicated_risk_flag
dkba-burma-scam-compound-ofac-2025-11,admitted,events/dkba-burma-scam-compound-ofac-2025-11.yaml,0,offramp_cex,observed_no_change,no_public_cex_cascade_documented_in_14d_window,"[{""matching_fields"": [""url"", ""body_hash""], ""observation_source_index"": 0, ""trigger_source_index"": 0}]","[{""body_hash"": ""sha256:f6fd7f18cb6c852c1119bb239c19f26ecda1a18a4fc7fd9b0c58dc9ea335b242"", ""body_path"": ""sources/http_captures/dkba-burma-scam-compound-ofac-2025-11/primary/web.archive.org__web-20251114001806-https-home.treasury.gov-news-press-releases-sb0312__c42392aa88.html"", ""url"": ""https://home.treasury.gov/news/press-releases/sb0312"", ""wayback"": ""https://web.archive.org/web/20251114001806/https://home.treasury.gov/news/press-releases/sb0312""}]","[{""body_hash"": ""sha256:f6fd7f18cb6c852c1119bb239c19f26ecda1a18a4fc7fd9b0c58dc9ea335b242"", ""body_path"": ""sources/http_captures/dkba-burma-scam-compound-ofac-2025-11/primary/web.archive.org__web-20251114001806-https-home.treasury.gov-news-press-releases-sb0312__c42392aa88.html"", ""url"": ""https://home.treasury.gov/news/press-releases/sb0312"", ""wayback"": ""https://web.archive.org/web/20251114001806/https://home.treasury.gov/news/press-releases/sb0312""}]",unadjudicated_risk_flag
dprk-it-workers-amnokgang-vietnam-2026,admitted,events/dprk-it-workers-amnokgang-vietnam-2026.yaml,0,offramp_cex,observed_no_change,no_public_cex_cascade_documented_in_14d_window,"[{""matching_fields"": [""url"", ""body_hash""], ""observation_source_index"": 0, ""trigger_source_index"": 0}]","[{""body_hash"": ""sha256:1e18e4907c119c46c94e08a12057bf0cadeedf2cda81237a6d57e0d245508a27"", ""body_path"": ""sources/http_captures/dprk-it-workers-amnokgang-vietnam-2026/source/home.treasury.gov__news-press-releases-sb0416__eff0c64d90.html"", ""url"": ""https://home.treasury.gov/news/press-releases/sb0416""}]","[{""body_hash"": ""sha256:1e18e4907c119c46c94e08a12057bf0cadeedf2cda81237a6d57e0d245508a27"", ""body_path"": ""sources/http_captures/dprk-it-workers-amnokgang-vietnam-2026/source/home.treasury.gov__news-press-releases-sb0416__eff0c64d90.html"", ""url"": ""https://home.treasury.gov/news/press-releases/sb0416""}]",unadjudicated_risk_flag
dprk-song-kum-hyok-andariel-it-workers-2025,admitted,events/dprk-song-kum-hyok-andariel-it-workers-2025.yaml,0,offramp_cex,observed_no_change,no_public_cex_cascade_documented_in_14d_window,"[{""matching_fields"": [""url"", ""body_hash""], ""observation_source_index"": 0, ""trigger_source_index"": 0}]","[{""body_hash"": ""sha256:75523c8addc092280ea53d7c03a013968da1eb5d53cda561426f653f1735a018"", ""body_path"": ""sources/http_captures/dprk-song-kum-hyok-andariel-it-workers-2025/source/home.treasury.gov__news-press-releases-sb0190__7dbe6ea9ea.html"", ""url"": ""https://home.treasury.gov/news/press-releases/sb0190""}]","[{""body_hash"": ""sha256:75523c8addc092280ea53d7c03a013968da1eb5d53cda561426f653f1735a018"", ""body_path"": ""sources/http_captures/dprk-song-kum-hyok-andariel-it-workers-2025/source/home.treasury.gov__news-press-releases-sb0190__7dbe6ea9ea.html"", ""url"": ""https://home.treasury.gov/news/press-releases/sb0190""}]",unadjudicated_risk_flag
dprk-usdt-network-ofac-2025,admitted,events/dprk-usdt-network-ofac-2025.yaml,1,asset_onchain,observed_no_change,tether_pre_ofac_intelligence_freeze_25_of_53_addresses,"[{""matching_fields"": [""url"", ""body_hash""], ""observation_source_index"": 2, ""trigger_source_index"": 0}]","[{""body_hash"": ""sha256:bb2182e7e64bdcbf5af219ac2475a0ccd8981024d9681675fa9c748dc4694ad7"", ""body_path"": ""sources/http_captures/dprk-usdt-network-ofac-2025/ofac-recent-actions/ofac.treasury.gov__recent-actions-20251104__f087ecdd9f.html"", ""url"": ""https://ofac.treasury.gov/recent-actions/20251104"", ""wayback"": ""https://web.archive.org/web/20260421141948/https://ofac.treasury.gov/recent-actions/20251104""}, {""url"": ""https://home.treasury.gov/news/press-releases/sb0298""}]","[{""tx_hash"": ""29c22d0444c84f77a861064285093eb005cef4ffd656944645766480bcd0bc78"", ""url"": ""https://tronscan.org/#/transaction/29c22d0444c84f77a861064285093eb005cef4ffd656944645766480bcd0bc78""}, {""body_hash"": ""sha256:5d6317eb4970c6d1f570dc8b37892db66664fd3fab838a1ce879341facf32e50"", ""body_path"": ""sources/http_captures/dprk-usdt-network-ofac-2025/asset-layer-check/usdtbanlist.com__address-TA3941uFAvmVibSkQ6fMJXxmaSNovX86mz__a69f3029ba.html"", ""url"": ""https://usdtbanlist.com/address/TA3941uFAvmVibSkQ6fMJXxmaSNovX86mz""}, {""body_hash"": ""sha256:bb2182e7e64bdcbf5af219ac2475a0ccd8981024d9681675fa9c748dc4694ad7"", ""body_path"": ""sources/http_captures/dprk-usdt-network-ofac-2025/ofac-recent-actions/ofac.treasury.gov__recent-actions-20251104__f087ecdd9f.html"", ""url"": ""https://ofac.treasury.gov/recent-actions/20251104""}]",unadjudicated_risk_flag
eu-14th-russia-sanctions-spfs-2024,admitted,events/eu-14th-russia-sanctions-spfs-2024.yaml,0,offramp_cex,observed_no_change,eu_14th_package_spfs_and_article_5ad_framework_adoption_2024,"[{""matching_fields"": [""url"", ""body_hash""], ""observation_source_index"": 0, ""trigger_source_index"": 0}]","[{""body_hash"": ""sha256:dd8eed371b6cba0a6193afb1b8b616ccab9855c4f4032679bbc4ddb401f49328"", ""body_path"": ""sources/http_captures/eu-14th-russia-sanctions-spfs-2024/primary/web.archive.org__web-20240624181905-https-eur-lex.europa.eu-eli-reg-2024-1745-oj__58e36ac7f5.html"", ""url"": ""https://eur-lex.europa.eu/eli/reg/2024/1745/oj"", ""wayback"": ""https://web.archive.org/web/20240624181905/https://eur-lex.europa.eu/eli/reg/2024/1745/oj""}, {""body_hash"": ""sha256:e4ef800529e7c8149c0b2faea33569544bb699cb47d0398a824849c0f42e2314"", ""body_path"": ""sources/http_captures/eu-14th-russia-sanctions-spfs-2024/primary/web.archive.org__web-20240624072140-https-www.consilium.europa.eu-en-press-press-releases-2024-06-24-russia-s-war-of-aggression-against-ukraine-comprehensive-eu-s-14th__9fe377a46e.html"", ""url"": ""https://www.consilium.europa.eu/en/press/press-releases/2024/06/24/russia-s-war-of-aggression-against-ukraine-comprehensive-eu-s-14th-package-of-sanctions-cracks-down-on-circumvention-and-adopts-energy-measures/"", ""wayback"": ""https://web.archive.org/web/20240624072140/https://www.consilium.europa.eu/en/press/press-releases/2024/06/24/russia-s-war-of-aggression-against-ukraine-comprehensive-eu-s-14th-package-of-sanctions-cracks-down-on-circumvention-and-adopts-energy-measures/""}, {""url"": ""https://enlargement.ec.europa.eu/news/eu-adopts-14th-package-sanctions-against-russia-its-continued-illegal-war-against-ukraine-2024-06-24_en"", ""wayback"": ""https://web.archive.org/web/2024/https://enlargement.ec.europa.eu/news/eu-adopts-14th-package-sanctions-against-russia-its-continued-illegal-war-against-ukraine-2024-06-24_en""}]","[{""body_hash"": ""sha256:dd8eed371b6cba0a6193afb1b8b616ccab9855c4f4032679bbc4ddb401f49328"", ""body_path"": ""sources/http_captures/eu-14th-russia-sanctions-spfs-2024/primary/web.archive.org__web-20240624181905-https-eur-lex.europa.eu-eli-reg-2024-1745-oj__58e36ac7f5.html"", ""url"": ""https://eur-lex.europa.eu/eli/reg/2024/1745/oj"", ""wayback"": ""https://web.archive.org/web/20240624181905/https://eur-lex.europa.eu/eli/reg/2024/1745/oj""}]",unadjudicated_risk_flag
eu-15th-russia-sanctions-2024,admitted,events/eu-15th-russia-sanctions-2024.yaml,0,offramp_cex,observed_no_change,eu_15th_package_entity_listings_no_new_casp_provisions,"[{""matching_fields"": [""url"", ""body_hash""], ""observation_source_index"": 0, ""trigger_source_index"": 0}]","[{""body_hash"": ""sha256:59b79509b6e29303f336a454d223fb8e64ed8a2c8730fc9f844ff38336bd97d7"", ""body_path"": ""sources/http_captures/eu-15th-russia-sanctions-2024/primary/web.archive.org__web-20241216134134-https-eur-lex.europa.eu-legal-content-EN-TXT__ec54dd0124.html"", ""url"": ""https://eur-lex.europa.eu/legal-content/EN/TXT/?uri=OJ:L_202403192"", ""wayback"": ""https://web.archive.org/web/20241216134134/https://eur-lex.europa.eu/legal-content/EN/TXT/?uri=OJ:L_202403192""}, {""body_hash"": ""sha256:ae277f96a189a4f5e219508d77bec3d5c6dbd2da55694644924bd6b7b41817d2"", ""body_path"": ""sources/http_captures/eu-15th-russia-sanctions-2024/primary/web.archive.org__web-20241216111014-https-www.consilium.europa.eu-en-press-press-releases-2024-12-16-russia-s-war-of-aggression-against-ukraine-eu-adopts-15th-package-o__c151574433.html"", ""url"": ""https://www.consilium.europa.eu/en/press/press-releases/2024/12/16/russia-s-war-of-aggression-against-ukraine-eu-adopts-15th-package-of-restrictive-measures/"", ""wayback"": ""https://web.archive.org/web/20241216111014/https://www.consilium.europa.eu/en/press/press-releases/2024/12/16/russia-s-war-of-aggression-against-ukraine-eu-adopts-15th-package-of-restrictive-measures""}]","[{""body_hash"": ""sha256:59b79509b6e29303f336a454d223fb8e64ed8a2c8730fc9f844ff38336bd97d7"", ""body_path"": ""sources/http_captures/eu-15th-russia-sanctions-2024/primary/web.archive.org__web-20241216134134-https-eur-lex.europa.eu-legal-content-EN-TXT__ec54dd0124.html"", ""url"": ""https://eur-lex.europa.eu/legal-content/EN/TXT/?uri=OJ:L_202403192"", ""wayback"": ""https://web.archive.org/web/20241216134134/https://eur-lex.europa.eu/legal-content/EN/TXT/?uri=OJ:L_202403192""}]",unadjudicated_risk_flag
eu-amla-anti-money-laundering-authority-regulation-2024,admitted,events/eu-amla-anti-money-laundering-authority-regulation-2024.yaml,0,offramp_cex,observed_no_change,amla_regulation_adopted_supervisory_regime_future_effective_no_observed_casp_change_at_trigger,"[{""matching_fields"": [""url"", ""body_hash""], ""observation_source_index"": 0, ""trigger_source_index"": 0}]","[{""body_hash"": ""sha256:7415f1b126df20a7e74bdc384f6fcd346b26487718061d4a40f1a16f9c327d78"", ""body_path"": ""sources/http_captures/eu-amla-anti-money-laundering-authority-regulation-2024/primary/web.archive.org__web-20240619005806-https-eur-lex.europa.eu-eli-reg-2024-1620-oj__aa38b2fd66.html"", ""url"": ""https://eur-lex.europa.eu/eli/reg/2024/1620/oj"", ""wayback"": ""https://web.archive.org/web/20240619005806/https://eur-lex.europa.eu/eli/reg/2024/1620/oj""}]","[{""body_hash"": ""sha256:7415f1b126df20a7e74bdc384f6fcd346b26487718061d4a40f1a16f9c327d78"", ""body_path"": ""sources/http_captures/eu-amla-anti-money-laundering-authority-regulation-2024/primary/web.archive.org__web-20240619005806-https-eur-lex.europa.eu-eli-reg-2024-1620-oj__aa38b2fd66.html"", ""url"": ""https://eur-lex.europa.eu/eli/reg/2024/1620/oj"", ""wayback"": ""https://web.archive.org/web/20240619005806/https://eur-lex.europa.eu/eli/reg/2024/1620/oj""}, {""url"": ""https://www.amla.europa.eu/about-amla_en"", ""wayback"": ""https://web.archive.org/web/2024/https://www.amla.europa.eu/about-amla_en""}]",unadjudicated_risk_flag
eu-amlr-eu-single-rulebook-2024,admitted,events/eu-amlr-eu-single-rulebook-2024.yaml,0,offramp_cex,observed_no_change,eu_amlr_single_rulebook_adopted_future_effective_2027,"[{""matching_fields"": [""url"", ""body_hash""], ""observation_source_index"": 0, ""trigger_source_index"": 0}, {""matching_fields"": [""url"", ""body_hash""], ""observation_source_index"": 0, ""trigger_source_index"": 1}]","[{""body_hash"": ""sha256:395cad79d5aefd3b5fd5e3c69d3da304ef235700ac46adcacc4f48315198322b"", ""body_path"": ""sources/http_captures/eu-amlr-eu-single-rulebook-2024/v0_3_repair/eur-lex.europa.eu__eli-reg-2024-1624-oj-eng__9feffed64b.html"", ""url"": ""https://eur-lex.europa.eu/eli/reg/2024/1624/oj/eng""}, {""body_hash"": ""sha256:395cad79d5aefd3b5fd5e3c69d3da304ef235700ac46adcacc4f48315198322b"", ""body_path"": ""sources/http_captures/eu-amlr-eu-single-rulebook-2024/v0_3_repair/eur-lex.europa.eu__eli-reg-2024-1624-oj-eng__9feffed64b.html"", ""url"": ""https://eur-lex.europa.eu/eli/reg/2024/1624/oj/eng""}]","[{""body_hash"": ""sha256:395cad79d5aefd3b5fd5e3c69d3da304ef235700ac46adcacc4f48315198322b"", ""body_path"": ""sources/http_captures/eu-amlr-eu-single-rulebook-2024/v0_3_repair/eur-lex.europa.eu__eli-reg-2024-1624-oj-eng__9feffed64b.html"", ""url"": ""https://eur-lex.europa.eu/eli/reg/2024/1624/oj/eng""}]",unadjudicated_risk_flag
eu-belarus-crypto-services-ban-2022,admitted,events/eu-belarus-crypto-services-ban-2022.yaml,0,offramp_cex,observed_no_change,no_load_bearing_observed_change_pinned_for_belarus_track_in_dryrun_pass,"[{""matching_fields"": [""url"", ""body_hash""], ""observation_source_index"": 0, ""trigger_source_index"": 0}]","[{""body_hash"": ""sha256:12688084dc441f0cbe97b3c315b0742204afd036d28182a2bf6fa9bfe4ac6cd9"", ""body_path"": ""sources/http_captures/eu-belarus-crypto-services-ban-2022/primary/web.archive.org__web-20241227061741-https-eur-lex.europa.eu-eli-reg-2022-398-oj-eng__5a92086b90.html"", ""url"": ""https://eur-lex.europa.eu/eli/reg/2022/398/oj/eng"", ""wayback"": ""https://web.archive.org/web/20241227061741/https://eur-lex.europa.eu/eli/reg/2022/398/oj/eng""}, {""body_hash"": ""sha256:356edd79abafcdde502eb075e59d8c213cc19eb52f1ced7d4c36104c709a93c6"", ""body_path"": ""sources/http_captures/eu-belarus-crypto-services-ban-2022/primary/web.archive.org__web-20220309130110-https-www.coindesk.com-policy-2022-03-09-eu-says-russia-belarus-sanctions-extend-to-crypto__d8695a9e3b.html"", ""url"": ""https://www.coindesk.com/policy/2022/03/09/eu-says-russia-belarus-sanctions-extend-to-crypto"", ""wayback"": ""https://web.archive.org/web/20220309130110/https://www.coindesk.com/policy/2022/03/09/eu-says-russia-belarus-sanctions-extend-to-crypto""}]","[{""body_hash"": ""sha256:12688084dc441f0cbe97b3c315b0742204afd036d28182a2bf6fa9bfe4ac6cd9"", ""body_path"": ""sources/http_captures/eu-belarus-crypto-services-ban-2022/primary/web.archive.org__web-20241227061741-https-eur-lex.europa.eu-eli-reg-2022-398-oj-eng__5a92086b90.html"", ""url"": ""https://eur-lex.europa.eu/eli/reg/2022/398/oj/eng"", ""wayback"": ""https://web.archive.org/web/20241227061741/https://eur-lex.europa.eu/eli/reg/2022/398/oj/eng""}]",unadjudicated_risk_flag
eu-dac8-crypto-asset-reporting-directive-2023,admitted,events/eu-dac8-crypto-asset-reporting-directive-2023.yaml,0,offramp_cex,observed_no_change,eu_dac8_directive_adopted_no_observed_rcasp_change_yet,"[{""matching_fields"": [""url"", ""body_hash""], ""observation_source_index"": 0, ""trigger_source_index"": 0}, {""matching_fields"": [""url"", ""body_hash""], ""observation_source_index"": 1, ""trigger_source_index"": 1}]","[{""body_hash"": ""sha256:bc01662c10a49b15b13b6e8db7329a444a981c82acf8a909041f38fe34781437"", ""body_path"": ""sources/http_captures/eu-dac8-crypto-asset-reporting-directive-2023/primary/web.archive.org__web-20231026054908-https-eur-lex.europa.eu-legal-content-EN-TXT__1c7a18f9b7.html"", ""url"": ""https://eur-lex.europa.eu/legal-content/EN/TXT/?uri=CELEX:32023L2226"", ""wayback"": ""https://web.archive.org/web/20231026054908/https://eur-lex.europa.eu/legal-content/EN/TXT/?uri=CELEX:32023L2226""}, {""body_hash"": ""sha256:a208aa5fc193f0c7da597e32ee48fa73d1813b09732e915cd8076ed15a4aeb62"", ""body_path"": ""sources/http_captures/eu-dac8-crypto-asset-reporting-directive-2023/v0_3_repair/taxation-customs.ec.europa.eu__taxation-tax-transparency-cooperation-administrative-co-operation-and-mutual-assistance-directive-administrative-cooperation-dac-dac8_en__a80d919eb8.html"", ""url"": ""https://taxation-customs.ec.europa.eu/taxation/tax-transparency-cooperation/administrative-co-operation-and-mutual-assistance/directive-administrative-cooperation-dac/dac8_en""}]","[{""body_hash"": ""sha256:bc01662c10a49b15b13b6e8db7329a444a981c82acf8a909041f38fe34781437"", ""body_path"": ""sources/http_captures/eu-dac8-crypto-asset-reporting-directive-2023/primary/web.archive.org__web-20231026054908-https-eur-lex.europa.eu-legal-content-EN-TXT__1c7a18f9b7.html"", ""url"": ""https://eur-lex.europa.eu/legal-content/EN/TXT/?uri=CELEX:32023L2226"", ""wayback"": ""https://web.archive.org/web/20231026054908/https://eur-lex.europa.eu/legal-content/EN/TXT/?uri=CELEX:32023L2226""}, {""body_hash"": ""sha256:a208aa5fc193f0c7da597e32ee48fa73d1813b09732e915cd8076ed15a4aeb62"", ""body_path"": ""sources/http_captures/eu-dac8-crypto-asset-reporting-directive-2023/v0_3_repair/taxation-customs.ec.europa.eu__taxation-tax-transparency-cooperation-administrative-co-operation-and-mutual-assistance-directive-administrative-cooperation-dac-dac8_en__a80d919eb8.html"", ""url"": ""https://taxation-customs.ec.europa.eu/taxation/tax-transparency-cooperation/administrative-co-operation-and-mutual-assistance/directive-administrative-cooperation-dac/dac8_en""}]",unadjudicated_risk_flag
evil-corp-ofac-2024-10,admitted,events/evil-corp-ofac-2024-10.yaml,0,offramp_cex,observed_no_change,no_public_cex_cascade_documented_in_14d_window,"[{""matching_fields"": [""url"", ""body_hash""], ""observation_source_index"": 0, ""trigger_source_index"": 0}]","[{""body_hash"": ""sha256:acff2559861b6e13bb3fbf6287c8f36d612174bdedac3744c5dc9b7d2c67663a"", ""body_path"": ""sources/http_captures/evil-corp-ofac-2024-10/primary/web.archive.org__web-20241002120000-https-home.treasury.gov-news-press-releases-jy2623__f5d9c9c476.html"", ""url"": ""https://home.treasury.gov/news/press-releases/jy2623"", ""wayback"": ""https://web.archive.org/web/20241002115708/https://home.treasury.gov/news/press-releases/jy2623""}]","[{""body_hash"": ""sha256:acff2559861b6e13bb3fbf6287c8f36d612174bdedac3744c5dc9b7d2c67663a"", ""body_path"": ""sources/http_captures/evil-corp-ofac-2024-10/primary/web.archive.org__web-20241002120000-https-home.treasury.gov-news-press-releases-jy2623__f5d9c9c476.html"", ""url"": ""https://home.treasury.gov/news/press-releases/jy2623"", ""wayback"": ""https://web.archive.org/web/20241002115708/https://home.treasury.gov/news/press-releases/jy2623""}]",unadjudicated_risk_flag
fatf-grey-list-crypto-related-actions-2023-2024,admitted,events/fatf-grey-list-crypto-related-actions-2023-2024.yaml,0,offramp_cex,observed_no_change,fatf_grey_list_crypto_related_actions_2023_2024,"[{""matching_fields"": [""url"", ""body_hash""], ""observation_source_index"": 0, ""trigger_source_index"": 1}]","[{""url"": ""https://www.fatf-gafi.org/en/the-fatf/news.html"", ""wayback"": ""https://web.archive.org/web/2023/https://www.fatf-gafi.org/en/the-fatf/news.html""}, {""body_hash"": ""sha256:68f2412dad2af07ed5c3e33c8f8bac5a2bcbbfa62f87db85e3bbd0c8e2bfc8c6"", ""body_path"": ""sources/http_captures/fatf-grey-list-crypto-related-actions-2023-2024/primary/web.archive.org__web-20240709172512-https-www.fatf-gafi.org-content-dam-fatf-gafi-recommendations-2024-Targeted-Update-VA-VASP.pdf.coredownload.inline.pdf__d8a92ad85c.html"", ""url"": ""https://www.fatf-gafi.org/content/dam/fatf-gafi/recommendations/2024-Targeted-Update-VA-VASP.pdf.coredownload.inline.pdf"", ""wayback"": ""https://web.archive.org/web/20240709172512/https://www.fatf-gafi.org/content/dam/fatf-gafi/recommendations/2024-Targeted-Update-VA-VASP.pdf.coredownload.inline.pdf""}, {""url"": ""https://complyadvantage.com/insights/fatf-plenary-june-2024/"", ""wayback"": ""https://web.archive.org/web/2024/https://complyadvantage.com/insights/fatf-plenary-june-2024/""}, {""body_hash"": ""sha256:afea9ce22045f6672271afd257933a80b01c383ea1b0876eb127af5bcd42d856"", ""body_path"": ""sources/http_captures/fatf-grey-list-crypto-related-actions-2023-2024/primary/web.archive.org__web-20240707233919-https-www.nortonrosefulbright.com-en-knowledge-publications-eb06aa7c-uae-removed-from-the-fatf-grey-list__31f064c5a6.html"", ""url"": ""https://www.nortonrosefulbright.com/en/knowledge/publications/eb06aa7c/uae-removed-from-the-fatf-grey-list"", ""wayback"": ""https://web.archive.org/web/20240707233919/https://www.nortonrosefulbright.com/en/knowledge/publications/eb06aa7c/uae-removed-from-the-fatf-grey-list""}]","[{""body_hash"": ""sha256:68f2412dad2af07ed5c3e33c8f8bac5a2bcbbfa62f87db85e3bbd0c8e2bfc8c6"", ""body_path"": ""sources/http_captures/fatf-grey-list-crypto-related-actions-2023-2024/primary/web.archive.org__web-20240709172512-https-www.fatf-gafi.org-content-dam-fatf-gafi-recommendations-2024-Targeted-Update-VA-VASP.pdf.coredownload.inline.pdf__d8a92ad85c.html"", ""url"": ""https://www.fatf-gafi.org/content/dam/fatf-gafi/recommendations/2024-Targeted-Update-VA-VASP.pdf.coredownload.inline.pdf"", ""wayback"": ""https://web.archive.org/web/20240709172512/https://www.fatf-gafi.org/content/dam/fatf-gafi/recommendations/2024-Targeted-Update-VA-VASP.pdf.coredownload.inline.pdf""}]",unadjudicated_risk_flag
fatf-targeted-update-va-vasp-2021,admitted,events/fatf-targeted-update-va-vasp-2021.yaml,0,offramp_cex,observed_no_change,fatf_2021_targeted_update_class_level_coverage_extension,"[{""matching_fields"": [""url"", ""body_hash""], ""observation_source_index"": 0, ""trigger_source_index"": 1}]","[{""url"": ""https://www.fatf-gafi.org/en/publications/Fatfrecommendations/Guidance-rba-virtual-assets-2021.html"", ""wayback"": ""https://web.archive.org/web/2021*/https://www.fatf-gafi.org/en/publications/Fatfrecommendations/Guidance-rba-virtual-assets-2021.html""}, {""body_hash"": ""sha256:85240528438654b9adb9d0272675afdd3d4b16962ba0298a7569a4097197371c"", ""body_path"": ""sources/http_captures/fatf-targeted-update-va-vasp-2021/primary/www.fatf-gafi.org__content-dam-fatf-gafi-guidance-Updated-Guidance-VA-VASP.pdf__f25824de78.bin"", ""url"": ""https://www.fatf-gafi.org/content/dam/fatf-gafi/guidance/Updated-Guidance-VA-VASP.pdf""}]","[{""body_hash"": ""sha256:85240528438654b9adb9d0272675afdd3d4b16962ba0298a7569a4097197371c"", ""body_path"": ""sources/http_captures/fatf-targeted-update-va-vasp-2021/primary/www.fatf-gafi.org__content-dam-fatf-gafi-guidance-Updated-Guidance-VA-VASP.pdf__f25824de78.bin"", ""url"": ""https://www.fatf-gafi.org/content/dam/fatf-gafi/guidance/Updated-Guidance-VA-VASP.pdf""}]",unadjudicated_risk_flag
fatf-targeted-update-va-vasp-2023,admitted,events/fatf-targeted-update-va-vasp-2023.yaml,0,offramp_cex,observed_no_change,fatf_2023_targeted_update_r15_implementation_review,"[{""matching_fields"": [""url"", ""body_hash""], ""observation_source_index"": 0, ""trigger_source_index"": 1}]","[{""url"": ""https://www.fatf-gafi.org/en/publications/Fatfrecommendations/targeted-update-virtual-assets-vasps-2023.html"", ""wayback"": ""https://web.archive.org/web/2023*/https://www.fatf-gafi.org/en/publications/Fatfrecommendations/targeted-update-virtual-assets-vasps-2023.html""}, {""body_hash"": ""sha256:7b18b74c5c292990ec5192179042391880f852f46778c590a6fb0b28ffe79e6b"", ""body_path"": ""sources/http_captures/fatf-targeted-update-va-vasp-2023/primary/www.fatf-gafi.org__content-dam-fatf-gafi-guidance-June2023-Targeted-Update-VA-VASP.pdf.coredownload.inline.pdf__aaf79c8ed7.bin"", ""url"": ""https://www.fatf-gafi.org/content/dam/fatf-gafi/guidance/June2023-Targeted-Update-VA-VASP.pdf.coredownload.inline.pdf""}]","[{""body_hash"": ""sha256:7b18b74c5c292990ec5192179042391880f852f46778c590a6fb0b28ffe79e6b"", ""body_path"": ""sources/http_captures/fatf-targeted-update-va-vasp-2023/primary/www.fatf-gafi.org__content-dam-fatf-gafi-guidance-June2023-Targeted-Update-VA-VASP.pdf.coredownload.inline.pdf__aaf79c8ed7.bin"", ""url"": ""https://www.fatf-gafi.org/content/dam/fatf-gafi/guidance/June2023-Targeted-Update-VA-VASP.pdf.coredownload.inline.pdf""}]",unadjudicated_risk_flag
fatf-virtual-currencies-key-definitions-2014,admitted,events/fatf-virtual-currencies-key-definitions-2014.yaml,0,offramp_cex,observed_no_change,vc_exchanger_administrator_class_defined_supranational_predicate_guidance,"[{""matching_fields"": [""url"", ""body_hash""], ""observation_source_index"": 0, ""trigger_source_index"": 0}]","[{""body_hash"": ""sha256:c2aed2a0bb4233b1f743110618ed5e4d530ef74483a187c7d76fd1a530215c2e"", ""body_path"": ""sources/http_captures/fatf-virtual-currencies-key-definitions-2014/primary/www.fatf-gafi.org__content-dam-fatf-gafi-reports-Virtual-currency-key-definitions-and-potential-aml-cft-risks.pdf__40c190be0a.bin"", ""url"": ""https://www.fatf-gafi.org/content/dam/fatf-gafi/reports/Virtual-currency-key-definitions-and-potential-aml-cft-risks.pdf""}, {""url"": ""https://www.fatf-gafi.org/en/publications/Methodsandtrends/Virtual-currency-definitions-aml-cft-risk.html"", ""wayback"": ""https://web.archive.org/web/2014/https://www.fatf-gafi.org/en/publications/Methodsandtrends/Virtual-currency-definitions-aml-cft-risk.html""}]","[{""body_hash"": ""sha256:c2aed2a0bb4233b1f743110618ed5e4d530ef74483a187c7d76fd1a530215c2e"", ""body_path"": ""sources/http_captures/fatf-virtual-currencies-key-definitions-2014/primary/www.fatf-gafi.org__content-dam-fatf-gafi-reports-Virtual-currency-key-definitions-and-potential-aml-cft-risks.pdf__40c190be0a.bin"", ""url"": ""https://www.fatf-gafi.org/content/dam/fatf-gafi/reports/Virtual-currency-key-definitions-and-potential-aml-cft-risks.pdf""}]",unadjudicated_risk_flag
fayzimatov-alqaeda-syria-ofac-2021-07,admitted,events/fayzimatov-alqaeda-syria-ofac-2021-07.yaml,0,offramp_cex,observed_no_change,no_public_cex_cascade_documented_in_14d_window,"[{""matching_fields"": [""url"", ""body_hash""], ""observation_source_index"": 0, ""trigger_source_index"": 0}]","[{""body_hash"": ""sha256:9138b98dadd6b5c229099e886b200cc61f1d649e235d2cc4ceace8e428f6f0f1"", ""body_path"": ""sources/http_captures/fayzimatov-alqaeda-syria-ofac-2021-07/primary/ofac.treasury.gov__recent-actions-20210728__74c2273c08.html"", ""url"": ""https://ofac.treasury.gov/recent-actions/20210728""}, {""body_hash"": ""sha256:1dbebf420a418ec8e9db7698f6e32fc6c6f03b7b4ca6f3da3ced7d93c353edb6"", ""body_path"": ""sources/http_captures/fayzimatov-alqaeda-syria-ofac-2021-07/primary/home.treasury.gov__news-press-releases-jy0293__b9a2c681a6.html"", ""url"": ""https://home.treasury.gov/news/press-releases/jy0293""}]","[{""body_hash"": ""sha256:9138b98dadd6b5c229099e886b200cc61f1d649e235d2cc4ceace8e428f6f0f1"", ""body_path"": ""sources/http_captures/fayzimatov-alqaeda-syria-ofac-2021-07/primary/ofac.treasury.gov__recent-actions-20210728__74c2273c08.html"", ""url"": ""https://ofac.treasury.gov/recent-actions/20210728""}]",unadjudicated_risk_flag
fbi-bitcoin-intelligence-assessment-2012-04,rejected,events/fbi-bitcoin-intelligence-assessment-2012-04.yaml,0,offramp_cex,observed_no_change,retracted_no_enforcement_event_intelligence_assessment_leaked_document,"[{""matching_fields"": [""url""], ""observation_source_index"": 0, ""trigger_source_index"": 0}]","[{""url"": ""https://www.justsecurity.org/wp-content/uploads/2014/04/FBI.CyberIntelligenceCriminalIntelligence.2012.pdf"", ""wayback"": ""https://web.archive.org/web/2012/https://www.justsecurity.org/wp-content/uploads/2014/04/FBI.CyberIntelligenceCriminalIntelligence.2012.pdf""}, {""url"": ""https://wikispooks.com/w/index.php?title=File:Bitcoin-FBI.pdf"", ""wayback"": ""https://web.archive.org/web/2012/https://wikispooks.com/w/index.php?title=File:Bitcoin-FBI.pdf""}, {""url"": ""https://bitcointalk.org/index.php?topic=216248.0"", ""wayback"": ""https://web.archive.org/web/2012/https://bitcointalk.org/index.php?topic=216248.0""}]","[{""url"": ""https://www.justsecurity.org/wp-content/uploads/2014/04/FBI.CyberIntelligenceCriminalIntelligence.2012.pdf"", ""wayback"": ""https://web.archive.org/web/2012/https://www.justsecurity.org/wp-content/uploads/2014/04/FBI.CyberIntelligenceCriminalIntelligence.2012.pdf""}]",unadjudicated_risk_flag
fincen-virtual-currency-msb-guidance-2013,admitted,events/fincen-virtual-currency-msb-guidance-2013.yaml,0,offramp_cex,observed_no_change,vc_exchanger_class_brought_under_bsa_msb_regime_no_per_event_cascade,"[{""matching_fields"": [""url"", ""body_hash""], ""observation_source_index"": 0, ""trigger_source_index"": 0}]","[{""body_hash"": ""sha256:88b50a08bfd2262ec81c02ed26b04ccc44725055bb4942f01203b93e207b74fc"", ""body_path"": ""sources/http_captures/fincen-virtual-currency-msb-guidance-2013/primary/web.archive.org__web-20161211230410-https-www.fincen.gov-resources-statutes-regulations-guidance-application-fincens-regulations-persons-administering__2cc2ece59a.html"", ""url"": ""https://www.fincen.gov/resources/statutes-regulations/guidance/application-fincens-regulations-persons-administering"", ""wayback"": ""https://web.archive.org/web/20161211230410/https://www.fincen.gov/resources/statutes-regulations/guidance/application-fincens-regulations-persons-administering""}]","[{""body_hash"": ""sha256:88b50a08bfd2262ec81c02ed26b04ccc44725055bb4942f01203b93e207b74fc"", ""body_path"": ""sources/http_captures/fincen-virtual-currency-msb-guidance-2013/primary/web.archive.org__web-20161211230410-https-www.fincen.gov-resources-statutes-regulations-guidance-application-fincens-regulations-persons-administering__2cc2ece59a.html"", ""url"": ""https://www.fincen.gov/resources/statutes-regulations/guidance/application-fincens-regulations-persons-administering"", ""wayback"": ""https://web.archive.org/web/20161211230410/https://www.fincen.gov/resources/statutes-regulations/guidance/application-fincens-regulations-persons-administering""}]",unadjudicated_risk_flag
france-amf-binance-psan-2022,admitted,events/france-amf-binance-psan-2022.yaml,0,offramp_cex,observed_no_change,binance_france_sas_psan_registered_no_rail_severance,"[{""matching_fields"": [""url"", ""body_hash""], ""observation_source_index"": 0, ""trigger_source_index"": 0}]","[{""body_hash"": ""sha256:7151127edae427d38cbeb3b117120c85f45dc84637b6be50d88270b8cd21c15c"", ""body_path"": ""sources/http_captures/france-amf-binance-psan-2022/primary/www.amf-france.org__en-warnings-white-lists-daspcasp-binance-france-sas__1cb688d206.html"", ""url"": ""https://www.amf-france.org/en/warnings/white-lists/daspcasp/binance-france-sas""}, {""body_hash"": ""sha256:fa06586b35a3e6ad8c46b309cbbc2236674e29aae57c85a3df9a10c7f27940bc"", ""body_path"": ""sources/http_captures/france-amf-binance-psan-2022/primary/web.archive.org__web-20220505091331-https-siecledigital.fr-2022-05-05-binance-enfin-reconnu-psan-en-france__85c0e78c4b.html"", ""url"": ""https://siecledigital.fr/2022/05/05/binance-enfin-reconnu-psan-en-france/"", ""wayback"": ""https://web.archive.org/web/20220505091331/https://siecledigital.fr/2022/05/05/binance-enfin-reconnu-psan-en-france/""}]","[{""body_hash"": ""sha256:7151127edae427d38cbeb3b117120c85f45dc84637b6be50d88270b8cd21c15c"", ""body_path"": ""sources/http_captures/france-amf-binance-psan-2022/primary/www.amf-france.org__en-warnings-white-lists-daspcasp-binance-france-sas__1cb688d206.html"", ""url"": ""https://www.amf-france.org/en/warnings/white-lists/daspcasp/binance-france-sas""}]",unadjudicated_risk_flag
fsb-crypto-asset-recommendations-2023,admitted,events/fsb-crypto-asset-recommendations-2023.yaml,0,offramp_cex,observed_no_change,fsb_2023_global_regulatory_framework_class_level_consensus,"[{""matching_fields"": [""url"", ""body_hash""], ""observation_source_index"": 0, ""trigger_source_index"": 0}]","[{""body_hash"": ""sha256:041a92923f92b2708c80628ef91371a8388b6882a3b62daa047646d51a6d5b47"", ""body_path"": ""sources/http_captures/fsb-crypto-asset-recommendations-2023/primary/www.fsb.org__2023-07-fsb-finalises-global-regulatory-framework-for-crypto-asset-activities__c2646966de.html"", ""url"": ""https://www.fsb.org/2023/07/fsb-finalises-global-regulatory-framework-for-crypto-asset-activities/""}, {""url"": ""https://www.fsb.org/2023/07/high-level-recommendations-for-the-regulation-supervision-and-oversight-of-crypto-asset-activities-and-markets-final-report/"", ""wayback"": ""https://web.archive.org/web/2023*/https://www.fsb.org/2023/07/high-level-recommendations-for-the-regulation-supervision-and-oversight-of-crypto-asset-activities-and-markets-final-report/""}, {""url"": ""https://www.fsb.org/2023/07/high-level-recommendations-for-the-regulation-supervision-and-oversight-of-global-stablecoin-arrangements-final-report/"", ""wayback"": ""https://web.archive.org/web/2023*/https://www.fsb.org/2023/07/high-level-recommendations-for-the-regulation-supervision-and-oversight-of-global-stablecoin-arrangements-final-report/""}]","[{""body_hash"": ""sha256:041a92923f92b2708c80628ef91371a8388b6882a3b62daa047646d51a6d5b47"", ""body_path"": ""sources/http_captures/fsb-crypto-asset-recommendations-2023/primary/www.fsb.org__2023-07-fsb-finalises-global-regulatory-framework-for-crypto-asset-activities__c2646966de.html"", ""url"": ""https://www.fsb.org/2023/07/fsb-finalises-global-regulatory-framework-for-crypto-asset-activities/""}]",unadjudicated_risk_flag
ftx-bankman-fried-doj-2022,admitted,events/ftx-bankman-fried-doj-2022.yaml,0,offramp_cex,observed_no_change,no_incremental_doj_attributable_offramp_change_after_preexisting_chapter_11_freeze,"[{""matching_fields"": [""url"", ""body_hash""], ""observation_source_index"": 0, ""trigger_source_index"": 0}, {""matching_fields"": [""url"", ""body_hash""], ""observation_source_index"": 1, ""trigger_source_index"": 3}, {""matching_fields"": [""url"", ""body_hash""], ""observation_source_index"": 2, ""trigger_source_index"": 1}, {""matching_fields"": [""url"", ""body_hash""], ""observation_source_index"": 3, ""trigger_source_index"": 2}]","[{""body_hash"": ""sha256:78f9ce2e758d146f6d6f48a3d14dde095b7eb64c693b13adca9474f9409b4719"", ""body_path"": ""sources/http_captures/ftx-bankman-fried-doj-2022/primary/www.justice.gov__d9-press-releases-attachments-2022-12-13-u.s._v._bankman-fried_indictment_0.pdf__ad5b705de1.bin"", ""url"": ""https://www.justice.gov/d9/press-releases/attachments/2022/12/13/u.s._v._bankman-fried_indictment_0.pdf""}, {""body_hash"": ""sha256:4908c20f3da88e9cb492819dbe55fdfd731ccaa997491de955ef8de480a47276"", ""body_path"": ""sources/http_captures/ftx-bankman-fried-doj-2022/primary/www.sec.gov__newsroom-press-releases-2022-219__923a9a0e93.html"", ""url"": ""https://www.sec.gov/newsroom/press-releases/2022-219""}, {""body_hash"": ""sha256:0be01c582e41a2ffd9042074660125186626665220ff6128dc6c0d021317d220"", ""body_path"": ""sources/http_captures/ftx-bankman-fried-doj-2022/primary/www.cftc.gov__PressRoom-PressReleases-8638-22__5a31c2a5d9.html"", ""url"": ""https://www.cftc.gov/PressRoom/PressReleases/8638-22""}, {""body_hash"": ""sha256:00d80a76a9f51da40965a60afc9327f10f2f2bbd3375ee900b39a7582ebdf3d6"", ""body_path"": ""sources/http_captures/ftx-bankman-fried-doj-2022/primary/www.prnewswire.com__news-releases-ftx-receives-court-approval-for-first-day-motions-301685748.html__ebf96d93a3.html"", ""url"": ""https://www.prnewswire.com/news-releases/ftx-receives-court-approval-for-first-day-motions-301685748.html""}]","[{""body_hash"": ""sha256:78f9ce2e758d146f6d6f48a3d14dde095b7eb64c693b13adca9474f9409b4719"", ""body_path"": ""sources/http_captures/ftx-bankman-fried-doj-2022/primary/www.justice.gov__d9-press-releases-attachments-2022-12-13-u.s._v._bankman-fried_indictment_0.pdf__ad5b705de1.bin"", ""url"": ""https://www.justice.gov/d9/press-releases/attachments/2022/12/13/u.s._v._bankman-fried_indictment_0.pdf""}, {""body_hash"": ""sha256:00d80a76a9f51da40965a60afc9327f10f2f2bbd3375ee900b39a7582ebdf3d6"", ""body_path"": ""sources/http_captures/ftx-bankman-fried-doj-2022/primary/www.prnewswire.com__news-releases-ftx-receives-court-approval-for-first-day-motions-301685748.html__ebf96d93a3.html"", ""url"": ""https://www.prnewswire.com/news-releases/ftx-receives-court-approval-for-first-day-motions-301685748.html""}, {""body_hash"": ""sha256:4908c20f3da88e9cb492819dbe55fdfd731ccaa997491de955ef8de480a47276"", ""body_path"": ""sources/http_captures/ftx-bankman-fried-doj-2022/primary/www.sec.gov__newsroom-press-releases-2022-219__923a9a0e93.html"", ""url"": ""https://www.sec.gov/newsroom/press-releases/2022-219""}, {""body_hash"": ""sha256:0be01c582e41a2ffd9042074660125186626665220ff6128dc6c0d021317d220"", ""body_path"": ""sources/http_captures/ftx-bankman-fried-doj-2022/primary/www.cftc.gov__PressRoom-PressReleases-8638-22__5a31c2a5d9.html"", ""url"": ""https://www.cftc.gov/PressRoom/PressReleases/8638-22""}]",unadjudicated_risk_flag
g20-roadmap-crypto-asset-policy-2023,admitted,events/g20-roadmap-crypto-asset-policy-2023.yaml,0,offramp_cex,observed_no_change,g20_2023_roadmap_crypto_asset_policy_endorsement,"[{""matching_fields"": [""url"", ""body_hash""], ""observation_source_index"": 0, ""trigger_source_index"": 0}]","[{""body_hash"": ""sha256:cdcd8299e4fda612e3ce9d6b9433c02cec7b44c2d50aa029059ece90257d1333"", ""body_path"": ""sources/http_captures/g20-roadmap-crypto-asset-policy-2023/primary/www.fsb.org__2023-09-imf-fsb-synthesis-paper-policies-for-crypto-assets__8208cb3562.html"", ""url"": ""https://www.fsb.org/2023/09/imf-fsb-synthesis-paper-policies-for-crypto-assets/""}, {""body_hash"": ""sha256:e0953161ceb157baf2c39b79167183c9adec9f2fbd995c3a5ac1cb8969309826"", ""body_path"": ""sources/http_captures/g20-roadmap-crypto-asset-policy-2023/primary/www.fsb.org__uploads-R070923-1.pdf__ea35302ca6.bin"", ""url"": ""https://www.fsb.org/uploads/R070923-1.pdf""}]","[{""body_hash"": ""sha256:cdcd8299e4fda612e3ce9d6b9433c02cec7b44c2d50aa029059ece90257d1333"", ""body_path"": ""sources/http_captures/g20-roadmap-crypto-asset-policy-2023/primary/www.fsb.org__2023-09-imf-fsb-synthesis-paper-policies-for-crypto-assets__8208cb3562.html"", ""url"": ""https://www.fsb.org/2023/09/imf-fsb-synthesis-paper-policies-for-crypto-assets/""}]",unadjudicated_risk_flag
g7-hiroshima-crypto-statement-2023,admitted,events/g7-hiroshima-crypto-statement-2023.yaml,0,offramp_cex,observed_no_change,g7_2023_hiroshima_communique_crypto_asset_statement,"[{""matching_fields"": [""url"", ""body_hash""], ""observation_source_index"": 0, ""trigger_source_index"": 0}]","[{""body_hash"": ""sha256:dbadd7042f21aabf09f9d0545d340a7f1a1e7fcfe3972264459953ea392903df"", ""body_path"": ""sources/http_captures/g7-hiroshima-crypto-statement-2023/primary/web.archive.org__web-20240315111921id_-https-www.mofa.go.jp-policy-economy-summit-hiroshima23-documents-pdf-Leaders_Communique_01_en.pdf__8325dd9829.bin"", ""url"": ""https://www.mofa.go.jp/policy/economy/summit/hiroshima23/documents/pdf/Leaders_Communique_01_en.pdf"", ""wayback"": ""https://web.archive.org/web/20240315111921id_/https://www.mofa.go.jp/policy/economy/summit/hiroshima23/documents/pdf/Leaders_Communique_01_en.pdf""}, {""url"": ""https://www.consilium.europa.eu/media/64497/g7-2023-hiroshima-leaders-communique.pdf"", ""wayback"": ""https://web.archive.org/web/2023/https://www.consilium.europa.eu/media/64497/g7-2023-hiroshima-leaders-communique.pdf""}]","[{""body_hash"": ""sha256:dbadd7042f21aabf09f9d0545d340a7f1a1e7fcfe3972264459953ea392903df"", ""body_path"": ""sources/http_captures/g7-hiroshima-crypto-statement-2023/primary/web.archive.org__web-20240315111921id_-https-www.mofa.go.jp-policy-economy-summit-hiroshima23-documents-pdf-Leaders_Communique_01_en.pdf__8325dd9829.bin"", ""url"": ""https://www.mofa.go.jp/policy/economy/summit/hiroshima23/documents/pdf/Leaders_Communique_01_en.pdf"", ""wayback"": ""https://web.archive.org/web/20240315111921id_/https://www.mofa.go.jp/policy/economy/summit/hiroshima23/documents/pdf/Leaders_Communique_01_en.pdf""}]",unadjudicated_risk_flag
genesis-market-ofac-2023-04,admitted,events/genesis-market-ofac-2023-04.yaml,0,offramp_cex,observed_no_change,no_public_cex_cascade_documented_in_14d_window,"[{""matching_fields"": [""url"", ""body_hash""], ""observation_source_index"": 0, ""trigger_source_index"": 0}]","[{""body_hash"": ""sha256:02e921aab0d82ca5dae0a6e13e721b775f0eaf5837436d4598df3fec30912d1c"", ""body_path"": ""sources/http_captures/genesis-market-ofac-2023-04/primary/web.archive.org__web-20230405235346-https-home.treasury.gov-news-press-releases-jy1388__f6aa071506.html"", ""url"": ""https://home.treasury.gov/news/press-releases/jy1388"", ""wayback"": ""https://web.archive.org/web/20230405235346/https://home.treasury.gov/news/press-releases/jy1388""}]","[{""body_hash"": ""sha256:02e921aab0d82ca5dae0a6e13e721b775f0eaf5837436d4598df3fec30912d1c"", ""body_path"": ""sources/http_captures/genesis-market-ofac-2023-04/primary/web.archive.org__web-20230405235346-https-home.treasury.gov-news-press-releases-jy1388__f6aa071506.html"", ""url"": ""https://home.treasury.gov/news/press-releases/jy1388"", ""wayback"": ""https://web.archive.org/web/20230405235346/https://home.treasury.gov/news/press-releases/jy1388""}]",unadjudicated_risk_flag
hanafin-huriya-russia-evasion-ofac-2023-05,admitted,events/hanafin-huriya-russia-evasion-ofac-2023-05.yaml,0,offramp_cex,observed_no_change,no_public_cex_cascade_documented_in_14d_window,"[{""matching_fields"": [""url"", ""body_hash""], ""observation_source_index"": 0, ""trigger_source_index"": 0}]","[{""body_hash"": ""sha256:b3ee6a6ba713b4c6f7c4d1a6ca05efafc98391061e97bc1b31a7f35595965c09"", ""body_path"": ""sources/http_captures/hanafin-huriya-russia-evasion-ofac-2023-05/primary/web.archive.org__web-20230519000000-https-home.treasury.gov-news-press-releases-jy1494__49f614ecb7.html"", ""url"": ""https://home.treasury.gov/news/press-releases/jy1494"", ""wayback"": ""https://web.archive.org/web/20230519161141/https://home.treasury.gov/news/press-releases/jy1494""}, {""body_hash"": ""sha256:7d7cb183e4070782d4e18efe91394d9b59749d20d62c7481815e2f9ec8b56d0d"", ""body_path"": ""sources/http_captures/hanafin-huriya-russia-evasion-ofac-2023-05/primary/web.archive.org__web-20230519000000-https-ofac.treasury.gov-recent-actions-20230519__7ac3487571.html"", ""url"": ""https://ofac.treasury.gov/recent-actions/20230519"", ""wayback"": ""https://web.archive.org/web/20230519152222/https://ofac.treasury.gov/recent-actions/20230519""}]","[{""body_hash"": ""sha256:b3ee6a6ba713b4c6f7c4d1a6ca05efafc98391061e97bc1b31a7f35595965c09"", ""body_path"": ""sources/http_captures/hanafin-huriya-russia-evasion-ofac-2023-05/primary/web.archive.org__web-20230519000000-https-home.treasury.gov-news-press-releases-jy1494__49f614ecb7.html"", ""url"": ""https://home.treasury.gov/news/press-releases/jy1494"", ""wayback"": ""https://web.archive.org/web/20230519161141/https://home.treasury.gov/news/press-releases/jy1494""}]",unadjudicated_risk_flag
hongkong-sfc-bybit-warning-2024,admitted,events/hongkong-sfc-bybit-warning-2024.yaml,1,l4_frontend,observed_no_change,bybit_hk_frontend_no_immediate_block_post_sfc_warning,"[{""matching_fields"": [""url""], ""observation_source_index"": 0, ""trigger_source_index"": 1}, {""matching_fields"": [""url""], ""observation_source_index"": 1, ""trigger_source_index"": 2}]","[{""url"": ""https://apps.sfc.hk/edistributionWeb/api/news/list-content?refNo=24PR47&lang=EN"", ""wayback"": ""https://web.archive.org/web/2024/https://apps.sfc.hk/edistributionWeb/api/news/list-content?refNo=24PR47&lang=EN""}, {""url"": ""https://www.coindesk.com/policy/2024/03/14/hong-kongs-markets-regulator-issues-warning-against-crypto-exchange-bybit"", ""wayback"": ""https://web.archive.org/web/2024/https://www.coindesk.com/policy/2024/03/14/hong-kongs-markets-regulator-issues-warning-against-crypto-exchange-bybit""}, {""url"": ""https://www.blockhead.co/2024/03/18/hong-kong-regulator-warns-public-against-bybit-adds-it-to-suspicious-vatp-list/"", ""wayback"": ""https://web.archive.org/web/2024/https://www.blockhead.co/2024/03/18/hong-kong-regulator-warns-public-against-bybit-adds-it-to-suspicious-vatp-list/""}]","[{""body_hash"": ""sha256:e6295170e2cde625d3dd02adfd12b77fb26a3752ec9acf1fc2ef7c04ad119b60"", ""body_path"": ""sources/http_captures/hongkong-sfc-bybit-warning-2024/primary/web.archive.org__web-20240314130925-https-www.coindesk.com-policy-2024-03-14-hong-kongs-markets-regulator-issues-warning-against-crypto-exchange-bybit__823e677f5e.html"", ""url"": ""https://www.coindesk.com/policy/2024/03/14/hong-kongs-markets-regulator-issues-warning-against-crypto-exchange-bybit"", ""wayback"": ""https://web.archive.org/web/20240314130925/https://www.coindesk.com/policy/2024/03/14/hong-kongs-markets-regulator-issues-warning-against-crypto-exchange-bybit""}, {""body_hash"": ""sha256:19a333207433aa3934bbbaa594f510061ee15880bfe91504dc89b908dcd4a492"", ""body_path"": ""sources/http_captures/hongkong-sfc-bybit-warning-2024/primary/web.archive.org__web-20240416205311-https-www.blockhead.co-2024-03-18-hong-kong-regulator-warns-public-against-bybit-adds-it-to-suspicious-vatp-list__30a5e1bf53.html"", ""url"": ""https://www.blockhead.co/2024/03/18/hong-kong-regulator-warns-public-against-bybit-adds-it-to-suspicious-vatp-list/"", ""wayback"": ""https://web.archive.org/web/20240416205311/https://www.blockhead.co/2024/03/18/hong-kong-regulator-warns-public-against-bybit-adds-it-to-suspicious-vatp-list/""}, {""url"": ""https://blockchain.news/news/breaking-bybit-receives-unlicensed-operation-warning-from-hk-sfc"", ""wayback"": ""https://web.archive.org/web/2024/https://blockchain.news/news/breaking-bybit-receives-unlicensed-operation-warning-from-hk-sfc""}, {""url"": ""https://www.charltonslaw.com/sfc-warns-unlicensed-crypto-exchanges-of-legal-consequences/"", ""wayback"": ""https://web.archive.org/web/2024/https://www.charltonslaw.com/sfc-warns-unlicensed-crypto-exchanges-of-legal-consequences/""}]",unadjudicated_risk_flag
hongkong-sfc-jpex-block-2023,admitted,events/hongkong-sfc-jpex-block-2023.yaml,1,l4_frontend,observed_no_change,jpex_hk_user_access_restrictions_post_sfc_warning,"[{""matching_fields"": [""url"", ""body_hash""], ""observation_source_index"": 0, ""trigger_source_index"": 0}, {""matching_fields"": [""url""], ""observation_source_index"": 1, ""trigger_source_index"": 2}]","[{""body_hash"": ""sha256:3c0150c31eafef4ef94ff92f14dd9967ed62d143757b1a8a06c92aff0e6accd9"", ""body_path"": ""sources/http_captures/hongkong-sfc-jpex-block-2023/primary/web.archive.org__web-20230925044834-https-www.sfc.hk-en-News-and-announcements-Policy-statements-and-announcements-Statement-on-JPEX__d8abc51659.html"", ""url"": ""https://www.sfc.hk/en/News-and-announcements/Policy-statements-and-announcements/Statement-on-JPEX"", ""wayback"": ""https://web.archive.org/web/20230925044834/https://www.sfc.hk/en/News-and-announcements/Policy-statements-and-announcements/Statement-on-JPEX""}, {""url"": ""https://www.lexology.com/library/detail.aspx?g=2cb94d6d-15c2-4d85-866c-ae0fd5ec207e"", ""wayback"": ""https://web.archive.org/web/2023/https://www.lexology.com/library/detail.aspx?g=2cb94d6d-15c2-4d85-866c-ae0fd5ec207e""}, {""url"": ""https://www.elliptic.co/blog/crypto-regulatory-affairs-arrests-made-in-hong-kong-after-jpex-exchange-warning"", ""wayback"": ""https://web.archive.org/web/2023/https://www.elliptic.co/blog/crypto-regulatory-affairs-arrests-made-in-hong-kong-after-jpex-exchange-warning""}]","[{""body_hash"": ""sha256:3c0150c31eafef4ef94ff92f14dd9967ed62d143757b1a8a06c92aff0e6accd9"", ""body_path"": ""sources/http_captures/hongkong-sfc-jpex-block-2023/primary/web.archive.org__web-20230925044834-https-www.sfc.hk-en-News-and-announcements-Policy-statements-and-announcements-Statement-on-JPEX__d8abc51659.html"", ""url"": ""https://www.sfc.hk/en/News-and-announcements/Policy-statements-and-announcements/Statement-on-JPEX"", ""wayback"": ""https://web.archive.org/web/20230925044834/https://www.sfc.hk/en/News-and-announcements/Policy-statements-and-announcements/Statement-on-JPEX""}, {""body_hash"": ""sha256:389839a96f1a73fae6de67661e8c3510cf06bc7a780e57dcde6cecb4edb376d1"", ""body_path"": ""sources/http_captures/hongkong-sfc-jpex-block-2023/primary/web.archive.org__web-20231210072706-https-www.elliptic.co-blog-crypto-regulatory-affairs-arrests-made-in-hong-kong-after-jpex-exchange-warning__2983f036c2.html"", ""url"": ""https://www.elliptic.co/blog/crypto-regulatory-affairs-arrests-made-in-hong-kong-after-jpex-exchange-warning"", ""wayback"": ""https://web.archive.org/web/20231210072706/https://www.elliptic.co/blog/crypto-regulatory-affairs-arrests-made-in-hong-kong-after-jpex-exchange-warning""}, {""url"": ""https://cryptodaily.co.uk/2023/09/hong-kong-sfc-opens-probe-into-jpex-exchange-one-arrested"", ""wayback"": ""https://web.archive.org/web/2023/https://cryptodaily.co.uk/2023/09/hong-kong-sfc-opens-probe-into-jpex-exchange-one-arrested""}]",unadjudicated_risk_flag
iceland-cbi-foreign-exchange-bitcoin-2014,admitted,events/iceland-cbi-foreign-exchange-bitcoin-2014.yaml,0,offramp_cex,observed_no_change,no_measured_exchange_side_cutoff_of_iceland_residents,"[{""matching_fields"": [""url"", ""body_hash""], ""observation_source_index"": 0, ""trigger_source_index"": 0}]","[{""body_hash"": ""sha256:a8490a684ca0d0dc7c6eff4d03bbbe48e886531e5016aaff0be068237083edea"", ""body_path"": ""sources/http_captures/iceland-cbi-foreign-exchange-bitcoin-2014/primary/web.archive.org__web-20160805033808-https-www.cb.is-publications-news-news-2014-03-19-Significant-risk-attached-to-use-of-virtual-currency__5a6c7ba2df.html"", ""url"": ""https://www.cb.is/publications/news/news/2014/03/19/Significant-risk-attached-to-use-of-virtual-currency/"", ""wayback"": ""https://web.archive.org/web/20160805033808/https://www.cb.is/publications/news/news/2014/03/19/Significant-risk-attached-to-use-of-virtual-currency/""}, {""url"": ""https://www.sedlabanki.is/?PageId=eeebb4db-0460-11e5-93fa-005056bc0bdb&newsid=1fca32cd-af9c-11e3-93f5-005056bc0bdb"", ""wayback"": ""https://web.archive.org/web/2014/https://www.sedlabanki.is/?PageId=eeebb4db-0460-11e5-93fa-005056bc0bdb&newsid=1fca32cd-af9c-11e3-93f5-005056bc0bdb""}, {""body_hash"": ""sha256:2ad2cf61ac52cac177460d2c601bb1c038f1edf05cc2fdb08a0598815710007a"", ""body_path"": ""sources/http_captures/iceland-cbi-foreign-exchange-bitcoin-2014/primary/web.archive.org__web-20210725132621-https-www.loc.gov-item-global-legal-monitor-2014-08-12-iceland-national-digital-currency-auroracoin-launched__ed151a598b.html"", ""url"": ""https://www.loc.gov/item/global-legal-monitor/2014-08-12/iceland-national-digital-currency-auroracoin-launched/"", ""wayback"": ""https://web.archive.org/web/20210725132621/https://www.loc.gov/item/global-legal-monitor/2014-08-12/iceland-national-digital-currency-auroracoin-launched/""}]","[{""body_hash"": ""sha256:a8490a684ca0d0dc7c6eff4d03bbbe48e886531e5016aaff0be068237083edea"", ""body_path"": ""sources/http_captures/iceland-cbi-foreign-exchange-bitcoin-2014/primary/web.archive.org__web-20160805033808-https-www.cb.is-publications-news-news-2014-03-19-Significant-risk-attached-to-use-of-virtual-currency__5a6c7ba2df.html"", ""url"": ""https://www.cb.is/publications/news/news/2014/03/19/Significant-risk-attached-to-use-of-virtual-currency/"", ""wayback"": ""https://web.archive.org/web/20160805033808/https://www.cb.is/publications/news/news/2014/03/19/Significant-risk-attached-to-use-of-virtual-currency/""}]",unadjudicated_risk_flag
indonesia-bi-bitcoin-warning-2014,admitted,events/indonesia-bi-bitcoin-warning-2014.yaml,0,offramp_cex,observed_no_change,no_measured_exchange_side_cutoff_of_indonesia_residents,"[{""matching_fields"": [""url"", ""body_hash""], ""observation_source_index"": 0, ""trigger_source_index"": 0}]","[{""body_hash"": ""sha256:05873b354ce37efb8320aca28a82c99f4a2ddabf1b3107ca25c8d99714520571"", ""body_path"": ""sources/http_captures/indonesia-bi-bitcoin-warning-2014/primary/www.bi.go.id__id-publikasi-ruang-media-news-release-Pages-sp_160614.aspx__273672b3e5.html"", ""url"": ""https://www.bi.go.id/id/publikasi/ruang-media/news-release/Pages/sp_160614.aspx""}, {""body_hash"": ""sha256:4c49217f2b6cc408379ad151fe6e6f05f9b1317e957d512a5941684fbe170f3b"", ""body_path"": ""sources/http_captures/indonesia-bi-bitcoin-warning-2014/primary/web.archive.org__web-20210225073817-https-en.antaranews.com-news-168747-bitcoin-is-not-lawfully-accepted-payment-instrument-in-indonesia-bi__a7b45fe427.html"", ""url"": ""https://en.antaranews.com/news/168747/bitcoin-is-not-lawfully-accepted-payment-instrument-in-indonesia-bi"", ""wayback"": ""https://web.archive.org/web/20210225073817/https://en.antaranews.com/news/168747/bitcoin-is-not-lawfully-accepted-payment-instrument-in-indonesia-bi""}]","[{""body_hash"": ""sha256:05873b354ce37efb8320aca28a82c99f4a2ddabf1b3107ca25c8d99714520571"", ""body_path"": ""sources/http_captures/indonesia-bi-bitcoin-warning-2014/primary/www.bi.go.id__id-publikasi-ruang-media-news-release-Pages-sp_160614.aspx__273672b3e5.html"", ""url"": ""https://www.bi.go.id/id/publikasi/ruang-media/news-release/Pages/sp_160614.aspx""}]",unadjudicated_risk_flag
iraq-cbi-cryptocurrency-prohibition-2017-12,rejected,events/iraq-cbi-cryptocurrency-prohibition-2017-12.yaml,0,offramp_cex,observed_no_change,cbi_warning_did_not_establish_binding_crypto_rail_prohibition,"[{""matching_fields"": [""url"", ""body_hash""], ""observation_source_index"": 0, ""trigger_source_index"": 0}]","[{""body_hash"": ""sha256:908aebce5ad7585451b2e176a641a91c1b99a98aafb99f9951dec35cd57fac13"", ""body_path"": ""sources/http_captures/iraq-cbi-cryptocurrency-prohibition-2017-12/primary/web.archive.org__web-20171203000000-https-cbi.iq-news-view-512__e56ceadd6b.html"", ""url"": ""https://web.archive.org/web/20171203000000/https://cbi.iq/news/view/512"", ""wayback"": ""https://web.archive.org/web/20180306163403/https://cbi.iq/news/view/512""}]","[{""body_hash"": ""sha256:908aebce5ad7585451b2e176a641a91c1b99a98aafb99f9951dec35cd57fac13"", ""body_path"": ""sources/http_captures/iraq-cbi-cryptocurrency-prohibition-2017-12/primary/web.archive.org__web-20171203000000-https-cbi.iq-news-view-512__e56ceadd6b.html"", ""url"": ""https://web.archive.org/web/20171203000000/https://cbi.iq/news/view/512""}]",unadjudicated_risk_flag
irgc-ransomware-ofac-2022,admitted,events/irgc-ransomware-ofac-2022.yaml,0,offramp_cex,observed_no_change,no_public_cex_cascade_documented_in_14d_window,"[{""matching_fields"": [""url"", ""body_hash""], ""observation_source_index"": 0, ""trigger_source_index"": 0}]","[{""body_hash"": ""sha256:07f9e6b2bc857376834c2188f539a03aeb009ef55a20e7e313d34cdc8d0c7b2d"", ""body_path"": ""sources/http_captures/irgc-ransomware-ofac-2022/ofac-recent-actions/ofac.treasury.gov__recent-actions-20220914__66d8577259.html"", ""url"": ""https://ofac.treasury.gov/recent-actions/20220914"", ""wayback"": ""https://web.archive.org/web/20260421142243/https://ofac.treasury.gov/recent-actions/20220914""}, {""url"": ""https://home.treasury.gov/news/press-releases/jy0948""}]","[{""body_hash"": ""sha256:07f9e6b2bc857376834c2188f539a03aeb009ef55a20e7e313d34cdc8d0c7b2d"", ""body_path"": ""sources/http_captures/irgc-ransomware-ofac-2022/ofac-recent-actions/ofac.treasury.gov__recent-actions-20220914__66d8577259.html"", ""url"": ""https://ofac.treasury.gov/recent-actions/20220914""}]",unadjudicated_risk_flag
japan-fsa-binance-sakura-acquisition-2022-11,admitted,events/japan-fsa-binance-sakura-acquisition-2022-11.yaml,0,offramp_cex,observed_no_change,jfsa_permitted_change_of_control_no_observed_restriction,"[{""matching_fields"": [""url""], ""observation_source_index"": 0, ""trigger_source_index"": 0}, {""matching_fields"": [""url""], ""observation_source_index"": 1, ""trigger_source_index"": 1}, {""matching_fields"": [""url""], ""observation_source_index"": 2, ""trigger_source_index"": 2}, {""matching_fields"": [""url"", ""body_hash""], ""observation_source_index"": 3, ""trigger_source_index"": 1}, {""matching_fields"": [""url"", ""body_hash""], ""observation_source_index"": 4, ""trigger_source_index"": 2}]","[{""url"": ""https://www.binance.com/en/blog/markets/binance-acquires-sakura-exchange-bitcoin-marking-its-official-entry-into-japan-3556095942303204167"", ""wayback"": ""https://web.archive.org/web/2022/https://www.binance.com/en/blog/markets/binance-acquires-sakura-exchange-bitcoin-marking-its-official-entry-into-japan-3556095942303204167""}, {""body_hash"": ""sha256:88253a63121aaed9d78e9b9045eeeef8a4ee4c128f795e71b8a413853136812f"", ""body_path"": ""sources/http_captures/japan-fsa-binance-sakura-acquisition-2022-11/primary/web.archive.org__web-20221130111500-https-www.coindesk.com-business-2022-11-30-binance-enters-japan-with-acquisition-of-regulated-crypto-exchange-sakura__bcff3ae886.html"", ""url"": ""https://www.coindesk.com/business/2022/11/30/binance-enters-japan-with-acquisition-of-regulated-crypto-exchange-sakura"", ""wayback"": ""https://web.archive.org/web/20221130111500/https://www.coindesk.com/business/2022/11/30/binance-enters-japan-with-acquisition-of-regulated-crypto-exchange-sakura""}, {""body_hash"": ""sha256:205cd9e88ea4329762d96523055f9f4b0645f62fc816429e8b15afcbfaad2a82"", ""body_path"": ""sources/http_captures/japan-fsa-binance-sakura-acquisition-2022-11/primary/web.archive.org__web-20221130173511-https-decrypt.co-116013-binance-acquires-japanese-crypto-exchange-sakura__757ca5c37b.html"", ""url"": ""https://decrypt.co/116013/binance-acquires-japanese-crypto-exchange-sakura"", ""wayback"": ""https://web.archive.org/web/20221130173511/https://decrypt.co/116013/binance-acquires-japanese-crypto-exchange-sakura""}]","[{""url"": ""https://www.binance.com/en/blog/markets/binance-acquires-sakura-exchange-bitcoin-marking-its-official-entry-into-japan-3556095942303204167"", ""wayback"": ""https://web.archive.org/web/2022/https://www.binance.com/en/blog/markets/binance-acquires-sakura-exchange-bitcoin-marking-its-official-entry-into-japan-3556095942303204167""}, {""url"": ""https://www.coindesk.com/business/2022/11/30/binance-enters-japan-with-acquisition-of-regulated-crypto-exchange-sakura"", ""wayback"": ""https://web.archive.org/web/2022/https://www.coindesk.com/business/2022/11/30/binance-enters-japan-with-acquisition-of-regulated-crypto-exchange-sakura""}, {""url"": ""https://decrypt.co/116013/binance-acquires-japanese-crypto-exchange-sakura"", ""wayback"": ""https://web.archive.org/web/2022/https://decrypt.co/116013/binance-acquires-japanese-crypto-exchange-sakura""}, {""body_hash"": ""sha256:88253a63121aaed9d78e9b9045eeeef8a4ee4c128f795e71b8a413853136812f"", ""body_path"": ""sources/http_captures/japan-fsa-binance-sakura-acquisition-2022-11/primary/web.archive.org__web-20221130111500-https-www.coindesk.com-business-2022-11-30-binance-enters-japan-with-acquisition-of-regulated-crypto-exchange-sakura__bcff3ae886.html"", ""url"": ""https://www.coindesk.com/business/2022/11/30/binance-enters-japan-with-acquisition-of-regulated-crypto-exchange-sakura"", ""wayback"": ""https://web.archive.org/web/20221130111500/https://www.coindesk.com/business/2022/11/30/binance-enters-japan-with-acquisition-of-regulated-crypto-exchange-sakura""}, {""body_hash"": ""sha256:205cd9e88ea4329762d96523055f9f4b0645f62fc816429e8b15afcbfaad2a82"", ""body_path"": ""sources/http_captures/japan-fsa-binance-sakura-acquisition-2022-11/primary/web.archive.org__web-20221130173511-https-decrypt.co-116013-binance-acquires-japanese-crypto-exchange-sakura__757ca5c37b.html"", ""url"": ""https://decrypt.co/116013/binance-acquires-japanese-crypto-exchange-sakura"", ""wayback"": ""https://web.archive.org/web/20221130173511/https://decrypt.co/116013/binance-acquires-japanese-crypto-exchange-sakura""}]",unadjudicated_risk_flag
japan-fsa-stablecoin-psa-effective-2023-06,admitted,events/japan-fsa-stablecoin-psa-effective-2023-06.yaml,0,offramp_cex,observed_no_change,psa_amendment_act_epi_regime_commenced_no_immediate_listing_cascade,"[{""matching_fields"": [""url"", ""body_hash""], ""observation_source_index"": 0, ""trigger_source_index"": 0}, {""matching_fields"": [""url""], ""observation_source_index"": 1, ""trigger_source_index"": 1}]","[{""body_hash"": ""sha256:0d10b62ea6b24448602ee0707c59ef7494256cb83a277ded8eaa83d48740d7b0"", ""body_path"": ""sources/http_captures/japan-fsa-stablecoin-psa-effective-2023-06/primary/web.archive.org__web-20230608144659-https-www.fsa.go.jp-en-newsletter-weekly2023-540.html__1b6ee49783.html"", ""url"": ""https://www.fsa.go.jp/en/newsletter/weekly2023/540.html"", ""wayback"": ""https://web.archive.org/web/20230608144659/https://www.fsa.go.jp/en/newsletter/weekly2023/540.html""}, {""body_hash"": ""sha256:287ba1d1b81f0f4ab6da0eb6a0115d119b90d4380e81476f16c6412696a459d6"", ""body_path"": ""sources/http_captures/japan-fsa-stablecoin-psa-effective-2023-06/primary/web.archive.org__web-20230923150331-https-cryptoforinnovation.org-policy-brief-summary-of-japanese-fsa-crypto-asset-and-stablecoins-framework__989a557b96.html"", ""url"": ""https://cryptoforinnovation.org/policy-brief-summary-of-japanese-fsa-crypto-asset-and-stablecoins-framework/"", ""wayback"": ""https://web.archive.org/web/20230923150331/https://cryptoforinnovation.org/policy-brief-summary-of-japanese-fsa-crypto-asset-and-stablecoins-framework/""}, {""url"": ""https://news.bitcoin.com/japan-stablecoin-regulation-explained-psa-rules-jpy-coins-and-bank-issuers/"", ""wayback"": ""https://web.archive.org/web/2023/https://news.bitcoin.com/japan-stablecoin-regulation-explained-psa-rules-jpy-coins-and-bank-issuers/""}]","[{""body_hash"": ""sha256:0d10b62ea6b24448602ee0707c59ef7494256cb83a277ded8eaa83d48740d7b0"", ""body_path"": ""sources/http_captures/japan-fsa-stablecoin-psa-effective-2023-06/primary/web.archive.org__web-20230608144659-https-www.fsa.go.jp-en-newsletter-weekly2023-540.html__1b6ee49783.html"", ""url"": ""https://www.fsa.go.jp/en/newsletter/weekly2023/540.html"", ""wayback"": ""https://web.archive.org/web/20230608144659/https://www.fsa.go.jp/en/newsletter/weekly2023/540.html""}, {""url"": ""https://cryptoforinnovation.org/policy-brief-summary-of-japanese-fsa-crypto-asset-and-stablecoins-framework/"", ""wayback"": ""https://web.archive.org/web/2023/https://cryptoforinnovation.org/policy-brief-summary-of-japanese-fsa-crypto-asset-and-stablecoins-framework/""}]",unadjudicated_risk_flag
japan-fsa-travel-rule-effective-2023-06,admitted,events/japan-fsa-travel-rule-effective-2023-06.yaml,0,offramp_cex,observed_no_change,jp_aptcp_travel_rule_effective_no_threshold_for_caesps,"[{""matching_fields"": [""url"", ""body_hash""], ""observation_source_index"": 0, ""trigger_source_index"": 0}, {""matching_fields"": [""url"", ""body_hash""], ""observation_source_index"": 1, ""trigger_source_index"": 1}]","[{""body_hash"": ""sha256:1c357c9cc30c03fdce6b8bf5cdab98386f20c215918159aeaf1ef1ed49b53cf4"", ""body_path"": ""sources/http_captures/japan-fsa-travel-rule-effective-2023-06/primary/www.fsa.go.jp__en-laws_regulations-index.html__e848e1f222.html"", ""url"": ""https://www.fsa.go.jp/en/laws_regulations/index.html""}, {""body_hash"": ""sha256:a75232e7c102060a11e91fb13f36bf58a8e75ed293b2879ad9832e96d32b7218"", ""body_path"": ""sources/http_captures/japan-fsa-travel-rule-effective-2023-06/primary/web.archive.org__web-20230716104514-https-www.sygna.io-blog-japan-travel-rule-starts-1-june-an-in-depth-guide-for-vasps__081e9666a3.html"", ""url"": ""https://www.sygna.io/blog/japan-travel-rule-starts-1-june-an-in-depth-guide-for-vasps/"", ""wayback"": ""https://web.archive.org/web/20230716104514/https://www.sygna.io/blog/japan-travel-rule-starts-1-june-an-in-depth-guide-for-vasps/""}, {""body_hash"": ""sha256:36dbb5976073bac7b9ba5444b387f5d894b829d0c3033fd8d3b295535e1a3cea"", ""body_path"": ""sources/http_captures/japan-fsa-travel-rule-effective-2023-06/primary/web.archive.org__web-20230529181004-https-www.shyft.network-newsroom-japan-to-enforce-crypto-travel-rule-from-june-1st__303f881e1a.html"", ""url"": ""https://www.shyft.network/newsroom/japan-to-enforce-crypto-travel-rule-from-june-1st"", ""wayback"": ""https://web.archive.org/web/20230529181004/https://www.shyft.network/newsroom/japan-to-enforce-crypto-travel-rule-from-june-1st""}]","[{""body_hash"": ""sha256:1c357c9cc30c03fdce6b8bf5cdab98386f20c215918159aeaf1ef1ed49b53cf4"", ""body_path"": ""sources/http_captures/japan-fsa-travel-rule-effective-2023-06/primary/www.fsa.go.jp__en-laws_regulations-index.html__e848e1f222.html"", ""url"": ""https://www.fsa.go.jp/en/laws_regulations/index.html""}, {""body_hash"": ""sha256:a75232e7c102060a11e91fb13f36bf58a8e75ed293b2879ad9832e96d32b7218"", ""body_path"": ""sources/http_captures/japan-fsa-travel-rule-effective-2023-06/primary/web.archive.org__web-20230716104514-https-www.sygna.io-blog-japan-travel-rule-starts-1-june-an-in-depth-guide-for-vasps__081e9666a3.html"", ""url"": ""https://www.sygna.io/blog/japan-travel-rule-starts-1-june-an-in-depth-guide-for-vasps/"", ""wayback"": ""https://web.archive.org/web/20230716104514/https://www.sygna.io/blog/japan-travel-rule-starts-1-june-an-in-depth-guide-for-vasps/""}]",unadjudicated_risk_flag
karpeles-arrest-tokyo-mtgox-2015,admitted,events/karpeles-arrest-tokyo-mtgox-2015.yaml,0,offramp_cex,observed_no_change,criminal_arrest_of_former_ceo,"[{""matching_fields"": [""url""], ""observation_source_index"": 2, ""trigger_source_index"": 0}]","[{""url"": ""https://www.reuters.com/article/us-bitcoin-mtgox-arrest-idUSKCN0Q608B20150801"", ""wayback"": ""https://web.archive.org/web/20150801120000/https://www.reuters.com/article/us-bitcoin-mtgox-arrest-idUSKCN0Q608B20150801""}, {""body_hash"": ""sha256:da6bce7b2993bb3a9a5ef4dc7494aba67fc67f6c0ee2c902b11b412c2c7f6991"", ""body_path"": ""sources/http_captures/karpeles-arrest-tokyo-mtgox-2015/primary/web.archive.org__web-20150802165843-https-www.cnn.com-2015-08-01-asia-bitcoin-mt-gox-karpeles-arrested-index.html__aa80abe173.html"", ""url"": ""https://www.cnn.com/2015/08/01/asia/bitcoin-mt-gox-karpeles-arrested/index.html"", ""wayback"": ""https://web.archive.org/web/20150802165843/https://www.cnn.com/2015/08/01/asia/bitcoin-mt-gox-karpeles-arrested/index.html""}, {""url"": ""https://www.nbcnews.com/news/world/head-failed-japan-based-bitcoin-exchange-mt-gox-arrested-n402391"", ""wayback"": ""https://web.archive.org/web/20150802000000/https://www.nbcnews.com/news/world/head-failed-japan-based-bitcoin-exchange-mt-gox-arrested-n402391""}]","[{""body_hash"": ""sha256:34043ed3cb1fa7c386366ba4dca8de746d0976dc3f40b1370941e33c0d6ace22"", ""body_path"": ""sources/http_captures/karpeles-arrest-tokyo-mtgox-2015/v0_3_primary_repair/www.mtgox.com__img-pdf-20150422_report.pdf__35064f7525.bin"", ""url"": ""https://www.mtgox.com/img/pdf/20150422_report.pdf""}, {""body_hash"": ""sha256:670fa6c954b6d3d6bd4d5e9d0d922dbeeeb93c08c896361de056cee13f1814a5"", ""body_path"": ""sources/http_captures/karpeles-arrest-tokyo-mtgox-2015/v0_3_primary_repair/www.mtgox.com__img-pdf-201504_faq_en.pdf__f1bf78286c.bin"", ""url"": ""https://www.mtgox.com/img/pdf/201504_faq_en.pdf""}, {""url"": ""https://www.reuters.com/article/us-bitcoin-mtgox-arrest-idUSKCN0Q608B20150801"", ""wayback"": ""https://web.archive.org/web/20150801120000/https://www.reuters.com/article/us-bitcoin-mtgox-arrest-idUSKCN0Q608B20150801""}]",unadjudicated_risk_flag
kb-vostok-russia-drone-ofac-2024-08,admitted,events/kb-vostok-russia-drone-ofac-2024-08.yaml,0,offramp_cex,observed_no_change,no_public_cex_cascade_documented_in_14d_window,"[{""matching_fields"": [""url"", ""body_hash""], ""observation_source_index"": 0, ""trigger_source_index"": 0}]","[{""body_hash"": ""sha256:75fdcf87f48e255a6a72f21fea4448bbd7440f1e238f83f0871823d0e716d72c"", ""body_path"": ""sources/http_captures/kb-vostok-russia-drone-ofac-2024-08/primary/web.archive.org__web-20240824120000-https-ofac.treasury.gov-recent-actions-20240823__ca41de774a.html"", ""url"": ""https://ofac.treasury.gov/recent-actions/20240823"", ""wayback"": ""https://web.archive.org/web/20240824102141/https://ofac.treasury.gov/recent-actions/20240823""}]","[{""body_hash"": ""sha256:75fdcf87f48e255a6a72f21fea4448bbd7440f1e238f83f0871823d0e716d72c"", ""body_path"": ""sources/http_captures/kb-vostok-russia-drone-ofac-2024-08/primary/web.archive.org__web-20240824120000-https-ofac.treasury.gov-recent-actions-20240823__ca41de774a.html"", ""url"": ""https://ofac.treasury.gov/recent-actions/20240823"", ""wayback"": ""https://web.archive.org/web/20240824102141/https://ofac.treasury.gov/recent-actions/20240823""}]",unadjudicated_risk_flag
kingdom-trust-fincen-2021,admitted,events/kingdom-trust-fincen-2021.yaml,0,offramp_cex,observed_no_change,no_strong_attribution_crypto_offramp_change_captured_for_2023_04_26_fincen_consent_order,"[{""matching_fields"": [""url"", ""body_hash""], ""observation_source_index"": 0, ""trigger_source_index"": 0}]","[{""body_hash"": ""sha256:fef5774ea0e271857b3ce9d8087a408bfd4dce53fbea529c9b9d1825cbe48115"", ""body_path"": ""sources/http_captures/kingdom-trust-fincen-2021/primary/web.archive.org__web-20230426173248-https-www.fincen.gov-news-news-releases-fincen-assesses-15-million-civil-money-penalty-against-kingdom-trust-company__3a8d3bca43.html"", ""url"": ""https://www.fincen.gov/news/news-releases/fincen-assesses-15-million-civil-money-penalty-against-kingdom-trust-company"", ""wayback"": ""https://web.archive.org/web/20230426173248/https://www.fincen.gov/news/news-releases/fincen-assesses-15-million-civil-money-penalty-against-kingdom-trust-company""}, {""url"": ""https://www.fincen.gov/sites/default/files/enforcement_action/2023-04-27/FinCEN_KTC_ConsentOrder_FINAL_042523.pdf"", ""wayback"": ""https://web.archive.org/web/2023/https://www.fincen.gov/sites/default/files/enforcement_action/2023-04-27/FinCEN_KTC_ConsentOrder_FINAL_042523.pdf""}]","[{""body_hash"": ""sha256:fef5774ea0e271857b3ce9d8087a408bfd4dce53fbea529c9b9d1825cbe48115"", ""body_path"": ""sources/http_captures/kingdom-trust-fincen-2021/primary/web.archive.org__web-20230426173248-https-www.fincen.gov-news-news-releases-fincen-assesses-15-million-civil-money-penalty-against-kingdom-trust-company__3a8d3bca43.html"", ""url"": ""https://www.fincen.gov/news/news-releases/fincen-assesses-15-million-civil-money-penalty-against-kingdom-trust-company"", ""wayback"": ""https://web.archive.org/web/20230426173248/https://www.fincen.gov/news/news-releases/fincen-assesses-15-million-civil-money-penalty-against-kingdom-trust-company""}]",unadjudicated_risk_flag
kraken-sec-unregistered-exchange-2023,admitted,events/kraken-sec-unregistered-exchange-2023.yaml,0,offramp_cex,observed_no_change,no_contemporaneous_kraken_service_withdrawal_after_sec_unregistered_exchange_complaint,"[{""matching_fields"": [""url"", ""body_hash""], ""observation_source_index"": 0, ""trigger_source_index"": 0}]","[{""body_hash"": ""sha256:54d889d68c895c04a684b3b1272203287842228a1c8fe24931437185f388430a"", ""body_path"": ""sources/http_captures/kraken-sec-unregistered-exchange-2023/primary/www.sec.gov__news-press-release-2023-237__a3b13547f9.html"", ""url"": ""https://www.sec.gov/news/press-release/2023-237""}]","[{""body_hash"": ""sha256:54d889d68c895c04a684b3b1272203287842228a1c8fe24931437185f388430a"", ""body_path"": ""sources/http_captures/kraken-sec-unregistered-exchange-2023/primary/www.sec.gov__news-press-release-2023-237__a3b13547f9.html"", ""url"": ""https://www.sec.gov/news/press-release/2023-237""}, {""body_hash"": ""sha256:2d1f67aa6b9412788d49bc3a4952918c315672168cc1bf5a1bfce067e66cbb70"", ""body_path"": ""sources/http_captures/kraken-sec-unregistered-exchange-2023/primary/blog.kraken.com__news-kraken-continues-to-fight-for-its-mission-and-crypto-innovation-in-the-united-states__eb2c51915d.html"", ""url"": ""https://blog.kraken.com/news/kraken-continues-to-fight-for-its-mission-and-crypto-innovation-in-the-united-states""}]",unadjudicated_risk_flag
kucoin-netherlands-exit-2023,admitted,events/kucoin-netherlands-exit-2023.yaml,0,offramp_cex,observed_no_change,kucoin_netherlands_exit_2023_unpinned,"[{""matching_fields"": [""url""], ""observation_source_index"": 0, ""trigger_source_index"": 0}, {""matching_fields"": [""url"", ""body_hash""], ""observation_source_index"": 1, ""trigger_source_index"": 1}]","[{""url"": ""https://www.dnb.nl/en/general-news/news-2022/warning-against-mek-global-limited-doing-business-as-kucoin/"", ""wayback"": ""https://web.archive.org/web/2023/https://www.dnb.nl/en/general-news/news-2022/warning-against-mek-global-limited-doing-business-as-kucoin/""}, {""body_hash"": ""sha256:77ccff1f413b36342171d9c1afbf4bb04ef104ece9f7b3545a784affa588bcb8"", ""body_path"": ""sources/http_captures/kucoin-netherlands-exit-2023/primary/www.kucoin.com__announcement-announcement_for_kucoin_users_in_the_netherlands_240930__a1d0e633e2.html"", ""url"": ""https://www.kucoin.com/announcement/announcement_for_kucoin_users_in_the_netherlands_240930"", ""wayback"": ""https://web.archive.org/web/2023/https://www.kucoin.com/announcement/announcement_for_kucoin_users_in_the_netherlands_240930""}]","[{""url"": ""https://www.dnb.nl/en/general-news/news-2022/warning-against-mek-global-limited-doing-business-as-kucoin/"", ""wayback"": ""https://web.archive.org/web/2023/https://www.dnb.nl/en/general-news/news-2022/warning-against-mek-global-limited-doing-business-as-kucoin/""}, {""body_hash"": ""sha256:77ccff1f413b36342171d9c1afbf4bb04ef104ece9f7b3545a784affa588bcb8"", ""body_path"": ""sources/http_captures/kucoin-netherlands-exit-2023/primary/www.kucoin.com__announcement-announcement_for_kucoin_users_in_the_netherlands_240930__a1d0e633e2.html"", ""url"": ""https://www.kucoin.com/announcement/announcement_for_kucoin_users_in_the_netherlands_240930"", ""wayback"": ""https://web.archive.org/web/2023/https://www.kucoin.com/announcement/announcement_for_kucoin_users_in_the_netherlands_240930""}]",unadjudicated_risk_flag
kyrgyzstan-nbkr-virtual-currency-payment-warning-2014-07,rejected,events/kyrgyzstan-nbkr-virtual-currency-payment-warning-2014-07.yaml,0,offramp_cex,observed_no_change,no_measured_exchange_bank_or_payment_provider_cutoff_after_nbkr_2014_warning,"[{""matching_fields"": [""url"", ""body_hash""], ""observation_source_index"": 0, ""trigger_source_index"": 0}]","[{""body_hash"": ""sha256:55bfbf5b9d0da803146ee4587651c4f2c55195fdf76ea51aef8a356e85b47d00"", ""body_path"": ""sources/http_captures/kyrgyzstan-nbkr-virtual-currency-payment-warning-2014-07/primary/nbkr.kg__searchout.jsp__556a968ab7.html"", ""url"": ""https://nbkr.kg/searchout.jsp?amp=&amp=&item=31&lang=ENG&material=50718"", ""wayback"": ""https://web.archive.org/web/20260531125524/https://nbkr.kg/searchout.jsp?amp=&amp=&item=31&lang=ENG&material=50718""}]","[{""body_hash"": ""sha256:55bfbf5b9d0da803146ee4587651c4f2c55195fdf76ea51aef8a356e85b47d00"", ""body_path"": ""sources/http_captures/kyrgyzstan-nbkr-virtual-currency-payment-warning-2014-07/primary/nbkr.kg__searchout.jsp__556a968ab7.html"", ""url"": ""https://nbkr.kg/searchout.jsp?amp=&amp=&item=31&lang=ENG&material=50718"", ""wayback"": ""https://web.archive.org/web/20260531125524/https://nbkr.kg/searchout.jsp?amp=&amp=&item=31&lang=ENG&material=50718""}]",unadjudicated_risk_flag
lazarus-entity-ofac-2019,admitted,events/lazarus-entity-ofac-2019.yaml,0,offramp_cex,observed_no_change,no_public_cex_cascade_documented_in_14d_window,"[{""matching_fields"": [""url"", ""body_hash""], ""observation_source_index"": 0, ""trigger_source_index"": 0}]","[{""body_hash"": ""sha256:7c57efc7805c34000026f6ee9374609f5e69212a7655743e20cfcbc5c5c5440b"", ""body_path"": ""sources/http_captures/lazarus-entity-ofac-2019/ofac-recent-actions/ofac.treasury.gov__recent-actions-20190913__1d08e1f7ab.html"", ""url"": ""https://ofac.treasury.gov/recent-actions/20190913""}, {""url"": ""https://home.treasury.gov/news/press-releases/sm774""}]","[{""body_hash"": ""sha256:7c57efc7805c34000026f6ee9374609f5e69212a7655743e20cfcbc5c5c5440b"", ""body_path"": ""sources/http_captures/lazarus-entity-ofac-2019/ofac-recent-actions/ofac.treasury.gov__recent-actions-20190913__1d08e1f7ab.html"", ""url"": ""https://ofac.treasury.gov/recent-actions/20190913""}]",unadjudicated_risk_flag
lazarus-laundering-ofac-2020,admitted,events/lazarus-laundering-ofac-2020.yaml,0,offramp_cex,observed_no_change,no_public_cex_cascade_documented_in_14d_window,"[{""matching_fields"": [""url"", ""body_hash""], ""observation_source_index"": 0, ""trigger_source_index"": 0}]","[{""body_hash"": ""sha256:52785ac24ed108c94962601d6957ba440702bc7eafc4b816dc02a41246b927b3"", ""body_path"": ""sources/http_captures/lazarus-laundering-ofac-2020/ofac-recent-actions/ofac.treasury.gov__recent-actions-20200302__65d2ac091f.html"", ""url"": ""https://ofac.treasury.gov/recent-actions/20200302"", ""wayback"": ""https://web.archive.org/web/20260421141654/https://ofac.treasury.gov/recent-actions/20200302""}, {""url"": ""https://home.treasury.gov/news/press-releases/sm924""}]","[{""body_hash"": ""sha256:52785ac24ed108c94962601d6957ba440702bc7eafc4b816dc02a41246b927b3"", ""body_path"": ""sources/http_captures/lazarus-laundering-ofac-2020/ofac-recent-actions/ofac.treasury.gov__recent-actions-20200302__65d2ac091f.html"", ""url"": ""https://ofac.treasury.gov/recent-actions/20200302""}]",unadjudicated_risk_flag
lockbit-leader-ofac-2024,admitted,events/lockbit-leader-ofac-2024.yaml,0,offramp_cex,observed_no_change,no_public_cex_cascade_documented_in_14d_window,"[{""matching_fields"": [""url"", ""body_hash""], ""observation_source_index"": 0, ""trigger_source_index"": 0}]","[{""body_hash"": ""sha256:ad9801e6a24a935db2ad1619e78e79d6cccb851c98bf312cbaf774e3f992d07e"", ""body_path"": ""sources/http_captures/lockbit-leader-ofac-2024/ofac-recent-actions/ofac.treasury.gov__recent-actions-20240507__04a826f9a2.html"", ""url"": ""https://ofac.treasury.gov/recent-actions/20240507"", ""wayback"": ""https://web.archive.org/web/20260421144016/https://ofac.treasury.gov/recent-actions/20240507""}, {""url"": ""https://home.treasury.gov/news/press-releases/jy2328""}]","[{""body_hash"": ""sha256:ad9801e6a24a935db2ad1619e78e79d6cccb851c98bf312cbaf774e3f992d07e"", ""body_path"": ""sources/http_captures/lockbit-leader-ofac-2024/ofac-recent-actions/ofac.treasury.gov__recent-actions-20240507__04a826f9a2.html"", ""url"": ""https://ofac.treasury.gov/recent-actions/20240507""}]",unadjudicated_risk_flag
makerdao-emergency-shutdown-contingency-2022-08,admitted,events/makerdao-emergency-shutdown-contingency-2022-08.yaml,0,asset_onchain,observed_no_change,makerdao_emergency_shutdown_not_triggered_collateral_composition_unchanged_during_tornado_cash_fallout_debate,"[{""matching_fields"": [""url"", ""body_hash""], ""observation_source_index"": 1, ""trigger_source_index"": 0}, {""matching_fields"": [""url""], ""observation_source_index"": 3, ""trigger_source_index"": 2}, {""matching_fields"": [""url""], ""observation_source_index"": 4, ""trigger_source_index"": 3}]","[{""body_hash"": ""sha256:e734f0cb863bd383c37d603fb8c97b4a0c744a5e836f815c6c6ae7355c8028d7"", ""body_path"": ""sources/http_captures/makerdao-emergency-shutdown-contingency-2022-08/v0_3_primary_repair/forum.makerdao.com__search-query.json__b739eca00a.json"", ""url"": ""https://forum.makerdao.com/search/query.json?term=USDC%20Tornado%20Cash""}, {""body_hash"": ""sha256:b6ef9c09a692eafc7774c8bdbd73f15a5a4cdee6532a664e9ba36b97ecd03dbb"", ""body_path"": ""sources/http_captures/makerdao-emergency-shutdown-contingency-2022-08/v0_3_primary_repair/forum.makerdao.com__t-circle-started-freezing-usdc-which-went-through-tornado-cash-17101.json__25e3081f17.json"", ""url"": ""https://forum.makerdao.com/t/circle-started-freezing-usdc-which-went-through-tornado-cash/17101.json""}, {""url"": ""https://thedefiant.io/news/defi/tornado-impact-makerdao-dai"", ""wayback"": ""https://web.archive.org/web/2022/https://thedefiant.io/news/defi/tornado-impact-makerdao-dai""}, {""url"": ""https://decrypt.co/107273/makerdao-founder-dai-drop-dollar-peg-tornado-cash-usdc"", ""wayback"": ""https://web.archive.org/web/2022/https://decrypt.co/107273/makerdao-founder-dai-drop-dollar-peg-tornado-cash-usdc""}, {""url"": ""https://www.coindesk.com/business/2022/08/18/makerdao-prepares-emergency-shutdown-contingency-in-case-of-usdc-sanctions"", ""wayback"": ""https://web.archive.org/web/2022/https://www.coindesk.com/business/2022/08/18/makerdao-prepares-emergency-shutdown-contingency-in-case-of-usdc-sanctions""}, {""url"": ""https://cryptoslate.com/makerdao-plans-against-sanctions-from-usdc-exposure/"", ""wayback"": ""https://web.archive.org/web/2022/https://cryptoslate.com/makerdao-plans-against-sanctions-from-usdc-exposure/""}]","[{""tx_hash"": ""0xdb1f3c8c48762feea71745c114d7ba0be1ae8019618f8bf3afd12f3762edc97b"", ""url"": ""https://etherscan.io/tx/0xdb1f3c8c48762feea71745c114d7ba0be1ae8019618f8bf3afd12f3762edc97b""}, {""body_hash"": ""sha256:e734f0cb863bd383c37d603fb8c97b4a0c744a5e836f815c6c6ae7355c8028d7"", ""body_path"": ""sources/http_captures/makerdao-emergency-shutdown-contingency-2022-08/v0_3_primary_repair/forum.makerdao.com__search-query.json__b739eca00a.json"", ""url"": ""https://forum.makerdao.com/search/query.json?term=USDC%20Tornado%20Cash""}, {""body_hash"": ""sha256:13d6d0b007f3da004ce29b5ab2c534fdbdc24fb8c16aa1bfef113ad2371d54f6"", ""body_path"": ""sources/http_captures/makerdao-emergency-shutdown-contingency-2022-08/v0_3_primary_repair/forum.makerdao.com__t-the-real-legal-risks-17207.json__2415a7533f.json"", ""url"": ""https://forum.makerdao.com/t/the-real-legal-risks/17207.json""}, {""url"": ""https://thedefiant.io/news/defi/tornado-impact-makerdao-dai"", ""wayback"": ""https://web.archive.org/web/2022/https://thedefiant.io/news/defi/tornado-impact-makerdao-dai""}, {""url"": ""https://decrypt.co/107273/makerdao-founder-dai-drop-dollar-peg-tornado-cash-usdc"", ""wayback"": ""https://web.archive.org/web/2022/https://decrypt.co/107273/makerdao-founder-dai-drop-dollar-peg-tornado-cash-usdc""}]",unadjudicated_risk_flag
matveev-ofac-2023,admitted,events/matveev-ofac-2023.yaml,0,offramp_cex,observed_no_change,no_public_cex_cascade_documented_in_14d_window,"[{""matching_fields"": [""url"", ""body_hash""], ""observation_source_index"": 0, ""trigger_source_index"": 0}]","[{""body_hash"": ""sha256:b6786db721a64066b90f9d3e975cf7ca67440ab122ec338efd67a53850327b1c"", ""body_path"": ""sources/http_captures/matveev-ofac-2023/ofac-recent-actions/ofac.treasury.gov__recent-actions-20230516__215bc3f851.html"", ""url"": ""https://ofac.treasury.gov/recent-actions/20230516"", ""wayback"": ""https://web.archive.org/web/20260421145250/https://ofac.treasury.gov/recent-actions/20230516""}, {""url"": ""https://home.treasury.gov/news/press-releases/jy1455""}]","[{""body_hash"": ""sha256:b6786db721a64066b90f9d3e975cf7ca67440ab122ec338efd67a53850327b1c"", ""body_path"": ""sources/http_captures/matveev-ofac-2023/ofac-recent-actions/ofac.treasury.gov__recent-actions-20230516__215bc3f851.html"", ""url"": ""https://ofac.treasury.gov/recent-actions/20230516""}]",unadjudicated_risk_flag
media-land-volosovik-bulletproof-ofac-2025-11,admitted,events/media-land-volosovik-bulletproof-ofac-2025-11.yaml,0,offramp_cex,observed_no_change,no_public_cex_cascade_documented_in_14d_window,"[{""matching_fields"": [""url"", ""body_hash""], ""observation_source_index"": 0, ""trigger_source_index"": 0}]","[{""body_hash"": ""sha256:b1c32ad349917087f7302dff5f55585648ee9e6f26eef207a298087d83a80c34"", ""body_path"": ""sources/http_captures/media-land-volosovik-bulletproof-ofac-2025-11/primary/web.archive.org__web-20251121174519-https-ofac.treasury.gov-recent-actions-20251119__e8171e48aa.html"", ""url"": ""https://ofac.treasury.gov/recent-actions/20251119"", ""wayback"": ""https://web.archive.org/web/20251121174519/https://ofac.treasury.gov/recent-actions/20251119""}, {""body_hash"": ""sha256:d21345ccc5aeb4b7b5f8653c375c55173c53423a3ae347c5eff20d586d670ad0"", ""body_path"": ""sources/http_captures/media-land-volosovik-bulletproof-ofac-2025-11/primary/web.archive.org__web-20260114090608-https-home.treasury.gov-news-press-releases-sb0319__f4d38a4e5b.html"", ""url"": ""https://home.treasury.gov/news/press-releases/sb0319"", ""wayback"": ""https://web.archive.org/web/20260114090608/https://home.treasury.gov/news/press-releases/sb0319""}]","[{""body_hash"": ""sha256:b1c32ad349917087f7302dff5f55585648ee9e6f26eef207a298087d83a80c34"", ""body_path"": ""sources/http_captures/media-land-volosovik-bulletproof-ofac-2025-11/primary/web.archive.org__web-20251121174519-https-ofac.treasury.gov-recent-actions-20251119__e8171e48aa.html"", ""url"": ""https://ofac.treasury.gov/recent-actions/20251119"", ""wayback"": ""https://web.archive.org/web/20251121174519/https://ofac.treasury.gov/recent-actions/20251119""}]",unadjudicated_risk_flag
mica-l2-esma-eba-rts-2024,admitted,events/mica-l2-esma-eba-rts-2024.yaml,0,offramp_cex,observed_no_change,mica_l2_rts_casp_authorization_market_abuse_published_no_observed_casp_change_at_trigger,"[{""matching_fields"": [""url"", ""body_hash""], ""observation_source_index"": 0, ""trigger_source_index"": 0}]","[{""body_hash"": ""sha256:eac48bfaa847dbf98added6622658c0bfc0697cf0dc777d4b703ef4bc31e3794"", ""body_path"": ""sources/http_captures/mica-l2-esma-eba-rts-2024/primary/web.archive.org__web-20240117214257-https-www.esma.europa.eu-esmas-activities-digital-finance-and-innovation-markets-crypto-assets-regulation-mica__9e3fd579c0.html"", ""url"": ""https://www.esma.europa.eu/esmas-activities/digital-finance-and-innovation/markets-crypto-assets-regulation-mica"", ""wayback"": ""https://web.archive.org/web/20240117214257/https://www.esma.europa.eu/esmas-activities/digital-finance-and-innovation/markets-crypto-assets-regulation-mica""}]","[{""body_hash"": ""sha256:eac48bfaa847dbf98added6622658c0bfc0697cf0dc777d4b703ef4bc31e3794"", ""body_path"": ""sources/http_captures/mica-l2-esma-eba-rts-2024/primary/web.archive.org__web-20240117214257-https-www.esma.europa.eu-esmas-activities-digital-finance-and-innovation-markets-crypto-assets-regulation-mica__9e3fd579c0.html"", ""url"": ""https://www.esma.europa.eu/esmas-activities/digital-finance-and-innovation/markets-crypto-assets-regulation-mica"", ""wayback"": ""https://web.archive.org/web/20240117214257/https://www.esma.europa.eu/esmas-activities/digital-finance-and-innovation/markets-crypto-assets-regulation-mica""}, {""body_hash"": ""sha256:ec3faad8d7b8cc851aaeaead643c0c050fee8be76627ccc2271defbc49ff348a"", ""body_path"": ""sources/http_captures/mica-l2-esma-eba-rts-2024/primary/web.archive.org__web-20250805132328-https-www.eba.europa.eu-regulation-and-policy-asset-referenced-and-e-money-tokens-mica__5d6b1486d7.html"", ""url"": ""https://www.eba.europa.eu/regulation-and-policy/asset-referenced-and-e-money-tokens-mica"", ""wayback"": ""https://web.archive.org/web/20250805132328/https://www.eba.europa.eu/regulation-and-policy/asset-referenced-and-e-money-tokens-mica""}]",unadjudicated_risk_flag
mtgox-coinlab-civil-2013,admitted,events/mtgox-coinlab-civil-2013.yaml,0,offramp_cex,observed_no_change,civil_breach_of_contract_complaint_filed_no_offramp_change_in_pre_dwolla_window,"[{""matching_fields"": [""url"", ""body_hash""], ""observation_source_index"": 0, ""trigger_source_index"": 3}, {""matching_fields"": [""url""], ""observation_source_index"": 1, ""trigger_source_index"": 0}, {""matching_fields"": [""url""], ""observation_source_index"": 2, ""trigger_source_index"": 1}]","[{""url"": ""https://www.coindesk.com/markets/2013/05/03/coinlab-sues-mt-gox-in-us-court"", ""wayback"": ""https://web.archive.org/web/2013/https://www.coindesk.com/markets/2013/05/03/coinlab-sues-mt-gox-in-us-court""}, {""body_hash"": ""sha256:933a8dfbda5c69a6e360e62eb9d987d8a4d5319448f0ce9afaff2aeca83af52b"", ""body_path"": ""sources/http_captures/mtgox-coinlab-civil-2013/primary/web.archive.org__web-20130503183139-https-www.geekwire.com-2013-bitcoin-seattles-coinlab-files-75m-suit-mt-gox-exchange-alleges-breach-contract__6f0a7d3206.html"", ""url"": ""https://www.geekwire.com/2013/bitcoin-seattles-coinlab-files-75m-suit-mt-gox-exchange-alleges-breach-contract/"", ""wayback"": ""https://web.archive.org/web/20130503183139/https://www.geekwire.com/2013/bitcoin-seattles-coinlab-files-75m-suit-mt-gox-exchange-alleges-breach-contract/""}, {""url"": ""https://dockets.justia.com/docket/washington/wawdce/2:2013cv00777/192566"", ""wayback"": ""https://web.archive.org/web/2013/https://dockets.justia.com/docket/washington/wawdce/2:2013cv00777/192566""}, {""body_hash"": ""sha256:eaf5dfdb9c50980f42fa1394af53b596019b18b776a3ac0476f1687ed107fa13"", ""body_path"": ""sources/http_captures/mtgox-coinlab-civil-2013/primary/web.archive.org__web-20201111201503-https-www.courtlistener.com-docket-4537232-coinlab-inc-v-mt-gox-kk__24b8aee1e8.html"", ""url"": ""https://www.courtlistener.com/docket/4537232/coinlab-inc-v-mt-gox-kk/"", ""wayback"": ""https://web.archive.org/web/20201111201503/https://www.courtlistener.com/docket/4537232/coinlab-inc-v-mt-gox-kk/""}]","[{""body_hash"": ""sha256:eaf5dfdb9c50980f42fa1394af53b596019b18b776a3ac0476f1687ed107fa13"", ""body_path"": ""sources/http_captures/mtgox-coinlab-civil-2013/primary/web.archive.org__web-20201111201503-https-www.courtlistener.com-docket-4537232-coinlab-inc-v-mt-gox-kk__24b8aee1e8.html"", ""url"": ""https://www.courtlistener.com/docket/4537232/coinlab-inc-v-mt-gox-kk/"", ""wayback"": ""https://web.archive.org/web/20201111201503/https://www.courtlistener.com/docket/4537232/coinlab-inc-v-mt-gox-kk/""}, {""url"": ""https://www.coindesk.com/markets/2013/05/03/coinlab-sues-mt-gox-in-us-court"", ""wayback"": ""https://web.archive.org/web/2013/https://www.coindesk.com/markets/2013/05/03/coinlab-sues-mt-gox-in-us-court""}, {""url"": ""https://www.geekwire.com/2013/bitcoin-seattles-coinlab-files-75m-suit-mt-gox-exchange-alleges-breach-contract/"", ""wayback"": ""https://web.archive.org/web/2013/https://www.geekwire.com/2013/bitcoin-seattles-coinlab-files-75m-suit-mt-gox-exchange-alleges-breach-contract/""}]",unadjudicated_risk_flag
mtgox-mizuho-wire-pressure-2012,admitted,events/mtgox-mizuho-wire-pressure-2012.yaml,0,offramp_cex,observed_no_change,no_documented_2012_12_mizuho_action_against_mtgox_wire_rails,"[{""matching_fields"": [""url"", ""body_hash""], ""observation_source_index"": 0, ""trigger_source_index"": 0}, {""matching_fields"": [""url""], ""observation_source_index"": 1, ""trigger_source_index"": 1}, {""matching_fields"": [""url""], ""observation_source_index"": 2, ""trigger_source_index"": 2}]","[{""body_hash"": ""sha256:aa699e996b793579856c915cccebbb05ce7036b7073729264528ed8d4dcf9cb1"", ""body_path"": ""sources/http_captures/mtgox-mizuho-wire-pressure-2012/v0_3_primary_repair/www.govinfo.gov__content-pkg-USCOURTS-ilnd-1_14-cv-01437-pdf-USCOURTS-ilnd-1_14-cv-01437-0.pdf__4871bc7a90.bin"", ""url"": ""https://www.govinfo.gov/content/pkg/USCOURTS-ilnd-1_14-cv-01437/pdf/USCOURTS-ilnd-1_14-cv-01437-0.pdf""}, {""url"": ""https://en.wikipedia.org/wiki/Mt._Gox"", ""wayback"": ""https://web.archive.org/web/2012/https://en.wikipedia.org/wiki/Mt._Gox""}, {""url"": ""https://www.bilzin.com/we-think-big/insights/publications/2019/09/jurisdictional-lessons-from-mt-gox-cryptocurrency"", ""wayback"": ""https://web.archive.org/web/2012/https://www.bilzin.com/we-think-big/insights/publications/2019/09/jurisdictional-lessons-from-mt-gox-cryptocurrency""}]","[{""body_hash"": ""sha256:aa699e996b793579856c915cccebbb05ce7036b7073729264528ed8d4dcf9cb1"", ""body_path"": ""sources/http_captures/mtgox-mizuho-wire-pressure-2012/v0_3_primary_repair/www.govinfo.gov__content-pkg-USCOURTS-ilnd-1_14-cv-01437-pdf-USCOURTS-ilnd-1_14-cv-01437-0.pdf__4871bc7a90.bin"", ""url"": ""https://www.govinfo.gov/content/pkg/USCOURTS-ilnd-1_14-cv-01437/pdf/USCOURTS-ilnd-1_14-cv-01437-0.pdf""}, {""url"": ""https://en.wikipedia.org/wiki/Mt._Gox"", ""wayback"": ""https://web.archive.org/web/2012/https://en.wikipedia.org/wiki/Mt._Gox""}, {""url"": ""https://www.bilzin.com/we-think-big/insights/publications/2019/09/jurisdictional-lessons-from-mt-gox-cryptocurrency"", ""wayback"": ""https://web.archive.org/web/2012/https://www.bilzin.com/we-think-big/insights/publications/2019/09/jurisdictional-lessons-from-mt-gox-cryptocurrency""}]",unadjudicated_risk_flag
nemesis-parsarad-darknet-ofac-2025-03,admitted,events/nemesis-parsarad-darknet-ofac-2025-03.yaml,0,offramp_cex,observed_no_change,no_public_cex_cascade_documented_in_14d_window,"[{""matching_fields"": [""url"", ""body_hash""], ""observation_source_index"": 0, ""trigger_source_index"": 0}]","[{""body_hash"": ""sha256:fb6757db855c58916726cfa1b22ebea67f912d7ff24597db6585ffd7fa27b495"", ""body_path"": ""sources/http_captures/nemesis-parsarad-darknet-ofac-2025-03/primary/web.archive.org__web-20250305000000-https-ofac.treasury.gov-recent-actions-20250304__b643fa30bc.html"", ""url"": ""https://ofac.treasury.gov/recent-actions/20250304"", ""wayback"": ""https://web.archive.org/web/20250304201959/https://ofac.treasury.gov/recent-actions/20250304""}]","[{""body_hash"": ""sha256:fb6757db855c58916726cfa1b22ebea67f912d7ff24597db6585ffd7fa27b495"", ""body_path"": ""sources/http_captures/nemesis-parsarad-darknet-ofac-2025-03/primary/web.archive.org__web-20250305000000-https-ofac.treasury.gov-recent-actions-20250304__b643fa30bc.html"", ""url"": ""https://ofac.treasury.gov/recent-actions/20250304"", ""wayback"": ""https://web.archive.org/web/20250304201959/https://ofac.treasury.gov/recent-actions/20250304""}]",unadjudicated_risk_flag
netex24-bitpapa-russia-crypto-ofac-2024-03,admitted,events/netex24-bitpapa-russia-crypto-ofac-2024-03.yaml,0,offramp_cex,observed_no_change,no_public_cex_cascade_documented_in_14d_window,"[{""matching_fields"": [""url"", ""body_hash""], ""observation_source_index"": 0, ""trigger_source_index"": 0}]","[{""body_hash"": ""sha256:7eb432311ad1e3f87cc1ebc0f9ce2037a547c4bee1e97c968971ddc6caf657d0"", ""body_path"": ""sources/http_captures/netex24-bitpapa-russia-crypto-ofac-2024-03/primary/web.archive.org__web-20240325000000-https-home.treasury.gov-news-press-releases-jy2204__8802ae93d9.html"", ""url"": ""https://home.treasury.gov/news/press-releases/jy2204"", ""wayback"": ""https://web.archive.org/web/20240325164058/https://home.treasury.gov/news/press-releases/jy2204""}, {""body_hash"": ""sha256:e9df0faca4d5419d5d3dfa52b33165a6ddce79e76bc37cfd62ecd7c360f001db"", ""body_path"": ""sources/http_captures/netex24-bitpapa-russia-crypto-ofac-2024-03/primary/web.archive.org__web-20240325000000-https-ofac.treasury.gov-recent-actions-20240325__95986fab84.html"", ""url"": ""https://ofac.treasury.gov/recent-actions/20240325"", ""wayback"": ""https://web.archive.org/web/20240325174522/https://ofac.treasury.gov/recent-actions/20240325""}]","[{""body_hash"": ""sha256:7eb432311ad1e3f87cc1ebc0f9ce2037a547c4bee1e97c968971ddc6caf657d0"", ""body_path"": ""sources/http_captures/netex24-bitpapa-russia-crypto-ofac-2024-03/primary/web.archive.org__web-20240325000000-https-home.treasury.gov-news-press-releases-jy2204__8802ae93d9.html"", ""url"": ""https://home.treasury.gov/news/press-releases/jy2204"", ""wayback"": ""https://web.archive.org/web/20240325164058/https://home.treasury.gov/news/press-releases/jy2204""}]",unadjudicated_risk_flag
netwalker-vachon-desjardins-doj-2022,admitted,events/netwalker-vachon-desjardins-doj-2022.yaml,0,offramp_cex,observed_no_change,no_public_cex_cascade_documented_in_window,"[{""matching_fields"": [""url"", ""body_hash""], ""observation_source_index"": 0, ""trigger_source_index"": 0}]","[{""body_hash"": ""sha256:d37e3632adb3ae2c79f35fad71b65d3805c4ff10d3fa39faeb809b1caf4661bc"", ""body_path"": ""sources/http_captures/netwalker-vachon-desjardins-doj-2022/primary/web.archive.org__web-20220313001515-https-www.justice.gov-usao-mdfl-pr-former-canadian-government-employee-extradited-united-states-face-charges-dozens__eb92bb23bb.html"", ""url"": ""https://www.justice.gov/usao-mdfl/pr/former-canadian-government-employee-extradited-united-states-face-charges-dozens"", ""wayback"": ""http://web.archive.org/web/20220313001515/https://www.justice.gov/usao-mdfl/pr/former-canadian-government-employee-extradited-united-states-face-charges-dozens""}, {""body_hash"": ""sha256:316d512531e67d1429919d83003cc7f428d0714d6934d82be006ef65bff4c477"", ""body_path"": ""sources/http_captures/netwalker-vachon-desjardins-doj-2022/primary/web.archive.org__web-20221013175841-https-www.justice.gov-usao-mdfl-pr-canadian-national-sentenced-connection-ransomware-attacks-resulting-payment-tens__503781fe21.html"", ""url"": ""https://www.justice.gov/usao-mdfl/pr/canadian-national-sentenced-connection-ransomware-attacks-resulting-payment-tens"", ""wayback"": ""http://web.archive.org/web/20221013175841/https://www.justice.gov/usao-mdfl/pr/canadian-national-sentenced-connection-ransomware-attacks-resulting-payment-tens""}, {""body_hash"": ""sha256:3b63d598876a78834fd9beade08d9651aadeaa4c40a0667f2035740083affaa4"", ""body_path"": ""sources/http_captures/netwalker-vachon-desjardins-doj-2022/primary/web.archive.org__web-20220310163440-https-www.rcmp-grc.gc.ca-en-news-2022-successful-collaboration-the-rcmp-and-the-fbi-leads-guilty-plea-and-forfeiture-34-million__8bfa8671ff.html"", ""url"": ""https://www.rcmp-grc.gc.ca/en/news/2022/successful-collaboration-the-rcmp-and-the-fbi-leads-guilty-plea-and-forfeiture-34-million"", ""wayback"": ""http://web.archive.org/web/20220310163440/https://www.rcmp-grc.gc.ca/en/news/2022/successful-collaboration-the-rcmp-and-the-fbi-leads-guilty-plea-and-forfeiture-34-million""}]","[{""body_hash"": ""sha256:d37e3632adb3ae2c79f35fad71b65d3805c4ff10d3fa39faeb809b1caf4661bc"", ""body_path"": ""sources/http_captures/netwalker-vachon-desjardins-doj-2022/primary/web.archive.org__web-20220313001515-https-www.justice.gov-usao-mdfl-pr-former-canadian-government-employee-extradited-united-states-face-charges-dozens__eb92bb23bb.html"", ""url"": ""https://www.justice.gov/usao-mdfl/pr/former-canadian-government-employee-extradited-united-states-face-charges-dozens"", ""wayback"": ""http://web.archive.org/web/20220313001515/https://www.justice.gov/usao-mdfl/pr/former-canadian-government-employee-extradited-united-states-face-charges-dozens""}]",unadjudicated_risk_flag
nobitex-iran-exchanges-economic-fury-2026,admitted,events/nobitex-iran-exchanges-economic-fury-2026.yaml,0,offramp_cex,observed_no_change,no_public_cex_cascade_documented_in_14d_window,"[{""matching_fields"": [""url"", ""body_hash""], ""observation_source_index"": 0, ""trigger_source_index"": 1}]","[{""url"": ""https://home.treasury.gov/news/press-releases/sb0519""}, {""body_hash"": ""sha256:d0b1b114d0e3277bbe52c50e4de22fe998f83dc63c2057f7741e89c73a25046d"", ""body_path"": ""sources/http_captures/nobitex-iran-exchanges-economic-fury-2026/secondary/www.elliptic.co__blog-ofac-sanctions-nobitex-and-three-other-iranian-cryptoasset-exchanges__586854ed64.html"", ""url"": ""https://www.elliptic.co/blog/ofac-sanctions-nobitex-and-three-other-iranian-cryptoasset-exchanges""}]","[{""body_hash"": ""sha256:d0b1b114d0e3277bbe52c50e4de22fe998f83dc63c2057f7741e89c73a25046d"", ""body_path"": ""sources/http_captures/nobitex-iran-exchanges-economic-fury-2026/secondary/www.elliptic.co__blog-ofac-sanctions-nobitex-and-three-other-iranian-cryptoasset-exchanges__586854ed64.html"", ""url"": ""https://www.elliptic.co/blog/ofac-sanctions-nobitex-and-three-other-iranian-cryptoasset-exchanges""}]",unadjudicated_risk_flag
oasis-app-wormhole-counter-exploit-2023-02,rejected,events/oasis-app-wormhole-counter-exploit-2023-02.yaml,0,offramp_cex,observed_no_change,rejection_unrecoverable_primary_source_and_no_pinned_tx_hash,"[{""matching_fields"": [""url""], ""observation_source_index"": 0, ""trigger_source_index"": 0}]","[{""url"": ""https://blog.oasis.app/the-oasis-multisig-and-the-wormhole-exploit/"", ""wayback"": ""https://web.archive.org/web/2023/https://blog.oasis.app/the-oasis-multisig-and-the-wormhole-exploit/""}, {""url"": ""https://www.coindesk.com/business/2023/02/24/oasis-exploits-its-own-wallet-software-to-seize-crypto-stolen-in-wormhole-hack"", ""wayback"": ""https://web.archive.org/web/2023/https://www.coindesk.com/business/2023/02/24/oasis-exploits-its-own-wallet-software-to-seize-crypto-stolen-in-wormhole-hack""}, {""url"": ""https://cointelegraph.com/news/jump-crypto-oasis-app-counter-exploits-wormhole-hacker-for-225m"", ""wayback"": ""https://web.archive.org/web/2023/https://cointelegraph.com/news/jump-crypto-oasis-app-counter-exploits-wormhole-hacker-for-225m""}, {""url"": ""https://blockworks.co/news/wormhole-forces-multisig-scrutiny"", ""wayback"": ""https://web.archive.org/web/2023/https://blockworks.co/news/wormhole-forces-multisig-scrutiny""}]","[{""url"": ""https://blog.oasis.app/the-oasis-multisig-and-the-wormhole-exploit/"", ""wayback"": ""https://web.archive.org/web/2023/https://blog.oasis.app/the-oasis-multisig-and-the-wormhole-exploit/""}]",unadjudicated_risk_flag
ofac-dprk-it-worker-sim-hyon-sop-2023-04,admitted,events/ofac-dprk-it-worker-sim-hyon-sop-2023-04.yaml,0,offramp_cex,observed_no_change,no_public_cex_cascade_documented_in_14d_window,"[{""matching_fields"": [""url"", ""body_hash""], ""observation_source_index"": 0, ""trigger_source_index"": 0}]","[{""body_hash"": ""sha256:fb454dfc2c02d46f8a89a992af2666e452415d7fec92440d6a28379fed393f6e"", ""body_path"": ""sources/http_captures/ofac-dprk-it-worker-sim-hyon-sop-2023-04/primary/web.archive.org__web-20230424145345-https-ofac.treasury.gov-recent-actions-20230424__31961d71fb.html"", ""url"": ""https://ofac.treasury.gov/recent-actions/20230424"", ""wayback"": ""https://web.archive.org/web/20230424145345/https://ofac.treasury.gov/recent-actions/20230424""}, {""body_hash"": ""sha256:a2a293441f8ea50363e2cdf5accba88beba14c5a4b9ae86d29b1182735bafd79"", ""body_path"": ""sources/http_captures/ofac-dprk-it-worker-sim-hyon-sop-2023-04/primary/web.archive.org__web-20230424174539-https-home.treasury.gov-news-press-releases-jy1435__a9c0188e29.html"", ""url"": ""https://home.treasury.gov/news/press-releases/jy1435"", ""wayback"": ""https://web.archive.org/web/20230424174539/https://home.treasury.gov/news/press-releases/jy1435""}, {""body_hash"": ""sha256:244695c8282bf6000389b3efa767bbd43e9bf19845648690061a1bad0974875d"", ""body_path"": ""sources/http_captures/ofac-dprk-it-worker-sim-hyon-sop-2023-04/primary/web.archive.org__web-20230427165305-https-www.federalregister.gov-documents-2023-04-27-2023-08944-notice-of-ofac-sanctions-actions__ded306096a.html"", ""url"": ""https://www.federalregister.gov/documents/2023/04/27/2023-08944/notice-of-ofac-sanctions-actions"", ""wayback"": ""https://web.archive.org/web/20230427165305/https://www.federalregister.gov/documents/2023/04/27/2023-08944/notice-of-ofac-sanctions-actions""}]","[{""body_hash"": ""sha256:fb454dfc2c02d46f8a89a992af2666e452415d7fec92440d6a28379fed393f6e"", ""body_path"": ""sources/http_captures/ofac-dprk-it-worker-sim-hyon-sop-2023-04/primary/web.archive.org__web-20230424145345-https-ofac.treasury.gov-recent-actions-20230424__31961d71fb.html"", ""url"": ""https://ofac.treasury.gov/recent-actions/20230424"", ""wayback"": ""https://web.archive.org/web/20230424145345/https://ofac.treasury.gov/recent-actions/20230424""}]",unadjudicated_risk_flag
ofac-hamas-gaza-now-2024-03,admitted,events/ofac-hamas-gaza-now-2024-03.yaml,0,offramp_cex,observed_no_change,no_public_cex_cascade_documented_in_14d_window,"[{""matching_fields"": [""url"", ""body_hash""], ""observation_source_index"": 0, ""trigger_source_index"": 0}]","[{""body_hash"": ""sha256:a0910742ffa37ccb08b4da2af4b2c64626cd390e6bfc4820aa4516b1d3271894"", ""body_path"": ""sources/http_captures/ofac-hamas-gaza-now-2024-03/primary/web.archive.org__web-20240327145200-https-home.treasury.gov-news-press-releases-jy2213__59d46e3aec.html"", ""url"": ""https://home.treasury.gov/news/press-releases/jy2213"", ""wayback"": ""https://web.archive.org/web/20240327145200/https://home.treasury.gov/news/press-releases/jy2213""}, {""body_hash"": ""sha256:c7a2a75c50da39fc5e0d9495296a88a60c1583051a75d214a2b74153ed4f3d1a"", ""body_path"": ""sources/http_captures/ofac-hamas-gaza-now-2024-03/primary/web.archive.org__web-20240328103219-https-ofac.treasury.gov-recent-actions-20240327__343d176540.html"", ""url"": ""https://ofac.treasury.gov/recent-actions/20240327"", ""wayback"": ""https://web.archive.org/web/20240328103219/https://ofac.treasury.gov/recent-actions/20240327""}, {""url"": ""https://www.chainalysis.com/blog/ofac-ofsi-gaza-now-sanctions/"", ""wayback"": ""https://web.archive.org/web/2024/https://www.chainalysis.com/blog/ofac-ofsi-gaza-now-sanctions/""}, {""url"": ""https://www.coindesk.com/policy/2024/03/27/us-uk-issue-joint-sanctions-of-hamas-aligned-gaza-now"", ""wayback"": ""https://web.archive.org/web/2024/https://www.coindesk.com/policy/2024/03/27/us-uk-issue-joint-sanctions-of-hamas-aligned-gaza-now""}, {""url"": ""https://www.elliptic.co/blog/crypto-regulatory-affairs-the-us-treasurys-intense-week-of-crypto-related-sanctions-actions"", ""wayback"": ""https://web.archive.org/web/2024/https://www.elliptic.co/blog/crypto-regulatory-affairs-the-us-treasurys-intense-week-of-crypto-related-sanctions-actions""}]","[{""body_hash"": ""sha256:a0910742ffa37ccb08b4da2af4b2c64626cd390e6bfc4820aa4516b1d3271894"", ""body_path"": ""sources/http_captures/ofac-hamas-gaza-now-2024-03/primary/web.archive.org__web-20240327145200-https-home.treasury.gov-news-press-releases-jy2213__59d46e3aec.html"", ""url"": ""https://home.treasury.gov/news/press-releases/jy2213"", ""wayback"": ""https://web.archive.org/web/20240327145200/https://home.treasury.gov/news/press-releases/jy2213""}]",unadjudicated_risk_flag
ofac-hamas-irgc-virtual-currency-network-2024-01,rejected,events/ofac-hamas-irgc-virtual-currency-network-2024-01.yaml,0,offramp_cex,observed_no_change,no_crypto_cex_cascade_applicable_no_crypto_addresses_designated,"[{""matching_fields"": [""url"", ""body_hash""], ""observation_source_index"": 0, ""trigger_source_index"": 2}]","[{""body_hash"": ""sha256:30d9c0026266866a7070d8af7273298aadb0224677e4802d6dc025a9aa34c31a"", ""body_path"": ""sources/http_captures/ofac-hamas-irgc-virtual-currency-network-2024-01/primary/web.archive.org__web-20240122171623-https-home.treasury.gov-news-press-releases-jy2036__fd875dd29d.html"", ""url"": ""https://home.treasury.gov/news/press-releases/jy2036"", ""wayback"": ""https://web.archive.org/web/20240122171623/https://home.treasury.gov/news/press-releases/jy2036""}, {""url"": ""https://www.chainalysis.com/blog/ofac-highlights-hundreds-of-millions-of-dollars-in-cryptocurrency-transactions-related-to-irgc-connected-houthi-financier-said-al-jamal/"", ""wayback"": ""https://web.archive.org/web/2024/https://www.chainalysis.com/blog/ofac-highlights-hundreds-of-millions-of-dollars-in-cryptocurrency-transactions-related-to-irgc-connected-houthi-financier-said-al-jamal/""}, {""body_hash"": ""sha256:2468b9f05af6375386be6f21bf12d7394dbaa9891f5537e294dcbb3daf086cb1"", ""body_path"": ""sources/http_captures/ofac-hamas-irgc-virtual-currency-network-2024-01/primary/web.archive.org__web-20240122162236-https-ofac.treasury.gov-recent-actions-20240122__bc039544d2.html"", ""url"": ""https://ofac.treasury.gov/recent-actions/20240122"", ""wayback"": ""https://web.archive.org/web/20240122162236/https://ofac.treasury.gov/recent-actions/20240122""}]","[{""body_hash"": ""sha256:2468b9f05af6375386be6f21bf12d7394dbaa9891f5537e294dcbb3daf086cb1"", ""body_path"": ""sources/http_captures/ofac-hamas-irgc-virtual-currency-network-2024-01/primary/web.archive.org__web-20240122162236-https-ofac.treasury.gov-recent-actions-20240122__bc039544d2.html"", ""url"": ""https://ofac.treasury.gov/recent-actions/20240122"", ""wayback"": ""https://web.archive.org/web/20240122162236/https://ofac.treasury.gov/recent-actions/20240122""}]",unadjudicated_risk_flag
ofac-houthi-al-jamal-crypto-refresh-2024-12,admitted,events/ofac-houthi-al-jamal-crypto-refresh-2024-12.yaml,0,offramp_cex,observed_no_change,no_public_cex_cascade_documented_in_14d_window,"[{""matching_fields"": [""url"", ""body_hash""], ""observation_source_index"": 0, ""trigger_source_index"": 0}]","[{""body_hash"": ""sha256:89f027f4982d73898e5bda195f2ecfad965196ef595a110d5e4ea3bffaef6ff8"", ""body_path"": ""sources/http_captures/ofac-houthi-al-jamal-crypto-refresh-2024-12/primary/web.archive.org__web-20241219215403-https-home.treasury.gov-news-press-releases-jy2757__e58f48c10f.html"", ""url"": ""https://home.treasury.gov/news/press-releases/jy2757"", ""wayback"": ""https://web.archive.org/web/20241219215403/https://home.treasury.gov/news/press-releases/jy2757""}, {""body_hash"": ""sha256:854df3a431a4b9e60578ab59f0ab91780a537b62dddc1510d8c9e98c79223d80"", ""body_path"": ""sources/http_captures/ofac-houthi-al-jamal-crypto-refresh-2024-12/primary/web.archive.org__web-20241219172200-https-ofac.treasury.gov-recent-actions-20241219__75f7c6f617.html"", ""url"": ""https://ofac.treasury.gov/recent-actions/20241219"", ""wayback"": ""https://web.archive.org/web/20241219172200/https://ofac.treasury.gov/recent-actions/20241219""}, {""url"": ""https://www.chainalysis.com/blog/ofac-highlights-hundreds-of-millions-of-dollars-in-cryptocurrency-transactions-related-to-irgc-connected-houthi-financier-said-al-jamal/"", ""wayback"": ""https://web.archive.org/web/2024/https://www.chainalysis.com/blog/ofac-highlights-hundreds-of-millions-of-dollars-in-cryptocurrency-transactions-related-to-irgc-connected-houthi-financier-said-al-jamal/""}, {""url"": ""https://www.trmlabs.com/resources/blog/us-treasury-sanctions-houthi-financial-networks-including-eight-crypto-addresses"", ""wayback"": ""https://web.archive.org/web/2024/https://www.trmlabs.com/resources/blog/us-treasury-sanctions-houthi-financial-networks-including-eight-crypto-addresses""}]","[{""body_hash"": ""sha256:89f027f4982d73898e5bda195f2ecfad965196ef595a110d5e4ea3bffaef6ff8"", ""body_path"": ""sources/http_captures/ofac-houthi-al-jamal-crypto-refresh-2024-12/primary/web.archive.org__web-20241219215403-https-home.treasury.gov-news-press-releases-jy2757__e58f48c10f.html"", ""url"": ""https://home.treasury.gov/news/press-releases/jy2757"", ""wayback"": ""https://web.archive.org/web/20241219215403/https://home.treasury.gov/news/press-releases/jy2757""}]",unadjudicated_risk_flag
ofac-recent-action-20240111,admitted,events/ofac-recent-action-20240111.yaml,0,offramp_cex,observed_no_change,no_fresh_cex_cascade_for_chatex_metadata_refresh,"[{""matching_fields"": [""url"", ""body_hash""], ""observation_source_index"": 0, ""trigger_source_index"": 0}]","[{""body_hash"": ""sha256:b70c56945d08e152f154f86af0c95865eda4d910978d653277c359b84d20e252"", ""body_path"": ""sources/http_captures/ofac-recent-action-20240111/primary/web.archive.org__web-20240111161039-https-ofac.treasury.gov-recent-actions-20240111__196cc1ca4d.html"", ""url"": ""https://ofac.treasury.gov/recent-actions/20240111"", ""wayback"": ""https://web.archive.org/web/20240111161039/https://ofac.treasury.gov/recent-actions/20240111""}]","[{""body_hash"": ""sha256:b70c56945d08e152f154f86af0c95865eda4d910978d653277c359b84d20e252"", ""body_path"": ""sources/http_captures/ofac-recent-action-20240111/primary/web.archive.org__web-20240111161039-https-ofac.treasury.gov-recent-actions-20240111__196cc1ca4d.html"", ""url"": ""https://ofac.treasury.gov/recent-actions/20240111"", ""wayback"": ""https://web.archive.org/web/20240111161039/https://ofac.treasury.gov/recent-actions/20240111""}]",unadjudicated_risk_flag
ofac-trickbot-conti-eleven-2023-09,admitted,events/ofac-trickbot-conti-eleven-2023-09.yaml,0,offramp_cex,observed_no_change,no_public_cex_cascade_documented_for_individual_trickbot_designees_in_14d_window,"[{""matching_fields"": [""url"", ""body_hash""], ""observation_source_index"": 0, ""trigger_source_index"": 0}, {""matching_fields"": [""url""], ""observation_source_index"": 1, ""trigger_source_index"": 4}]","[{""body_hash"": ""sha256:12dc6c434283c19acfc560c6883a486cd6fcca16e2121433f6ebf6bc49cc6994"", ""body_path"": ""sources/http_captures/ofac-trickbot-conti-eleven-2023-09/primary/web.archive.org__web-20230907134103-https-home.treasury.gov-news-press-releases-jy1714__e5c3eed7aa.html"", ""url"": ""https://home.treasury.gov/news/press-releases/jy1714"", ""wayback"": ""https://web.archive.org/web/20230907134103/https://home.treasury.gov/news/press-releases/jy1714""}, {""body_hash"": ""sha256:1adf2e8a22657565f11873aa9d3be06aac6e764f59f691e136ff8cb4ed6503a1"", ""body_path"": ""sources/http_captures/ofac-trickbot-conti-eleven-2023-09/primary/web.archive.org__web-20230907131120-https-ofac.treasury.gov-recent-actions-20230907__7c77224a99.html"", ""url"": ""https://ofac.treasury.gov/recent-actions/20230907"", ""wayback"": ""https://web.archive.org/web/20230907131120/https://ofac.treasury.gov/recent-actions/20230907""}, {""body_hash"": ""sha256:caa78dde4a9d3e7f4dce24c93436b21573d1a24a9952446c8da0775d661b5c73"", ""body_path"": ""sources/http_captures/ofac-trickbot-conti-eleven-2023-09/primary/web.archive.org__web-20230907180310-https-www.nationalcrimeagency.gov.uk-news-russian-ransomware-group-hit-with-new-sanctions__517cbff75c.html"", ""url"": ""https://www.nationalcrimeagency.gov.uk/news/russian-ransomware-group-hit-with-new-sanctions"", ""wayback"": ""https://web.archive.org/web/20230907180310/https://www.nationalcrimeagency.gov.uk/news/russian-ransomware-group-hit-with-new-sanctions""}, {""url"": ""https://www.justice.gov/opa/pr/us-and-uk-disrupt-trickbot-malware"", ""wayback"": ""https://web.archive.org/web/2023/https://www.justice.gov/opa/pr/us-and-uk-disrupt-trickbot-malware""}, {""url"": ""https://www.bleepingcomputer.com/news/security/us-and-uk-sanction-11-trickbot-and-conti-cybercrime-gang-members/"", ""wayback"": ""https://web.archive.org/web/2023/https://www.bleepingcomputer.com/news/security/us-and-uk-sanction-11-trickbot-and-conti-cybercrime-gang-members/""}]","[{""body_hash"": ""sha256:12dc6c434283c19acfc560c6883a486cd6fcca16e2121433f6ebf6bc49cc6994"", ""body_path"": ""sources/http_captures/ofac-trickbot-conti-eleven-2023-09/primary/web.archive.org__web-20230907134103-https-home.treasury.gov-news-press-releases-jy1714__e5c3eed7aa.html"", ""url"": ""https://home.treasury.gov/news/press-releases/jy1714"", ""wayback"": ""https://web.archive.org/web/20230907134103/https://home.treasury.gov/news/press-releases/jy1714""}, {""url"": ""https://www.bleepingcomputer.com/news/security/us-and-uk-sanction-11-trickbot-and-conti-cybercrime-gang-members/"", ""wayback"": ""https://web.archive.org/web/2023/https://www.bleepingcomputer.com/news/security/us-and-uk-sanction-11-trickbot-and-conti-cybercrime-gang-members/""}]",unadjudicated_risk_flag
ofac-zhdanova-russian-elite-launderer-2023-11,admitted,events/ofac-zhdanova-russian-elite-launderer-2023-11.yaml,0,offramp_cex,observed_no_change,no_public_cex_cascade_documented_for_individual_zhdanova_in_14d_window,"[{""matching_fields"": [""url"", ""body_hash""], ""observation_source_index"": 0, ""trigger_source_index"": 1}]","[{""body_hash"": ""sha256:e17401b8bdfc3e9a4914629a4e2f4a8ed349555fceea4fa342d72a17bc8b2864"", ""body_path"": ""sources/http_captures/ofac-zhdanova-russian-elite-launderer-2023-11/primary/web.archive.org__web-20231103212642-https-ofac.treasury.gov-recent-actions-20231103__c454ed49f5.html"", ""url"": ""https://ofac.treasury.gov/recent-actions/20231103"", ""wayback"": ""https://web.archive.org/web/20231103212642/https://ofac.treasury.gov/recent-actions/20231103""}, {""body_hash"": ""sha256:77087a5e9ea09380a384cbc818d6fe470ef6f22c78dec51557056929e9318469"", ""body_path"": ""sources/http_captures/ofac-zhdanova-russian-elite-launderer-2023-11/primary/web.archive.org__web-20231103173627-https-home.treasury.gov-news-press-releases-jy1874__6813045f32.html"", ""url"": ""https://home.treasury.gov/news/press-releases/jy1874"", ""wayback"": ""https://web.archive.org/web/20231103173627/https://home.treasury.gov/news/press-releases/jy1874""}, {""body_hash"": ""sha256:0a04f9797f9ef58319a2d4b12c570c2737fe56575c81a8c603a611f2429fc9b8"", ""body_path"": ""sources/http_captures/ofac-zhdanova-russian-elite-launderer-2023-11/primary/web.archive.org__web-20231104195138-https-www.chainalysis.com-blog-ofac-russia-crypto-money-laundering-sanctions-2023__83a0c390ae.html"", ""url"": ""https://www.chainalysis.com/blog/ofac-russia-crypto-money-laundering-sanctions-2023/"", ""wayback"": ""https://web.archive.org/web/20231104195138/https://www.chainalysis.com/blog/ofac-russia-crypto-money-laundering-sanctions-2023/""}, {""body_hash"": ""sha256:6ebff5c0c514d2e79519113a3b15eb7dd0928db5e101a9fbddc38f471447caf7"", ""body_path"": ""sources/http_captures/ofac-zhdanova-russian-elite-launderer-2023-11/primary/web.archive.org__web-20231211232112-https-www.elliptic.co-blog-ofac-sanctions-russian-national-for-facilitating-sanctions-evasion__10c3693ea4.html"", ""url"": ""https://www.elliptic.co/blog/ofac-sanctions-russian-national-for-facilitating-sanctions-evasion"", ""wayback"": ""https://web.archive.org/web/20231211232112/https://www.elliptic.co/blog/ofac-sanctions-russian-national-for-facilitating-sanctions-evasion""}]","[{""body_hash"": ""sha256:77087a5e9ea09380a384cbc818d6fe470ef6f22c78dec51557056929e9318469"", ""body_path"": ""sources/http_captures/ofac-zhdanova-russian-elite-launderer-2023-11/primary/web.archive.org__web-20231103173627-https-home.treasury.gov-news-press-releases-jy1874__6813045f32.html"", ""url"": ""https://home.treasury.gov/news/press-releases/jy1874"", ""wayback"": ""https://web.archive.org/web/20231103173627/https://home.treasury.gov/news/press-releases/jy1874""}]",unadjudicated_risk_flag
oko-design-bureau-russia-drone-ofac-2024-05,admitted,events/oko-design-bureau-russia-drone-ofac-2024-05.yaml,0,offramp_cex,observed_no_change,no_public_cex_cascade_documented_in_14d_window,"[{""matching_fields"": [""url"", ""body_hash""], ""observation_source_index"": 0, ""trigger_source_index"": 0}]","[{""body_hash"": ""sha256:d86b78737856f92eb040d3fa50142a4beb6f14e9224ff9dfdbc24d431beb4332"", ""body_path"": ""sources/http_captures/oko-design-bureau-russia-drone-ofac-2024-05/primary/web.archive.org__web-20240502000000-https-ofac.treasury.gov-recent-actions-20240501__211173fbf1.html"", ""url"": ""https://ofac.treasury.gov/recent-actions/20240501"", ""wayback"": ""https://web.archive.org/web/20240501233749/https://ofac.treasury.gov/recent-actions/20240501""}]","[{""body_hash"": ""sha256:d86b78737856f92eb040d3fa50142a4beb6f14e9224ff9dfdbc24d431beb4332"", ""body_path"": ""sources/http_captures/oko-design-bureau-russia-drone-ofac-2024-05/primary/web.archive.org__web-20240502000000-https-ofac.treasury.gov-recent-actions-20240501__211173fbf1.html"", ""url"": ""https://ofac.treasury.gov/recent-actions/20240501"", ""wayback"": ""https://web.archive.org/web/20240501233749/https://ofac.treasury.gov/recent-actions/20240501""}]",unadjudicated_risk_flag
pertsev-nl-arrest-2022,admitted,events/pertsev-nl-arrest-2022.yaml,0,offramp_cex,observed_no_change,no_public_cex_cascade_for_individual_developer_arrest,"[{""matching_fields"": [""url"", ""body_hash""], ""observation_source_index"": 0, ""trigger_source_index"": 0}]","[{""body_hash"": ""sha256:213fa9ac504b216e4522420e3a8308b9983d521acdb2d7342d147931c5f279cb"", ""body_path"": ""sources/http_captures/pertsev-nl-arrest-2022/primary/www.fiod.nl__arrest-of-suspected-developer-of-tornado-cash__85a8894c8d.html"", ""url"": ""https://www.fiod.nl/arrest-of-suspected-developer-of-tornado-cash/""}]","[{""body_hash"": ""sha256:213fa9ac504b216e4522420e3a8308b9983d521acdb2d7342d147931c5f279cb"", ""body_path"": ""sources/http_captures/pertsev-nl-arrest-2022/primary/www.fiod.nl__arrest-of-suspected-developer-of-tornado-cash__85a8894c8d.html"", ""url"": ""https://www.fiod.nl/arrest-of-suspected-developer-of-tornado-cash/""}]",unadjudicated_risk_flag
prince-group-chen-zhi-ofac-2025-10,admitted,events/prince-group-chen-zhi-ofac-2025-10.yaml,0,offramp_cex,observed_no_change,no_public_cex_cascade_documented_in_14d_window,"[{""matching_fields"": [""url"", ""body_hash""], ""observation_source_index"": 0, ""trigger_source_index"": 0}]","[{""body_hash"": ""sha256:642670e04c720ee94ca468ddd871aeae5858ee29fe6e2bb167ab6102892eb279"", ""body_path"": ""sources/http_captures/prince-group-chen-zhi-ofac-2025-10/primary/web.archive.org__web-20251016034109-https-home.treasury.gov-news-press-releases-sb0278__4d115ef988.html"", ""url"": ""https://home.treasury.gov/news/press-releases/sb0278"", ""wayback"": ""https://web.archive.org/web/20251016034109/https://home.treasury.gov/news/press-releases/sb0278""}]","[{""body_hash"": ""sha256:642670e04c720ee94ca468ddd871aeae5858ee29fe6e2bb167ab6102892eb279"", ""body_path"": ""sources/http_captures/prince-group-chen-zhi-ofac-2025-10/primary/web.archive.org__web-20251016034109-https-home.treasury.gov-news-press-releases-sb0278__4d115ef988.html"", ""url"": ""https://home.treasury.gov/news/press-releases/sb0278"", ""wayback"": ""https://web.archive.org/web/20251016034109/https://home.treasury.gov/news/press-releases/sb0278""}]",unadjudicated_risk_flag
russia-cbr-bitcoin-information-letter-2014,admitted,events/russia-cbr-bitcoin-information-letter-2014.yaml,0,offramp_cex,observed_no_change,cbr_aml_cft_advisory_dispersed_cascade,"[{""matching_fields"": [""url"", ""body_hash""], ""observation_source_index"": 0, ""trigger_source_index"": 0}, {""matching_fields"": [""url"", ""body_hash""], ""observation_source_index"": 1, ""trigger_source_index"": 1}]","[{""body_hash"": ""sha256:6852dfb3f49bb0b1422791e0f08a5d9a7968c2263d31bd28cc75e958d4e876d9"", ""body_path"": ""sources/http_captures/russia-cbr-bitcoin-information-letter-2014/primary/web.archive.org__web-20170724031011-http-www.cbr.ru-press-pr__f1d7be4e36.html"", ""url"": ""http://www.cbr.ru/press/pr/?file=27012014_1825052.htm"", ""wayback"": ""https://web.archive.org/web/20170724031011/http://www.cbr.ru/press/pr/?file=27012014_1825052.htm""}, {""body_hash"": ""sha256:b78c857b4fd427708b82a0f8f2e1c602b088361d0e2847b56a08b88d4f50f7ef"", ""body_path"": ""sources/http_captures/russia-cbr-bitcoin-information-letter-2014/primary/web.archive.org__web-20220808091552-https-www.loc.gov-item-global-legal-monitor-2014-02-06-russia-bitcoin-exchanges-can-be-penalized__cd849026c0.html"", ""url"": ""https://www.loc.gov/item/global-legal-monitor/2014-02-06/russia-bitcoin-exchanges-can-be-penalized/"", ""wayback"": ""https://web.archive.org/web/20220808091552/https://www.loc.gov/item/global-legal-monitor/2014-02-06/russia-bitcoin-exchanges-can-be-penalized/""}]","[{""body_hash"": ""sha256:6852dfb3f49bb0b1422791e0f08a5d9a7968c2263d31bd28cc75e958d4e876d9"", ""body_path"": ""sources/http_captures/russia-cbr-bitcoin-information-letter-2014/primary/web.archive.org__web-20170724031011-http-www.cbr.ru-press-pr__f1d7be4e36.html"", ""url"": ""http://www.cbr.ru/press/pr/?file=27012014_1825052.htm"", ""wayback"": ""https://web.archive.org/web/20170724031011/http://www.cbr.ru/press/pr/?file=27012014_1825052.htm""}, {""body_hash"": ""sha256:b78c857b4fd427708b82a0f8f2e1c602b088361d0e2847b56a08b88d4f50f7ef"", ""body_path"": ""sources/http_captures/russia-cbr-bitcoin-information-letter-2014/primary/web.archive.org__web-20220808091552-https-www.loc.gov-item-global-legal-monitor-2014-02-06-russia-bitcoin-exchanges-can-be-penalized__cd849026c0.html"", ""url"": ""https://www.loc.gov/item/global-legal-monitor/2014-02-06/russia-bitcoin-exchanges-can-be-penalized/"", ""wayback"": ""https://web.archive.org/web/20220808091552/https://www.loc.gov/item/global-legal-monitor/2014-02-06/russia-bitcoin-exchanges-can-be-penalized/""}]",unadjudicated_risk_flag
russia-cbr-crypto-payment-ban-2022,admitted,events/russia-cbr-crypto-payment-ban-2022.yaml,0,offramp_cex,observed_no_change,cbr_consultation_paper_proposed_but_not_enacted,"[{""matching_fields"": [""url"", ""body_hash""], ""observation_source_index"": 0, ""trigger_source_index"": 0}, {""matching_fields"": [""url"", ""body_hash""], ""observation_source_index"": 1, ""trigger_source_index"": 2}]","[{""body_hash"": ""sha256:7e96fa79328d46d820d9c72b7eb5a81113f5d3b8328b1da3808408f56a398b31"", ""body_path"": ""sources/http_captures/russia-cbr-crypto-payment-ban-2022/primary/web.archive.org__web-20220121022021-https-www.cbr.ru-eng-press-event__d0318360b2.html"", ""url"": ""https://www.cbr.ru/eng/press/event/?id=12627"", ""wayback"": ""https://web.archive.org/web/20220121022021/https://www.cbr.ru/eng/press/event/?id=12627""}, {""url"": ""https://www.aljazeera.com/economy/2022/1/20/russias-central-bank-proposes-ban-on-crypto-mining-and-trading"", ""wayback"": ""https://web.archive.org/web/2022/https://www.aljazeera.com/economy/2022/1/20/russias-central-bank-proposes-ban-on-crypto-mining-and-trading""}, {""body_hash"": ""sha256:d9efb21a618fea2641124ffe7a2b08cfdc98b11a21e52e233bdf033380dc8511"", ""body_path"": ""sources/http_captures/russia-cbr-crypto-payment-ban-2022/primary/web.archive.org__web-20220120125334-https-www.coindesk.com-policy-2022-01-20-bank-of-russia-calls-for-full-ban-on-crypto__ba6358ebd5.html"", ""url"": ""https://www.coindesk.com/policy/2022/01/20/bank-of-russia-calls-for-full-ban-on-crypto/"", ""wayback"": ""https://web.archive.org/web/20220120125334/https://www.coindesk.com/policy/2022/01/20/bank-of-russia-calls-for-full-ban-on-crypto/""}]","[{""body_hash"": ""sha256:7e96fa79328d46d820d9c72b7eb5a81113f5d3b8328b1da3808408f56a398b31"", ""body_path"": ""sources/http_captures/russia-cbr-crypto-payment-ban-2022/primary/web.archive.org__web-20220121022021-https-www.cbr.ru-eng-press-event__d0318360b2.html"", ""url"": ""https://www.cbr.ru/eng/press/event/?id=12627"", ""wayback"": ""https://web.archive.org/web/20220121022021/https://www.cbr.ru/eng/press/event/?id=12627""}, {""body_hash"": ""sha256:d9efb21a618fea2641124ffe7a2b08cfdc98b11a21e52e233bdf033380dc8511"", ""body_path"": ""sources/http_captures/russia-cbr-crypto-payment-ban-2022/primary/web.archive.org__web-20220120125334-https-www.coindesk.com-policy-2022-01-20-bank-of-russia-calls-for-full-ban-on-crypto__ba6358ebd5.html"", ""url"": ""https://www.coindesk.com/policy/2022/01/20/bank-of-russia-calls-for-full-ban-on-crypto/"", ""wayback"": ""https://web.archive.org/web/20220120125334/https://www.coindesk.com/policy/2022/01/20/bank-of-russia-calls-for-full-ban-on-crypto/""}]",unadjudicated_risk_flag
russia-dfa-law-2020,admitted,events/russia-dfa-law-2020.yaml,0,offramp_cex,observed_no_change,dfa_law_259_fz_payment_ban_enacted_no_per_event_cascade,"[{""matching_fields"": [""url"", ""body_hash""], ""observation_source_index"": 0, ""trigger_source_index"": 2}, {""matching_fields"": [""url"", ""body_hash""], ""observation_source_index"": 1, ""trigger_source_index"": 3}]","[{""body_hash"": ""sha256:d96837dc2d2264ce364420d6a405f9fa150962a77a6a55fb23cffae8ea799661"", ""body_path"": ""sources/http_captures/russia-dfa-law-2020/official-genproc/epp.genproc.gov.ru__ru-proc_69-activity-combating-corruption-zakon-federal-e1274142__c0c6e222ea.html"", ""url"": ""https://epp.genproc.gov.ru/ru/proc_69/activity/combating-corruption/zakon/federal/e1274142/""}, {""body_hash"": ""sha256:e8d3e525b371e6f4fc66a6407ccbc81f67cb9448294b5104fb6a350c2d66c873"", ""body_path"": ""sources/http_captures/russia-dfa-law-2020/official-genproc/epp.genproc.gov.ru__upload-iblock-ecc-0lcdna46y4x18br587z1b0xps44tl0xt.pdf__19be3772f2.bin"", ""url"": ""https://epp.genproc.gov.ru/upload/iblock/ecc/0lcdna46y4x18br587z1b0xps44tl0xt.pdf""}, {""body_hash"": ""sha256:2847c0f365eaa143a82c41587b75f315230dedf331f56abe3d3aac1c1ea6ae91"", ""body_path"": ""sources/http_captures/russia-dfa-law-2020/primary/web.archive.org__web-20210920180643-https-www.loc.gov-item-global-legal-monitor-2021-01-11-russian-federation-new-bill-defines-cryptocurrency-proposes-tax-regulations__642ebaba84.html"", ""url"": ""https://www.loc.gov/item/global-legal-monitor/2021-01-11/russian-federation-new-bill-defines-cryptocurrency-proposes-tax-regulations/"", ""wayback"": ""https://web.archive.org/web/20210920180643/https://www.loc.gov/item/global-legal-monitor/2021-01-11/russian-federation-new-bill-defines-cryptocurrency-proposes-tax-regulations/""}, {""body_hash"": ""sha256:a533401ce7050a6fd60e799310ca69b893f242294196421b9141e392e3998dbc"", ""body_path"": ""sources/http_captures/russia-dfa-law-2020/primary/web.archive.org__web-20200805224916-https-www.crowdfundinsider.com-2020-08-164885-russia-federal-law-addresses-digital-assets-differentiates-between-digital-securities__0cc9abda05.html"", ""url"": ""https://www.crowdfundinsider.com/2020/08/164885-russia-federal-law-addresses-digital-assets-differentiates-between-digital-securities-and-digital-currencies/"", ""wayback"": ""https://web.archive.org/web/20200805224916/https://www.crowdfundinsider.com/2020/08/164885-russia-federal-law-addresses-digital-assets-differentiates-between-digital-securities-and-digital-currencies/""}, {""url"": ""https://eurasiangroup.org/en/a-law-on-digital-financial-assets-and-digital-currency-has-been-signed-in-the-russian-federation"", ""wayback"": ""https://web.archive.org/web/2020/https://eurasiangroup.org/en/a-law-on-digital-financial-assets-and-digital-currency-has-been-signed-in-the-russian-federation""}]","[{""body_hash"": ""sha256:2847c0f365eaa143a82c41587b75f315230dedf331f56abe3d3aac1c1ea6ae91"", ""body_path"": ""sources/http_captures/russia-dfa-law-2020/primary/web.archive.org__web-20210920180643-https-www.loc.gov-item-global-legal-monitor-2021-01-11-russian-federation-new-bill-defines-cryptocurrency-proposes-tax-regulations__642ebaba84.html"", ""url"": ""https://www.loc.gov/item/global-legal-monitor/2021-01-11/russian-federation-new-bill-defines-cryptocurrency-proposes-tax-regulations/"", ""wayback"": ""https://web.archive.org/web/20210920180643/https://www.loc.gov/item/global-legal-monitor/2021-01-11/russian-federation-new-bill-defines-cryptocurrency-proposes-tax-regulations/""}, {""body_hash"": ""sha256:a533401ce7050a6fd60e799310ca69b893f242294196421b9141e392e3998dbc"", ""body_path"": ""sources/http_captures/russia-dfa-law-2020/primary/web.archive.org__web-20200805224916-https-www.crowdfundinsider.com-2020-08-164885-russia-federal-law-addresses-digital-assets-differentiates-between-digital-securities__0cc9abda05.html"", ""url"": ""https://www.crowdfundinsider.com/2020/08/164885-russia-federal-law-addresses-digital-assets-differentiates-between-digital-securities-and-digital-currencies/"", ""wayback"": ""https://web.archive.org/web/20200805224916/https://www.crowdfundinsider.com/2020/08/164885-russia-federal-law-addresses-digital-assets-differentiates-between-digital-securities-and-digital-currencies/""}]",unadjudicated_risk_flag
russia-mining-legalization-law-2024-08,admitted,events/russia-mining-legalization-law-2024-08.yaml,0,l1_consensus,observed_no_change,russia_federal_law_221_fz_legalizes_industrial_mining_under_registration_regime,"[{""matching_fields"": [""url"", ""body_hash""], ""observation_source_index"": 0, ""trigger_source_index"": 1}, {""matching_fields"": [""url"", ""body_hash""], ""observation_source_index"": 1, ""trigger_source_index"": 2}]","[{""body_hash"": ""sha256:eeb722722e0e026c72b32ddeee00dcd1741b5746dab2945f551b6d6167f3228d"", ""body_path"": ""sources/http_captures/russia-mining-legalization-law-2024-08/official-fedsfm/www.fedsfm.ru__releases-7971__861a608ea0.html"", ""url"": ""https://www.fedsfm.ru/releases/7971""}, {""body_hash"": ""sha256:86e1df49cc1a8f46eb4ae6af5fa30153edd8834806cb237971da4c00aca7a4ab"", ""body_path"": ""sources/http_captures/russia-mining-legalization-law-2024-08/primary/web.archive.org__web-20240808183801-https-tass.com-economy-1826725__265b736651.html"", ""url"": ""https://tass.com/economy/1826725"", ""wayback"": ""https://web.archive.org/web/20240808183801/https://tass.com/economy/1826725""}, {""body_hash"": ""sha256:5baf01f176986fa9e9f1006fc0353e58c5623ce7a786bdeb7693e999e96a536c"", ""body_path"": ""sources/http_captures/russia-mining-legalization-law-2024-08/primary/web.archive.org__web-20240808145931-https-bitcoinmagazine.com-business-putin-signs-law-legalizing-cryptocurrency-mining-in-russia__f9146cd7b5.html"", ""url"": ""https://bitcoinmagazine.com/business/putin-signs-law-legalizing-cryptocurrency-mining-in-russia"", ""wayback"": ""https://web.archive.org/web/20240808145931/https://bitcoinmagazine.com/business/putin-signs-law-legalizing-cryptocurrency-mining-in-russia""}, {""url"": ""https://interfax.com/newsroom/top-stories/104968/"", ""wayback"": ""https://web.archive.org/web/2024/https://interfax.com/newsroom/top-stories/104968/""}]","[{""body_hash"": ""sha256:86e1df49cc1a8f46eb4ae6af5fa30153edd8834806cb237971da4c00aca7a4ab"", ""body_path"": ""sources/http_captures/russia-mining-legalization-law-2024-08/primary/web.archive.org__web-20240808183801-https-tass.com-economy-1826725__265b736651.html"", ""url"": ""https://tass.com/economy/1826725"", ""wayback"": ""https://web.archive.org/web/20240808183801/https://tass.com/economy/1826725""}, {""body_hash"": ""sha256:5baf01f176986fa9e9f1006fc0353e58c5623ce7a786bdeb7693e999e96a536c"", ""body_path"": ""sources/http_captures/russia-mining-legalization-law-2024-08/primary/web.archive.org__web-20240808145931-https-bitcoinmagazine.com-business-putin-signs-law-legalizing-cryptocurrency-mining-in-russia__f9146cd7b5.html"", ""url"": ""https://bitcoinmagazine.com/business/putin-signs-law-legalizing-cryptocurrency-mining-in-russia"", ""wayback"": ""https://web.archive.org/web/20240808145931/https://bitcoinmagazine.com/business/putin-signs-law-legalizing-cryptocurrency-mining-in-russia""}]",unadjudicated_risk_flag
russia-rosfinmonitoring-binance-russia-rails-2022,admitted,events/russia-rosfinmonitoring-binance-russia-rails-2022.yaml,0,offramp_cex,observed_no_change,rosfinmonitoring_binance_ruble_rails_no_specific_2022_enforcement_identified,"[{""matching_fields"": [""url""], ""observation_source_index"": 0, ""trigger_source_index"": 0}, {""matching_fields"": [""url""], ""observation_source_index"": 1, ""trigger_source_index"": 1}, {""matching_fields"": [""url"", ""body_hash""], ""observation_source_index"": 2, ""trigger_source_index"": 2}]","[{""url"": ""https://www.reuters.com/investigates/special-report/finance-crypto-binance-russia/"", ""wayback"": ""https://web.archive.org/web/2022/https://www.reuters.com/investigates/special-report/finance-crypto-binance-russia/""}, {""url"": ""https://www.coindesk.com/business/2022/04/22/binance-denies-allegations-it-shared-russian-users-data-with-law-enforcement/"", ""wayback"": ""https://web.archive.org/web/2022/https://www.coindesk.com/business/2022/04/22/binance-denies-allegations-it-shared-russian-users-data-with-law-enforcement/""}, {""body_hash"": ""sha256:fc433e064fc72f12d97869e1832f7e597cb2d30fe4df44515317c2f8e7205276"", ""body_path"": ""sources/http_captures/russia-rosfinmonitoring-binance-russia-rails-2022/v0_3_primary_repair/web.archive.org__web-20220425000000-https-www.binance.com-en-blog-leadership-binance--russia-openness-transparency-and-honesty-421499824684903741__623eb4ba82.html"", ""url"": ""https://www.binance.com/en/blog/leadership/binance--russia-openness-transparency-and-honesty-421499824684903741"", ""wayback"": ""https://web.archive.org/web/20220425013842/https://www.binance.com/en/blog/leadership/binance--russia-openness-transparency-and-honesty-421499824684903741""}]","[{""url"": ""https://www.reuters.com/investigates/special-report/finance-crypto-binance-russia/"", ""wayback"": ""https://web.archive.org/web/2022/https://www.reuters.com/investigates/special-report/finance-crypto-binance-russia/""}, {""body_hash"": ""sha256:5d8ee1a73f2b8a6a733d89520fa03a35e9940692f446ee3fa89ca6ccc9cd821e"", ""body_path"": ""sources/http_captures/russia-rosfinmonitoring-binance-russia-rails-2022/primary/web.archive.org__web-20220422201638-https-www.coindesk.com-business-2022-04-22-binance-denies-allegations-it-shared-russian-users-data-with-law-enforcement__077747abc5.html"", ""url"": ""https://www.coindesk.com/business/2022/04/22/binance-denies-allegations-it-shared-russian-users-data-with-law-enforcement/"", ""wayback"": ""https://web.archive.org/web/20220422201638/https://www.coindesk.com/business/2022/04/22/binance-denies-allegations-it-shared-russian-users-data-with-law-enforcement/""}, {""body_hash"": ""sha256:fc433e064fc72f12d97869e1832f7e597cb2d30fe4df44515317c2f8e7205276"", ""body_path"": ""sources/http_captures/russia-rosfinmonitoring-binance-russia-rails-2022/v0_3_primary_repair/web.archive.org__web-20220425000000-https-www.binance.com-en-blog-leadership-binance--russia-openness-transparency-and-honesty-421499824684903741__623eb4ba82.html"", ""url"": ""https://www.binance.com/en/blog/leadership/binance--russia-openness-transparency-and-honesty-421499824684903741"", ""wayback"": ""https://web.archive.org/web/20220425013842/https://www.binance.com/en/blog/leadership/binance--russia-openness-transparency-and-honesty-421499824684903741""}]",unadjudicated_risk_flag
russian-cybercrime-infra-ofac-2025,admitted,events/russian-cybercrime-infra-ofac-2025.yaml,0,offramp_cex,observed_no_change,no_public_cex_cascade_documented_in_14d_window,"[{""matching_fields"": [""url"", ""body_hash""], ""observation_source_index"": 0, ""trigger_source_index"": 0}]","[{""body_hash"": ""sha256:46e63807771652434207876bb2ff300d532b707b8b26197c50570a3146372b46"", ""body_path"": ""sources/http_captures/russian-cybercrime-infra-ofac-2025/ofac-recent-actions/ofac.treasury.gov__recent-actions-20251119__70ef558d9d.html"", ""url"": ""https://ofac.treasury.gov/recent-actions/20251119"", ""wayback"": ""https://web.archive.org/web/20260421145405/https://ofac.treasury.gov/recent-actions/20251119""}, {""url"": ""https://home.treasury.gov/news/press-releases/sb0314""}]","[{""body_hash"": ""sha256:46e63807771652434207876bb2ff300d532b707b8b26197c50570a3146372b46"", ""body_path"": ""sources/http_captures/russian-cybercrime-infra-ofac-2025/ofac-recent-actions/ofac.treasury.gov__recent-actions-20251119__70ef558d9d.html"", ""url"": ""https://ofac.treasury.gov/recent-actions/20251119""}]",unadjudicated_risk_flag
salame-ftx-campaign-finance-doj-2023,admitted,events/salame-ftx-campaign-finance-doj-2023.yaml,0,offramp_cex,observed_no_change,no_incremental_offramp_change_from_downstream_salame_guilty_plea,"[{""matching_fields"": [""url""], ""observation_source_index"": 0, ""trigger_source_index"": 0}]","[{""url"": ""https://www.justice.gov/usao-sdny/pr/statement-us-attorney-damian-williams-guilty-plea-ryan-salame-former-ceo-ftx"", ""wayback"": ""https://web.archive.org/web/2023/https://www.justice.gov/usao-sdny/pr/statement-us-attorney-damian-williams-guilty-plea-ryan-salame-former-ceo-ftx""}, {""url"": ""https://content.govdelivery.com/attachments/USDOJUSAO/2023/09/07/file_attachments/2607934/U.S.%20v.%20Salame%20Information.pdf"", ""wayback"": ""https://web.archive.org/web/2023/https://content.govdelivery.com/attachments/USDOJUSAO/2023/09/07/file_attachments/2607934/U.S.%20v.%20Salame%20Information.pdf""}]","[{""body_hash"": ""sha256:2cf716cef8f7b2649cc8cc7e4ae1c882619214b11a88a55dd067ec6e710862c0"", ""body_path"": ""sources/http_captures/salame-ftx-campaign-finance-doj-2023/v0_3_primary_repair/www.justice.gov__usao-sdny-pr-statement-us-attorney-damian-williams-guilty-plea-ryan-salame-former-ceo-ftx__a4f6faa1da.html"", ""url"": ""https://www.justice.gov/usao-sdny/pr/statement-us-attorney-damian-williams-guilty-plea-ryan-salame-former-ceo-ftx""}]",unadjudicated_risk_flag
saudi-standing-committee-virtual-currency-warning-2018-08,rejected,events/saudi-standing-committee-virtual-currency-warning-2018-08.yaml,0,offramp_cex,observed_no_change,saudi_exchange_side_cutoff_observation_gap_after_committee_warning,"[{""matching_fields"": [""url"", ""body_hash""], ""observation_source_index"": 0, ""trigger_source_index"": 0}, {""matching_fields"": [""url"", ""body_hash""], ""observation_source_index"": 1, ""trigger_source_index"": 1}]","[{""body_hash"": ""sha256:6b399338705800fb0e9e6df4a5ad617b446b13cb200c43a6381379aba3ecb549"", ""body_path"": ""sources/http_captures/saudi-standing-committee-virtual-currency-warning-2018-08/primary/www.sama.gov.sa__ar-sa-MediaCenter-News-Pages-news12082018.aspx__manual.html"", ""url"": ""https://www.sama.gov.sa/ar-sa/MediaCenter/News/Pages/news12082018.aspx""}, {""body_hash"": ""sha256:a6b93e20bcbbf585342b403295dc752282974fa6fa251196bdd272cdf11f6f3f"", ""body_path"": ""sources/http_captures/saudi-standing-committee-virtual-currency-warning-2018-08/supporting/www.arabnews.com__node-1355246-amp__4d758fa528.html"", ""url"": ""https://www.arabnews.com/node/1355246/amp""}]","[{""body_hash"": ""sha256:6b399338705800fb0e9e6df4a5ad617b446b13cb200c43a6381379aba3ecb549"", ""body_path"": ""sources/http_captures/saudi-standing-committee-virtual-currency-warning-2018-08/primary/www.sama.gov.sa__ar-sa-MediaCenter-News-Pages-news12082018.aspx__manual.html"", ""url"": ""https://www.sama.gov.sa/ar-sa/MediaCenter/News/Pages/news12082018.aspx""}, {""body_hash"": ""sha256:a6b93e20bcbbf585342b403295dc752282974fa6fa251196bdd272cdf11f6f3f"", ""body_path"": ""sources/http_captures/saudi-standing-committee-virtual-currency-warning-2018-08/supporting/www.arabnews.com__node-1355246-amp__4d758fa528.html"", ""url"": ""https://www.arabnews.com/node/1355246/amp""}]",unadjudicated_risk_flag
sec-v-coinbase-staking-wells-2023,rejected,events/sec-v-coinbase-staking-wells-2023.yaml,0,offramp_cex,observed_no_change,rejection_wells_notice_is_pre_enforcement_signal_not_enforcement_event,"[{""matching_fields"": [""url""], ""observation_source_index"": 0, ""trigger_source_index"": 0}, {""matching_fields"": [""url""], ""observation_source_index"": 1, ""trigger_source_index"": 1}]","[{""url"": ""https://www.sec.gov/Archives/edgar/data/1679788/000167978823000051/coin-20230322.htm"", ""wayback"": ""https://web.archive.org/web/20260517000000/https://www.sec.gov/Archives/edgar/data/1679788/000167978823000051/coin-20230322.htm""}, {""url"": ""https://www.coindesk.com/policy/2023/03/22/sec-warns-coinbase-its-pursuing-enforcement-action-over-securities-violations"", ""wayback"": ""https://web.archive.org/web/20260517000000/https://www.coindesk.com/policy/2023/03/22/sec-warns-coinbase-its-pursuing-enforcement-action-over-securities-violations""}, {""url"": ""https://decrypt.co/124262/sec-wells-notice-coinbase-enforcement-over-staking-products"", ""wayback"": ""https://web.archive.org/web/20260517000000/https://decrypt.co/124262/sec-wells-notice-coinbase-enforcement-over-staking-products""}]","[{""body_hash"": ""sha256:d074478b80efc3d516408d2110472df1d2264ff2fabc2add66c2c3e0592ef222"", ""body_path"": ""sources/http_captures/sec-v-coinbase-staking-wells-2023/primary/web.archive.org__web-20230322224201-https-www.sec.gov-Archives-edgar-data-1679788-000167978823000051-coin-20230322.htm__eca9854faf.html"", ""url"": ""https://www.sec.gov/Archives/edgar/data/1679788/000167978823000051/coin-20230322.htm"", ""wayback"": ""https://web.archive.org/web/20230322224201/https://www.sec.gov/Archives/edgar/data/1679788/000167978823000051/coin-20230322.htm""}, {""body_hash"": ""sha256:1f84b876577572ccb409624a16634e7958c0020dfe2b5da2492dadd2f50aff73"", ""body_path"": ""sources/http_captures/sec-v-coinbase-staking-wells-2023/primary/web.archive.org__web-20230322225316-https-www.coindesk.com-policy-2023-03-22-sec-warns-coinbase-its-pursuing-enforcement-action-over-securities-violations__f2f7a301f3.html"", ""url"": ""https://www.coindesk.com/policy/2023/03/22/sec-warns-coinbase-its-pursuing-enforcement-action-over-securities-violations"", ""wayback"": ""https://web.archive.org/web/20230322225316/https://www.coindesk.com/policy/2023/03/22/sec-warns-coinbase-its-pursuing-enforcement-action-over-securities-violations""}]",unadjudicated_risk_flag
sec-v-uniswap-wells-notice-2024,rejected,events/sec-v-uniswap-wells-notice-2024.yaml,0,l4_frontend,observed_no_change,uniswap_frontend_remained_operational_through_wells_notice_period,"[{""matching_fields"": [""url"", ""body_hash""], ""observation_source_index"": 0, ""trigger_source_index"": 0}, {""matching_fields"": [""url"", ""body_hash""], ""observation_source_index"": 1, ""trigger_source_index"": 1}]","[{""body_hash"": ""sha256:19c7774af50f60cb0acf14edd8a3784ca199301e257bd6e3fd436c2960913638"", ""body_path"": ""sources/http_captures/sec-v-uniswap-wells-notice-2024/primary/blog.uniswap.org__fighting-for-defi__2b28cd4e31.html"", ""url"": ""https://blog.uniswap.org/fighting-for-defi""}, {""body_hash"": ""sha256:0723d2cb0d308353d4a0584a49bedf28fe6c0ebe9179d2b758c5651fabb2374a"", ""body_path"": ""sources/http_captures/sec-v-uniswap-wells-notice-2024/primary/www.sec.gov__newsroom-press-releases__17015ee9c7.html"", ""url"": ""https://www.sec.gov/newsroom/press-releases""}]","[{""body_hash"": ""sha256:19c7774af50f60cb0acf14edd8a3784ca199301e257bd6e3fd436c2960913638"", ""body_path"": ""sources/http_captures/sec-v-uniswap-wells-notice-2024/primary/blog.uniswap.org__fighting-for-defi__2b28cd4e31.html"", ""url"": ""https://blog.uniswap.org/fighting-for-defi""}, {""body_hash"": ""sha256:0723d2cb0d308353d4a0584a49bedf28fe6c0ebe9179d2b758c5651fabb2374a"", ""body_path"": ""sources/http_captures/sec-v-uniswap-wells-notice-2024/primary/www.sec.gov__newsroom-press-releases__17015ee9c7.html"", ""url"": ""https://www.sec.gov/newsroom/press-releases""}]",unadjudicated_risk_flag
sichuan-silence-ofac-2024,admitted,events/sichuan-silence-ofac-2024.yaml,0,offramp_cex,observed_no_change,no_public_cex_cascade_documented_in_14d_window,"[{""matching_fields"": [""url"", ""body_hash""], ""observation_source_index"": 0, ""trigger_source_index"": 0}]","[{""body_hash"": ""sha256:959ccd0526adb6bd66d8d75daedf3b1701ee7f818f8f6220ef3d7f427bcc1437"", ""body_path"": ""sources/http_captures/sichuan-silence-ofac-2024/ofac-recent-actions/ofac.treasury.gov__recent-actions-20241210__856b917cb9.html"", ""url"": ""https://ofac.treasury.gov/recent-actions/20241210"", ""wayback"": ""https://web.archive.org/web/20260421150212/https://ofac.treasury.gov/recent-actions/20241210""}, {""url"": ""https://home.treasury.gov/news/press-releases/jy2731""}]","[{""body_hash"": ""sha256:959ccd0526adb6bd66d8d75daedf3b1701ee7f818f8f6220ef3d7f427bcc1437"", ""body_path"": ""sources/http_captures/sichuan-silence-ofac-2024/ofac-recent-actions/ofac.treasury.gov__recent-actions-20241210__856b917cb9.html"", ""url"": ""https://ofac.treasury.gov/recent-actions/20241210""}]",unadjudicated_risk_flag
sinaloa-cartel-eth-addresses-fentanyl-2026,admitted,events/sinaloa-cartel-eth-addresses-fentanyl-2026.yaml,0,offramp_cex,observed_no_change,no_public_cex_cascade_documented_in_14d_window,"[{""matching_fields"": [""url"", ""body_hash""], ""observation_source_index"": 0, ""trigger_source_index"": 1}]","[{""url"": ""https://home.treasury.gov/news/press-releases/sb0503""}, {""body_hash"": ""sha256:8456cbe000486fc421a2d00f1c171224e70df3afa894159fc7285a8ec9caac68"", ""body_path"": ""sources/http_captures/sinaloa-cartel-eth-addresses-fentanyl-2026/secondary/www.trmlabs.com__resources-blog-ofac-sanctions-sinaloa-cartel-network-including-six-ethereum-addresses__0979a17909.html"", ""url"": ""https://www.trmlabs.com/resources/blog/ofac-sanctions-sinaloa-cartel-network-including-six-ethereum-addresses""}]","[{""body_hash"": ""sha256:8456cbe000486fc421a2d00f1c171224e70df3afa894159fc7285a8ec9caac68"", ""body_path"": ""sources/http_captures/sinaloa-cartel-eth-addresses-fentanyl-2026/secondary/www.trmlabs.com__resources-blog-ofac-sanctions-sinaloa-cartel-network-including-six-ethereum-addresses__0979a17909.html"", ""url"": ""https://www.trmlabs.com/resources/blog/ofac-sanctions-sinaloa-cartel-network-including-six-ethereum-addresses""}]",unadjudicated_risk_flag
south-africa-fsca-crypto-financial-product-2022,admitted,events/south-africa-fsca-crypto-financial-product-2022.yaml,0,offramp_cex,observed_no_change,fsca_crypto_financial_product_declaration_no_observed_casp_change_yet,"[{""matching_fields"": [""url"", ""body_hash""], ""observation_source_index"": 0, ""trigger_source_index"": 0}, {""matching_fields"": [""url""], ""observation_source_index"": 1, ""trigger_source_index"": 1}]","[{""body_hash"": ""sha256:0f579222fa6be388b44e5da80e9db25d9e0355ad30fd0413220acaa9a5bb4a16"", ""body_path"": ""sources/http_captures/south-africa-fsca-crypto-financial-product-2022/primary/web.archive.org__web-20221020111559id_-https-www.fsca.co.za-News-20Documents-FSCA-20Press-20Release_Declaration-20of-20Crypto-20Assets-20As-20A-20Financial-20Product_20__5f7f2aad27.bin"", ""url"": ""https://www.fsca.co.za/News%20Documents/FSCA%20Press%20Release_Declaration%20of%20Crypto%20Assets%20As%20A%20Financial%20Product_20%20October%202022.pdf"", ""wayback"": ""https://web.archive.org/web/20221020111559id_/https://www.fsca.co.za/News%20Documents/FSCA%20Press%20Release_Declaration%20of%20Crypto%20Assets%20As%20A%20Financial%20Product_20%20October%202022.pdf""}, {""body_hash"": ""sha256:94f1ed48eca9ff3f8965ce073354af5c45d109adbe830b19f6693266e884bdac"", ""body_path"": ""sources/http_captures/south-africa-fsca-crypto-financial-product-2022/primary/web.archive.org__web-20221020162123-https-www.cliffedekkerhofmeyr.com-en-news-publications-2022-Practice-Finance-finance-and-banking-alert-20-october-2022-fsca-declares__2d5d94e2e1.html"", ""url"": ""https://www.cliffedekkerhofmeyr.com/en/news/publications/2022/Practice/Finance/finance-and-banking-alert-20-october-2022-fsca-declares-crypto-assets-as-a-financial-product-.html"", ""wayback"": ""https://web.archive.org/web/20221020162123/https://www.cliffedekkerhofmeyr.com/en/news/publications/2022/Practice/Finance/finance-and-banking-alert-20-october-2022-fsca-declares-crypto-assets-as-a-financial-product-.html""}]","[{""body_hash"": ""sha256:0f579222fa6be388b44e5da80e9db25d9e0355ad30fd0413220acaa9a5bb4a16"", ""body_path"": ""sources/http_captures/south-africa-fsca-crypto-financial-product-2022/primary/web.archive.org__web-20221020111559id_-https-www.fsca.co.za-News-20Documents-FSCA-20Press-20Release_Declaration-20of-20Crypto-20Assets-20As-20A-20Financial-20Product_20__5f7f2aad27.bin"", ""url"": ""https://www.fsca.co.za/News%20Documents/FSCA%20Press%20Release_Declaration%20of%20Crypto%20Assets%20As%20A%20Financial%20Product_20%20October%202022.pdf"", ""wayback"": ""https://web.archive.org/web/20221020111559id_/https://www.fsca.co.za/News%20Documents/FSCA%20Press%20Release_Declaration%20of%20Crypto%20Assets%20As%20A%20Financial%20Product_20%20October%202022.pdf""}, {""url"": ""https://www.cliffedekkerhofmeyr.com/en/news/publications/2022/Practice/Finance/finance-and-banking-alert-20-october-2022-fsca-declares-crypto-assets-as-a-financial-product-.html"", ""wayback"": ""https://web.archive.org/web/20221020162123/https://www.cliffedekkerhofmeyr.com/en/news/publications/2022/Practice/Finance/finance-and-banking-alert-20-october-2022-fsca-declares-crypto-assets-as-a-financial-product-.html""}]",unadjudicated_risk_flag
storm-semenov-doj-2023,admitted,events/storm-semenov-doj-2023.yaml,0,offramp_cex,observed_no_change,no_public_cex_cascade_for_doj_indictment_2023,"[{""matching_fields"": [""url"", ""body_hash""], ""observation_source_index"": 0, ""trigger_source_index"": 0}]","[{""body_hash"": ""sha256:21a46072ff95909fa240c324573502f77ce5d60044a6b0f120fdd7a8bf2b8de2"", ""body_path"": ""sources/http_captures/storm-semenov-doj-2023/wayback_doj_press_snapshot/web.archive.org__web-20230823170656-https-www.justice.gov-usao-sdny-pr-tornado-cash-founders-charged-money-laundering-and-sanctions-violations__7a19009784.html"", ""url"": ""https://www.justice.gov/usao-sdny/pr/tornado-cash-founders-charged-money-laundering-and-sanctions-violations"", ""wayback"": ""https://web.archive.org/web/20230823170656/https://www.justice.gov/usao-sdny/pr/tornado-cash-founders-charged-money-laundering-and-sanctions-violations""}]","[{""body_hash"": ""sha256:21a46072ff95909fa240c324573502f77ce5d60044a6b0f120fdd7a8bf2b8de2"", ""body_path"": ""sources/http_captures/storm-semenov-doj-2023/wayback_doj_press_snapshot/web.archive.org__web-20230823170656-https-www.justice.gov-usao-sdny-pr-tornado-cash-founders-charged-money-laundering-and-sanctions-violations__7a19009784.html"", ""url"": ""https://www.justice.gov/usao-sdny/pr/tornado-cash-founders-charged-money-laundering-and-sanctions-violations"", ""wayback"": ""https://web.archive.org/web/20230823170656/https://www.justice.gov/usao-sdny/pr/tornado-cash-founders-charged-money-laundering-and-sanctions-violations""}]",unadjudicated_risk_flag
switzerland-finma-tezos-zg-2018,admitted,events/switzerland-finma-tezos-zg-2018.yaml,0,offramp_cex,observed_no_change,tripartite_payment_utility_asset_token_taxonomy_established_swiss_predicate_guidance,"[{""matching_fields"": [""url"", ""body_hash""], ""observation_source_index"": 0, ""trigger_source_index"": 0}]","[{""body_hash"": ""sha256:51986c8c7aaa21bd2e1dfd744dc5300bb1768a124bdb4f7b7881cead0ebbc7d6"", ""body_path"": ""sources/http_captures/switzerland-finma-tezos-zg-2018/primary/web.archive.org__web-20180216152357-https-www.finma.ch-en-news-2018-02-20180216-mm-ico-wegleitung__e8aeea4358.html"", ""url"": ""https://www.finma.ch/en/news/2018/02/20180216-mm-ico-wegleitung/"", ""wayback"": ""https://web.archive.org/web/20180216152357/https://www.finma.ch/en/news/2018/02/20180216-mm-ico-wegleitung/""}, {""url"": ""https://www.reuters.com/article/us-swiss-finma-ico-idUSKCN1G01YE"", ""wayback"": ""https://web.archive.org/web/2018/https://www.reuters.com/article/us-swiss-finma-ico-idUSKCN1G01YE""}]","[{""body_hash"": ""sha256:51986c8c7aaa21bd2e1dfd744dc5300bb1768a124bdb4f7b7881cead0ebbc7d6"", ""body_path"": ""sources/http_captures/switzerland-finma-tezos-zg-2018/primary/web.archive.org__web-20180216152357-https-www.finma.ch-en-news-2018-02-20180216-mm-ico-wegleitung__e8aeea4358.html"", ""url"": ""https://www.finma.ch/en/news/2018/02/20180216-mm-ico-wegleitung/"", ""wayback"": ""https://web.archive.org/web/20180216152357/https://www.finma.ch/en/news/2018/02/20180216-mm-ico-wegleitung/""}]",unadjudicated_risk_flag
taiwan-fsc-aml-vasp-regime-2021-2024,admitted,events/taiwan-fsc-aml-vasp-regime-2021-2024.yaml,0,offramp_cex,observed_no_change,vasp_mandatory_registration_regime_enacted_no_admission_grade_cascade_observed,"[{""matching_fields"": [""url"", ""body_hash""], ""observation_source_index"": 0, ""trigger_source_index"": 0}]","[{""body_hash"": ""sha256:656925a31719529c22ffeeed1d66a1baf078e2a2a5b3d256e26761ce84687882"", ""body_path"": ""sources/http_captures/taiwan-fsc-aml-vasp-regime-2021-2024/primary/web.archive.org__web-20241201000000-https-www.loc.gov-item-global-legal-monitor-2024-11-17-taiwan-money-laundering-control-act-revised__3a376f6636.html"", ""url"": ""https://www.loc.gov/item/global-legal-monitor/2024-11-17/taiwan-money-laundering-control-act-revised/"", ""wayback"": ""https://web.archive.org/web/20241127044221/https://www.loc.gov/item/global-legal-monitor/2024-11-17/taiwan-money-laundering-control-act-revised/""}]","[{""body_hash"": ""sha256:656925a31719529c22ffeeed1d66a1baf078e2a2a5b3d256e26761ce84687882"", ""body_path"": ""sources/http_captures/taiwan-fsc-aml-vasp-regime-2021-2024/primary/web.archive.org__web-20241201000000-https-www.loc.gov-item-global-legal-monitor-2024-11-17-taiwan-money-laundering-control-act-revised__3a376f6636.html"", ""url"": ""https://www.loc.gov/item/global-legal-monitor/2024-11-17/taiwan-money-laundering-control-act-revised/"", ""wayback"": ""https://web.archive.org/web/20241127044221/https://www.loc.gov/item/global-legal-monitor/2024-11-17/taiwan-money-laundering-control-act-revised/""}]",unadjudicated_risk_flag
task-force-rusich-ofac-2022-09,admitted,events/task-force-rusich-ofac-2022-09.yaml,0,offramp_cex,observed_no_change,no_public_cex_cascade_documented_in_14d_window,"[{""matching_fields"": [""url"", ""body_hash""], ""observation_source_index"": 0, ""trigger_source_index"": 1}, {""matching_fields"": [""url"", ""body_hash""], ""observation_source_index"": 1, ""trigger_source_index"": 0}]","[{""body_hash"": ""sha256:1407d5948d7d5d982888f38a953d00eab01e7766bed8a6c6e47df509bb1a01e1"", ""body_path"": ""sources/http_captures/task-force-rusich-ofac-2022-09/primary/web.archive.org__web-20220916012425-https-home.treasury.gov-news-press-releases-jy0954__080bb3a4c1.html"", ""url"": ""https://home.treasury.gov/news/press-releases/jy0954"", ""wayback"": ""https://web.archive.org/web/20220916012425/https://home.treasury.gov/news/press-releases/jy0954""}, {""body_hash"": ""sha256:22ad2861c1adbcf4036a3d5951e4af949dabff8040bfa3d07ce1db0faebf3f34"", ""body_path"": ""sources/http_captures/task-force-rusich-ofac-2022-09/primary/ofac.treasury.gov__recent-actions-20220915__943c5c2580.html"", ""url"": ""https://ofac.treasury.gov/recent-actions/20220915""}]","[{""body_hash"": ""sha256:22ad2861c1adbcf4036a3d5951e4af949dabff8040bfa3d07ce1db0faebf3f34"", ""body_path"": ""sources/http_captures/task-force-rusich-ofac-2022-09/primary/ofac.treasury.gov__recent-actions-20220915__943c5c2580.html"", ""url"": ""https://ofac.treasury.gov/recent-actions/20220915""}, {""body_hash"": ""sha256:1407d5948d7d5d982888f38a953d00eab01e7766bed8a6c6e47df509bb1a01e1"", ""body_path"": ""sources/http_captures/task-force-rusich-ofac-2022-09/primary/web.archive.org__web-20220916012425-https-home.treasury.gov-news-press-releases-jy0954__080bb3a4c1.html"", ""url"": ""https://home.treasury.gov/news/press-releases/jy0954"", ""wayback"": ""https://web.archive.org/web/20220916012425/https://home.treasury.gov/news/press-releases/jy0954""}]",unadjudicated_risk_flag
tengyue-chemical-fentanyl-ofac-2025-09,admitted,events/tengyue-chemical-fentanyl-ofac-2025-09.yaml,0,offramp_cex,observed_no_change,no_public_cex_cascade_documented_in_14d_window,"[{""matching_fields"": [""url"", ""body_hash""], ""observation_source_index"": 0, ""trigger_source_index"": 0}]","[{""body_hash"": ""sha256:b4a273bb22051aab7f78752e0405a3b03e28421dd3b9efe0d20b7c1699abc486"", ""body_path"": ""sources/http_captures/tengyue-chemical-fentanyl-ofac-2025-09/primary/web.archive.org__web-20250904044418-https-home.treasury.gov-news-press-releases-sb0235__79c9bfd038.html"", ""url"": ""https://home.treasury.gov/news/press-releases/sb0235"", ""wayback"": ""https://web.archive.org/web/20250904044418/https://home.treasury.gov/news/press-releases/sb0235""}]","[{""body_hash"": ""sha256:b4a273bb22051aab7f78752e0405a3b03e28421dd3b9efe0d20b7c1699abc486"", ""body_path"": ""sources/http_captures/tengyue-chemical-fentanyl-ofac-2025-09/primary/web.archive.org__web-20250904044418-https-home.treasury.gov-news-press-releases-sb0235__79c9bfd038.html"", ""url"": ""https://home.treasury.gov/news/press-releases/sb0235"", ""wayback"": ""https://web.archive.org/web/20250904044418/https://home.treasury.gov/news/press-releases/sb0235""}]",unadjudicated_risk_flag
tether-tron-philippines-pdea-freeze-2024,admitted,events/tether-tron-philippines-pdea-freeze-2024.yaml,0,offramp_cex,observed_no_change,no_documented_tether_pdea_directed_usdt_trc20_freeze,"[{""matching_fields"": [""url"", ""body_hash""], ""observation_source_index"": 0, ""trigger_source_index"": 0}, {""matching_fields"": [""url""], ""observation_source_index"": 1, ""trigger_source_index"": 0}]","[{""body_hash"": ""sha256:c4c66b42427128eb7827ea27b2e6ac6c024d29bfc8430ea7e35bbf729dbf76d9"", ""body_path"": ""sources/http_captures/tether-tron-philippines-pdea-freeze-2024/primary/web.archive.org__web-20250217174116-https-newsbytes.ph-2025-01-29-cicc-pdea-say-crypto-now-being-used-in-local-drug-trade__c952bb35a1.html"", ""url"": ""https://newsbytes.ph/2025/01/29/cicc-pdea-say-crypto-now-being-used-in-local-drug-trade/"", ""wayback"": ""https://web.archive.org/web/20250217174116/https://newsbytes.ph/2025/01/29/cicc-pdea-say-crypto-now-being-used-in-local-drug-trade/""}, {""url"": ""https://www.pna.gov.ph/articles/1242821""}]","[{""body_hash"": ""sha256:c4c66b42427128eb7827ea27b2e6ac6c024d29bfc8430ea7e35bbf729dbf76d9"", ""body_path"": ""sources/http_captures/tether-tron-philippines-pdea-freeze-2024/primary/web.archive.org__web-20250217174116-https-newsbytes.ph-2025-01-29-cicc-pdea-say-crypto-now-being-used-in-local-drug-trade__c952bb35a1.html"", ""url"": ""https://newsbytes.ph/2025/01/29/cicc-pdea-say-crypto-now-being-used-in-local-drug-trade/"", ""wayback"": ""https://web.archive.org/web/20250217174116/https://newsbytes.ph/2025/01/29/cicc-pdea-say-crypto-now-being-used-in-local-drug-trade/""}, {""body_hash"": ""sha256:b755f2f03ded7670e09c50e14fafc926a7c399381c10a949c2d4c5c7e33583de"", ""body_path"": ""sources/http_captures/tether-tron-philippines-pdea-freeze-2024/primary/web.archive.org__web-20250129102610-https-newsbytes.ph-2025-01-29-cicc-pdea-say-crypto-now-being-used-in-local-drug-trade__748e1a8d36.html"", ""url"": ""https://newsbytes.ph/2025/01/29/cicc-pdea-say-crypto-now-being-used-in-local-drug-trade/"", ""wayback"": ""https://web.archive.org/web/20250129102610/https://newsbytes.ph/2025/01/29/cicc-pdea-say-crypto-now-being-used-in-local-drug-trade/""}]",unadjudicated_risk_flag
tornado-cash-pertsev-doj-indictment-2023,admitted,events/tornado-cash-pertsev-doj-indictment-2023.yaml,0,offramp_cex,observed_no_change,no_public_cex_cascade_for_pertsev_cc1_designation_2023,"[{""matching_fields"": [""url"", ""body_hash""], ""observation_source_index"": 0, ""trigger_source_index"": 0}]","[{""body_hash"": ""sha256:d12edb384523f297c646c1abf52dd65657e3f29aaa52c8ef89ee4fb3792d0801"", ""body_path"": ""sources/http_captures/tornado-cash-pertsev-doj-indictment-2023/primary/web.archive.org__web-20230823170656-https-www.justice.gov-usao-sdny-pr-tornado-cash-founders-charged-money-laundering-and-sanctions-violations__7a19009784.html"", ""url"": ""https://www.justice.gov/usao-sdny/pr/tornado-cash-founders-charged-money-laundering-and-sanctions-violations"", ""wayback"": ""https://web.archive.org/web/20230823170656/https://www.justice.gov/usao-sdny/pr/tornado-cash-founders-charged-money-laundering-and-sanctions-violations""}, {""body_hash"": ""sha256:67cd0c9c41248796c76591d1a775a0420d5c96e1b482156ff37de1c90288e859"", ""body_path"": ""sources/http_captures/tornado-cash-pertsev-doj-indictment-2023/primary/web.archive.org__web-20230830223925-https-www.lawfaremedia.org-article-tornado-hit-by-the-department-of-justice__349a790dca.html"", ""url"": ""https://www.lawfaremedia.org/article/tornado-hit-by-the-department-of-justice"", ""wayback"": ""https://web.archive.org/web/20230830223925/https://www.lawfaremedia.org/article/tornado-hit-by-the-department-of-justice""}]","[{""body_hash"": ""sha256:d12edb384523f297c646c1abf52dd65657e3f29aaa52c8ef89ee4fb3792d0801"", ""body_path"": ""sources/http_captures/tornado-cash-pertsev-doj-indictment-2023/primary/web.archive.org__web-20230823170656-https-www.justice.gov-usao-sdny-pr-tornado-cash-founders-charged-money-laundering-and-sanctions-violations__7a19009784.html"", ""url"": ""https://www.justice.gov/usao-sdny/pr/tornado-cash-founders-charged-money-laundering-and-sanctions-violations"", ""wayback"": ""https://web.archive.org/web/20230823170656/https://www.justice.gov/usao-sdny/pr/tornado-cash-founders-charged-money-laundering-and-sanctions-violations""}]",unadjudicated_risk_flag
trustwallet-sanctioned-token-ui-update-2022,admitted,events/trustwallet-sanctioned-token-ui-update-2022.yaml,0,l4_frontend,observed_no_change,no_documented_trustwallet_ui_warning_on_ofac_sanctioned_tokens_2022,"[{""matching_fields"": [""url"", ""body_hash""], ""observation_source_index"": 0, ""trigger_source_index"": 0}]","[{""body_hash"": ""sha256:a6ef7187edf50e4cd5270b866293f01ef215f5283abdefb54472ad832858292d"", ""body_path"": ""sources/http_captures/trustwallet-sanctioned-token-ui-update-2022/v0_3_primary_repair/trustwallet.com__blog-cryptocurrency-tornado-cash-explained__4e36ebe5e5.html"", ""url"": ""https://trustwallet.com/blog/cryptocurrency/tornado-cash-explained"", ""wayback"": ""https://web.archive.org/web/2022/https://trustwallet.com/blog/cryptocurrency/tornado-cash-explained""}]","[{""body_hash"": ""sha256:a6ef7187edf50e4cd5270b866293f01ef215f5283abdefb54472ad832858292d"", ""body_path"": ""sources/http_captures/trustwallet-sanctioned-token-ui-update-2022/v0_3_primary_repair/trustwallet.com__blog-cryptocurrency-tornado-cash-explained__4e36ebe5e5.html"", ""url"": ""https://trustwallet.com/blog/cryptocurrency/tornado-cash-explained"", ""wayback"": ""https://web.archive.org/web/2022/https://trustwallet.com/blog/cryptocurrency/tornado-cash-explained""}]",unadjudicated_risk_flag
turkey-cmb-casp-licensing-law-7518-2024,admitted,events/turkey-cmb-casp-licensing-law-7518-2024.yaml,0,offramp_cex,observed_no_change,tr_casp_licensing_regime_established,"[{""matching_fields"": [""url"", ""body_hash""], ""observation_source_index"": 0, ""trigger_source_index"": 0}, {""matching_fields"": [""url"", ""body_hash""], ""observation_source_index"": 0, ""trigger_source_index"": 1}]","[{""body_hash"": ""sha256:ed04b5a959c6af7fb7458f3765dfb21be44bcaad4e35e845ff3dfb073d52ea0f"", ""body_path"": ""sources/http_captures/turkey-cmb-casp-licensing-law-7518-2024/v0_3_repair/www.resmigazete.gov.tr__eskiler-2024-07-20240702.htm__f1bf1bc7cb.html"", ""url"": ""https://www.resmigazete.gov.tr/eskiler/2024/07/20240702.htm""}, {""body_hash"": ""sha256:ed04b5a959c6af7fb7458f3765dfb21be44bcaad4e35e845ff3dfb073d52ea0f"", ""body_path"": ""sources/http_captures/turkey-cmb-casp-licensing-law-7518-2024/v0_3_repair/www.resmigazete.gov.tr__eskiler-2024-07-20240702.htm__f1bf1bc7cb.html"", ""url"": ""https://www.resmigazete.gov.tr/eskiler/2024/07/20240702.htm""}, {""body_hash"": ""sha256:cf94f2abf3db27c710990cd7145c74f2969bb2af85c417b674a952fa179e1367"", ""body_path"": ""sources/http_captures/turkey-cmb-casp-licensing-law-7518-2024/v0_3_repair/kesikli.com__news-insight-2024-07-26-turkiyes-new-crypto-law-transforming-the-turkish-crypto-market__9cb1a126ad.html"", ""url"": ""https://kesikli.com/news-insight/2024-07-26-turkiyes-new-crypto-law-transforming-the-turkish-crypto-market/""}]","[{""body_hash"": ""sha256:ed04b5a959c6af7fb7458f3765dfb21be44bcaad4e35e845ff3dfb073d52ea0f"", ""body_path"": ""sources/http_captures/turkey-cmb-casp-licensing-law-7518-2024/v0_3_repair/www.resmigazete.gov.tr__eskiler-2024-07-20240702.htm__f1bf1bc7cb.html"", ""url"": ""https://www.resmigazete.gov.tr/eskiler/2024/07/20240702.htm""}]",unadjudicated_risk_flag
uae-sca-crypto-asset-activities-regulation-decision-23-2020,admitted,events/uae-sca-crypto-asset-activities-regulation-decision-23-2020.yaml,0,offramp_cex,observed_no_change,sca_federal_crypto_licensing_framework_issued_no_immediate_cascade,"[{""matching_fields"": [""url"", ""body_hash""], ""observation_source_index"": 0, ""trigger_source_index"": 1}, {""matching_fields"": [""url"", ""body_hash""], ""observation_source_index"": 1, ""trigger_source_index"": 2}]","[{""body_hash"": ""sha256:db87fe2badf8917a14ee4714cf94bec50f25e345f1009b24fff4780750785d46"", ""body_path"": ""sources/http_captures/uae-sca-crypto-asset-activities-regulation-decision-23-2020/official-sca/www.sca.gov.ae__en-media-center-news-7-2-2021-sca-2020-report.aspx__d6705dc0a1.html"", ""url"": ""https://www.sca.gov.ae/en/media-center/news/7/2/2021/sca-2020-report.aspx""}, {""body_hash"": ""sha256:7419b8504a3f78de213106fd0ba6e889ac0cbee0d8f15ac2c3f47bd5b1462b41"", ""body_path"": ""sources/http_captures/uae-sca-crypto-asset-activities-regulation-decision-23-2020/primary/web.archive.org__web-20260129211800-https-www.charlesrussellspeechlys.com-en-insights-expert-insights-dispute-resolution-2024-in-depth-virtual-currency-regulation-uae__04e52f3b3a.html"", ""url"": ""https://www.charlesrussellspeechlys.com/en/insights/expert-insights/dispute-resolution/2024/in-depth-virtual-currency-regulation-uae/"", ""wayback"": ""https://web.archive.org/web/20260129211800/https://www.charlesrussellspeechlys.com/en/insights/expert-insights/dispute-resolution/2024/in-depth-virtual-currency-regulation-uae/""}, {""body_hash"": ""sha256:8b4b05df66b27ed54f9c2145e8cff0f1e2dafe8575eb2a3e97482f70fa80bc4a"", ""body_path"": ""sources/http_captures/uae-sca-crypto-asset-activities-regulation-decision-23-2020/primary/web.archive.org__web-20241014062220-https-galadarilaw.com-news-crypto-asset-regulation-in-the-united-arab-emirates__6391afc9b6.html"", ""url"": ""https://galadarilaw.com/news/crypto-asset-regulation-in-the-united-arab-emirates/"", ""wayback"": ""https://web.archive.org/web/20241014062220/https://galadarilaw.com/news/crypto-asset-regulation-in-the-united-arab-emirates/""}]","[{""body_hash"": ""sha256:7419b8504a3f78de213106fd0ba6e889ac0cbee0d8f15ac2c3f47bd5b1462b41"", ""body_path"": ""sources/http_captures/uae-sca-crypto-asset-activities-regulation-decision-23-2020/primary/web.archive.org__web-20260129211800-https-www.charlesrussellspeechlys.com-en-insights-expert-insights-dispute-resolution-2024-in-depth-virtual-currency-regulation-uae__04e52f3b3a.html"", ""url"": ""https://www.charlesrussellspeechlys.com/en/insights/expert-insights/dispute-resolution/2024/in-depth-virtual-currency-regulation-uae/"", ""wayback"": ""https://web.archive.org/web/20260129211800/https://www.charlesrussellspeechlys.com/en/insights/expert-insights/dispute-resolution/2024/in-depth-virtual-currency-regulation-uae/""}, {""body_hash"": ""sha256:8b4b05df66b27ed54f9c2145e8cff0f1e2dafe8575eb2a3e97482f70fa80bc4a"", ""body_path"": ""sources/http_captures/uae-sca-crypto-asset-activities-regulation-decision-23-2020/primary/web.archive.org__web-20241014062220-https-galadarilaw.com-news-crypto-asset-regulation-in-the-united-arab-emirates__6391afc9b6.html"", ""url"": ""https://galadarilaw.com/news/crypto-asset-regulation-in-the-united-arab-emirates/"", ""wayback"": ""https://web.archive.org/web/20241014062220/https://galadarilaw.com/news/crypto-asset-regulation-in-the-united-arab-emirates/""}]",unadjudicated_risk_flag
uae-vara-licence-issuance-regime-2023,admitted,events/uae-vara-licence-issuance-regime-2023.yaml,0,offramp_cex,observed_no_change,vara_fmp_licence_framework_issued_no_immediate_cascade,"[{""matching_fields"": [""url"", ""body_hash""], ""observation_source_index"": 0, ""trigger_source_index"": 0}, {""matching_fields"": [""url"", ""body_hash""], ""observation_source_index"": 1, ""trigger_source_index"": 2}]","[{""body_hash"": ""sha256:0d7208ad6bc4503f22c25e7e10f251867cdbd6b3083d91c90d239bab2b95eb14"", ""body_path"": ""sources/http_captures/uae-vara-licence-issuance-regime-2023/primary/web.archive.org__web-20241112221038-https-www.vara.ae-en-news-dubais-vara-issues-specialised-regulations-for-virtual-assets__12cccba163.html"", ""url"": ""https://www.vara.ae/en/news/dubais-vara-issues-specialised-regulations-for-virtual-assets/"", ""wayback"": ""https://web.archive.org/web/20241112221038/https://www.vara.ae/en/news/dubais-vara-issues-specialised-regulations-for-virtual-assets/""}, {""url"": ""https://mediaoffice.ae/en/news/2023/February/07-02/Virtual-Assets-Regulatory-Authority"", ""wayback"": ""https://web.archive.org/web/2023/https://mediaoffice.ae/en/news/2023/February/07-02/Virtual-Assets-Regulatory-Authority""}, {""body_hash"": ""sha256:bb363be83e3e7721b7371fb7a12cab401a8dbdc18d6985116bc2a2c4a63c0ffa"", ""body_path"": ""sources/http_captures/uae-vara-licence-issuance-regime-2023/primary/web.archive.org__web-20230219172956-https-cms-lawnow.com-en-ealerts-2023-02-vara-issues-regulations-for-dubai-virtual-assets-regime__d63164512c.html"", ""url"": ""https://cms-lawnow.com/en/ealerts/2023/02/vara-issues-regulations-for-dubai-virtual-assets-regime"", ""wayback"": ""https://web.archive.org/web/20230219172956/https://cms-lawnow.com/en/ealerts/2023/02/vara-issues-regulations-for-dubai-virtual-assets-regime""}, {""url"": ""https://www.clydeco.com/en/insights/2023/02/dubai-vara-issues-regulations-virtual-asset-regime"", ""wayback"": ""https://web.archive.org/web/2023/https://www.clydeco.com/en/insights/2023/02/dubai-vara-issues-regulations-virtual-asset-regime""}]","[{""body_hash"": ""sha256:0d7208ad6bc4503f22c25e7e10f251867cdbd6b3083d91c90d239bab2b95eb14"", ""body_path"": ""sources/http_captures/uae-vara-licence-issuance-regime-2023/primary/web.archive.org__web-20241112221038-https-www.vara.ae-en-news-dubais-vara-issues-specialised-regulations-for-virtual-assets__12cccba163.html"", ""url"": ""https://www.vara.ae/en/news/dubais-vara-issues-specialised-regulations-for-virtual-assets/"", ""wayback"": ""https://web.archive.org/web/20241112221038/https://www.vara.ae/en/news/dubais-vara-issues-specialised-regulations-for-virtual-assets/""}, {""body_hash"": ""sha256:bb363be83e3e7721b7371fb7a12cab401a8dbdc18d6985116bc2a2c4a63c0ffa"", ""body_path"": ""sources/http_captures/uae-vara-licence-issuance-regime-2023/primary/web.archive.org__web-20230219172956-https-cms-lawnow.com-en-ealerts-2023-02-vara-issues-regulations-for-dubai-virtual-assets-regime__d63164512c.html"", ""url"": ""https://cms-lawnow.com/en/ealerts/2023/02/vara-issues-regulations-for-dubai-virtual-assets-regime"", ""wayback"": ""https://web.archive.org/web/20230219172956/https://cms-lawnow.com/en/ealerts/2023/02/vara-issues-regulations-for-dubai-virtual-assets-regime""}]",unadjudicated_risk_flag
uk-hmrc-bitcoin-vat-brief-09-14-2014,admitted,events/uk-hmrc-bitcoin-vat-brief-09-14-2014.yaml,0,offramp_cex,observed_no_change,no_measured_exchange_side_cutoff_of_uk_residents_post_hmrc_brief_09_14,"[{""matching_fields"": [""url"", ""body_hash""], ""observation_source_index"": 0, ""trigger_source_index"": 0}, {""matching_fields"": [""url""], ""observation_source_index"": 1, ""trigger_source_index"": 1}]","[{""body_hash"": ""sha256:10b1c7cd21bbd80ace15a00ff6ba9917c933293966020a973300d0973422244f"", ""body_path"": ""sources/http_captures/uk-hmrc-bitcoin-vat-brief-09-14-2014/primary/web.archive.org__web-20150213042659-https-www.gov.uk-government-publications-revenue-and-customs-brief-9-2014-bitcoin-and-other-cryptocurrencies-revenue-and-customs-bri__c23be9b633.html"", ""url"": ""https://www.gov.uk/government/publications/revenue-and-customs-brief-9-2014-bitcoin-and-other-cryptocurrencies/revenue-and-customs-brief-9-2014-bitcoin-and-other-cryptocurrencies"", ""wayback"": ""https://web.archive.org/web/20150213042659/https://www.gov.uk/government/publications/revenue-and-customs-brief-9-2014-bitcoin-and-other-cryptocurrencies/revenue-and-customs-brief-9-2014-bitcoin-and-other-cryptocurrencies""}, {""url"": ""https://www.taxjournal.com/articles/hmrc-issues-guidance-bitcoin-06032014"", ""wayback"": ""https://web.archive.org/web/2014/https://www.taxjournal.com/articles/hmrc-issues-guidance-bitcoin-06032014""}, {""url"": ""https://bitcoinmagazine.com/business/hmrc-bitcoin-1394563237"", ""wayback"": ""https://web.archive.org/web/2014/https://bitcoinmagazine.com/business/hmrc-bitcoin-1394563237""}]","[{""body_hash"": ""sha256:10b1c7cd21bbd80ace15a00ff6ba9917c933293966020a973300d0973422244f"", ""body_path"": ""sources/http_captures/uk-hmrc-bitcoin-vat-brief-09-14-2014/primary/web.archive.org__web-20150213042659-https-www.gov.uk-government-publications-revenue-and-customs-brief-9-2014-bitcoin-and-other-cryptocurrencies-revenue-and-customs-bri__c23be9b633.html"", ""url"": ""https://www.gov.uk/government/publications/revenue-and-customs-brief-9-2014-bitcoin-and-other-cryptocurrencies/revenue-and-customs-brief-9-2014-bitcoin-and-other-cryptocurrencies"", ""wayback"": ""https://web.archive.org/web/20150213042659/https://www.gov.uk/government/publications/revenue-and-customs-brief-9-2014-bitcoin-and-other-cryptocurrencies/revenue-and-customs-brief-9-2014-bitcoin-and-other-cryptocurrencies""}, {""url"": ""https://www.taxjournal.com/articles/hmrc-issues-guidance-bitcoin-06032014"", ""wayback"": ""https://web.archive.org/web/2014/https://www.taxjournal.com/articles/hmrc-issues-guidance-bitcoin-06032014""}]",unadjudicated_risk_flag
ukraine-virtual-assets-law-2022-03,admitted,events/ukraine-virtual-assets-law-2022-03.yaml,1,offramp_cex,observed_no_change,ua_vasp_licensing_cascade_not_yet_measurable_at_issuance,"[{""matching_fields"": [""url"", ""body_hash""], ""observation_source_index"": 0, ""trigger_source_index"": 1}, {""matching_fields"": [""url"", ""body_hash""], ""observation_source_index"": 1, ""trigger_source_index"": 2}, {""matching_fields"": [""url""], ""observation_source_index"": 2, ""trigger_source_index"": 0}]","[{""url"": ""https://www.president.gov.ua/news/prezident-pidpisav-zakon-pro-virtualni-aktivi-73575"", ""wayback"": ""https://web.archive.org/web/2022/https://www.president.gov.ua/news/prezident-pidpisav-zakon-pro-virtualni-aktivi-73575""}, {""body_hash"": ""sha256:664c1193796b533f6632b84305c97d464c220273da1f6a69323c07c7cc6d1585"", ""body_path"": ""sources/http_captures/ukraine-virtual-assets-law-2022-03/primary/web.archive.org__web-20220316162154-https-www.coindesk.com-policy-2022-03-16-ukraines-zelensky-signs-virtual-assets-bill-into-law-legalizing-crypto__3dbc77c05f.html"", ""url"": ""https://www.coindesk.com/policy/2022/03/16/ukraines-zelensky-signs-virtual-assets-bill-into-law-legalizing-crypto"", ""wayback"": ""https://web.archive.org/web/20220316162154/https://www.coindesk.com/policy/2022/03/16/ukraines-zelensky-signs-virtual-assets-bill-into-law-legalizing-crypto""}, {""body_hash"": ""sha256:67b1b820012c975c0f168ec6c888295520264f7d4fe9b1f97247cc2c8c0169b8"", ""body_path"": ""sources/http_captures/ukraine-virtual-assets-law-2022-03/primary/web.archive.org__web-20220325085252-https-www.elliptic.co-blog-crypto-regulatory-affairs-ukrainian-president-signs-virtual-currency-bill-into-law__23f7c97c35.html"", ""url"": ""https://www.elliptic.co/blog/crypto-regulatory-affairs-ukrainian-president-signs-virtual-currency-bill-into-law"", ""wayback"": ""https://web.archive.org/web/20220325085252/https://www.elliptic.co/blog/crypto-regulatory-affairs-ukrainian-president-signs-virtual-currency-bill-into-law""}]","[{""body_hash"": ""sha256:664c1193796b533f6632b84305c97d464c220273da1f6a69323c07c7cc6d1585"", ""body_path"": ""sources/http_captures/ukraine-virtual-assets-law-2022-03/primary/web.archive.org__web-20220316162154-https-www.coindesk.com-policy-2022-03-16-ukraines-zelensky-signs-virtual-assets-bill-into-law-legalizing-crypto__3dbc77c05f.html"", ""url"": ""https://www.coindesk.com/policy/2022/03/16/ukraines-zelensky-signs-virtual-assets-bill-into-law-legalizing-crypto"", ""wayback"": ""https://web.archive.org/web/20220316162154/https://www.coindesk.com/policy/2022/03/16/ukraines-zelensky-signs-virtual-assets-bill-into-law-legalizing-crypto""}, {""body_hash"": ""sha256:67b1b820012c975c0f168ec6c888295520264f7d4fe9b1f97247cc2c8c0169b8"", ""body_path"": ""sources/http_captures/ukraine-virtual-assets-law-2022-03/primary/web.archive.org__web-20220325085252-https-www.elliptic.co-blog-crypto-regulatory-affairs-ukrainian-president-signs-virtual-currency-bill-into-law__23f7c97c35.html"", ""url"": ""https://www.elliptic.co/blog/crypto-regulatory-affairs-ukrainian-president-signs-virtual-currency-bill-into-law"", ""wayback"": ""https://web.archive.org/web/20220325085252/https://www.elliptic.co/blog/crypto-regulatory-affairs-ukrainian-president-signs-virtual-currency-bill-into-law""}, {""url"": ""https://www.president.gov.ua/news/prezident-pidpisav-zakon-pro-virtualni-aktivi-73575"", ""wayback"": ""https://web.archive.org/web/2022/https://www.president.gov.ua/news/prezident-pidpisav-zakon-pro-virtualni-aktivi-73575""}]",unadjudicated_risk_flag
unsc-resolution-2371-dprk-crypto-2017,admitted,events/unsc-resolution-2371-dprk-crypto-2017.yaml,0,offramp_cex,observed_no_change,unsc_2371_dprk_sanctions_adoption_2017,"[{""matching_fields"": [""url"", ""body_hash""], ""observation_source_index"": 0, ""trigger_source_index"": 1}]","[{""url"": ""https://main.un.org/securitycouncil/en/s/res/2371-(2017)"", ""wayback"": ""https://web.archive.org/web/2017/https://main.un.org/securitycouncil/en/s/res/2371-(2017)""}, {""body_hash"": ""sha256:7f70b59ebc0d092dc661a7dbcb88868eceb9d5485e8fb7ef7b6f6d5fedf52b2d"", ""body_path"": ""sources/http_captures/unsc-resolution-2371-dprk-crypto-2017/primary/web.archive.org__web-20170811165745-https-www.un.org-press-en-2017-sc12945.doc.htm__dac9628ca4.html"", ""url"": ""https://www.un.org/press/en/2017/sc12945.doc.htm"", ""wayback"": ""https://web.archive.org/web/20170811165745/https://www.un.org/press/en/2017/sc12945.doc.htm""}, {""body_hash"": ""sha256:bd055f3a303db593e5df9bdd6c9465674dcf715aaa497d9780fb373999ae64e8"", ""body_path"": ""sources/http_captures/unsc-resolution-2371-dprk-crypto-2017/primary/web.archive.org__web-20240810065619-https-www.armscontrol.org-factsheets-un-security-council-resolutions-north-korea__e7136327a9.html"", ""url"": ""https://www.armscontrol.org/factsheets/un-security-council-resolutions-north-korea"", ""wayback"": ""https://web.archive.org/web/20240810065619/https://www.armscontrol.org/factsheets/un-security-council-resolutions-north-korea""}]","[{""body_hash"": ""sha256:7f70b59ebc0d092dc661a7dbcb88868eceb9d5485e8fb7ef7b6f6d5fedf52b2d"", ""body_path"": ""sources/http_captures/unsc-resolution-2371-dprk-crypto-2017/primary/web.archive.org__web-20170811165745-https-www.un.org-press-en-2017-sc12945.doc.htm__dac9628ca4.html"", ""url"": ""https://www.un.org/press/en/2017/sc12945.doc.htm"", ""wayback"": ""https://web.archive.org/web/20170811165745/https://www.un.org/press/en/2017/sc12945.doc.htm""}]",unadjudicated_risk_flag
uzbekistan-napp-vasp-licensing-2022-07,admitted,events/uzbekistan-napp-vasp-licensing-2022-07.yaml,0,offramp_cex,observed_no_change,vasp_licensing_framework_promulgated_no_admission_grade_cascade_observed,"[{""matching_fields"": [""url"", ""body_hash""], ""observation_source_index"": 0, ""trigger_source_index"": 0}]","[{""body_hash"": ""sha256:d6ded0214e6373a3164f2d5a40f589f95c91e5b1a130b4aee8002a16f305a386"", ""body_path"": ""sources/http_captures/uzbekistan-napp-vasp-licensing-2022-07/primary/web.archive.org__web-20230320220554-https-napp.uz-en-pages-service-providers__dbe062377c.html"", ""url"": ""https://napp.uz/en/pages/service-providers"", ""wayback"": ""https://web.archive.org/web/20230320220554/https://napp.uz/en/pages/service-providers""}, {""body_hash"": ""sha256:2936b2f7bb05390290b750e8aab384574d3a9b0d1028f72ed1d8eaec5d0439be"", ""body_path"": ""sources/http_captures/uzbekistan-napp-vasp-licensing-2022-07/primary/web.archive.org__web-20231129050624-https-manimama.eu-license-for-virtual-assets-service-providers-in-uzbekistan-prospects-for-crypto-business__62dcb5e029.html"", ""url"": ""https://manimama.eu/license-for-virtual-assets-service-providers-in-uzbekistan-prospects-for-crypto-business/"", ""wayback"": ""https://web.archive.org/web/20231129050624/https://manimama.eu/license-for-virtual-assets-service-providers-in-uzbekistan-prospects-for-crypto-business/""}, {""url"": ""https://www.lexology.com/library/detail.aspx?g=91e869a9-e800-455a-aa60-52d50e3d6c87"", ""wayback"": ""https://web.archive.org/web/2022/https://www.lexology.com/library/detail.aspx?g=91e869a9-e800-455a-aa60-52d50e3d6c87""}]","[{""body_hash"": ""sha256:d6ded0214e6373a3164f2d5a40f589f95c91e5b1a130b4aee8002a16f305a386"", ""body_path"": ""sources/http_captures/uzbekistan-napp-vasp-licensing-2022-07/primary/web.archive.org__web-20230320220554-https-napp.uz-en-pages-service-providers__dbe062377c.html"", ""url"": ""https://napp.uz/en/pages/service-providers"", ""wayback"": ""https://web.archive.org/web/20230320220554/https://napp.uz/en/pages/service-providers""}]",unadjudicated_risk_flag
vietnam-sbv-bitcoin-prohibition-statement-2014-02,rejected,events/vietnam-sbv-bitcoin-prohibition-statement-2014-02.yaml,0,offramp_cex,observed_no_change,no_measured_exchange_or_bank_cutoff_after_sbv_2014_statement,"[{""matching_fields"": [""url"", ""body_hash""], ""observation_source_index"": 0, ""trigger_source_index"": 0}, {""matching_fields"": [""url"", ""body_hash""], ""observation_source_index"": 1, ""trigger_source_index"": 1}]","[{""body_hash"": ""sha256:62b826abe0b02dc2ea97a84d93f72bada0c9261324fd89661cac6ae23bdde437"", ""body_path"": ""sources/http_captures/vietnam-sbv-bitcoin-prohibition-statement-2014-02/primary/en.vietnamplus.vn__vietnam-dismisses-bitcoin-as-legal-currency-post57059.vnp__a0d26e0a35.html"", ""url"": ""https://en.vietnamplus.vn/vietnam-dismisses-bitcoin-as-legal-currency-post57059.vnp""}, {""body_hash"": ""sha256:f4ad48820235218f53286118b13a9c032348259ab1003051c16478a58bfc0e22"", ""body_path"": ""sources/http_captures/vietnam-sbv-bitcoin-prohibition-statement-2014-02/primary/www.sbv.gov.vn__w-sbv554224---categories-93909__a8d054950b.html"", ""url"": ""https://www.sbv.gov.vn/w/sbv554224/-/categories/93909""}]","[{""body_hash"": ""sha256:62b826abe0b02dc2ea97a84d93f72bada0c9261324fd89661cac6ae23bdde437"", ""body_path"": ""sources/http_captures/vietnam-sbv-bitcoin-prohibition-statement-2014-02/primary/en.vietnamplus.vn__vietnam-dismisses-bitcoin-as-legal-currency-post57059.vnp__a0d26e0a35.html"", ""url"": ""https://en.vietnamplus.vn/vietnam-dismisses-bitcoin-as-legal-currency-post57059.vnp""}, {""body_hash"": ""sha256:f4ad48820235218f53286118b13a9c032348259ab1003051c16478a58bfc0e22"", ""body_path"": ""sources/http_captures/vietnam-sbv-bitcoin-prohibition-statement-2014-02/primary/www.sbv.gov.vn__w-sbv554224---categories-93909__a8d054950b.html"", ""url"": ""https://www.sbv.gov.vn/w/sbv554224/-/categories/93909""}]",unadjudicated_risk_flag
wang-hongfei-fentanyl-precursor-ofac-2023-04,admitted,events/wang-hongfei-fentanyl-precursor-ofac-2023-04.yaml,0,offramp_cex,observed_no_change,no_public_cex_cascade_documented_in_14d_window,"[{""matching_fields"": [""url"", ""body_hash""], ""observation_source_index"": 0, ""trigger_source_index"": 0}]","[{""body_hash"": ""sha256:a21590abd62b77e12a3daf32d2dedf18faaa8bc26cbc95bc63d76a4106068386"", ""body_path"": ""sources/http_captures/wang-hongfei-fentanyl-precursor-ofac-2023-04/primary/web.archive.org__web-20230414185648-https-home.treasury.gov-news-press-releases-jy1413__1506ea8818.html"", ""url"": ""https://home.treasury.gov/news/press-releases/jy1413"", ""wayback"": ""https://web.archive.org/web/20230414185648/https://home.treasury.gov/news/press-releases/jy1413""}]","[{""body_hash"": ""sha256:a21590abd62b77e12a3daf32d2dedf18faaa8bc26cbc95bc63d76a4106068386"", ""body_path"": ""sources/http_captures/wang-hongfei-fentanyl-precursor-ofac-2023-04/primary/web.archive.org__web-20230414185648-https-home.treasury.gov-news-press-releases-jy1413__1506ea8818.html"", ""url"": ""https://home.treasury.gov/news/press-releases/jy1413"", ""wayback"": ""https://web.archive.org/web/20230414185648/https://home.treasury.gov/news/press-releases/jy1413""}]",unadjudicated_risk_flag
zedcex-zedxion-irgc-iran-2026,admitted,events/zedcex-zedxion-irgc-iran-2026.yaml,0,offramp_cex,observed_no_change,no_public_cex_cascade_documented_in_14d_window,"[{""matching_fields"": [""url"", ""body_hash""], ""observation_source_index"": 0, ""trigger_source_index"": 1}]","[{""url"": ""https://home.treasury.gov/news/press-releases/sb0375""}, {""body_hash"": ""sha256:5dccacfc8d17b4dd74c3f7bbb6b9ae1892857a60a6d42a662a64579e93a842b2"", ""body_path"": ""sources/http_captures/zedcex-zedxion-irgc-iran-2026/secondary/www.elliptic.co__blog-ofac-sanctions-exchanges-zedcex-and-zedxion-for-assisting-in-iranian-sanctions-evasion-and-irgc-operations__e4aafa5453.html"", ""url"": ""https://www.elliptic.co/blog/ofac-sanctions-exchanges-zedcex-and-zedxion-for-assisting-in-iranian-sanctions-evasion-and-irgc-operations""}]","[{""body_hash"": ""sha256:5dccacfc8d17b4dd74c3f7bbb6b9ae1892857a60a6d42a662a64579e93a842b2"", ""body_path"": ""sources/http_captures/zedcex-zedxion-irgc-iran-2026/secondary/www.elliptic.co__blog-ofac-sanctions-exchanges-zedcex-and-zedxion-for-assisting-in-iranian-sanctions-evasion-and-irgc-operations__e4aafa5453.html"", ""url"": ""https://www.elliptic.co/blog/ofac-sanctions-exchanges-zedcex-and-zedxion-for-assisting-in-iranian-sanctions-evasion-and-irgc-operations""}]",unadjudicated_risk_flag
zheng-yan-fentanyl-ofac-2019-08,admitted,events/zheng-yan-fentanyl-ofac-2019-08.yaml,0,offramp_cex,observed_no_change,no_public_cex_cascade_documented_in_14d_window,"[{""matching_fields"": [""url"", ""body_hash""], ""observation_source_index"": 0, ""trigger_source_index"": 0}]","[{""body_hash"": ""sha256:1108f8eb463b17c44f4fd50f05350e7d79999a719ada23a6481bac0c291778c6"", ""body_path"": ""sources/http_captures/zheng-yan-fentanyl-ofac-2019-08/primary/web.archive.org__web-20190821203144-https-home.treasury.gov-news-press-releases-sm756__b1b6b776ea.html"", ""url"": ""https://home.treasury.gov/news/press-releases/sm756"", ""wayback"": ""https://web.archive.org/web/20190821203144/https://home.treasury.gov/news/press-releases/sm756""}]","[{""body_hash"": ""sha256:1108f8eb463b17c44f4fd50f05350e7d79999a719ada23a6481bac0c291778c6"", ""body_path"": ""sources/http_captures/zheng-yan-fentanyl-ofac-2019-08/primary/web.archive.org__web-20190821203144-https-home.treasury.gov-news-press-releases-sm756__b1b6b776ea.html"", ""url"": ""https://home.treasury.gov/news/press-releases/sm756"", ""wayback"": ""https://web.archive.org/web/20190821203144/https://home.treasury.gov/news/press-releases/sm756""}]",unadjudicated_risk_flag
zservers-ofac-2025,admitted,events/zservers-ofac-2025.yaml,0,offramp_cex,observed_no_change,no_public_cex_cascade_documented_in_14d_window,"[{""matching_fields"": [""url"", ""body_hash""], ""observation_source_index"": 0, ""trigger_source_index"": 0}]","[{""body_hash"": ""sha256:b00e6923a6af0d7887fd2a92d2ab3520939c451ebcc1bdfea43589dbcdd0879f"", ""body_path"": ""sources/http_captures/zservers-ofac-2025/ofac-recent-actions/ofac.treasury.gov__recent-actions-20250211__478b1f5c3d.html"", ""url"": ""https://ofac.treasury.gov/recent-actions/20250211"", ""wayback"": ""https://web.archive.org/web/20260421144035/https://ofac.treasury.gov/recent-actions/20250211""}, {""url"": ""https://home.treasury.gov/news/press-releases/sb0012""}]","[{""body_hash"": ""sha256:b00e6923a6af0d7887fd2a92d2ab3520939c451ebcc1bdfea43589dbcdd0879f"", ""body_path"": ""sources/http_captures/zservers-ofac-2025/ofac-recent-actions/ofac.treasury.gov__recent-actions-20250211__478b1f5c3d.html"", ""url"": ""https://ofac.treasury.gov/recent-actions/20250211""}]",unadjudicated_risk_flag
