id	date	actor	jurisdiction	stratum	layer	one_line	source_urls
zheng-yan-fentanyl-ofac-2019-08	2019-08-21	OFAC (Treasury)	US	S1_ofac_sdn	asset_onchain	First narcotics-related crypto SDN action: Chinese fentanyl kingpins Fujing Zheng, Guanghua Zheng and Xiaobing Yan designated under Kingpin Act with BTC/LTC addresses listed.	https://home.treasury.gov/news/press-releases/sm756 | https://www.chainalysis.com/blog/ofac-sanctions/
fayzimatov-alqaeda-syria-ofac-2021-07	2021-07-28	OFAC (Treasury)	US	S1_ofac_sdn	asset_onchain	Farrukh Furkatovitch Fayzimatov designated for soliciting crypto donations for al-Qa'ida-affiliated Hayat Tahrir al-Sham network in Syria; crypto addresses listed.	https://www.chainalysis.com/blog/ofac-sanctions/
bitriver-russia-mining-ofac-2022-04	2022-04-20	OFAC (Treasury)	US	S1_ofac_sdn	l1_consensus	First-ever sanction of a crypto mining company: BitRiver AG and ten Russian subsidiaries designated under EO 14024 for monetizing Russian energy via bitcoin mining (sanctions evasion).	https://home.treasury.gov/news/press-releases/jy0731 | https://therecord.media/us-treasury-dept-sanctions-russian-crypto-mining-giant-bitriver
task-force-rusich-ofac-2022-09	2022-09-15	OFAC (Treasury)	US	S1_ofac_sdn	asset_onchain	Russian neo-Nazi paramilitary Task Force Rusich designated with 5 crypto addresses (2 BTC, 2 ETH, 1 USDT) used to crowdfund pro-Russian troops in Ukraine.	https://www.coindesk.com/policy/2022/09/15/us-treasury-sanctions-russian-paramilitary-group-crowdfunding-ukraine-war-with-crypto-2 | https://www.chainalysis.com/blog/ofac-sanctions/
genesis-market-ofac-2023-04	2023-04-05	OFAC (Treasury)	US	S1_ofac_sdn	offramp_cex	Genesis Market (credential/fraud shop) designated following Operation Cookie Monster takedown; crypto-payment cybercrime marketplace.	https://home.treasury.gov/news/press-releases/jy2616 | https://www.chainalysis.com/blog/ofac-sanctions/
wang-hongfei-fentanyl-precursor-ofac-2023-04	2023-04-14	OFAC (Treasury)	US	S1_ofac_sdn	asset_onchain	Wang Hongfei and Chinese chemical firms (WSBT, SXPC) designated for Bitcoin-based sale of fentanyl precursors; BTC address 3PKiHs4GY4rFg8dpppNVPXGPqMX6K2cBML listed.	https://home.treasury.gov/news/press-releases/jy1413 | https://www.chainalysis.com/blog/fentanyl-precursor-china-sanctions/
hanafin-huriya-russia-evasion-ofac-2023-05	2023-05-19	OFAC (Treasury)	US	S1_ofac_sdn	offramp_cex	Dubai-based John Desmond Hanafin and Huriya Private designated for crypto/financial-services facilitation of Russian sanctions evasion.	https://www.chainalysis.com/blog/ofac-sanctions/
chinyong-kim-sang-man-dprk-it-worker-ofac-2023-05	2023-05-23	OFAC (Treasury)	US	S1_ofac_sdn	asset_onchain	Chinyong IT Cooperation Co. and employee Kim Sang Man designated (with South Korea) for DPRK overseas IT-worker scheme; six crypto deposit addresses listed.	https://www.chainalysis.com/blog/ofac-north-korea-sanctions-may-2023/ | https://www.globalsecurity.org/security/library/news/2023/05/sec-230523-treasury01.htm
china-fentanyl-network-ofac-2023-10	2023-10-03	OFAC (Treasury)	US	S1_ofac_sdn	asset_onchain	Large China-based fentanyl/synthetic-opioid producer network designated, including crypto addresses used to receive drug-payment proceeds.	https://home.treasury.gov/news/press-releases/jy1779 | https://www.chainalysis.com/blog/ofac-sanctions-china-fentanyl-october-2023/
kimsuky-dprk-ofac-2023-11	2023-11-30	OFAC (Treasury)	US	S1_ofac_sdn	asset_onchain	DPRK hacking group Kimsuky and cyber actors designated for intelligence collection supporting the regime's nuclear/WMD program (crypto-linked cyber actor designation).	https://www.chainalysis.com/blog/ofac-sanctions/
netex24-bitpapa-russia-crypto-ofac-2024-03	2024-03-25	OFAC (Treasury)	US	S1_ofac_sdn	offramp_cex	12 entities + 2 individuals incl. Russian virtual-currency exchanges Netex24 and Bitpapa designated for blockchain-based Russian sanctions evasion (links to Garantex/Hydra/Sberbank).	https://home.treasury.gov/news/press-releases/jy2204 | https://www.chainalysis.com/blog/ofac-sanctions-russia-blockchain-companies-netex24-bitpapa/
al-law-hezbollah-crypto-ofac-2024-03	2024-03-26	OFAC (Treasury)	US	S1_ofac_sdn	asset_onchain	Hezbollah crypto financier Tawfiq Muhammad Sa'id al-Law designated for providing digital wallets/crypto transfers to Hezbollah and IRGC-QF; USDT (Tron) address listed.	https://www.trmlabs.com/resources/blog/us-treasury-sanctions-terrorist-financier-for-providing-crypto-related-services-to-hezbollah | https://www.chainalysis.com/blog/ofac-sanctions/
oko-design-bureau-russia-drone-ofac-2024-05	2024-05-01	OFAC (Treasury)	US	S1_ofac_sdn	asset_onchain	Russian UAV developer OKO Design Bureau designated for soliciting crypto donations via Telegram to fund drone production for the war in Ukraine.	https://www.elliptic.co/blog/ofac-sanctions-russian-drone-developer-oko-design-bureau | https://www.chainalysis.com/blog/ofac-sanctions/
botnet-911-s5-ofac-2024-05	2024-05-28	OFAC (Treasury)	US	S1_ofac_sdn	l0_network	911 S5 residential-proxy botnet network designated: Yunhe Wang, Jingping Liu, Yanni Zheng + 3 entities, with 49 crypto addresses listed as identifiers for Wang.	https://home.treasury.gov/news/press-releases/jy2375 | https://www.chainalysis.com/blog/911-s5-botnet-arrest-ofac-sanctions/
nordic-resistance-movement-ofac-2024-06	2024-06-14	OFAC (Treasury)	US	S1_ofac_sdn	asset_onchain	Nordic Resistance Movement designated SDGT (with 3 leaders) for soliciting multi-asset crypto donations (BTC/ETH/LTC/USDT/XMR and others) to fund violent extremism.	https://www.chainalysis.com/blog/ofac-sanctions-nordic-resistance-movement-2024/ | https://ofac.treasury.gov/recent-actions/20240614
kb-vostok-russia-drone-ofac-2024-08	2024-08-23	OFAC (Treasury)	US	S1_ofac_sdn	asset_onchain	Russian drone developer KB Vostok (Vostok Design Bureau) designated with crypto addresses used to solicit donations supporting UAV production for the war in Ukraine.	https://www.chainalysis.com/blog/ofac-sanctions-russian-drone-developer-kb-vostok/ | https://www.chainalysis.com/blog/ofac-sanctions/
evil-corp-ofac-2024-10	2024-10-01	OFAC (Treasury)	US	S1_ofac_sdn	asset_onchain	Tri-lateral (US/UK/AU) designation of Russia-based Evil Corp cybercrime syndicate (Dridex/BitPaymer) — additional members/facilitators incl. Eduard Benderskiy, crypto-laundering nexus.	https://home.treasury.gov/news/press-releases/jy2623 | https://www.chainalysis.com/blog/ofac-designates-russia-based-evil-corp-october-2024/
nemesis-parsarad-darknet-ofac-2025-03	2025-03-04	OFAC (Treasury)	US	S1_ofac_sdn	offramp_cex	Iran-based Nemesis darknet-market admin Behrouz Parsarad designated with 49 crypto addresses (44 BTC, 5 XMR) for facilitating fentanyl/cybercrime sales.	https://home.treasury.gov/news/press-releases/sb0040 | https://www.chainalysis.com/blog/ofac-designation-iran-darknet-markets-bitcoin-fentanyl-march-2025/
tengyue-chemical-fentanyl-ofac-2025-09	2025-09-03	OFAC (Treasury)	US	S1_ofac_sdn	asset_onchain	China-based Guangzhou Tengyue Chemical Co. and Huang Xiaojun designated for synthetic-opioid trafficking; crypto addresses used to receive payments.	https://home.treasury.gov/news/press-releases/sb0235 | https://www.chainalysis.com/blog/ofac-sanctions/
derakhshan-alivand-irgc-crypto-ofac-2025-09	2025-09-16	OFAC (Treasury)	US	S1_ofac_sdn	asset_onchain	Iranian financial facilitators Alireza Derakhshan and Arash Estaki Alivand designated for coordinating cryptocurrency transactions on behalf of the IRGC.	https://www.chainalysis.com/blog/ofac-sanctions/
prince-group-chen-zhi-ofac-2025-10	2025-10-14	OFAC (Treasury) + UK OFSI	US	S1_ofac_sdn	offramp_cex	Prince Group TCO (Cambodia) and chairman Chen Zhi designated across 146 targets for pig-butchering crypto fraud / forced-labor scam compounds; ~$780M+ BTC attributed (parallel DOJ $15B seizure).	https://home.treasury.gov/news/press-releases/sb0278 | https://www.elliptic.co/blog/prince-group-targeted-with-crypto-sanctions-for-global-pig-butchering-operations
cheil-credit-bank-dprk-network-ofac-2025-11	2025-11-04	OFAC (Treasury)	US	S1_ofac_sdn	asset_onchain	DPRK money-laundering network (Cheil/First Credit Bank, bankers Jang Kuk Chol & Ho Jong Son) designated; 53 crypto addresses (~$5.4M, much frozen by Tether) listed.	https://www.elliptic.co/blog/ofac-lists-53-crypto-addresses-of-sanctioned-north-korean-cheil-credit-bank | https://www.federalregister.gov/documents/2025/11/17/2025-19924/notice-of-ofac-sanctions-action
dkba-burma-scam-compound-ofac-2025-11	2025-11-12	OFAC (Treasury)	US	S1_ofac_sdn	offramp_cex	Democratic Karen Benevolent Army (Burma) + 4 leaders/companies designated for hosting Chinese-OC pig-butchering crypto scam compounds (Tai Chang near Myawaddy); part of Scam Center Strike Force.	https://www.chainalysis.com/blog/ofac-targets-pig-butchering-scams-november-2025/ | https://therecord.media/strike-force-southeast-asia-scams
media-land-volosovik-bulletproof-ofac-2025-11	2025-11-19	OFAC (Treasury) + UK + Australia	US	S1_ofac_sdn	l0_network	Russian bulletproof-hosting provider Media Land LLC and Aleksandr Volosovik designated (tri-lateral) for enabling ransomware; associated network laundering stablecoins.	https://www.chainalysis.com/blog/ofac-targets-russian-cybercrime-infrastructure-ransomware-november-2025/ | https://www.chainalysis.com/blog/ofac-sanctions/
ofac-roman-semenov-cyber-designation-removal-2025-03	2025-03-21	US Treasury OFAC	United States	S2_ofac_removal	asset_onchain	In the same March 21 2025 action that delisted the Tornado Cash entity/smart-contract addresses, OFAC removed co-founder Roman Semenov from the cyber-related (E.O. 13694) SDN designation while maintaining his separate North Korea/DPRK designation — a partial, individual-level removal distinct from the Tornado Cash entity delisting already in the corpus. NOTE: same OFAC Recent Action bundle (recent-actions/20250321) as existing corpus id tornado-cash-ofac-delisting-2025; include only if the corpus counts the Semenov cyber-removal as a separate designation-action.	https://ofac.treasury.gov/recent-actions/20250321 | https://www.coindesk.com/policy/2025/04/05/why-ofac-delisted-tornado-cash | https://www.defieducationfund.org/deep-dive-on-delisting-of-tornado-cash-potential-implications/
goldage-ny-state-indictment-2006-07	2006-07-27	State of New York (Manhattan DA / NY State)	United States (New York State)	S3_doj_sec_cftc_fiod	offramp_cex	New York State indicted Arthur Budovsky and Vladimir Kats for running GoldAge Inc., an illegal money-transmitting digital-currency exchange, from their Brooklyn apartments; they were convicted/sentenced to five years probation in 2007 — the direct precursor to Liberty Reserve.	https://en.wikipedia.org/wiki/Liberty_Reserve | https://www.justice.gov/usao-sdny/pr/founder-liberty-reserve-arthur-budovsky-pleads-guilty-manhattan-federal-court
egold-doj-indictment-2007-04	2007-04-27	US DOJ (Criminal Division Cybercrime/CEOS) + US Secret Service	United States (D.D.C.)	S3_doj_sec_cftc_fiod	offramp_cex	Four-count indictment (handed down Apr 24, unsealed Apr 27, 2007) charging e-Gold Ltd, Gold & Silver Reserve, and principals Douglas Jackson, Reid Jackson and Barry Downey with money-laundering conspiracy and operating an unlicensed money-transmitting business; the seminal pre-Bitcoin digital-currency enforcement action (corpus has only the 2008 plea).	https://www.justice.gov/archive/opa/pr/2007/April/07_crm_301.html | https://www.justice.gov/archive/criminal/cybercrime/press-releases/2007/egoldIndict.htm
1mdc-egold-account-freeze-2007-04	2007-04-27	US court order via the e-Gold indictment / US Secret Service	United States (D.D.C.) affecting Nevis-based 1MDC	S3_doj_sec_cftc_fiod	asset_onchain	As a knock-on of the e-Gold indictment, a US court forced e-Gold to freeze/liquidate the e-gold accounts that backed 1MDC (an e-gold-backed digital gold currency), worth an estimated $10-20M, halting 1MDC redemptions and killing the platform by year-end 2007.	https://en.wikipedia.org/wiki/1mdc | http://financialcryptography.com/mt/archives/000917.html
ebullion-doj-indictment-unsealed-2008-08	2008-08-05	US DOJ (USAO-CDCA) + FBI/IRS-CI	United States (C.D. Cal.)	S3_doj_sec_cftc_fiod	offramp_cex	After James Fayed's arrest, the US Attorney unsealed an indictment of e-Bullion and Goldfinger Coin & Bullion for operating without a money-transmitter license under the USA PATRIOT Act; the e-Bullion.com site was taken down Aug 5, 2008 and assets (incl. the Perth-Mint bullion backing) were seized. (Corpus has a generic 2008-08 e-Bullion seizure entry; this captures the indictment-unsealing/site-takedown specifically.)	https://en.wikipedia.org/wiki/E-Bullion | https://www.justice.gov/usao-cdca/pr/united-states-returns-98-million-recovered-e-bullion-illegal-money-transmitting
egold-jackson-sentencing-doj-2008-11	2008-11-20	US DOJ (D.D.C.) / federal court	United States (D.D.C.)	S3_doj_sec_cftc_fiod	offramp_cex	e-Gold principal Dr. Douglas Jackson sentenced to 300 hours community service, 3 years supervised release incl. 6 months home detention, plus fines; co-directors Reid Jackson and Barry Downey sentenced for unlicensed money transmitting — the sentencing phase distinct from the July 2008 guilty plea already in corpus.	https://en.wikipedia.org/wiki/E-gold | https://www.justice.gov/archive/opa/pr/2008/July/08-crm-635.html
datacell-valitor-iceland-supreme-court-2013-04	2013-04-24	Supreme Court of Iceland (re Valitor / Visa Iceland)	Iceland	S3_doj_sec_cftc_fiod	offramp_cex	Iceland's Supreme Court upheld the district court and ruled Valitor's 2011 closure of the WikiLeaks/DataCell donation gateway illegal, ordering it reopened within two weeks or face daily fines; Valitor reopened then cancelled the contract — the appellate capstone to the DataCell case (corpus has only the 2012-07 district-court ruling).	https://www.theregister.com/2013/04/24/iceland_supreme_court_wikileaks_ruling/ | https://edri.org/our-work/edrigramnumber11-9iceland-supreme-court-visa-wikileaks-case/
liberty-reserve-coordinated-takedown-fincen-311-doj-2013-05	2013-05-28	US Treasury/FinCEN (PATRIOT Act Sec. 311) + US DOJ (SDNY) + HSI/USSS + 17-country action	United States (S.D.N.Y.) + Costa Rica/Spain + 15 others	S3_doj_sec_cftc_fiod	offramp_cex	Coordinated global takedown of Liberty Reserve: FinCEN named it a primary money-laundering concern (first Section 311 use against a virtual-currency provider), SDNY unsealed a 7-defendant indictment alleging $6B laundered, Budovsky and others were arrested across 17 countries, Costa Rica raided offices, and the liberty reserve domains were seized. (Corpus has only the 2011 Costa Rica license denial.)	https://home.treasury.gov/news/press-releases/jl1956 | https://www.ice.gov/news/releases/charges-filed-against-one-largest-digital-currency-companies-employees-running-6 | https://en.wikisource.org/wiki/Liberty_Reserve,_et_al._%E2%80%94_indictment
mtgox-chapter-15-us-bankruptcy-recognition-dallas-2014-06	2014-06-17	US Bankruptcy Court, Northern District of Texas (Dallas) / Mt. Gox foreign representative	United States (Texas)	S3_doj_sec_cftc_fiod	offramp_cex	US Bankruptcy Court in Dallas granted Chapter 15 recognition of Mt. Gox's Japanese insolvency (filed Mar 9, 2014), staying US class-action seizure of Mt. Gox US assets/servers — a distinct US legal action separate from the Tokyo bankruptcy already in corpus.	https://www.abi.org/feed-item/mtgox-chapter-15-case-brings-japanese-insolvency-proceeding-and-bitcoin-drama-to-dallas | https://www.cnbc.com/2014/06/18/bitcoins-mtgox-gets-us-bankruptcy-protection.html
cfpb-virtual-currency-consumer-advisory-2014-08	2014-08-11	US Consumer Financial Protection Bureau (CFPB)	United States (federal)	S3_doj_sec_cftc_fiod	offramp_cex	CFPB issued a consumer advisory (Aug 11, 2014) warning that virtual currencies are volatile, hacking-prone, uninsured and lack recourse, and began accepting consumer complaints against virtual-currency companies — the first US federal consumer-protection action targeting crypto.	https://www.consumerfinance.gov/about-us/newsroom/cfpb-warns-consumers-about-bitcoin/ | https://files.consumerfinance.gov/f/201408_cfpb_consumer-advisory_virtual-currencies.pdf
liberty-reserve-budovsky-sentencing-doj-2016-05	2016-05-06	US DOJ (USAO-SDNY)	United States (S.D.N.Y.)	S3_doj_sec_cftc_fiod	offramp_cex	Liberty Reserve founder Arthur Budovsky sentenced in Manhattan federal court to 20 years imprisonment and a $500,000 fine after pleading guilty (Jan 2016) to money-laundering conspiracy; admitted laundering $250M-$550M — the capstone of the Liberty Reserve enforcement timeline.	https://www.justice.gov/usao-sdny/pr/liberty-reserve-founder-arthur-budovsky-sentenced-manhattan-federal-court-20-years | https://www.justice.gov/archives/opa/pr/liberty-reserve-founder-sentenced-20-years-laundering-hundreds-millions-dollars
sec-dao-report-21a-2017-07	2017-07-25	US SEC	United States	S3_doj_sec_cftc_fiod	offramp_cex	SEC Section 21(a) Report of Investigation on The DAO concluded that DAO tokens were securities, establishing the registration-or-enforcement mandate that drives subsequent US geofencing and token delisting across exchanges and platforms.	https://www.sec.gov/newsroom/press-releases/2017-131 | https://www.sec.gov/files/litigation/investreport/34-81207.pdf
centra-tech-doj-sdny-2018	2018-05-23	DOJ (USAO-SDNY) / Sohrab Sharma, Robert Farkas, Raymond Trapani	US (S.D.N.Y.)	S3_doj_sec_cftc_fiod	asset_onchain	DOJ criminally charged Centra Tech co-founders over a fraudulent $25M+ ICO (CTR tokens) with fabricated Visa/Mastercard partnerships and fake executives; Sharma sentenced to 8 years and ~$36M forfeiture.	https://www.justice.gov/usao-sdny/pr/leading-co-founder-cryptocurrency-company-sentenced-8-years-prison-ico-fraud-scheme
bitcoin-maven-tetley-doj-2018	2018-07-09	DOJ (USAO-CDCA) / Theresa Lynn Tetley ('Bitcoin Maven')	US (C.D. Cal.)	S3_doj_sec_cftc_fiod	offramp_cex	LocalBitcoins OTC trader 'Bitcoin Maven' sentenced for operating an unlicensed money transmitting business and laundering purported drug proceeds ($6-9.5M in trades); forfeited 40 BTC, $292K cash, and gold bars; representative early P2P-exchanger MSB prosecution.	https://www.justice.gov/usao-cdca/pr/bitcoin-maven-sentenced-one-year-federal-prison-bitcoin-money-laundering-case
sec-tokenlot-unregistered-broker-2018-09	2018-09-11	US SEC	United States	S3_doj_sec_cftc_fiod	offramp_cex	SEC settled with TokenLot LLC (an 'ICO superstore' secondary token trading platform) for unregistered broker-dealer activity, forcing the platform to wind down; first SEC broker-dealer registration action against a token trading venue.	https://www.sec.gov/litigation/admin/2018/33-10543.pdf | https://wp.nyu.edu/compliance_enforcement/2018/10/22/sec-charges-ico-superstore-as-unregistered-broker-dealer/
sec-etherdelta-coburn-unregistered-exchange-2018-11	2018-11-08	US SEC	United States	S3_doj_sec_cftc_fiod	l4_frontend	SEC settled charges against EtherDelta founder Zachary Coburn for operating an unregistered national securities exchange (a DEX smart-contract order book), the first SEC action treating a decentralized exchange as an illegal unregistered exchange.	https://www.sec.gov/newsroom/press-releases/2018-258
onecoin-doj-sdny-2019	2019-03-08	DOJ (USAO-SDNY) / Ruja Ignatova, Konstantin Ignatov, Mark Scott	US (S.D.N.Y.)	S3_doj_sec_cftc_fiod	asset_onchain	DOJ charged leaders of OneCoin, a >$4B fraudulent cryptocurrency scheme; Ignatova ('Cryptoqueen') indicted and on FBI Ten Most Wanted; brother Konstantin Ignatov and lawyer Mark Scott convicted/sentenced for fraud and laundering $400M.	https://www.justice.gov/usao-sdny/pr/manhattan-us-attorney-announces-charges-against-leaders-onecoin-multibillion-dollar
fincen-eric-powers-p2p-exchanger-2019-04	2019-04-18	US FinCEN	United States	S3_doj_sec_cftc_fiod	offramp_cex	FinCEN assessed its first-ever civil penalty against an individual peer-to-peer convertible-virtual-currency exchanger (Eric Powers, $35,350) for BSA registration, AML program, and reporting violations.	https://www.fincen.gov/news/news-releases/fincen-penalizes-peer-peer-virtual-currency-exchanger-violations-anti-money | https://www.fincen.gov/system/files/enforcement_action/2019-04-18/Assessment%20Eric%20Powers%20Final%20for%20Posting%2004.18.19_1.pdf
crypto-capital-fowler-doj-2019	2019-04-30	DOJ (USAO-SDNY) / Reginald Fowler	US (S.D.N.Y.)	S3_doj_sec_cftc_fiod	offramp_cex	DOJ charged Reginald Fowler (Crypto Capital 'shadow banker' for Bitfinex/Binance and other exchanges) with bank fraud and operating an unlicensed money transmitting business; processed >$750M for VASPs; pleaded guilty, sentenced to ~6 years.	https://www.theblock.co/linked/53421/alleged-crypto-fowler-charge-running-unlicensed-money-transmission-business-2 | https://coingeek.com/reginald-fowler-gets-6-years-in-prison-over-crypto-shadow-banking/
terror-financing-crypto-seizure-doj-2020	2020-08-13	DOJ / al-Qaeda, ISIS, al-Qassam Brigades (Hamas)	US (D.D.C.)	S3_doj_sec_cftc_fiod	asset_onchain	DOJ announced its then-largest-ever terrorism crypto seizure: 300+ cryptocurrency accounts, websites and pages tied to al-Qaeda, ISIS and Hamas's al-Qassam Brigades crypto donation campaigns (incl. ISIS PPE scam by Murat Cakar).	https://www.justice.gov/opa/pr/global-disruption-three-terror-finance-cyber-enabled-campaigns | https://www.coindesk.com/policy/2020/08/13/us-prosecutors-seize-bitcoin-allegedly-tied-to-al-qaeda-isis-hamas
sec-kik-interactive-kin-unregistered-offering-2020-10	2020-10-21	US SEC	United States	S3_doj_sec_cftc_fiod	asset_onchain	SEC obtained final judgment against Kik Interactive for the unregistered $100M Kin token offering; court found Kin sales were unregistered securities and Kik paid a $5M penalty (corpus has Telegram/TON but not Kik).	https://www.sec.gov/newsroom/press-releases/2020-262
sec-lbry-lbc-unregistered-securities-2021-03	2021-03-29	US SEC	United States	S3_doj_sec_cftc_fiod	asset_onchain	SEC charged LBRY with unregistered sale of LBC tokens; the Nov 2022 court ruling that LBC was a security (even outside an ICO, for consumptive use) led LBRY to cease operations and shut down the platform.	https://www.sec.gov/enforcement-litigation/litigation-releases/lr-25775 | https://www.sec.gov/newsroom/press-releases/2021-58
colonial-pipeline-darkside-ransom-clawback-doj-2021	2021-06-07	DOJ / FBI (DarkSide ransomware)	US (N.D. Cal.)	S3_doj_sec_cftc_fiod	asset_onchain	DOJ seized ~63.7 BTC (~$2.3M) representing the bulk of the Colonial Pipeline ransom paid to the DarkSide ransomware group, by obtaining the private key to a tracked address; landmark ransomware crypto clawback.	https://www.justice.gov/archives/opa/pr/department-justice-seizes-23-million-cryptocurrency-paid-ransomware-extortionists-darkside
sec-poloniex-unregistered-exchange-2021-08	2021-08-09	US SEC	United States	S3_doj_sec_cftc_fiod	offramp_cex	SEC settled $10.4M charges against Poloniex for operating an unregistered digital asset exchange, contributing to the platform's exit from the US market and delisting of tokens deemed securities.	https://www.sec.gov/newsroom/press-releases/2021-147
revil-vasinskyi-polyanin-doj-2021	2021-11-08	DOJ / Yaroslav Vasinskyi & Yevgeniy Polyanin (REvil/Sodinokibi)	US (N.D. Tex. / Kaseya attack)	S3_doj_sec_cftc_fiod	asset_onchain	DOJ charged two REvil ransomware actors and seized ~39.9 BTC plus $6.1M in ransom proceeds; Vasinskyi extradited (Mar 2022), sentenced (2024) to ~13.6 years and $16M restitution for the Kaseya attack.	https://abcnews.go.com/Politics/doj-charges-men-men-allegedly-revil-ransomware-attacks/story?id=81037690 | https://thehackernews.com/2024/05/ukrainian-revil-hacker-sentenced-to-13.html
bitfinex-hack-lichtenstein-morgan-doj-2022	2022-02-08	DOJ / Ilya Lichtenstein & Heather Morgan	US (D.D.C. / SDNY origin)	S3_doj_sec_cftc_fiod	offramp_cex	DOJ arrested married couple and seized ~94,000 BTC (~$3.6B, then-largest financial seizure in DOJ history) tied to laundering proceeds of the 2016 Bitfinex exchange hack; guilty pleas Aug 2023, sentenced Nov 2024 (Lichtenstein 5 yrs, Morgan 18 mo).	https://www.justice.gov/usao-dc/2016-bitfinex-hack | https://www.justice.gov/archives/opa/pr/bitfinex-hacker-sentenced-money-laundering-conspiracy-involving-billions-stolen
bitconnect-kumbhani-doj-2022	2022-02-25	DOJ (USAO-SDCA) / Satish Kumbhani	US (S.D. Cal.)	S3_doj_sec_cftc_fiod	asset_onchain	Federal grand jury indicted BitConnect founder Satish Kumbhani for a global $2.4B cryptocurrency Ponzi scheme (BitConnect Lending Program); charges include wire fraud, commodity price manipulation, unlicensed money transmission; defendant a fugitive.	https://www.justice.gov/archives/opa/pr/bitconnect-founder-indicted-global-24-billion-cryptocurrency-scheme | https://www.justice.gov/usao-sdca/pr/founder-fraudulent-cryptocurrency-charged-2-billion-bitconnect-ponzi-scheme
netwalker-vachon-desjardins-doj-2022	2022-03-10	DOJ (S.D. Fla.) / Sebastien Vachon-Desjardins	US (S.D. Fla.)	S3_doj_sec_cftc_fiod	asset_onchain	NetWalker ransomware affiliate Sebastien Vachon-Desjardins extradited from Canada and pleaded guilty (Jun 2022) to US computer/wire fraud and extortion charges; agreed to forfeit ~$21.5M plus BTC; sentenced to 20 years.	https://techcrunch.com/2022/03/11/netwalker-extradited-bitcoin-seized/ | https://therecord.media/netwalker-ransomware-affiliate-agrees-to-plead-guilty-to-hacking-charges
cftc-bzerox-founders-settlement-2022-09	2022-09-22	US CFTC	United States	S3_doj_sec_cftc_fiod	l4_frontend	CFTC imposed a $250K penalty on bZeroX LLC and its founders (Tom Bean, Kyle Kistner) for the bZx leveraged-trading protocol and ordered cessation; distinct from the Ooki DAO successor suit already in the corpus.	https://www.cftc.gov/PressRoom/PressReleases/8590-22
silk-road-zhong-50000-btc-seizure-doj-2022	2022-11-07	DOJ (USAO-SDNY) / James Zhong	US (S.D.N.Y.)	S3_doj_sec_cftc_fiod	asset_onchain	DOJ announced guilty plea and historic seizure of ~50,676 BTC (~$3.36B) that James Zhong fraudulently obtained from Silk Road in 2012; second-largest financial seizure in DOJ history; distinct from 2013 Silk Road takedown.	https://www.justice.gov/usao-sdny/pr/us-attorney-announces-historic-336-billion-cryptocurrency-seizure-and-conviction | https://www.justice.gov/usao-sdny/pr/silk-road-dark-web-fraud-defendant-sentenced-following-seizure-and-forfeiture-over-34
hashflare-potapenko-turogin-doj-2022	2022-11-21	DOJ (W.D. Wash.) / Sergei Potapenko & Ivan Turogin (HashFlare/Polybius)	US (W.D. Wash.)	S3_doj_sec_cftc_fiod	asset_onchain	DOJ indicted HashFlare co-founders over a >$550M crypto-mining fraud (equipment performed <1% of claimed hashpower) plus the Polybius ICO; extradited from Estonia 2024; pleaded guilty Feb 2025.	https://www.justice.gov/usao-wdwa/united-states-vs-sergei-potapenko-and-ivan-turogin
icomtech-forcount-doj-sdny-2022	2022-12-14	DOJ (USAO-SDNY) / David Carmona et al. (IcomTech), da Silva/Tacuri et al. (Forcount)	US (S.D.N.Y.)	S3_doj_sec_cftc_fiod	asset_onchain	DOJ charged founders/promoters of two crypto Ponzi schemes, IcomTech and Forcount, promising guaranteed returns from purported mining/trading; IcomTech founder Carmona later sentenced to 121 months.	https://www.justice.gov/usao-sdny/pr/us-attorney-announces-fraud-and-money-laundering-charges-against-founders-and-promoters | https://www.justice.gov/usao-sdny/pr/two-defendants-convicted-trial-participating-cryptocurrency-ponzi-scheme-icomtech
mango-markets-eisenberg-doj-2023	2023-01-09	DOJ (USAO-SDNY) / Avraham Eisenberg	US (S.D.N.Y.)	S3_doj_sec_cftc_fiod	asset_onchain	DOJ charged Avraham Eisenberg over the ~$110M Mango Markets DeFi oracle-manipulation exploit; convicted Apr 2024 (commodities fraud/manipulation, wire fraud); convictions later overturned May 2025 on venue/fraud-standard grounds.	https://www.justice.gov/archives/opa/pr/man-convicted-110m-cryptocurrency-scheme
sec-nexo-earn-lending-product-cease-2023-01	2023-01-19	US SEC	United States	S3_doj_sec_cftc_fiod	offramp_cex	SEC and 53 jurisdictions settled $45M with Nexo over its Earn Interest Product; Nexo agreed to cease offering the crypto lending product to US investors, exiting the US retail market.	https://www.sec.gov/newsroom/press-releases/2023-11
dprk-it-worker-sim-hyon-sop-doj-indictment-2023	2023-04-24	DOJ (USAO-DC) / Sim Hyon Sop (North Korean FTB rep)	US (D.D.C.)	S3_doj_sec_cftc_fiod	offramp_cex	DOJ criminal indictment of North Korean Foreign Trade Bank representative Sim Hyon Sop for two crypto laundering conspiracies (with OTC traders and with DPRK IT workers placed at US crypto firms); the criminal charge, distinct from the same-day OFAC SDN designation.	https://www.justice.gov/usao-dc/pr/north-korean-foreign-trade-bank-rep-charged-role-two-crypto-laundering-conspiracies
cftc-defi-opyn-zeroex-deridex-2023-09	2023-09-07	US CFTC	United States	S3_doj_sec_cftc_fiod	l4_frontend	CFTC issued simultaneous settlement orders against DeFi protocol operators Opyn, ZeroEx (0x), and Deridex for illegal leveraged digital-asset derivatives, sending a 'register or geoblock US users / leave the US market' message that drove DeFi frontends to geofence Americans.	https://www.cftc.gov/PressRoom/PressReleases/8774-23
fincen-cvc-mixing-special-measure-nprm-2023-10	2023-10-19	US FinCEN	United States	S3_doj_sec_cftc_fiod	l0_network	FinCEN issued a Section 311 NPRM designating international convertible virtual currency mixing as a class of transactions of primary money laundering concern (first activity-based, not entity/jurisdiction-based, special measure); mandate-listed 'Bitcoin mixer NPRM 2023'.	https://www.fincen.gov/news/news-releases/fincen-proposes-new-regulation-enhance-transparency-convertible-virtual-currency | https://www.federalregister.gov/documents/2023/10/23/2023-23449/proposal-of-special-measure-regarding-convertible-virtual-currency-mixing-as-a-class-of-transactions
safemoon-karony-doj-edny-2023	2023-11-01	DOJ (USAO-EDNY) / Braden John Karony, Kyle Nagy, Thomas Smith	US (E.D.N.Y.)	S3_doj_sec_cftc_fiod	asset_onchain	DOJ unsealed indictment against SafeMoon executives for securities fraud, wire fraud and money laundering conspiracy over a rug-pull; falsely claimed liquidity was 'locked'; CEO Karony convicted May 2025, sentenced to 100 months and $7.5M forfeiture.	https://www.justice.gov/usao-edny/pr/chief-executive-officer-digital-asset-company-found-guilty-multi-million-dollar-crypto | https://www.justice.gov/usao-edny/pr/ceo-digital-asset-company-safemoon-sentenced-100-months-prison-multi-million-dollar
banmeet-singh-darknet-150m-btc-forfeiture-doj-2024	2024-01-26	DOJ (S.D. Ohio) / Banmeet Singh	US (S.D. Ohio)	S3_doj_sec_cftc_fiod	asset_onchain	Darknet drug vendor Banmeet Singh (Silk Road, AlphaBay, Hansa, etc.) pleaded guilty and forfeited ~$150M in Bitcoin (~8,100 BTC), one of the largest DOJ crypto forfeitures from a darknet narcotics enterprise; sentenced to 8 years.	https://www.justice.gov/archives/opa/pr/dark-web-vendor-sentenced-distributing-narcotics-and-ordered-forfeit-150m
hyperfund-doj-charges-2024	2024-01-29	DOJ / Xue Samuel Lee, Brenda Chunga, Rodney Burton (HyperFund)	US (D. Md.)	S3_doj_sec_cftc_fiod	asset_onchain	DOJ brought criminal charges against the founder and top promoters of HyperFund (HyperVerse/HyperTech), a ~$1.7B global crypto Ponzi/pyramid scheme falsely claiming bitcoin-mining revenue; parallel SEC action.	https://www.cnbc.com/2024/01/29/doj-and-sec-unveil-charges-in-1point9-billion-cryptocurrency-fraud-scheme.html | https://www.sec.gov/newsroom/press-releases/2024-11
sec-tradestation-crypto-lending-cease-2024-02	2024-02-07	US SEC	United States	S3_doj_sec_cftc_fiod	offramp_cex	SEC and state regulators ($3M total) charged TradeStation Crypto over an unregistered interest-bearing crypto lending product; TradeStation discontinued its US crypto services by Feb 22, 2024.	https://www.sec.gov/newsroom/press-releases/2024-16
sec-shapeshift-unregistered-dealer-2024-03	2024-03-05	US SEC	United States	S3_doj_sec_cftc_fiod	offramp_cex	SEC charged ShapeShift AG ($275K cease-and-desist) for operating ShapeShift.io as an unregistered dealer in crypto-asset securities; mandate-listed action over the platform that had already exited US custodial exchange operations.	https://www.sec.gov/enforcement-litigation/administrative-proceedings/34-99676-s | https://www.sec.gov/files/litigation/admin/2024/34-99676.pdf
bitcoin-fog-sterlingov-doj-2024	2024-03-12	DOJ (USAO-DC) / Roman Sterlingov	US (D.D.C.)	S3_doj_sec_cftc_fiod	asset_onchain	Operator of Bitcoin Fog darknet cryptocurrency mixer convicted (Mar 2024) of money laundering conspiracy and unlicensed money transmission; ~1.2M BTC (~$400M) laundered; sentenced Nov 2024 to 150 months; ~1,354 BTC plus Kraken account crypto forfeited.	https://www.justice.gov/usao-dc/pr/jury-finds-russian-swedish-operator-bitcoin-fog-guilty-running-darknet-cryptocurrency | https://www.justice.gov/usao-dc/pr/operator-bitcoin-fog-sentenced-more-12-years-prison-running-notorious-darknet
btc-e-vinnik-guilty-plea-doj-2024	2024-05-03	DOJ (N.D. Cal.) / Alexander Vinnik (BTC-e)	US (N.D. Cal.)	S3_doj_sec_cftc_fiod	offramp_cex	BTC-e operator Alexander Vinnik pleaded guilty to money laundering conspiracy (exchange processed >$9B, ~1M users, laundered Mt. Gox-stolen BTC); distinct disposition from the 2017 indictment; case dismissed Feb 2025 via US-Russia prisoner swap.	https://www.justice.gov/archives/opa/pr/btc-e-operator-pleads-guilty-money-laundering-conspiracy | https://www.justice.gov/usao-ndca/pr/btc-e-operator-pleads-guilty-money-laundering-conspiracy
sec-consensys-metamask-staking-swaps-2024-06	2024-06-28	US SEC	United States	S3_doj_sec_cftc_fiod	l4_frontend	SEC sued Consensys alleging MetaMask Swaps and Staking made it an unregistered broker and underwriter of Lido/Rocket Pool liquid-staking securities; mandate-listed suit targeting the dominant Ethereum wallet frontend (dismissed 2025).	https://www.sec.gov/newsroom/press-releases/2024-79
sec-abra-plutus-earn-cease-2024-08	2024-08-26	US SEC	United States	S3_doj_sec_cftc_fiod	offramp_cex	SEC settled with Plutus Lending (dba Abra) over the unregistered Abra Earn crypto lending product (~$500M from US investors), forcing the product's wind-down and US market exit ($1.65M penalty).	https://www.sec.gov/newsroom/press-releases/2024-105
sec-etoro-cease-crypto-trading-2024-09	2024-09-12	US SEC	United States	S3_doj_sec_cftc_fiod	offramp_cex	SEC settled with eToro USA ($1.5M); eToro agreed to cease trading in nearly all crypto assets for US customers, restricting them to only BTC, ETH, and BCH and liquidating other holdings after a 180-day window.	https://www.sec.gov/newsroom/press-releases/2024-125
cryptex-uaps-pm2btc-ivanov-shakhmametov-doj-2024	2024-09-26	DOJ (E.D. Va.) / Sergey Ivanov & Timur Shakhmametov (Cryptex, UAPS, PM2BTC, Joker's Stash)	US (E.D. Va.)	S3_doj_sec_cftc_fiod	offramp_cex	DOJ charged two Russian nationals for operating billion-dollar money-laundering/no-KYC crypto exchange services (Cryptex, UAPS, PM2BTC) and the Joker's Stash carding site; Secret Service/Dutch police seized domains and >$7M; parallel OFAC action.	https://www.justice.gov/usao-edva/pr/two-russian-nationals-charged-connection-operating-billion-dollar-money-laundering
blender-sinbad-operators-doj-2025	2025-01-10	DOJ (USAO-NDGA) / Ostapenko, Oleynik, Tarasov	US (N.D. Ga.)	S3_doj_sec_cftc_fiod	asset_onchain	DOJ indicted three operators of crypto mixers Blender.io and Sinbad.io for money laundering and unlicensed money transmission; two arrested Dec 2024; services used to launder ransomware and theft proceeds (incl. DPRK Lazarus).	https://www.justice.gov/archives/opa/pr/operators-cryptocurrency-mixers-charged-money-laundering | https://www.justice.gov/usao-ndga/pr/operators-cryptocurrency-mixers-charged-money-laundering
okx-aux-cayes-doj-guilty-plea-2025	2025-02-24	DOJ (USAO-SDNY) / OKX (Aux Cayes Fintech Co. Ltd.)	US (S.D.N.Y.)	S3_doj_sec_cftc_fiod	offramp_cex	OKX operator Aux Cayes Fintech pleaded guilty to operating an unlicensed money transmitting business and agreed to pay >$504M; admitted >$1T in unregistered US transactions and facilitating >$5B in suspicious transfers (2018-2024).	https://www.justice.gov/usao-sdny/pr/okx-pleads-guilty-violating-us-anti-money-laundering-laws-and-agrees-pay-penalties
garantex-besciokov-mira-serda-doj-2025	2025-03-07	DOJ (E.D. Va.) / Aleksej Besciokov & Aleksandr Mira Serda (Garantex)	US (E.D. Va.)	S3_doj_sec_cftc_fiod	offramp_cex	DOJ unsealed indictment of Garantex co-founders for money laundering conspiracy, sanctions evasion (IEEPA) and unlicensed money transmission; Secret Service seized Garantex domains and froze >$26M; Besciokov arrested in India Mar 2025.	https://www.justice.gov/usao-edva/pr/two-russian-nationals-charged-connection-operating-billion-dollar-money-laundering
dprk-it-worker-laundering-civil-forfeiture-doj-2025	2025-06-05	DOJ (Criminal Division/NSD)	US (D.D.C.)	S3_doj_sec_cftc_fiod	offramp_cex	DOJ filed civil forfeiture complaint against over $7.74M in crypto laundered by North Korean IT workers (using fake identities at US crypto firms) for the DPRK government, funds restrained in connection with the 2023 Sim indictment.	https://www.justice.gov/opa/pr/department-files-civil-forfeiture-complaint-against-over-774m-laundered-behalf-north-korean
pig-butchering-225m-civil-forfeiture-doj-2025	2025-06-18	DOJ (USAO-DC) / pig-butchering scam network	US (D.D.C.)	S3_doj_sec_cftc_fiod	asset_onchain	DOJ filed a civil forfeiture action against ~$225M in USDT, the largest scam-related crypto seizure in US history, tracing pig-butchering investment-fraud proceeds (linked to a Philippines scam compound and a Kansas bank collapse).	https://www.justice.gov/opa/pr/united-states-files-civil-forfeiture-complaint-against-225m-funds-involved-cryptocurrency
fincen-paxful-bsa-penalty-2025-08	2025-08-12	US FinCEN	United States	S3_doj_sec_cftc_fiod	offramp_cex	FinCEN assessed a $3.5M civil penalty against former P2P crypto exchange Paxful for willful BSA violations (failure to register as MSB, no AML program, no SARs, enabling Iran/DPRK-linked transactions); paired with a DOJ guilty plea.	https://www.fincen.gov/system/files/2025-12/PaxfulConsentOrder.pdf | https://www.mayerbrown.com/en/insights/publications/2025/12/virtual-currency-exchange-pleads-guilty-to-criminal-charges-related-to-anti-money-laundering-violations-and-pays-multi-million-dollar-fine-to-fincen
liberty-reserve-costa-rica-sugef-license-denial-2009	2009-01	Costa Rica SUGEF (Superintendencia General de Entidades Financieras)	Costa Rica	S4_nation_state	offramp_cex	Costa Rica's financial regulator SUGEF denied Liberty Reserve's money-transmitting license application in 2009, finding it lacked basic AML/KYC controls — the earliest regulatory action against Liberty Reserve, predating the 2011 closure already in corpus. (Possible partial overlap with corpus 2011 entry; flagged for adjudication.)	https://en.wikipedia.org/wiki/Liberty_Reserve | https://www.justice.gov/usao-sdny/pr/founder-liberty-reserve-arthur-budovsky-pleads-guilty-manhattan-federal-court
schumer-manchin-silk-road-bitcoin-letter-2011-06	2011-06-05	US Senators Charles Schumer & Joe Manchin (letter to DEA/DOJ)	United States	S4_nation_state	l4_frontend	Senators Schumer and Manchin sent a letter to the DEA and DOJ demanding federal action to shut down the Silk Road marketplace and naming Bitcoin as an 'untraceable' money-laundering currency — the first high-level US political pressure to target a crypto-payment network, a precursor to the 2013 Silk Road seizure.	https://reason.com/2011/08/22/senators-target-virtual-curren/ | https://www.americanbanker.com/payments/news/senators-seek-to-shut-down-silk-road-site-but-leave-bitcoin-digital-currency-alone
webmoney-ukraine-tax-police-freeze-2013-06	2013-06-11	Ukraine Ministry of Revenues and Duties (tax police) + National Bank of Ukraine	Ukraine	S4_nation_state	offramp_cex	Ukrainian tax police raided WebMoney's Ukrainian guarantor, seized computer equipment and froze ~UAH 60M (~$7.5M), blocking all Ukrainian WebMoney transactions; the NBU declared WebMoney unlicensed and an 'illegal system' suspected of laundering/tax evasion (funds unfrozen Mar 2014).	https://en.wikipedia.org/wiki/WebMoney | https://rapsinews.com/news/20130613/267751619.html | https://www.kyivpost.com/article/content/ukraine-politics/income-ministry-suspects-webmoney-of-infringing-two-articles-of-criminal-code-325641.html
france-banque-de-france-bitcoin-dangers-note-2013-12	2013-12-05	Banque de France	France	S4_nation_state	offramp_cex	Banque de France published a 6-page note 'Les dangers liés au développement des monnaies virtuelles: l'exemple du bitcoin' (Dec 5, 2013) stating Bitcoin is neither legal-tender currency nor a means of payment under the Monetary and Financial Code, warning of the risks.	https://www.journaldugeek.com/2013/12/05/banque-de-france-bitcoins/ | https://bitcoin.fr/quand-la-banque-de-france-s-interesse-a-bitcoin/
norway-tax-authority-bitcoin-not-currency-asset-2013-12	2013-12-13	Norwegian Tax Administration (Skatteetaten)	Norway	S4_nation_state	asset_onchain	Norway's Director General of Taxation ruled (Dec 2013) that Bitcoin does not qualify as money/currency and will be treated as a taxable capital asset subject to capital-gains and (for business) VAT/wealth tax, an early state non-recognition stance.	https://www.coindesk.com/markets/2013/12/16/norwegian-tax-official-bitcoins-cannot-be-defined-as-money | https://cointelegraph.com/news/norway_deems_bitcoin_a_taxable_asset_not_a_currency
lebanon-bdl-bitcoin-warning-2013-12	2013-12-19	Banque du Liban (Central Bank of Lebanon)	Lebanon	S4_nation_state	offramp_cex	Banque du Liban issued a public warning in Dec 2013 against the use of Bitcoin and other unregulated digital currencies, the first Middle East central bank stance, citing money-laundering, fraud and lack of legal backing.	https://www.coindesk.com/lebanons-bank-bitcoin-warning | https://blogbaladi.com/lebanons-central-bank-prohibits-the-use-of-bitcoin/
india-rbi-virtual-currency-caution-2013-12	2013-12-24	Reserve Bank of India (RBI)	India	S4_nation_state	offramp_cex	RBI issued its first public caution (press release Dec 24, 2013) warning holders/traders of virtual currencies of legal/financial/security risks and stating it had not authorised any entity to deal in Bitcoin or any virtual currency.	https://www.rbi.org.in/commonman/English/Scripts/PressReleases.aspx?Id=2152 | https://www.coindesk.com/markets/2013/12/24/rbi-warns-against-using-bitcoin
malaysia-bnm-bitcoin-not-legal-tender-statement-2014-01	2014-01-03	Bank Negara Malaysia (BNM)	Malaysia	S4_nation_state	offramp_cex	Bank Negara Malaysia statement (Jan 3, 2014) stated Bitcoin is not recognised as legal tender in Malaysia and is not regulated by the central bank, cautioning the public on the risks.	https://www.bnm.gov.my/-/statement-on-bitcoin
taiwan-fsc-bitcoin-atm-banking-ban-2014-01	2014-01-06	Taiwan Financial Supervisory Commission (FSC)	Taiwan	S4_nation_state	offramp_cex	Taiwan's FSC blocked Robocoin Bitcoin ATM installations and barred banks/financial institutions from converting or using Bitcoin as a payment tool via ATMs, ruling Bitcoin is not a currency.	https://focustaiwan.tw/business/201401060030 | https://www.coindesk.com/markets/2014/01/06/taiwan-regulators-block-robocoin-bitcoin-atms/
belgium-nbb-fsma-virtual-currency-warning-2014-01	2014-01-14	National Bank of Belgium (NBB) and FSMA	Belgium	S4_nation_state	offramp_cex	NBB and FSMA issued a joint press release (Jan 2014) warning consumers that virtual currencies are not legal tender, are unregulated, and carry significant risks.	https://en.wikipedia.org/wiki/Cryptocurrencies_in_Europe | https://www.loc.gov/item/2014427360/
russia-prosecutor-general-monetary-surrogate-2014-02	2014-02-06	Prosecutor General's Office of the Russian Federation	Russia	S4_nation_state	offramp_cex	Russia's Prosecutor General's Office declared on Feb 6, 2014 that anonymous payment systems and cyber-currencies including Bitcoin are illegal 'monetary surrogates' that cannot be used by individuals or legal entities, the country's first official prohibition stance (distinct from the Jan 2014 CBR letter already in corpus).	https://techcrunch.com/2014/02/07/russia-bans-bitcoin/ | https://www.cnbc.com/2014/02/10/russian-authorities-say-bitcoin-illegal
jordan-cbj-crypto-banking-ban-2014	2014-02-22	Central Bank of Jordan (CBJ)	Jordan	S4_nation_state	offramp_cex	Central Bank of Jordan (2014) prohibited banks, financial companies and payment-service providers from dealing in Bitcoin or other virtual currencies and warned the public of associated risks.	https://freemanlaw.com/cryptocurrency/jordan/ | https://en.wikipedia.org/wiki/Legality_of_cryptocurrency_by_country_or_territory
jordan-cbj-bank-crypto-prohibition-2014	2014-02-22	Central Bank of Jordan	Jordan	S4_nation_state	offramp_cex	Central Bank of Jordan circular prohibited banks, exchanges, and payment companies from dealing in bitcoin/cryptocurrencies, a standing ban maintained until a 2025 regulatory pivot.	https://jordantimes.com/news/local/central-bank-warns-against-using-bitcoin | https://freemanlaw.com/cryptocurrency/jordan/
vietnam-sbv-bitcoin-prohibition-statement-2014-02	2014-02-27	State Bank of Vietnam (SBV)	Vietnam	S4_nation_state	offramp_cex	State Bank of Vietnam press release (Feb 27, 2014) declared Bitcoin and other cryptocurrencies are not legal means of payment and warned institutions/individuals against issuing, supplying or using them.	https://vietnamnews.vn/economy/416480/sbv-says-bitcoin-prohibited-in-viet-nam.html | https://www.theasianbanker.com/press-releases/vietnams-central-bank-seeks-to-ban-bitcoin-activities
mexico-banxico-bitcoin-warning-2014-03	2014-03-10	Banco de Mexico (Banxico)	Mexico	S4_nation_state	offramp_cex	Banxico issued a statement (March 2014) warning that virtual assets such as Bitcoin are not legal tender in Mexico, are not issued or backed by the central bank, and carry significant risks.	https://www.loc.gov/item/global-legal-monitor/2014-04-29/mexico-central-bank-issues-warning-on-risks-of-using-bitcoin/
denmark-fsa-central-bank-bitcoin-not-currency-2014	2014-03-18	Danmarks Nationalbank and Danish FSA (Finanstilsynet)	Denmark	S4_nation_state	offramp_cex	Denmark's central bank stated (March 2014) Bitcoin is not a real currency ('more similar to glass beads') and the Danish FSA confirmed it falls outside its regulatory remit and is not legal tender, an early Nordic non-recognition stance.	https://www.loc.gov/item/global-legal-monitor/2014-07-16/denmark-recent-bank-and-tax-statements-on-bitcoin/ | https://www.coindesk.com/markets/2013/12/17/denmarks-authorities-bitcoin-is-not-regulated-here
china-pboc-banks-close-exchange-accounts-2014-04	2014-04-15	People's Bank of China (PBOC) / Chinese commercial banks (ABC, ICBC, etc.)	China	S4_nation_state	offramp_cex	Around an April 15, 2014 deadline attributed to PBOC, major Chinese banks (Agricultural Bank of China and others) closed the accounts of bitcoin exchanges including OKCoin, Huobi and BTC Trade, cutting fiat on/off-ramps (the operational follow-through to the Dec 2013 PBOC notice already in corpus).	https://www.coindesk.com/markets/2014/04/17/chinas-banks-close-more-bitcoin-accounts-following-pboc-deadline | https://www.ccn.com/pboc-orders-all-chinese-banks-third-party-payment-processors-shut-accounts-15-chinese-bitcoin-exchanges-april-15th/
cambodia-nbc-bitcoin-non-recognition-2014	2014-04-30	National Bank of Cambodia (NBC)	Cambodia	S4_nation_state	offramp_cex	National Bank of Cambodia stated in 2014 it would not recognise Bitcoin (no central-bank issuer/backing) as legal tender or a monetary instrument and warned of risks including links to illicit activity.	https://www.phnompenhpost.com/business/nbc-won%E2%80%99t-recognise-bitcoin | https://freemanlaw.com/cryptocurrency/cambodia/
ecuador-national-assembly-bitcoin-ban-2014-07	2014-07-23	National Assembly of Ecuador	Ecuador	S4_nation_state	offramp_cex	Ecuador's National Assembly amended its monetary/financial code in July 2014 to ban decentralized digital currencies (Bitcoin) while authorizing a state-run electronic money system, with power to confiscate holdings and prosecute users of prohibited digital currencies.	https://www.coindesk.com/markets/2014/07/25/ecuador-bans-bitcoin-plans-own-digital-money | https://bitcoinist.com/ecuadors-e-money-initiative-outlaws-bitcoin-makes-mandatory-banks-follow-dictate/
kyrgyzstan-nbkr-bitcoin-payment-ban-2014-08	2014-08-01	National Bank of the Kyrgyz Republic (NBKR)	Kyrgyzstan	S4_nation_state	offramp_cex	NBKR statement (Aug 2014) declared using Bitcoin and other virtual currencies as a means of payment illegal because the som is the sole legal tender in Kyrgyzstan.	https://www.coindesk.com/kyrgyzstan-bitcoin-payments-violate-state-law | https://nbkr.kg/searchout.jsp?amp=&amp=&item=31&lang=ENG&material=50718
russia-minfin-draft-bill-ban-monetary-surrogates-fines-2014	2014-10-03	Russian Ministry of Finance (Minfin)	Russia	S4_nation_state	offramp_cex	Russia's Finance Ministry published a draft bill (Aug 2014 announced, fines schedule released Oct 3, 2014) to amend the Central Bank law to explicitly ban monetary surrogates including cryptocurrencies, with proposed fines up to 1M rubles for legal entities.	https://www.coindesk.com/markets/2014/10/03/russia-proposes-monetary-penalties-for-bitcoin-use-and-promotion | https://www.coindesk.com/markets/2014/08/05/russian-ministry-of-finance-drafts-bill-banning-bitcoin/
kenya-cbk-virtual-currency-public-notice-2015-12	2015-12-01	Central Bank of Kenya	Kenya	S4_nation_state	offramp_cex	Central Bank of Kenya public notice cautioning against virtual currencies (Bitcoin), declaring them not legal tender; followed by a standing circular barring regulated banks from dealing with crypto firms.	https://www.centralbank.go.ke/images/docs/media/Public_Notice_on_virtual_currencies_such_as_Bitcoin.pdf | https://blockchain.bakermckenzie.com/2025/01/14/the-evolution-of-cryptocurrency-regulation-in-kenya-from-opposition-to-legalization/
kenya-cbk-virtual-currency-notice-2015-12	2015-12-01	Central Bank of Kenya	Kenya	S4_nation_state	offramp_cex	CBK public notice cautioning against virtual currencies, then a standing circular barring banks from servicing crypto firms.	https://www.centralbank.go.ke/images/docs/media/Public_Notice_on_virtual_currencies_such_as_Bitcoin.pdf
iraq-cbi-cryptocurrency-prohibition-2017	2017-01-01	Central Bank of Iraq	Iraq	S4_nation_state	offramp_cex	Central Bank of Iraq prohibited the use of cryptocurrencies by banks and currency traders in 2017, a standing ban citing AML/financial-stability risk.	https://freemanlaw.com/cryptocurrency/iraq-and-cryptocurrency/ | https://shafaq.com/en/Economy/Iraq-among-10-nations-banning-cryptocurrency
iraq-cbi-crypto-prohibition-2017	2017-01-01	Central Bank of Iraq	Iraq	S4_nation_state	offramp_cex	Central Bank of Iraq prohibited use of cryptocurrencies by banks and currency traders in 2017.	https://freemanlaw.com/cryptocurrency/iraq-and-cryptocurrency/
nepal-nrb-bitcoin-ban-2017-08	2017-08-13	Nepal Rastra Bank	Nepal	S4_nation_state	offramp_cex	NRB banned Bitcoin transactions under the Foreign Exchange (Regulation) Act 1962 on Aug 13 2017, leading to CIB arrests of seven exchange operators in Oct 2017.	https://freemanlaw.com/cryptocurrency/nepal/ | https://www.lightspark.com/knowledge/is-crypto-legal-in-nepal
vietnam-sbv-payment-prohibition-2017-10	2017-10-28	State Bank of Vietnam	Vietnam	S4_nation_state	offramp_cex	SBV declared Bitcoin and similar virtual currencies not lawful means of payment (Official Letter 5747/NHNN-PC, Jul 2017) and that issuance/supply/use of them as payment is illegal and punishable by fines up to VND 200m from Jan 1 2018; reinforced by PM Directive 10/CT-TTg (Apr 2018).	https://www.coindesk.com/markets/2017/10/31/vietnams-central-bank-announces-ban-on-bitcoin-payments | https://freemanlaw.com/cryptocurrency/vietnam/
morocco-office-des-changes-crypto-ban-2017-11	2017-11-20	Morocco Office des Changes, Bank Al-Maghrib, Ministry of Economy and Finance	Morocco	S4_nation_state	offramp_cex	Morocco's foreign-exchange authority and central bank issued a joint statement declaring cryptocurrency transactions illegal under FX rules, with penalties, citing fraud/ML/TF risk.	https://cryptobriefing.com/morocco-crypto-regulation-2017-ban/ | https://en.hespress.com/136144-how-moroccos-conversation-on-cryptocurrency-has-shifted-over-time.html
bangladesh-bb-crypto-illegality-reaffirmation-2017-2022	2017-12	Bangladesh Bank + CID	Bangladesh	S4_nation_state	offramp_cex	Bangladesh Bank reaffirmed (2017 warning, and via CID letters) that transacting in and promoting cryptocurrencies is illegal under FX and AML laws, the 2022 FX regulations re-affirming virtual currencies 'are not permitted'; CID/BFIU enforcement led to arrests (e.g., 14 in Dhaka, Jul 2022). Distinct from the 2014 BB warning in corpus.	https://www.tbsnews.net/economy/not-only-transactions-promotion-cryptocurrency-also-illegal-bb-280798 | https://www.dhakatribune.com/business/253548/cid-cryptocurrencies-are-illegal
bangladesh-bb-crypto-illegality-reaffirmation-2017	2017-12	Bangladesh Bank + CID	Bangladesh	S4_nation_state	offramp_cex	Bangladesh Bank reaffirmed (2017 warning and via CID letters) that transacting in and promoting cryptocurrencies is illegal under FX and AML laws, with the 2022 FX regulations re-affirming virtual currencies 'are not permitted'; CID/BFIU enforcement led to arrests (e.g., 14 in Dhaka, Jul 2022). Distinct from the 2014 BB warning in corpus.	https://www.tbsnews.net/economy/not-only-transactions-promotion-cryptocurrency-also-illegal-bb-280798 | https://www.dhakatribune.com/business/253548/cid-cryptocurrencies-are-illegal
algeria-finance-law-2018-crypto-prohibition	2017-12-28	Algeria (Finance Law 2018, Parliament)	Algeria	S4_nation_state	offramp_cex	Algeria's 2018 Finance Law prohibited the purchase, sale, use, and possession of virtual currency (later hardened by Law 25-10).	https://freemanlaw.com/cryptocurrency/algeria/ | https://decrypt.co/332890/algeria-bans-all-crypto-activities-including-ownership-and-mining
algeria-finance-law-2018-prohibition	2017-12-28	Algeria Finance Law 2018	Algeria	S4_nation_state	offramp_cex	Algeria Finance Law 2018 prohibited the purchase, sale, use and possession of virtual currency.	https://freemanlaw.com/cryptocurrency/algeria/
tunisia-central-bank-crypto-criminalization-2018	2018-01-01	Central Bank of Tunisia	Tunisia	S4_nation_state	offramp_cex	A 2018 Central Bank of Tunisia directive criminalized most crypto activity absent state authorization, with fines and up to five years' imprisonment.	https://www.lightspark.com/knowledge/is-crypto-legal-in-tunisia | https://coinfomania.com/cryptocurrency-regulations-in-tunisia/
tunisia-cbt-crypto-criminalization-2018	2018-01-01	Central Bank of Tunisia	Tunisia	S4_nation_state	offramp_cex	A 2018 Central Bank of Tunisia directive criminalized most crypto activity absent state authorization.	https://www.lightspark.com/knowledge/is-crypto-legal-in-tunisia
indonesia-bi-payment-instrument-prohibition-2018-01	2018-01-13	Bank Indonesia	Indonesia	S4_nation_state	offramp_cex	Bank Indonesia formally declared cryptocurrencies not a legitimate payment instrument under Currency Law 7/2011 and barred payment firms (PJSP/fintech) from processing virtual-currency transactions (per PBI 18/40/2016 and 19/12/2017).	https://www.coindesk.com/markets/2018/01/15/indonesia-central-bank-cryptocurrency-payments-not-legitimate | https://www.indonesia-investments.com/news/todays-headlines/use-of-bitcoin-as-payment-instrument-banned-by-indonesias-central-bank/item1618
indonesia-bi-payment-prohibition-2018-01	2018-01-13	Bank Indonesia	Indonesia	S4_nation_state	offramp_cex	Bank Indonesia declared crypto not a legitimate payment instrument and barred payment firms from processing crypto.	https://www.coindesk.com/markets/2018/01/15/indonesia-central-bank-cryptocurrency-payments-not-legitimate
korea-real-name-account-mandate-2018-01	2018-01-30	South Korea FSC + FSS	South Korea	S4_nation_state	offramp_cex	Real-name verified bank-account system took effect Jan 30 2018: anonymous virtual accounts for crypto trading banned; deposits allowed only where the exchange-account name matches a real-name bank account at the same bank, with minors and foreigners barred.	https://www.coindesk.com/markets/2018/01/23/south-korea-reveals-deadline-for-anonymous-crypto-trading-halt/ | https://www.koreaherald.com/article/1569335
pakistan-sbp-crypto-banking-prohibition-2018-04	2018-04-06	State Bank of Pakistan	Pakistan	S4_nation_state	offramp_cex	SBP BPRD Circular No. 03 of 2018 barred all banks, DFIs, microfinance banks and payment-system operators from processing, trading, holding or facilitating any virtual-currency/ICO-token transactions, declaring crypto not legal tender.	https://www.sbp.org.pk/bprd/2018/C3.htm | https://www.sbp.org.pk/warnings/pdf/2018/PBNT-VC.pdf
pakistan-sbp-crypto-prohibition-circular-2018-04	2018-04-06	State Bank of Pakistan	Pakistan	S4_nation_state	offramp_cex	State Bank of Pakistan Circular No. 3 of 2018 advised banks/financial institutions not to process, use, trade, or facilitate virtual-currency transactions, effectively banning crypto banking rails (later cited under FATF grey-list pressure).	https://www.sbp.org.pk/bprd/2018/C3.htm | https://www.aa.com.tr/en/asia-pacific/pakistan-moves-against-illegal-cryptocurrency-services-transactions/2899606
pakistan-sbp-crypto-prohibition-2018-04	2018-04-06	State Bank of Pakistan	Pakistan	S4_nation_state	offramp_cex	SBP Circular No.3 of 2018 barred banks from processing or facilitating virtual-currency transactions.	https://www.sbp.org.pk/bprd/2018/C3.htm
cambodia-nbc-joint-crypto-prohibition-2018-05	2018-05-11	National Bank of Cambodia + SECC + National Police	Cambodia	S4_nation_state	offramp_cex	NBC, the securities regulator (SECC) and the General-Commissariat of National Police issued a joint statement (May 11 2018) prohibiting the propagation, circulation, buying, selling, trading and settlement of cryptocurrencies without a license — a de facto ban since no licenses were granted.	https://www.dfdl.com/insights/legal-and-tax-updates/cryptoassets-regulation-introduced-by-the-national-bank-of-cambodia-nbc/ | https://www.khmertimeskh.com/501065952/conducting-cryptocurrency-related-activities-in-cambodia-is-still-illegal/
zimbabwe-rbz-circular-2-2018-golix-ban	2018-05-11	Reserve Bank of Zimbabwe	Zimbabwe	S4_nation_state	offramp_cex	RBZ Circular No. 2/2018 ordered all banks to stop servicing crypto exchanges (naming Golix/Bitfinance and Styx24) within 60 days; Golix obtained a High Court provisional suspension on 24 May 2018.	https://www.techzim.co.zw/2018/05/cryptocurrency-ban-full-statement-rbz/ | https://altadvisory.africa/2018/05/28/harare-high-court-grants-provisional-order-regarding-ban-on-cryptocurrency/
zimbabwe-rbz-circular-2-2018-golix	2018-05-11	Reserve Bank of Zimbabwe	Zimbabwe	S4_nation_state	offramp_cex	RBZ Circular 2/2018 ordered banks to stop servicing crypto exchanges Golix and Styx24 within 60 days; later court-suspended.	https://www.techzim.co.zw/2018/05/cryptocurrency-ban-full-statement-rbz/
saudi-standing-committee-crypto-illegal-2018-08	2018-08-12	Saudi Standing Committee on unauthorized securities (CMA, SAMA, MoI, MoCI, MoMedia)	Saudi Arabia	S4_nation_state	offramp_cex	Saudi inter-agency Standing Committee declared trading in unauthorized virtual currencies (incl. Bitcoin) illegal in the Kingdom, warning against promotion and dealing.	https://blockchain.bakermckenzie.com/2018/08/15/unauthorized-cryptocurrency-declared-illegal-in-saudi-arabia/ | https://www.ccn.com/saudi-arabia-bitcoin-trading-is-illegal-in-the-kingdom/
nydfs-bittrex-bitlicense-rejection-wind-down-2019-04	2019-04-10	New York DFS (NYDFS)	United States (New York)	S4_nation_state	offramp_cex	NYDFS denied Bittrex's BitLicense application (AML/capital deficiencies) and ordered it to wind down/transfer NY-resident positions by 9 June 2019, forcing a NY exit.	https://news.bitcoin.com/new-york-orders-bittrex-cease-operations-approves-bitstamp/ | https://crypto.news/new-york-nyfds-rejects-bittrexs-bitlicense-application/
nydfs-bittrex-bitlicense-rejection-2019-04	2019-04-10	New York DFS	United States New York	S4_nation_state	offramp_cex	NYDFS denied Bittrex BitLicense and ordered NY wind-down by June 2019.	https://news.bitcoin.com/new-york-orders-bittrex-cease-operations-approves-bitstamp/
china-pboc-exchange-access-block-2019-06	2019-06	People's Bank of China + Shenzhen authorities	China	S4_nation_state	l0_network	2019 reaffirmation crackdown: PBOC moved to block access to domestic and offshore crypto-exchange and ICO websites via the Great Firewall, and in November 2019 Shenzhen authorities identified 39 exchanges violating the trading ban and initiated corrective action.	https://cointelegraph.com/news/chinas-crackdown-on-cryptocurrency-trading-a-2019-recap | https://www.veriff.com/kyc/news/china-bans-cryptocurrency-trading-and-mining
korea-exchange-privacy-coin-delisting-2019-09	2019-09-30	Upbit / OKEx Korea (regulatory-driven)	South Korea	S4_nation_state	asset_onchain	Pre-law FATF-Travel-Rule-driven delistings: Upbit ceased trading of six privacy coins (Monero, Dash, Zcash, Haven, BitTube, PIVX) on Sept 30 2019 and OKEx Korea delisted five (incl. Monero, Zcash, Dash) effective Oct 10 2019 citing inability to collect travel-rule data.	https://www.coindesk.com/markets/2019/09/20/south-koreas-upbit-becomes-latest-exchange-to-delist-privacy-coins/ | https://www.coindesk.com/markets/2019/10/10/okex-korea-reviewing-decision-to-delist-privacy-coins-zcash-and-dash
india-sc-iamai-rbi-ban-reversal-2020-03	2020-03-04	Supreme Court of India	India	S4_nation_state	offramp_cex	Supreme Court (IAMAI v RBI) quashed the April 2018 RBI banking ban on crypto as a disproportionate Article 19(1)(g) restriction, restoring banks' ability to service crypto businesses — the judicial reversal of the corpus's india-rbi-crypto-ban-2018.	https://www.theblock.co/post/57708/indias-supreme-court-strikes-down-rbis-banking-ban-against-crypto | https://www.scconline.com/blog/post/2020/03/04/sc-quashes-rbis-ban-on-cryptocurrency-trading/
japan-fsa-margin-leverage-cap-2x-2020-05	2020-05-01	Japan FSA	Japan	S4_nation_state	offramp_cex	Revised Financial Instruments and Exchange Act / Payment Services Act (effective May 1 2020) capped crypto margin-trading leverage at 2x and required exchanges offering margin/derivatives to register, tightening the prior self-imposed 4x cap.	https://www.coindesk.com/policy/2020/01/13/japans-financial-watchdog-to-set-low-leverage-cap-for-crypto-margin-traders-report/ | https://www.theblock.co/linked/52804/japan-wants-to-halve-leverage-cap-in-crypto-margin-trading-to-2x
myanmar-cbm-crypto-prohibition-directive-9-2020	2020-05-15	Central Bank of Myanmar	Myanmar	S4_nation_state	offramp_cex	CBM Directive 9/2020 (May 15 2020) made buying, selling, trading or transferring any cryptocurrency illegal under the Central Bank Law, AML Law and Financial Institutions Law, with account closures and criminal penalties; reaffirmed May 2024.	https://www.tilleke.com/insights/myanmars-central-bank-issues-further-warning-against-crypto-trading/ | https://ainfp.org/myanmar-crypto-ban-central-bank-directive-9-2020-explained
egypt-cbe-warning-and-banking-law-194-2020	2020-09-15	Central Bank of Egypt	Egypt	S4_nation_state	offramp_cex	Egypt's Central Bank and Banking Sector Law No. 194 of 2020 prohibited issuing, trading, or promoting cryptocurrencies without a CBE license (preceded by the CBE's Jan 2018 warning and Dar al-Ifta haram fatwa).	https://freemanlaw.com/cryptocurrency/egypt/ | https://cointelegraph.com/learn/articles/crypto-regulations-in-egypt
egypt-cbe-banking-law-194-prohibition-2020	2020-09-15	Central Bank of Egypt	Egypt	S4_nation_state	offramp_cex	Egypt Banking Law 194/2020 prohibited issuing, trading or promoting crypto without a CBE license.	https://freemanlaw.com/cryptocurrency/egypt/
uae-sca-crypto-asset-activities-regulation-decision-23-2020	2020-11-01	UAE Securities and Commodities Authority (SCA)	United Arab Emirates (onshore federal)	S4_nation_state	offramp_cex	SCA Decision No. 23/RM of 2020 (Crypto Asset Activities Regulation) imposed a federal onshore licensing regime over crypto offering, exchange, custody, and related services in the UAE outside the financial free zones.	https://www.charlesrussellspeechlys.com/en/insights/expert-insights/dispute-resolution/2024/in-depth-virtual-currency-regulation-uae/ | https://www.dlapiper.com/en/insights/publications/the-uae-cryptocurrency-and-digital-asset-regulation-series/2025/no-1the-regulatory-landscape-for-digital-assets-in-the-uae
uae-sca-crypto-asset-regulation-2020-11	2020-11-01	UAE SCA	United Arab Emirates	S4_nation_state	offramp_cex	SCA Decision 23 of 2020 imposed a federal onshore licensing regime over crypto offering, exchange and custody.	https://www.charlesrussellspeechlys.com/en/insights/expert-insights/dispute-resolution/2024/in-depth-virtual-currency-regulation-uae/
qatar-qcb-circular-6-and-qfcra-virtual-asset-ban-2020-12	2020-12-26	Qatar Central Bank (Circular 6/2018) + Qatar Financial Centre Regulatory Authority	Qatar	S4_nation_state	offramp_cex	Qatar banned crypto services: QCB Circular No. 6 of 2018 barred financial institutions from crypto dealing, and the QFCRA prohibited all virtual asset services within/from the QFC (formalized Dec 26, 2020), excepting token securities.	https://www.theblock.co/linked/52087/qatar-bans-crypto-trading-report | https://blogs.loc.gov/law/2025/01/regulation-of-cryptocurrencies-in-the-gulf-cooperation-council-gcc-countries-part-two/
qatar-qcb-qfcra-virtual-asset-ban-2020-12	2020-12-26	Qatar Central Bank and QFCRA	Qatar	S4_nation_state	offramp_cex	QCB Circular 6/2018 barred banks from crypto; QFCRA prohibited virtual-asset services in the QFC in Dec 2020.	https://www.theblock.co/linked/52087/qatar-bans-crypto-trading-report
korea-fsc-privacy-coin-delisting-mandate-2021-03	2021-03-25	South Korea FSC	South Korea	S4_nation_state	asset_onchain	Amended Special Financial Transactions Act enforcement decree (effective Mar 25 2021) effectively barred exchanges from handling 'dark coins' (Monero, Zcash, Dash, etc.), prohibiting domestic circulation of privacy coins on AML grounds.	https://blockchain.news/news/south-korea-financial-services-commission-to-ban-privacy-coins-from-exchanges | https://coinjournal.net/news/south-korea-bans-privacy-coins/
sri-lanka-cbsl-crypto-warning-fx-directive-2021	2021-04-09	Central Bank of Sri Lanka	Sri Lanka	S4_nation_state	offramp_cex	CBSL public notice (Apr 9 2021) stated crypto is not legal tender, no ICOs/mining/exchanges are authorized, and a Foreign Exchange Act directive prohibited bank and card payments for crypto transactions; warning reiterated amid the 2022 economic crisis.	https://www.cbsl.gov.lk/en/news/public-awareness-on-virtual-currencies-in-sri-lanka | https://news.bitcoin.com/sri-lankas-crypto-regulation-central-bank-cryptocurrency-risks-unlicensed-exchanges/
sri-lanka-cbsl-crypto-warning-fx-directive-2021-04	2021-04-09	Central Bank of Sri Lanka	Sri Lanka	S4_nation_state	offramp_cex	CBSL public notice (Apr 9 2021) stated crypto is not legal tender, no ICOs/mining/exchanges are authorized, and a Foreign Exchange Act directive prohibited bank and card payments for crypto transactions; warning reiterated amid the 2022 economic crisis.	https://www.cbsl.gov.lk/en/news/public-awareness-on-virtual-currencies-in-sri-lanka | https://news.bitcoin.com/sri-lankas-crypto-regulation-central-bank-cryptocurrency-risks-unlicensed-exchanges/
china-search-engine-social-keyword-exchange-block-2021-06	2021-06-09	Baidu / Weibo / Sogou / Zhihu (state-directed)	China	S4_nation_state	l0_network	Chinese search engines and social platforms (Baidu, Weibo, Sogou, Zhihu) began censoring keyword searches and accounts for Binance, OKEx and Huobi, returning legal-compliance error messages — June 2021 search/social censorship wave distinct from the March 2021 Weibo account purge already in corpus.	https://www.coindesk.com/markets/2021/06/09/chinese-internet-services-are-censoring-binance-huobi-and-okex-related-keywords | https://www.aljazeera.com/economy/2021/6/9/searches-for-crypto-exchanges-currently-blocked-in-china
thailand-sec-meme-fan-nft-exchange-token-ban-2021-06	2021-06-11	Thailand Securities and Exchange Commission	Thailand	S4_nation_state	offramp_cex	Thai SEC banned licensed exchanges from listing/trading meme tokens, fan tokens, NFTs, and exchange-issued tokens, ordering delisting within ~30 days.	https://www.coindesk.com/markets/2021/06/12/no-doge-allowed-thai-sec-bans-meme-fan-and-exchange-tokens-as-well-as-nfts | https://decrypt.co/73445/thai-sec-orders-exchanges-to-delist-meme-coins-nfts-and-social-tokens
thailand-sec-meme-nft-token-ban-2021-06	2021-06-11	Thailand SEC	Thailand	S4_nation_state	offramp_cex	Thai SEC banned exchanges from listing meme tokens, fan tokens, NFTs and exchange tokens, with 30-day delisting.	https://www.coindesk.com/markets/2021/06/12/no-doge-allowed-thai-sec-bans-meme-fan-and-exchange-tokens-as-well-as-nfts
china-pboc-banks-alipay-payment-channel-block-2021-06	2021-06-21	People's Bank of China	China	S4_nation_state	offramp_cex	PBOC summoned ICBC, AgBank, China Construction Bank, Postal Savings Bank, Industrial Bank and Alipay, ordering them to identify crypto-linked accounts and cut off payment channels for virtual-currency trading — fiat-rail de-risking distinct from the September 2021 comprehensive ban.	https://www.occrp.org/en/news/chinese-regulator-urges-banks-alipay-to-block-crypto-trading | https://www.coindesk.com/markets/2021/06/21/pboc-tells-banks-alipay-to-crack-down-on-crypto-speculation/
taiwan-fsc-aml-vasp-regime-2021-2024	2021-07-01	Taiwan FSC	Taiwan	S4_nation_state	offramp_cex	Taiwan brought VASPs under the Money Laundering Control Act effective Jul 1 2021, then via the July 2024 AML Act amendment imposed mandatory FSC AML registration before operating with criminal penalties (up to 2 years / NT$5m) for unregistered operation.	https://amlwatcher.com/news/taiwan-strengthens-anti-money-laundering-regulations-for-crypto-firms/ | https://www.tdcc.com.tw/portal/en/publication/special/279
blockfi-multistate-cease-desist-bia-2021-07	2021-07-19	US state securities regulators (NJ, TX, AL, KY, VT)	United States (state-level)	S4_nation_state	offramp_cex	Several US states (New Jersey first, then Texas, Alabama, Kentucky, Vermont) issued cease-and-desist orders against BlockFi Interest Accounts as unregistered securities, presaging the $100M federal/state settlement.	https://www.regulatoryoversight.com/2021/10/state-regulators-block-celsius-from-offering-interest-bearing-cryptocurrency-accounts/ | https://decrypt.co/110562/nexo-enforcement-action-bitcoin-earn-securities
blockfi-multistate-cease-desist-2021-07	2021-07-19	US states NJ TX AL KY VT	United States state-level	S4_nation_state	offramp_cex	Several US states issued cease-and-desist orders against BlockFi Interest Accounts as unregistered securities.	https://decrypt.co/110562/nexo-enforcement-action-bitcoin-earn-securities
nepal-nrb-comprehensive-crypto-ban-2021-09	2021-09-09	Nepal Rastra Bank	Nepal	S4_nation_state	l0_network	NRB issued a notice on Sept 9 2021 declaring the use, trading and mining of any form of cryptocurrency illegal, escalating the 2017 payment ban into a comprehensive prohibition with criminal penalties.	https://www.lightspark.com/knowledge/is-crypto-legal-in-nepal | https://notarynepal.com/blog/punishment-for-cryptocurrency-in-nepal
nepal-nrb-crypto-ban-2017-and-government-expansion-2021-09	2021-09-09	Nepal Rastra Bank / Government of Nepal	Nepal	S4_nation_state	offramp_cex	Nepal banned bitcoin transactions in Aug 2017 (with arrests of exchange operators) and expanded the prohibition to use, trading, and mining of all cryptocurrency via a Sept 2021 government/NRB notice.	https://freemanlaw.com/cryptocurrency/nepal/ | https://www.lightspark.com/knowledge/is-crypto-legal-in-nepal
nepal-nrb-crypto-ban-expansion-2021-09	2021-09-09	Nepal Rastra Bank	Nepal	S4_nation_state	offramp_cex	Nepal banned bitcoin in 2017 with arrests and expanded to use, trading and mining of all crypto via a Sept 2021 notice.	https://freemanlaw.com/cryptocurrency/nepal/
celsius-multistate-cease-desist-earn-2021-09	2021-09-17	US state securities regulators (NJ, TX, AL, KY)	United States (state-level)	S4_nation_state	offramp_cex	Multiple US states (New Jersey, Texas, Alabama, Kentucky) issued cease-and-desist actions against Celsius's Earn Rewards interest accounts as unregistered securities.	https://www.regulatoryoversight.com/2021/10/state-regulators-block-celsius-from-offering-interest-bearing-cryptocurrency-accounts/ | https://cointelegraph.com/news/california-files-order-against-nexo-interest-account-says-it-s-8th-state-to-take-action
celsius-multistate-cease-desist-2021-09	2021-09-17	US states NJ TX AL KY	United States state-level	S4_nation_state	offramp_cex	Multiple US states issued cease-and-desist actions against Celsius Earn Rewards accounts as unregistered securities.	https://www.regulatoryoversight.com/2021/10/state-regulators-block-celsius-from-offering-interest-bearing-cryptocurrency-accounts/
china-ndrc-mining-eliminated-industry-notice-2021-09	2021-09-24	China NDRC + 10 agencies	China	S4_nation_state	l1_consensus	NDRC and nine other authorities jointly issued the Notice on Regulating Virtual Currency Mining Activities, classifying crypto mining as an industry to be eliminated under the Industrial Structure Adjustment Catalogue and cutting electricity/financial support; distinct from the May 2021 State Council mining crackdown and the same-day PBOC trading ban.	https://www.loc.gov/item/global-legal-monitor/2022-02-08/china-national-development-and-reform-commission-issues-notice-restricting-cryptocurrency-mining/ | https://www.coindesk.com/policy/2021/09/24/china-tightens-crypto-mining-crackdown-bans-trading
korea-fiu-isms-real-name-exchange-shutdown-2021-09	2021-09-24	South Korea FSC / FIU	South Korea	S4_nation_state	offramp_cex	Sept 24 2021 registration deadline under the amended Specific Financial Information Act: exchanges needed ISMS certification plus real-name bank-account contracts; ~36 of ~60 exchanges shut down, only 5 (Upbit, Bithumb, Coinone, Korbit, later Gopax) retained KRW fiat services.	https://www.kedglobal.com/newsView/ked202108030015 | https://www.banklesstimes.com/news/2021/09/13/south-korea-cracks-down-on-crypto/
indonesia-mui-fatwa-crypto-haram-2021-11	2021-11-11	Indonesian Ulema Council (MUI)	Indonesia	S4_nation_state	l4_frontend	MUI's 7th Ijtima Ulama fatwa (Nov 9-11 2021) declared cryptocurrency haram both as currency and as a tradable commodity/asset citing gharar, dharar and qimar; East Java NU issued a parallel haram ruling — non-binding but adoption-suppressing religious authority.	https://www.thejakartapost.com/indonesia/2021/11/12/indonesia-ulema-council-forbids-cryptocurrency-trading-.html | https://mirror.mui.or.id/berita/32209/keputusan-fatwa-hukum-uang-kripto-atau-cryptocurrency/
singapore-mas-dpt-public-advertising-ban-2022-01	2022-01-17	Monetary Authority of Singapore	Singapore	S4_nation_state	l4_frontend	MAS Guidelines on Provision of DPT Services to the Public (Jan 17 2022) barred crypto service providers from marketing/advertising to the general public — no ads on public transport, websites, social media, broadcast/print media, physical ATMs, or via influencers; promotion limited to own channels.	https://www.mas.gov.sg/news/media-releases/2022/mas-issues-guidelines-to-discourage-cryptocurrency-trading-by-general-public | https://fintechnews.sg/58584/blockchain/mas-bans-crypto-trading-platforms-from-advertising-in-public-areas/
india-vda-30pct-tax-1pct-tds-finance-act-2022	2022-02-01	Government of India (Ministry of Finance)	India	S4_nation_state	offramp_cex	Finance Act 2022 introduced a flat 30% tax on virtual-digital-asset income (s.115BBH, no loss offset/carry-forward) and a 1% TDS on transfers (s.194S, effective Jul 1 2022) — punitive fiscal regime that collapsed domestic exchange volumes.	https://cleartax.in/s/tds-on-crypto-in-india | https://koinly.io/guides/crypto-tax-india/
china-tencent-wechat-nft-account-purge-2022	2022-03-31	Tencent / WeChat	China	S4_nation_state	l4_frontend	Tencent's WeChat suspended 10+ public accounts tied to NFT/digital-collectible trading (Mar 2022), updated terms to ban crypto/NFT discussion (Jun 2022), then shut its own Huanhe NFT platform (Jul 2022) under government policy — platform-level account takedowns distinct from the June 2022 industry self-discipline pact in corpus.	https://www.globaltimes.cn/page/202203/1257242.shtml | https://cointelegraph.com/news/tencent-shuts-down-nft-platform-as-gov-policy-makes-it-impossible-to-thrive
thailand-sec-crypto-payment-ban-2022-04	2022-04	Thailand SEC + Bank of Thailand	Thailand	S4_nation_state	offramp_cex	Thai SEC/BOT prohibited the use of digital assets as a means of payment for goods and services effective April 1 2022, barring crypto-payment services by licensed operators.	https://www.coindesk.com/business/2022/09/15/thailands-sec-bans-crypto-firms-from-offering-staking-and-lending-service | https://cointelegraph.com/news/thai-sec-intends-to-ban-crypto-lending-in-the-country
india-finance-act-vda-30pct-tax-1pct-tds-2022	2022-04-01	Government of India (Finance Act 2022; CBDT)	India	S4_nation_state	offramp_cex	India's Finance Act 2022 imposed a flat 30% tax on virtual-digital-asset gains (no loss set-off, from 1 Apr 2022) and a 1% TDS on transfers (from 1 Jul 2022), a de facto restrictive regime that drove most domestic volume offshore.	https://cleartax.in/s/tds-on-crypto-in-india | https://koinly.io/guides/crypto-tax-india/
india-finance-act-vda-tax-tds-2022	2022-04-01	Government of India	India	S4_nation_state	offramp_cex	Finance Act 2022 imposed 30 percent tax on VDA gains and 1 percent TDS on transfers, a de facto restrictive regime pushing volume offshore.	https://cleartax.in/s/tds-on-crypto-in-india
argentina-bcra-banks-crypto-services-ban-2022-05	2022-05-05	Banco Central de la Republica Argentina (BCRA)	Argentina	S4_nation_state	offramp_cex	BCRA Communication A 7506 prohibited financial institutions from offering or facilitating transactions in unauthorized crypto assets (a de facto ban since none are authorized), days after Banco Galicia enabled crypto buying.	https://www.coindesk.com/policy/2022/05/05/argentinas-central-bank-bans-lenders-from-offering-crypto-services | https://www.bcra.gob.ar/en/news/payment-service-providers-may-not-carry-out-transactions-with-crypto-assets-or-allow-their-clients-to-make-them-2/
argentina-bcra-banks-crypto-ban-2022-05	2022-05-05	BCRA	Argentina	S4_nation_state	offramp_cex	BCRA Communication A 7506 barred financial institutions from offering unauthorized crypto transactions, a de facto ban.	https://www.coindesk.com/policy/2022/05/05/argentinas-central-bank-bans-lenders-from-offering-crypto-services
kazakhstan-mining-tax-hike-law-2022-07	2022-07-11	Kazakhstan (President Tokayev / Parliament)	Kazakhstan	S4_nation_state	l1_consensus	Kazakhstan signed a 2022 law raising/restructuring the surcharge on electricity used by crypto miners (tiered by power price), tightening the mining regime ahead of the Feb 2023 Digital Assets Law.	https://www.coindesk.com/policy/2022/07/13/kazakh-crypto-mining-tax-hike-signed-into-law-by-president-tokayev/ | https://eurasianet.org/kazakhstan-slaps-crypto-miners-with-higher-energy-bills
philippines-bsp-vasp-license-moratorium-2022-09	2022-09-01	Bangko Sentral ng Pilipinas (BSP)	Philippines	S4_nation_state	offramp_cex	BSP imposed a three-year moratorium (from Sept 1 2022) on accepting new VASP license applications, later extended indefinitely from Sept 1 2025 — closing market entry for new crypto exchanges.	https://www.bsp.gov.ph/SitePages/MediaAndResearch/MediaDisp.aspx?ItemId=7647&MType=MediaReleases | https://coingeek.com/bsp-extends-ban-on-new-crypto-licenses-in-philippines/
thailand-sec-staking-lending-ban-2022-09	2022-09-15	Thailand SEC	Thailand	S4_nation_state	offramp_cex	Thai SEC banned digital-asset operators from offering deposit-taking, staking and lending ('depository') services with promised returns, following the 2022 crypto-lender collapses.	https://www.coindesk.com/business/2022/09/15/thailands-sec-bans-crypto-firms-from-offering-staking-and-lending-service | https://cryptopotato.com/thai-sec-forbids-local-crypto-firms-from-offering-staking-and-lending-services/
nexo-eight-state-enforcement-earn-2022-09	2022-09-26	US state securities regulators (CA, NY, KY, MD, OK, SC, WA, VT)	United States (state-level)	S4_nation_state	offramp_cex	Eight US states filed coordinated enforcement actions against Nexo's Earn Interest Product as an unregistered security, with California's order announced as the eighth.	https://decrypt.co/110562/nexo-enforcement-action-bitcoin-earn-securities | https://www.theblock.co/post/172900/california-issues-cease-and-desist-against-crypto-lender-nexo
nexo-eight-state-enforcement-2022-09	2022-09-26	US states CA NY KY MD OK SC WA VT	United States state-level	S4_nation_state	offramp_cex	Eight US states filed coordinated enforcement actions against Nexo Earn Interest Product as unregistered securities.	https://www.theblock.co/post/172900/california-issues-cease-and-desist-against-crypto-lender-nexo
canada-csa-pre-registration-undertaking-exchange-exodus-2023-02	2023-02-22	Canadian Securities Administrators (CSA) / provincial regulators incl. OSC	Canada	S4_nation_state	offramp_cex	CSA notice required all crypto trading platforms to sign a binding Pre-Registration Undertaking (no leverage, no unregistered stablecoins, custody segregation) or exit; triggered exits by OKX, Bybit, Paxos, dYdX, Bittrex, Deribit, and Blockchain.com (Binance covered separately).	https://www.mccarthy.ca/en/insights/publications/crypto-crackdown-osc-enforcement-2022-and-predictions-2023 | https://blockworks.com/news/bybit-flees-canada
canada-csa-pre-registration-undertaking-2023-02	2023-02-22	Canadian Securities Administrators	Canada	S4_nation_state	offramp_cex	CSA required crypto platforms to sign a binding Pre-Registration Undertaking or exit; triggered OKX, Bybit, Paxos, dYdX, Bittrex exits.	https://www.mccarthy.ca/en/insights/publications/crypto-crackdown-osc-enforcement-2022-and-predictions-2023
venezuela-sunacrip-shutdown-exchange-mining-halt-2023-03	2023-03-17	Venezuela (SUNACRIP / national crypto regulator), Attorney General	Venezuela	S4_nation_state	offramp_cex	Amid the PDVSA-Crypto corruption scandal, Venezuela suspended/reorganized SUNACRIP, arrested ~10 officials, and ordered crypto exchanges and mining farms to cease operations during the multi-month restructuring.	https://decrypt.co/124525/shut-down-mining-farms-exchanges-venezuela | https://cointelegraph.com/news/venezuela-shuts-down-crypto-mining-facilities-exchanges-amid-corruption-probe
venezuela-sunacrip-exchange-mining-halt-2023-03	2023-03-17	Venezuela SUNACRIP	Venezuela	S4_nation_state	offramp_cex	Venezuela suspended SUNACRIP amid a corruption scandal and ordered exchanges and mining farms to cease operations.	https://decrypt.co/124525/shut-down-mining-farms-exchanges-venezuela
pakistan-senate-committee-crypto-ban-intent-2023-05	2023-05-16	Pakistan Senate Standing Committee on Finance / Ministry of Finance	Pakistan	S4_nation_state	offramp_cex	Pakistan's Senate Finance Committee and Minister of State Aisha Ghaus Pasha stated crypto would 'never be legalized,' citing an FATF condition, signaling a permanent prohibition amid FIA notices to Binance's local representatives.	https://www.coindesk.com/policy/2023/05/18/pakistan-announces-fresh-ban-on-crypto-but-adoption-as-a-hedge-remains-popular | https://propakistani.pk/2023/05/17/cryptocurrencies-to-be-permanently-banned-in-pakistan-soon-senate-committee/
kuwait-cma-cbk-absolute-virtual-asset-ban-2023-07	2023-07-17	Kuwait Capital Markets Authority + Central Bank of Kuwait + Insurance Regulatory Unit + Ministry of Commerce	Kuwait	S4_nation_state	offramp_cex	Kuwait imposed an 'absolute prohibition' on virtual asset payments, investments, and mining (CMA Circular 10/2023, CBK circular, IRU Circular 6/2023, Ministerial Circular 1/2023), barring any local VASP licensing, citing FATF R.15.	https://www.pymnts.com/cryptocurrency/2023/kuwait-imposes-absolute-prohibition-on-crypto-payments/ | https://cryptoslate.com/kuwait-imposes-absolute-ban-on-virtual-assets-to-combat-money-laundering-risks/
kuwait-cma-cbk-virtual-asset-ban-2023-07	2023-07-17	Kuwait CMA and CBK	Kuwait	S4_nation_state	offramp_cex	Kuwait imposed an absolute prohibition on virtual-asset payments, investments and mining, barring local VASP licensing.	https://www.pymnts.com/cryptocurrency/2023/kuwait-imposes-absolute-prohibition-on-crypto-payments/
x	2024-02	y	z	S4_nation_state	offramp_cex	w	https://example.com
nigeria-binance-executive-detention-sec-block-2024-02	2024-02-28	Nigeria (EFCC, ONSA, SEC, NCC/telecoms, Central Bank of Nigeria)	Nigeria	S4_nation_state	l4_frontend	Nigeria detained two Binance executives (Gambaryan, Anjarwalla), ordered telecoms to block access to Binance/Coinbase/other exchange sites, declared Binance unauthorized, and sought ~$10B penalty over alleged $26B untraceable flows; Binance delisted the naira.	https://www.coindesk.com/policy/2024/02/29/nigeria-detains-binance-executives-as-it-investigates-the-crypto-exchange-reports | https://www.semafor.com/article/02/29/2024/arrest-binance-nigeria-crypto | https://www.bloomberg.com/news/articles/2024-02-29/ngn-usd-nigeria-detains-binance-executives
nigeria-binance-executive-detention-block-2024-02	2024-02-28	Nigeria EFCC SEC NCC CBN	Nigeria	S4_nation_state	l4_frontend	Nigeria detained two Binance executives, ordered telecoms to block exchange sites, declared Binance unauthorized; Binance delisted the naira.	https://www.coindesk.com/policy/2024/02/29/nigeria-detains-binance-executives-as-it-investigates-the-crypto-exchange-reports
philippines-ntc-sec-binance-app-isp-block-2024-04	2024-04-23	Philippines SEC + NTC	Philippines	S4_nation_state	l4_frontend	After the March 2024 NTC order to ISPs to block Binance's website, the SEC in April 2024 formally asked Apple and Google to remove the Binance app (and later Bitget/OKX/MEXC) from Philippine app stores for unregistered securities offering — the app-store/ISP enforcement layer distinct from the corpus's philippines-sec-binance-block-2024.	https://www.cnbc.com/2024/04/23/philippines-orders-google-apple-to-remove-binance-from-app-stores.html | https://bitpinas.com/regulation/intl-exchange-app-store-ph-block/
bolivia-bcb-crypto-ban-lift-resolution-082-2024-06	2024-06-26	Banco Central de Bolivia (with ASFI and UIF)	Bolivia	S4_nation_state	offramp_cex	Bolivia's central bank lifted its 2014 crypto prohibition via Resolution No. 082/2024, authorizing financial institutions to process crypto transactions through approved electronic channels (a reversal/liberalization event, not a ban).	https://bitcoinist.com/crypto-adoption-expands-in-latin-america-bolivia-lifts-4-year-cryptocurrency-ban/ | https://cointelegraph.com/learn/articles/the-evolution-of-crypto-policy-in-bolivia
bolivia-bcb-crypto-ban-lift-082-2024-06	2024-06-26	Banco Central de Bolivia	Bolivia	S4_nation_state	offramp_cex	Bolivia lifted its 2014 crypto prohibition via Resolution 082/2024, authorizing banks to process crypto.	https://bitcoinist.com/crypto-adoption-expands-in-latin-america-bolivia-lifts-4-year-cryptocurrency-ban/
indonesia-kominfo-exchange-social-account-block-2024-07	2024-07	Indonesia Kominfo + Bappebti	Indonesia	S4_nation_state	l4_frontend	Kominfo, coordinating with Bappebti, blocked Instagram/social-media accounts and domains of unlicensed foreign exchanges (Binance, Bybit, Bitget, KuCoin, MEXC) for operating without Indonesian permits.	https://voi.id/en/technology/399743 | https://www.researchgate.net/publication/398660406_Kominfo_Blocks_Binance_and_KuCoin_Social_Media_Accounts_Explanations_from_Bappebti_to_Tokocrypto
korea-vaupa-effective-2024-07	2024-07-19	South Korea FSC / FSS	South Korea	S4_nation_state	offramp_cex	Virtual Asset User Protection Act came into force July 19 2024: prohibits market manipulation, use of material nonpublic information and unfair trading; FSC/FSS dedicated surveillance teams; first market-manipulation prosecution announced Nov 1 2024.	https://www.loc.gov/item/global-legal-monitor/2024-07-18/south-korea-act-to-regulate-cryptocurrency-markets-goes-into-effect/ | https://www.fsc.go.kr/eng/pr010101/82683
iran-cbi-exchange-freeze-shaparak-rial-restriction-2024-10	2024-10-23	Central Bank of Iran	Iran	S4_nation_state	offramp_cex	Following currency-defense pressure, the Central Bank of Iran restricted rial-to-crypto conversions on the Shaparak payment network and ordered a broad ban on deposits/withdrawals from crypto-exchange accounts (late Oct, reiterated late Dec 2024).	https://en.wikipedia.org/wiki/Cryptocurrency_in_Iran | https://www.specialeurasia.com/2025/02/05/crypto-iran-geopolitics/
iran-cbi-exchange-freeze-2024-10	2024-10-23	Central Bank of Iran	Iran	S4_nation_state	offramp_cex	CBI restricted rial-to-crypto on Shaparak and banned deposits and withdrawals from crypto-exchange accounts to defend the rial.	https://en.wikipedia.org/wiki/Cryptocurrency_in_Iran
indonesia-ojk-crypto-supervision-transfer-2025-01	2025-01-10	Indonesia OJK / Government (PP 49/2024)	Indonesia	S4_nation_state	offramp_cex	Effective Jan 10-12 2025, regulatory and supervisory authority over crypto assets transferred from commodity regulator Bappebti to financial-services authority OJK (Govt Reg 49/2024 + OJK Reg 27/2024), reclassifying crypto as a digital financial asset with new licensing/AML obligations.	https://ssek.com/blog/from-bappebti-to-ojk-indonesias-crypto-regulation-just-changed/ | https://www.hbtlaw.com/insights/2025-05/ojk-assumes-regulatory-oversight-digital-financial-assets
tradehill-dwolla-payment-cutoff-2012-02	2012-02-13	Dwolla (payment processor)	United States	S5_corporate	offramp_cex	Payment processor Dwolla reversed ~$100K of credited transactions and blocked $70K of funds belonging to Bitcoin exchange TradeHill (reversing its 'no chargebacks' policy), forcing TradeHill to cease operations mid-Feb 2012; TradeHill sued Dwolla for ~$2M (filed Mar 5, 2012) — an early payment-rail de-risking of a Bitcoin exchange.	https://venturebeat.com/2012/03/07/tradehill-sues-suing-dwolla-bitcoin/ | https://www.americanbanker.com/news/dwolla-put-us-out-of-business-bitcoin-exchange-says-in-suit
bitfloor-capital-one-debanking-2013-04	2013-04-17	Capital One (bank)	United States	S5_corporate	offramp_cex	Capital One unilaterally closed the bank account of US Bitcoin exchange BitFloor, cutting off its USD deposit/withdrawal rail and forcing it to suspend operations in April 2013 amid the wave of FinCEN-guidance-driven de-banking of early Bitcoin exchanges.	https://www.coindesk.com/markets/2013/06/04/fixing-bitcoins-shaky-exchange-infrastructure/ | https://www.americanbanker.com/fincen-regulations-choking-bitcoin-entrepreneurs-1058606-1.html
bitstamp-hot-wallet-hack-trading-suspension-2015-01	2015-01-05	Bitstamp (Slovenia/Luxembourg-based exchange)	Slovenia / EU (Luxembourg)	S5_corporate	offramp_cex	After ~19,000 BTC (~$5M) stolen from operational hot wallets on Jan 4, Bitstamp froze user accounts, suspended trading, and blocked deposits/withdrawals for ~5 days (reopened Jan 9) while it rebuilt on new infrastructure.	https://www.coindesk.com/markets/2015/01/05/bitstamp-claims-5-million-lost-in-hot-wallet-hack | https://fortune.com/2015/01/05/bitstamp-bitcoin-freeze-hack/ | https://techcrunch.com/2015/01/05/bitstamp-bitcoin-exchange-hack/
cryptsy-collapse-trading-suspension-insolvency-2016-01	2016-01-15	Cryptsy (US/Florida-based altcoin exchange; CEO Paul Vernon)	United States (Florida)	S5_corporate	offramp_cex	Cryptsy suspended trading and froze withdrawals in early Jan 2016, then announced insolvency claiming a 2014 hack of ~13,000 BTC; a Florida court receiver later alleged the CEO embezzled funds and fled, with users losing access to deposits.	https://www.coindesk.com/markets/2016/01/15/cryptsy-threatens-bankruptcy-claims-millions-lost-in-bitcoin-heist | https://www.coindesk.com/markets/2016/08/11/cryptsy-ceo-stole-millions-from-exchange-court-receiver-alleges
bitfinex-hack-socialized-loss-bfx-haircut-2016-08	2016-08-02	Bitfinex / iFinex (Hong Kong-based exchange)	Hong Kong	S5_corporate	offramp_cex	After 119,756 BTC (~$72M) were stolen, Bitfinex halted trading, deposits and withdrawals (down 4-5 days) and imposed a socialized-loss 36% haircut across ALL customer balances, issuing BFX tokens as scrip compensation.	https://en.wikipedia.org/wiki/2016_Bitfinex_hack | https://www.coindesk.com/markets/2016/08/03/the-bitfinex-bitcoin-hack-what-we-know-and-dont-know
bitfinex-us-retail-customer-exit-2017-11	2017-11-09	Bitfinex	United States	S5_corporate	offramp_cex	Bitfinex terminated trading/deposits/withdrawals for all US retail customers (effective by Nov 9 2017) and dropped US users from ERC-20/ICO tokens after SEC ICO-as-securities warning.	https://news.bitcoin.com/bitfinex-to-terminate-services-to-us-retail-customers-by-november-9/
shapeshift-mandatory-kyc-anonymity-end-2018-09	2018-09-04	ShapeShift	Global	S5_corporate	offramp_cex	ShapeShift (CEO Erik Voorhees) announced mandatory KYC membership, ending anonymous no-account swaps; later cost ~95% of users — a foundational CEX privacy-censorship action.	https://bitcoinist.com/shapeshift-ends-anonymity-with-announcement-of-mandatory-kyc-data-collection/ | https://bitcoinmagazine.com/culture/shapeshift-will-now-require-basic-personal-details-new-membership-program
poloniex-circle-us-token-geofence-2019-05	2019-05-29	Poloniex (Circle)	United States	S5_corporate	offramp_cex	Circle-owned Poloniex geofenced 9 tokens (ARDR, BCN, DCR, GAME, GAS, LSK, NXT, OMNI, REP) from US customers May 29 2019 over securities-classification uncertainty.	https://crypto.news/circles-poloniex-exchange-delists-nine-altcoins-u-s-markets/ | https://www.financemagnates.com/cryptocurrency/exchange/poloniex-to-delist-9-coins-in-the-us-cites-regulatory-uncertainties/
binance-com-us-customer-geofence-2019-06	2019-06-14	Binance	United States	S5_corporate	offramp_cex	Binance.com updated terms to bar all US persons (effective Sept 12 2019 after 90-day grace), enforcing IP geofencing/redirects; launched separate Binance.US.	https://www.coindesk.com/markets/2019/06/14/crypto-exchange-binancecom-to-block-us-customers-from-trading | https://techcrunch.com/2019/06/14/binance-begins-to-restrict-us-customers/
binance-dex-29-country-geoblock-2019-07	2019-07-01	Binance DEX (binance.org)	United States + 28 sanctioned/restricted countries	S5_corporate	l4_frontend	Binance DEX began IP geo-blocking the binance.org web interface for users from 29 countries including the US, Iran, Cuba, Syria, North Korea and Crimea — an early DEX frontend geofence.	https://www.financemagnates.com/cryptocurrency/news/binance-dex-to-geoblock-traders-from-29-countries-us-included/ | https://www.theblock.co/linked/25541/binance-dex-to-geo-block-u-s-customers-and-28-other-countries-starting-in-july
github-sanctioned-country-account-restriction-2019-07	2019-07-25	GitHub (Microsoft)	United States (OFAC export controls)	S5_corporate	l4_frontend	GitHub restricted accounts of developers in Iran, Syria, Crimea, Cuba and North Korea (private repos, Marketplace, paid orgs) per US export-control/OFAC law, based on IP and payment geolocation — affecting many crypto-stack developers.	https://techcrunch.com/2019/07/29/github-ban-sanctioned-countries/ | https://docs.github.com/en/site-policy/other-site-policies/github-and-trade-controls
okex-privacy-coin-delisting-2019-09	2019-09	OKEx	South Korea / Global	S5_corporate	offramp_cex	OKEx delisted five privacy coins in September 2019 to comply with FATF travel-rule guidance, part of the first major privacy-coin delisting wave (alongside Upbit).	https://crypto-economy.com/dash-xmr-upbit-to-delist-privacy-coins-xmr-dash-and-others-to-comply-with-fatf-guidelines/ | https://www.coindesk.com/markets/2019/09/20/south-koreas-upbit-becomes-latest-exchange-to-delist-privacy-coins/
upbit-privacy-coin-delisting-2019-09	2019-09-20	Upbit	South Korea	S5_corporate	offramp_cex	Upbit ended support for six privacy coins (XMR, DASH, ZEC, XHV, TUBE, PIVX) effective Sept 30 2019, citing money-laundering concerns and FATF guidance.	https://www.coindesk.com/markets/2019/09/20/south-koreas-upbit-becomes-latest-exchange-to-delist-privacy-coins/ | https://cointelegraph.com/news/upbit-exchange-delists-privacy-coins-due-to-money-laundering-concerns
bittrex-privacy-coin-delisting-2021-01	2021-01-01	Bittrex	Global (US-based exchange)	S5_corporate	offramp_cex	Bittrex announced delisting of privacy coins Monero (XMR), Zcash (ZEC) and Dash (DASH); markets removed Jan 15, 2021 at 23:00 UTC, citing AML/KYC compliance.	https://www.coindesk.com/markets/2021/01/01/bittrex-to-delist-privacy-coins-monero-dash-and-zcash | https://www.crowdfundinsider.com/2021/01/170894-monero-xmr-zcash-zec-and-dash-dash-cryptocurrency-markets-to-be-removed-from-bittrex-by-jan-15/
upbit-bithumb-regulatory-delisting-purge-2021-06	2021-06-18	Upbit + Bithumb	South Korea	S5_corporate	offramp_cex	Upbit (36 tokens incl. dark/privacy coins) and Bithumb delisted/flagged numerous coins ahead of mandatory FIU/FSC registration; many altcoins fell 50%+.	https://www.coindesk.com/policy/2021/06/24/upbit-bithumb-delist-numerous-coins-ahead-of-south-korean-regulatory-review
etoro-us-ada-trx-delisting-2021-12	2021-12-15	eToro	United States	S5_corporate	offramp_cex	eToro announced delisting of Cardano (ADA) and Tron (TRX) for US customers by year-end 2021 (no new positions/staking after Dec 31) citing securities-regulatory concerns.	https://cointelegraph.com/news/etoro-to-delist-cardano-by-2022-for-us-users-due-to-regulatory-concerns | https://www.theblock.co/linked/125215/etoro-to-delist-ada-trx-for-us-users-over-regulatory-concerns
pancakeswap-sanctioned-country-frontend-geofence-2022	2022	PancakeSwap	Iran, Belarus, Cuba, DRC, Iraq, North Korea, Sudan, Syria, Zimbabwe, Crimea	S5_corporate	l4_frontend	PancakeSwap (leading BNB-chain DEX) implemented frontend geofencing blocking users from a list of OFAC-sanctioned jurisdictions including Iran, North Korea, Cuba, Syria and Crimea.	https://www.theblock.co/linked/133904/pancakeswap-dex-reportedly-set-to-block-users-from-iran
opensea-metamask-sanctioned-country-deplatform-2022-03	2022-03-03	OpenSea / ConsenSys (MetaMask)	United States (OFAC sanctioned countries)	S5_corporate	l4_frontend	OpenSea deleted accounts of Iranian users and MetaMask/ConsenSys confirmed blocking users in OFAC-sanctioned jurisdictions (Iran, North Korea, Cuba, Syria, Crimea/Donetsk/Luhansk) amid the Russia-Ukraine sanctions wave.	https://fortune.com/crypto/2022/03/04/opensea-metamask-block-users-sanctions/ | https://www.artnews.com/art-news/news/opensea-deplatforms-iranian-users-us-sanctions-1234621105/
infura-metamask-venezuela-overbroad-geoblock-2022-03	2022-03-03	ConsenSys (Infura / MetaMask)	Venezuela (collateral of US Donetsk/Luhansk sanctions config)	S5_corporate	l3_rpc	Infura misconfigured new US-sanctions geoblocks too broadly, cutting off MetaMask RPC service to Venezuelan users (and other regions) before apologizing and restoring access — an RPC-layer over-block incident distinct from the Donetsk/Luhansk block.	https://www.coindesk.com/business/2022/03/04/crypto-industrys-sanctions-woes-on-full-display-in-metamasks-venezuela-hiccup | https://decrypt.co/94315/ethereum-infura-cuts-off-users-separatist-areas-ukraine-accidentally-blocks-venezuela
binance-russia-gunmaker-asset-freeze-ukraine-2022-08	2022-08-31	Binance	Russia / Ukraine	S5_corporate	offramp_cex	Binance froze crypto assets (~$21k BTC/ETH/USDT) of an account fundraising for Russian military supplies, after Ukrainian law-enforcement pressure.	https://www.coindesk.com/layer2/2022/08/31/binance-froze-russian-gun-makers-crypto-assets-amid-ukrainian-pressure
huobi-seven-privacy-coin-delisting-2022-09	2022-09-12	Huobi Global	Global	S5_corporate	offramp_cex	Huobi Global announced delisting of seven privacy coins (XMR, ZEC, DASH, DCR, FIRO, XVG, ZEN); trading ended Sept 6, removal Sept 19 2022, citing regulatory pressure. (Corpus huobi entry is labeled 2024 — confirm date coverage.)	https://www.coindesk.com/business/2022/09/12/crypto-exchange-huobi-to-delist-7-privacy-coins-including-zcash-monero | https://www.bloomberg.com/news/articles/2022-09-12/crypto-exchange-huobi-to-delist-privacy-tokens-including-zcash
magic-eden-ofac-sanctioned-country-block	2023	Magic Eden	United States (OFAC sanctioned countries)	S5_corporate	l4_frontend	Magic Eden, the leading Solana/multichain NFT marketplace, restricts access from OFAC-sanctioned countries as a stated compliance measure, blocking sanctioned-jurisdiction users from its marketplace.	https://help.magiceden.io/en/articles/8115154-restricted-access-for-ofac-sanctioned-countries
apple-uniswap-wallet-app-store-rejection-2023-03	2023-03-03	Apple	United States (app-store)	S5_corporate	l4_frontend	Apple refused to approve the Uniswap self-custody Wallet for the App Store, leaving it unavailable to iOS users despite approving comparable swapping wallets — an app-store gatekeeping block on a major DeFi frontend.	https://fortune.com/crypto/2023/03/03/uniswap-wallet-apple-app-store/
okx-canada-exit-2023-03	2023-03-20	OKX	Canada	S5_corporate	offramp_cex	OKX informed Canadian users it would stop services and new accounts from Mar 24 2023 over new CSA regulations.	https://www.theblock.co/post/226005/paxos-canada | https://cointelegraph.com/news/paxos-set-to-withdraw-from-canada-amid-regulatory-uncertainty
orca-dex-us-frontend-block-2023-03	2023-03-31	Orca (Solana DEX)	United States	S5_corporate	l4_frontend	Orca, Solana's leading DEX, added the United States to its restricted regions and blocked US users from trading via orca.so (announced March 16, effective March 31, 2023), citing US regulatory uncertainty.	https://www.coindesk.com/business/2023/03/16/crypto-exchange-orca-to-block-us-traders-from-website | https://watcher.guru/news/solana-blockchains-top-dex-restricts-us-users-as-of-march-31
dydx-canada-frontend-wind-down-2023-04	2023-04-07	dYdX	Canada	S5_corporate	l4_frontend	dYdX wound down access for Canadian users effective April 7, 2023, geofencing dydx.exchange from Canada (incl. Ontario) over the regulatory environment — distinct from its later US/Canada v4 geofence.	https://dydx.exchange/blog/canada-wind-down | https://www.theblock.co/post/225452/dydx-ends-support-for-canadian-users
paxos-canada-exit-2023-04	2023-04-12	Paxos	Canada	S5_corporate	offramp_cex	Paxos announced withdrawal from the Canadian market effective June 2 2023 amid CSA regulatory tightening.	https://www.coindesk.com/business/2023/04/12/blockchain-financial-services-firm-paxos-is-withdrawing-from-canada | https://cointelegraph.com/news/paxos-set-to-withdraw-from-canada-amid-regulatory-uncertainty
binance-canada-exit-2023-05	2023-05-12	Binance	Canada	S5_corporate	offramp_cex	Binance announced exit from Canada citing CSA stablecoin/investor-limit guidance making the market 'no longer tenable'; users to close positions by Sept 30 2023. (Corpus has the CSA-side S4 entry; this is the Binance corporate-exit mirror.)	https://www.coindesk.com/business/2023/05/12/binance-announces-exit-from-canada-citing-regulatory-tensions | https://cointelegraph.com/news/binance-calls-it-quits-in-canada-blames-new-rules
bybit-canada-exit-2023-05	2023-05-31	Bybit	Canada	S5_corporate	offramp_cex	Bybit announced it would cease serving Canadian users following the new CSA crypto-platform regulations.	https://www.thecoinrepublic.com/2023/05/31/crypto-exchange-bybit-quits-canada-after-new-set-of-regulations/
binance-netherlands-exit-2023-07	2023-06-16	Binance	Netherlands	S5_corporate	offramp_cex	Binance ceased all services for Netherlands users (effective July 17 2023) after failing to obtain Dutch VASP registration; urged migration to Coinmerce.	https://cryptobriefing.com/binance-to-exit-the-netherlands/ | https://www.binance.com/en/support/announcement/notice-on-changes-of-services-in-the-netherlands-b5a647be31cf469b87fc3337fd461ced
binance-europe-retreat-cyprus-austria-belgium-2023	2023-08	Binance	EU (Cyprus, Austria, Belgium, Germany)	S5_corporate	offramp_cex	Binance withdrew from/abandoned multiple European markets in 2023 — deregistered in Cyprus, pulled Austrian and Belgian applications, withdrew German BaFin license bid — consolidating ahead of MiCA.	https://www.coindesk.com/policy/2023/08/10/why-binance-is-abandoning-most-of-europe | https://www.coindesk.com/policy/2023/07/26/binance-withdraws-german-crypto-license-application
gemini-netherlands-exit-2023-11	2023-09-29	Gemini	Netherlands	S5_corporate	offramp_cex	Gemini announced it would halt Netherlands operations by Nov 17 2023 due to DNB requirements on crypto exchanges.	https://www.coindesk.com/policy/2023/09/29/gemini-to-cease-offering-crypto-services-in-netherlands-in-november | https://cointelegraph.com/news/crypto-gemini-halts-operations-netherlands-mid-november
circle-usdc-multichain-hack-freeze-2023-10	2023-10	Circle	United States (DOJ seizure warrant; SDNY bankruptcy court)	S5_corporate	asset_onchain	Circle froze three Ethereum wallets holding ~$63M USDC tied to the $210M Multichain bridge hack at DOJ direction (Oct 2023); freeze later judicially extended for Multichain liquidators after the DOJ warrant lapsed.	https://www.theblock.co/post/377094/multichain-extends-freeze-stolen-usdc | https://www.kucoin.com/news/flash/u-s-court-orders-circle-to-freeze-usdc-tied-to-multichain-hack
binance-hamas-account-freeze-israel-2023-10	2023-10-10	Binance + Israel Police (NBCTF/Lahav 433)	Israel / Palestine	S5_corporate	offramp_cex	Binance froze/seized 100+ accounts allegedly linked to Hamas fundraising at request of Israeli law enforcement in days after Oct 7 2023; ~200 more accounts placed on hold.	https://www.coindesk.com/policy/2023/10/10/hamas-linked-crypto-accounts-frozen-by-israeli-police-with-binances-help-report | https://www.calcalistech.com/ctechnews/article/skrc3yzbt
metamask-apple-app-store-removal-2023-10	2023-10-14	Apple	United States (app-store)	S5_corporate	l4_frontend	Apple briefly removed the MetaMask crypto wallet from the US App Store; it was restored within hours, prompting Coinbase's CEO to call for antitrust scrutiny of app-store gatekeeping over crypto apps.	https://www.axios.com/2023/10/14/apple-crypto-app-store-remove-metamask | https://decrypt.co/201645/metamask-crypto-wallet-removed-from-apple-app-store
binance-uk-new-user-halt-2023-10	2023-10-16	Binance	United Kingdom	S5_corporate	offramp_cex	Binance stopped accepting new UK users from Oct 16 2023 after FCA financial-promotions regime forced loss of its FCA-approver (Rebuildingsociety.com).	https://www.coindesk.com/business/2023/10/16/binance-to-stop-accepting-new-uk-users-to-comply-with-ad-rules | https://www.binance.com/en-GB/blog/all/update-on-binance-for-uk-users-937596818854026589
binance-palestinian-accounts-seizure-israel-2023-11	2023-11	Binance + Israel NBCTF (Paul Landes)	Palestine / Israel	S5_corporate	offramp_cex	Binance froze ~220 Palestinian user accounts under an Israeli Anti-Terrorism-Law seizure order (Nov 2023 NBCTF letter), refusing appeals to restore funds; sparked controversy over over-broad seizure.	https://www.cryptopolitan.com/binance-seizes-palestinian-funds/ | https://skylineforhuman.org/en/news/details/801/binances-response-to-skylines-letter-on-seizure-of-palestinian-cryptocurrency-wallets
bittrex-global-shutdown-2023-11	2023-11-21	Bittrex Global	Global (ex-US)	S5_corporate	offramp_cex	Bittrex Global announced winding down all platforms, with trading disabled from Dec 4 2023 (following US Bittrex bankruptcy/SEC settlement). The US-Bittrex SEC case is in corpus; the Global corporate shutdown is the distinct S5 offramp event.	https://www.coindesk.com/business/2023/11/21/crypto-exchange-bittrex-global-to-shut-down
tether-voluntary-ofac-sdn-wallet-freeze-policy-2023-12	2023-12-09	Tether	Global (US OFAC alignment)	S5_corporate	asset_onchain	Tether announced a voluntary policy to proactively freeze all wallets on the OFAC SDN list without awaiting law-enforcement request, immediately blocking 161 addresses (~3.5M USDT); a major shift from its 2022 stance of freezing only on instruction.	https://tether.io/news/tether-introduces-new-policy-to-strengthen-ecosystem-security/ | https://cointelegraph.com/news/tether-announces-wallet-freezing-policy-ofac-sanctioned | https://www.dlnews.com/articles/snapshot/stablecoin-issuer-tether-froze-wallets-of-sanctioned-persons/
binance-monero-global-delisting-2024-02	2024-02-06	Binance	Global	S5_corporate	offramp_cex	Binance announced global delisting of Monero (XMR) (alongside ANT, MULTI, VAI), trading halted Feb 20 2024 and withdrawals ended May 20; XMR fell ~30%. Distinct from the 2023 EU-jurisdiction privacy delisting already in corpus.	https://www.coindesk.com/markets/2024/02/06/binance-to-delist-monero-privacy-token-xmr-slides | https://www.theblock.co/post/276176/binance-delisting-monero
binance-nigeria-naira-services-end-2024-03	2024-03-05	Binance	Nigeria	S5_corporate	offramp_cex	Binance discontinued all naira (NGN) services (P2P halted Feb 20, NGN deposits ended Mar 5, withdrawals ended Mar 8 2024), converting balances to USDT, amid Nigerian government clampdown and exec detentions.	https://www.coindesk.com/policy/2024/03/05/binance-will-discontinue-its-nigerian-naira-services-after-government-scrutiny | https://techcrunch.com/2024/03/05/binance-to-halt-naira-services-amid-ongoing-regulatory-probe-in-nigeria/
okx-india-exit-2024-03	2024-03-21	OKX	India	S5_corporate	offramp_cex	OKX ceased Indian operations, asking users to withdraw by Apr 30 2024, after FIU-IND illegal-operation notices and Apple/Google app removals.	https://techcrunch.com/2024/03/21/crypto-exchange-okx-ceases-services-in-india/ | https://www.theblock.co/post/284003/crypto-exchange-okx-exiting-india
tether-apac-pig-butchering-freeze-2024-06	2024-06	Tether / Binance / OKX (with Chainalysis)	APAC law enforcement	S5_corporate	asset_onchain	Tether, Binance and OKX assisted APAC law enforcement in freezing ~$46.9M USDT across five main wallets tied to a pig-butchering scam network (victims 2022-2023), traced via Chainalysis.	https://www.theblock.co/post/368611/chainalysis-tether-binance-okx-police-freeze-nearly-50-million-usd-pig-butchering-scam-funds | https://www.chainalysis.com/blog/apac-law-enforcement-freezes-pig-butchering-funds-august-2025/
okx-nigeria-exit-2024-08	2024-07-17	OKX	Nigeria	S5_corporate	offramp_cex	OKX discontinued all Nigeria services effective Aug 16 2024 (NGN/P2P removed May 2024), citing changes in local laws.	https://nairametrics.com/2024/07/17/crypto-exchange-okx-to-discontinue-service-in-nigeria/ | https://www.financemagnates.com/cryptocurrency/okx-to-end-operations-in-nigeria-blames-changes-in-local-laws/
t3-financial-crime-unit-launch-2024-09	2024-09	Tether / TRON / TRM Labs	Global (private enforcement consortium)	S5_corporate	asset_onchain	Tether, TRON and TRM Labs launched the T3 Financial Crime Unit, a private consortium executing USDT freezes via blacklisting at law-enforcement direction; it froze $100M+ by Jan 2025 and $450M+ by late 2025 across 20+ jurisdictions.	https://www.trmlabs.com/resources/blog/t3-financial-crime-unit-marks-enforcement-victory-100-million-in-criminal-assets-frozen-across-five-continents | https://www.theblock.co/post/401252/tether-tron-trm-labs-freeze-over-450-million-in-illicit-crypto-assets
coinbase-eu-usdt-stablecoin-delisting-2024-12	2024-12-13	Coinbase (Europe/Germany)	EEA	S5_corporate	offramp_cex	Coinbase delisted USDT, PAX, PYUSD, GUSD, GYEN and DAI for EEA retail users by Dec 13/30 2024 under MiCA non-compliant-stablecoin rules.	https://decrypt.co/296453/coinbase-europe-delists-usdt | https://www.coindesk.com/policy/2024/10/04/coinbase-to-delist-unauthorized-stablecoins-in-eu-by-december
bybit-france-exit-2024-12	2024-12-17	Bybit	France	S5_corporate	offramp_cex	Bybit announced cessation of withdrawal/custody services for French users from Jan 8 2025 amid AMF regulatory pressure (later reversed Feb 2025 via Bybit EU).	https://www.fxleaders.com/news/2024/12/17/bybit-to-end-services-in-france-key-deadlines-and-next-steps-for-users/ | https://beincrypto.com/bybit-exits-france-amid-regulatory-woes/
gate-io-privacy-coin-perpetuals-delisting-2024-12	2024-12-26	Gate.io	Global / EEA	S5_corporate	offramp_cex	Gate.io moved XMR, DASH, ZEC, ZEN, XVG perpetual contracts to reduce-only Dec 25 and fully delisted Dec 26 2024 amid MiCA privacy-coin pressure.	https://www.coincarp.com/exchange/announcement/gate-io-41883/ | https://news.bitcoin.com/5-privacy-coins-face-delisting-on-gate-io-exchange/
wazirx-tether-usdt-hack-freeze-2025-01	2025-01-17	WazirX / Tether	India / Global (DPRK Lazarus-linked)	S5_corporate	asset_onchain	WazirX, with Tether's assistance, froze ~$3M USDT tied to its July 2024 $230M breach attributed to North Korea's Lazarus Group.	https://decrypt.co/301538/wazirx-freezes-3-million-hack | https://www.business-standard.com/companies/start-ups/wazirx-freezes-3-million-in-usdt-nearly-7-months-after-cyberattack-125011701136_1.html
crypto-com-eu-usdt-stablecoin-delisting-2025-01	2025-01-29	Crypto.com	EEA	S5_corporate	offramp_cex	Crypto.com announced suspension of USDT and 9 other non-MiCA-compliant tokens for European users by Jan 31 2025.	https://www.coindesk.com/policy/2025/01/29/crypto-com-will-suspend-tether-paypal-stablecoin-services-in-europe-due-to-mica
tether-bybit-hack-lazarus-freeze-2025-02	2025-02-23	Tether	Global (DPRK Lazarus-linked)	S5_corporate	asset_onchain	Tether froze 181,000 USDT linked to the $1.4B Bybit exploit attributed to the North Korea Lazarus Group; later assisted USSS in a related $9M freeze.	https://www.theblock.co/post/342840/meth-protocol-announces-43-million-recovery-from-bybit-hack-while-tether-freezes-181000
binance-eea-usdt-spot-delisting-2025-03	2025-03	Binance	EEA	S5_corporate	offramp_cex	Binance announced delisting of nine non-MiCA-compliant stablecoins incl. USDT spot trading pairs for EEA users in March 2025 (derivatives retained).	https://cointelegraph.com/news/tether-usdt-trading-eu-coinbase-delisting | https://www.financemagnates.com/cryptocurrency/racing-against-mica-deadlines-coinbase-set-to-delist-tethers-usdt/
tether-garantex-usdt-freeze-2025-03	2025-03-06	Tether	Global (EU/US sanctions on Garantex)	S5_corporate	asset_onchain	Tether froze ~$27M USDT held by sanctioned Russian exchange Garantex following EU's 16th sanctions package, forcing Garantex to suspend all services and halt withdrawals.	https://cointelegraph.com/news/tether-freezes-27-million-usdt-sanctions-garantex-russia | https://tether.io/news/tether-recognized-for-assisting-the-united-states-secret-service-in-23m-freeze-related-to-transfers-on-sanctioned-exchange-garantex/
circle-usdc-sealed-civil-case-16-address-freeze-2025-03	2025-03-23	Circle	United States (sealed NY civil case)	S5_corporate	asset_onchain	Circle blacklisted 16 USDC addresses (exchanges, casinos, FX platforms) citing a sealed NY civil case; after ZachXBT criticism that the freeze was overbroad, Circle reversed several including a Goated.com wallet.	https://www.theblock.co/post/395190/circle-unfreezes-usdc | https://www.coinspeaker.com/circle-unfreezes-blacklisted-usdc-crypto-wallet-backlash/
tether-okx-doj-pig-butchering-225m-freeze-2025-06	2025-06-18	Tether / OKX	United States (DOJ / USDC DC)	S5_corporate	asset_onchain	Tether and OKX froze ~$225.3M USDT across seven wallets at DOJ direction in the largest-ever pig-butchering civil forfeiture; Tether burned and reissued the tokens to the US government.	https://www.theblock.co/post/263802/tether-freezes-225-million-worth-of-stolen-usdt-after-doj-investigation | https://tether.io/news/tether-acknowledged-by-doj-for-support-in-225m-seizure-linked-to-pig-butchering-fraud/
tether-ofac-iran-economic-fury-344m-freeze-2026-04	2026-04-23	Tether	United States (OFAC / Operation Economic Fury) vs Iran	S5_corporate	asset_onchain	Tether froze ~$344M USDT across two Tron addresses linked to Iran's IRGC/Central Bank under OFAC's Operation Economic Fury — its largest single on-chain freeze; later challenged by a lawsuit demanding return of funds.	https://tether.io/news/tether-supports-freeze-of-more-than-344-million-in-usdt-in-coordination-with-ofac-and-u-s-law-enforcement/ | https://www.coindesk.com/policy/2026/04/24/tether-s-usd344-million-usdt-freeze-linked-to-u-s-economic-fury-against-iran-regime | https://www.trmlabs.com/resources/blog/ofac-sanctions-crypto-addresses-associated-with-the-central-bank-of-iran-freezes-usd-344-million
esa-eba-esma-eiopa-virtual-currency-warning-2013-12	2013-12-13	European Banking Authority (EBA), ESMA and EIOPA (Joint European Supervisory Authorities)	European Union	S6_supranational	offramp_cex	The three ESAs (EBA/ESMA/EIOPA) issued a joint consumer warning (Dec 13, 2013) on the high risks of buying/holding virtual currencies, noting they are unregulated under EU law and offer no legal protection — the earliest EU supranational action, predating the Jul 2014 EBA opinion already in corpus.	https://www.eba.europa.eu/publications-and-media/press-releases/esas-warn-consumers-risks-buying-virtual-currencies | https://www.iosco.org/library/ico-statements/Europe%20-%20ESA%20-%20ESMA,%20EBA%20and%20EIOPA%20warn%20consumers%20on%20the%20risks%20of%20Virtual%20Currencies.pdf
fatf-updated-rba-guidance-va-vasp-2021-10	2021-10-28	FATF	supranational (global)	S6_supranational	offramp_cex	FATF October 2021 Updated Guidance for a Risk-Based Approach to VAs and VASPs — revised the 2019 guidance on stablecoins, P2P/unhosted wallets, VASP licensing and Travel Rule implementation. Distinct instrument from the 2021 targeted-update report in corpus.	https://www.fatf-gafi.org/en/publications/Fatfrecommendations/Guidance-rba-virtual-assets-2021.html | https://www.fatf-gafi.org/content/dam/fatf-gafi/guidance/Updated-Guidance-VA-VASP.pdf
fatf-targeted-update-va-vasp-2022	2022-06-30	FATF	supranational (global)	S6_supranational	offramp_cex	FATF June 2022 Targeted Update on implementation of VA/VASP standards: only 29 of 98 surveyed jurisdictions had passed Travel Rule laws; flags DeFi, NFT and unhosted-wallet risks. Distinct from the 2021 and 2023 targeted updates already in corpus.	https://www.fatf-gafi.org/content/dam/fatf/documents/recommendations/Targeted-Update-Implementation-FATF%20Standards-Virtual%20Assets-VASPs.pdf | https://www.moneylaunderingnews.com/2022/07/fatf-issues-targeted-update-report-on-implementation-of-aml-cft-standards-on-virtual-assets/
bcbs-cryptoasset-prudential-standard-sco60-2022	2022-12-16	Basel Committee on Banking Supervision (BIS)	supranational (global)	S6_supranational	offramp_cex	BCBS final standard on prudential treatment of cryptoasset exposures (SCO60, d545): two-group classification, 1250% risk weight and 1%-of-Tier-1 exposure cap for Group 2 cryptoassets; implementation 1 Jan 2025 (later moved to 2026). No Basel/BIS instrument currently in corpus.	https://www.bis.org/bcbs/publ/d545.pdf | https://www.mayerbrown.com/en/insights/publications/2022/12/crypto-exposure-standards-finalized-by-basel-committee
fsb-global-stablecoin-recommendations-final-2023	2023-07-17	Financial Stability Board (FSB)	supranational (global)	S6_supranational	asset_onchain	FSB final High-level Recommendations for the Regulation, Supervision and Oversight of Global Stablecoin Arrangements — distinct companion document to the FSB crypto-asset-activities framework already in corpus; sets GSC-specific reserve/redemption/governance expectations.	https://www.fsb.org/2023/07/high-level-recommendations-for-the-regulation-supervision-and-oversight-of-global-stablecoin-arrangements-final-report/ | https://www.fsb.org/uploads/P170723-3.pdf
imf-fsb-synthesis-paper-crypto-2023	2023-09-07	IMF and FSB (for G20)	supranational (global)	S6_supranational	offramp_cex	IMF-FSB Synthesis Paper 'Policies for Crypto-Assets', prepared for the Indian G20 Presidency — consolidates FSB regulatory recommendations with IMF macro-financial guidance into a unified policy/regulatory roadmap. Distinct from the G20 roadmap-endorsement entry in corpus.	https://www.fsb.org/2023/09/imf-fsb-synthesis-paper-policies-for-crypto-assets/ | https://www.imf.org/-/media/files/research/imf-and-g20/2023/imf-fsb-synthesis-paper-policies-for-crypto-assets.pdf
iosco-crypto-digital-asset-markets-recommendations-2023	2023-11-16	IOSCO	supranational (global)	S6_supranational	offramp_cex	IOSCO final report — 18 Policy Recommendations for Crypto and Digital Asset Markets (CASPs), principles-based 'same activity, same risk, same regulation' covering conflicts of interest, market abuse, custody, cross-border. No IOSCO instrument in corpus.	https://www.iosco.org/library/pubdocs/pdf/IOSCOPD747.pdf | https://www.regulationtomorrow.com/2023/11/iosco-finalizes-its-policy-recommendations-for-crypto-and-digital-asset-markets/
iosco-defi-recommendations-2023	2023-12-19	IOSCO	supranational (global)	S6_supranational	l4_frontend	IOSCO final report — 9 Policy Recommendations for Decentralized Finance (DeFi): addresses market integrity/investor protection, identifies 'responsible persons' behind DeFi arrangements for regulatory accountability.	https://www.iosco.org/library/pubdocs/pdf/ioscopd754.pdf | https://accesspartnership.com/opinion/access-alert-iosco-finalises-its-policy-recommendations-for-decentralized-finance/
fatf-targeted-update-va-vasp-2024	2024-07-09	FATF	supranational (global)	S6_supranational	offramp_cex	FATF June/July 2024 Targeted Update on VA/VASP implementation: 65 of 94 jurisdictions had passed Travel Rule legislation; continued enforcement and supervision gaps. Not in corpus (corpus has 2021 and 2023 only).	https://www.fatf-gafi.org/en/publications/Fatfrecommendations/targeted-update-virtual-assets-vasps-2024.html | https://www.fatf-gafi.org/content/dam/fatf-gafi/recommendations/2024-Targeted-Update-VA-VASP.pdf.coredownload.inline.pdf
bcbs-cryptoasset-disclosure-and-amendments-2024	2024-07-17	Basel Committee on Banking Supervision (BIS)	supranational (global)	S6_supranational	offramp_cex	BCBS final disclosure framework for banks' cryptoasset exposures (d580) plus targeted amendments to the cryptoasset standard (d579, incl. tighter stablecoin/Group 1b conditions); implementation 1 Jan 2026.	https://www.bis.org/press/p240717.htm | https://www.bis.org/bcbs/publ/d580.htm
fsb-global-stablecoins-emde-report-2024	2024-07-23	Financial Stability Board (FSB)	supranational (global)	S6_supranational	asset_onchain	FSB report on the financial-stability implications of multifunction crypto-asset intermediaries / cross-border GSC use in emerging-market and developing economies (EMDEs) — warns of macro-financial risks from foreign-currency-pegged global stablecoins.	https://www.fsb.org/work-of-the-fsb/financial-innovation-and-structural-change/crypto-assets-and-global-stablecoins/ | https://www.bis.org/fsi/fsisummaries/global_stablecoins.htm
iosco-investor-education-crypto-assets-2024	2024-10-09	IOSCO	supranational (global)	S6_supranational	l4_frontend	IOSCO final report on Investor Education on Crypto-Assets (FR06/2024): updated guidance for regulators designing retail investor-protection / warning initiatives on crypto risks.	https://www.iosco.org/library/pubdocs/pdf/IOSCOPD769.pdf | https://www.iosco.org/news/pdf/IOSCONEWS742.pdf
g20-crypto-roadmap-status-report-2024	2024-10-22	IMF-FSB / G20	supranational (global)	S6_supranational	offramp_cex	G20 Crypto-asset Policy Implementation Roadmap — Status Report (22 Oct 2024): tracks progress on policy frameworks, capacity-building beyond G20, data gaps; commits FSB to a 2025 implementation review.	https://www.fsb.org/2024/10/g20-crypto-asset-policy-implementation-roadmap-status-report/ | https://www.fsb.org/uploads/P221024-3.pdf
eu-tfr-crypto-travel-rule-application-2024-12	2024-12-30	European Union (Regulation 2023/1113)	EU (supranational)	S6_supranational	offramp_cex	EU Transfer of Funds Regulation (recast, Reg 2023/1113) crypto Travel Rule becomes applicable to all EU CASPs — world's first zero-threshold implementation (originator/beneficiary data on every transfer incl. below EUR 1,000). Corpus has the 2023 adoption (eu-tfr-recast-2023) but not the Dec-2024 application milestone.	https://eur-lex.europa.eu/eli/reg/2023/1113/oj/eng | https://notabene.id/post/consequences-of-non-compliance-with-eus-travel-rule-after-december-30th
eu-16th-russia-sanctions-2025	2025-02-24	Council of the European Union	EU (supranational)	S6_supranational	offramp_cex	EU 16th Russia sanctions package — adds banks to the transaction ban for SPFS use to circumvent sanctions; continues the crypto/financial-messaging restriction track. Corpus stops at the 15th package (2024).	https://finance.ec.europa.eu/news/eu-adopts-16th-package-sanctions-against-russia-2025-02-24_en | https://www.consilium.europa.eu/en/policies/sanctions-against-russia/timeline-sanctions-against-russia/
fatf-recommendation-16-payment-transparency-update-2025	2025-06-25	FATF	supranational (global)	S6_supranational	offramp_cex	FATF June 2025 Plenary overhaul of Recommendation 16 (payment transparency / 'Travel Rule'): harmonizes data requirements across crypto and conventional cross-border payments, originator/beneficiary verification, USD/EUR 1,000 P2P threshold; compliance deadline end-2030.	https://www.fatf-gafi.org/en/publications/Fatfrecommendations/update-Recommendation-16-payment-transparency-june-2025.html | https://bankingjournal.aba.com/2025/06/fatf-releases-revisions-to-international-standard-for-payments-transparency/
fatf-targeted-update-va-vasp-2025	2025-06-26	FATF	supranational (global)	S6_supranational	offramp_cex	FATF sixth Targeted Update (26 Jun 2025): 85 jurisdictions have Travel Rule legislation but only 29% largely compliant with R.15; urges stronger action on stablecoin illicit-finance risk (84% of illicit VA volume). New implementation table covering ~98% of global VASP activity.	https://www.fatf-gafi.org/en/publications/Fatfrecommendations/targeted-update-virtual-assets-vasps-2025.html | https://www.fatf-gafi.org/content/dam/fatf-gafi/recommendations/2025-Targeted-Upate-VA-VASPs.pdf.coredownload.pdf
eu-18th-russia-sanctions-casp-spfs-2025	2025-07-18	Council of the European Union	EU (supranational)	S6_supranational	offramp_cex	EU 18th Russia sanctions package — lowers the threshold to impose a full transaction ban on third-country financial/credit institutions and crypto-asset service providers connected to Russia's SPFS; first non-Russian banks listed under the widened CASP/SPFS criteria.	https://www.consilium.europa.eu/en/press/press-releases/2025/07/18/russia-s-war-of-aggression-against-ukraine-eu-adopts-18th-package-of-economic-and-individual-measures/ | https://www.whitecase.com/insight-alert/eu-adopts-18th-sanctions-package-against-russia
iosco-crypto-recommendations-thematic-review-2025	2025-10-16	IOSCO	supranational (global)	S6_supranational	offramp_cex	IOSCO thematic review (FR/13/25) assessing implementation of its 2023 crypto/digital-asset-market recommendations across member jurisdictions; published alongside FSB joint note on progress toward comprehensive crypto regulation.	https://www.iosco.org/library/pubdocs/pdf/IOSCOPD801.pdf | https://www.iosco.org/library/pubdocs/pdf/IOSCOPD801-joint-note.pdf
fsb-crypto-framework-thematic-review-2025	2025-10-16	Financial Stability Board (FSB)	supranational (global)	S6_supranational	offramp_cex	FSB Thematic Review of its 2023 global crypto-asset regulatory framework: finds significant gaps/inconsistencies; only 11 jurisdictions (EU, Japan, Singapore, HK, etc.) have finalised frameworks, flags data gaps and regulatory-arbitrage risk.	https://www.fsb.org/2025/10/thematic-review-on-fsb-global-regulatory-framework-for-crypto-asset-activities/ | https://www.fsb.org/2025/10/fsb-finds-significant-gaps-and-inconsistencies-in-implementation-of-crypto-and-stablecoin-recommendations/
eu-19th-russia-sanctions-a7a5-crypto-ban-2025	2025-10-23	Council of the European Union	EU (supranational)	S6_supranational	asset_onchain	EU 19th Russia sanctions package — first EU prohibition on transacting a specific crypto-asset: bans the A7A5 rouble-backed stablecoin (Annex LIII, effective 25 Nov 2025), sanctions its developer/Kyrgyz issuer/trading platform, and bans provision of MiCA-defined crypto-asset services into Russia.	https://www.consilium.europa.eu/en/press/press-releases/2025/10/23/19th-package-of-sanctions-against-russia-eu-targets-russian-energy-third-country-banks-and-crypto-providers/ | https://www.elliptic.co/blog/crypto-regulatory-affairs-eu-sanctions-target-a7a5-ruble-backed-stablecoin
fatf-targeted-report-stablecoins-unhosted-wallets-2026	2026-03	FATF	supranational (global)	S6_supranational	asset_onchain	FATF Targeted Report on Stablecoins and Unhosted Wallets — Peer-to-Peer Transactions: recommends mitigations for stablecoin/unhosted-wallet illicit-finance risk; urges global P2P rules. Recent governance instrument absent from corpus.	https://www.fatf-gafi.org/en/publications/Virtualassets/targeted-report-stablecoins-unhosted-wallets.html | https://www.amlintelligence.com/2026/03/latest-fatf-report-warns-offshore-crypto-providers-pose-illicit-finance-risks/
fatf-offshore-vasps-risks-report-2026	2026-03-10	FATF	supranational (global)	S6_supranational	offramp_cex	FATF report 'Understanding and Mitigating the Risks of Offshore VASPs' — flags oVASPs used for scam/laundering, nested relationships; only 46% of jurisdictions use activity-based regulation. Calls for refusing business with unlicensed offshore providers.	https://www.fatf-gafi.org/en/publications/Virtualassets/Understanding-Mitigating-Risks-Offshore-VASPs.html | https://www.amlintelligence.com/2026/03/latest-fatf-report-warns-offshore-crypto-providers-pose-illicit-finance-risks/
eu-20th-russia-sanctions-crypto-sectoral-ban-2026	2026-04-23	Council of the European Union	EU (supranational)	S6_supranational	offramp_cex	EU 20th Russia sanctions package — categorical sectoral ban on all transactions with crypto-asset service providers and decentralized trading platforms established in Russia/Belarus (effective 24 May 2026); bans RUBx stablecoin and the digital rouble; same regime applied to Belarus.	https://www.consilium.europa.eu/en/press/press-releases/2026/04/23/russia-s-war-of-aggression-against-ukraine-20th-round-of-stern-eu-sanctions-hits-energy-military-industrial-complex-trade-and-financial-services-including-crypto/ | https://www.elliptic.co/blog/eu-20th-sanctions-package-targets-the-architecture-of-crypto-sanctions-evasion
