source_row_id,source_row_number_1based,machine_disposition,reason,action_url,normalized_address,proposed_action_type,target_entry_prefix_candidate,source_path,body_hash
f8b10ecb105c315ec1650144,15,pilot_family_excluded,explicit_tornado_cash_target_name,https://ofac.treasury.gov/recent-actions/20220808,0x03893a7c7463ae47d46bc7f091665f1893656003,addition,TORNADO CASH (a.k.a. TORNADO CASH CLASSIC,sources/validation_frame/actions/20220808.html,sha256:f16795f3f9fb577727077ea66679995dba29c953b87d5a2b1982d706972334f5
9364305d1bfd6614aefb026d,16,pilot_family_excluded,explicit_tornado_cash_target_name,https://ofac.treasury.gov/recent-actions/20220808,0x07687e702b410fa43f4cb4af7fa097918ffd2730,addition,TORNADO CASH (a.k.a. TORNADO CASH CLASSIC,sources/validation_frame/actions/20220808.html,sha256:f16795f3f9fb577727077ea66679995dba29c953b87d5a2b1982d706972334f5
0b645aa197641b9d00982ef8,17,pilot_family_excluded,explicit_tornado_cash_target_name,https://ofac.treasury.gov/recent-actions/20220808,0x0836222f2b2b24a3f36f98668ed8f0b38d1a872f,addition,TORNADO CASH (a.k.a. TORNADO CASH CLASSIC,sources/validation_frame/actions/20220808.html,sha256:f16795f3f9fb577727077ea66679995dba29c953b87d5a2b1982d706972334f5
604130fdef9e8bd65c56123d,18,pilot_family_excluded,explicit_tornado_cash_target_name,https://ofac.treasury.gov/recent-actions/20220808,0x12d66f87a04a9e220743712ce6d9bb1b5616b8fc,addition,TORNADO CASH (a.k.a. TORNADO CASH CLASSIC,sources/validation_frame/actions/20220808.html,sha256:f16795f3f9fb577727077ea66679995dba29c953b87d5a2b1982d706972334f5
b38d95f6cac4eb4467756823,19,pilot_family_excluded,explicit_tornado_cash_target_name,https://ofac.treasury.gov/recent-actions/20220808,0x1356c899d8c9467c7f71c195612f8a395abf2f0a,addition,TORNADO CASH (a.k.a. TORNADO CASH CLASSIC,sources/validation_frame/actions/20220808.html,sha256:f16795f3f9fb577727077ea66679995dba29c953b87d5a2b1982d706972334f5
ada2d53f6cb888b45b8dc3a6,20,pilot_family_excluded,explicit_tornado_cash_target_name,https://ofac.treasury.gov/recent-actions/20220808,0x169ad27a470d064dede56a2d3ff727986b15d52b,addition,TORNADO CASH (a.k.a. TORNADO CASH CLASSIC,sources/validation_frame/actions/20220808.html,sha256:f16795f3f9fb577727077ea66679995dba29c953b87d5a2b1982d706972334f5
c101315efe8fe25ed25183ef,21,pilot_family_excluded,explicit_tornado_cash_target_name,https://ofac.treasury.gov/recent-actions/20220808,0x178169b423a011fff22b9e3f3abea13414ddd0f1,addition,TORNADO CASH (a.k.a. TORNADO CASH CLASSIC,sources/validation_frame/actions/20220808.html,sha256:f16795f3f9fb577727077ea66679995dba29c953b87d5a2b1982d706972334f5
337cb41931f148027ed22f40,22,pilot_family_excluded,explicit_tornado_cash_target_name,https://ofac.treasury.gov/recent-actions/20220808,0x22aaa7720ddd5388a3c0a3333430953c68f1849b,addition,TORNADO CASH (a.k.a. TORNADO CASH CLASSIC,sources/validation_frame/actions/20220808.html,sha256:f16795f3f9fb577727077ea66679995dba29c953b87d5a2b1982d706972334f5
62813bc7111b564298ceb93d,23,pilot_family_excluded,explicit_tornado_cash_target_name,https://ofac.treasury.gov/recent-actions/20220808,0x23773e65ed146a459791799d01336db287f25334,addition,TORNADO CASH (a.k.a. TORNADO CASH CLASSIC,sources/validation_frame/actions/20220808.html,sha256:f16795f3f9fb577727077ea66679995dba29c953b87d5a2b1982d706972334f5
8c3572e1684a20042459584f,24,pilot_family_excluded,explicit_tornado_cash_target_name,https://ofac.treasury.gov/recent-actions/20220808,0x2717c5e28cf931547b621a5dddb772ab6a35b701,addition,TORNADO CASH (a.k.a. TORNADO CASH CLASSIC,sources/validation_frame/actions/20220808.html,sha256:f16795f3f9fb577727077ea66679995dba29c953b87d5a2b1982d706972334f5
e28e1f887f8befe0aef9c748,25,pilot_family_excluded,explicit_tornado_cash_target_name,https://ofac.treasury.gov/recent-actions/20220808,0x4736dcf1b7a3d580672cce6e7c65cd5cc9cfba9d,addition,TORNADO CASH (a.k.a. TORNADO CASH CLASSIC,sources/validation_frame/actions/20220808.html,sha256:f16795f3f9fb577727077ea66679995dba29c953b87d5a2b1982d706972334f5
60d7a378a7b0ebbe4c3f2cc4,26,pilot_family_excluded,explicit_tornado_cash_target_name,https://ofac.treasury.gov/recent-actions/20220808,0x47ce0c6ed5b0ce3d3a51fdb1c52dc66a7c3c2936,addition,TORNADO CASH (a.k.a. TORNADO CASH CLASSIC,sources/validation_frame/actions/20220808.html,sha256:f16795f3f9fb577727077ea66679995dba29c953b87d5a2b1982d706972334f5
fcfa01402a3ca8e0adb2a14f,27,pilot_family_excluded,explicit_tornado_cash_target_name,https://ofac.treasury.gov/recent-actions/20220808,0x527653ea119f3e6a1f5bd18fbf4714081d7b31ce,addition,TORNADO CASH (a.k.a. TORNADO CASH CLASSIC,sources/validation_frame/actions/20220808.html,sha256:f16795f3f9fb577727077ea66679995dba29c953b87d5a2b1982d706972334f5
f616f825a309ab2bc349a766,28,pilot_family_excluded,explicit_tornado_cash_target_name,https://ofac.treasury.gov/recent-actions/20220808,0x58e8dcc13be9780fc42e8723d8ead4cf46943df2,addition,TORNADO CASH (a.k.a. TORNADO CASH CLASSIC,sources/validation_frame/actions/20220808.html,sha256:f16795f3f9fb577727077ea66679995dba29c953b87d5a2b1982d706972334f5
fbaa9b461a48e5c17d037dd1,29,pilot_family_excluded,explicit_tornado_cash_target_name,https://ofac.treasury.gov/recent-actions/20220808,0x610b717796ad172b316836ac95a2ffad065ceab4,addition,TORNADO CASH (a.k.a. TORNADO CASH CLASSIC,sources/validation_frame/actions/20220808.html,sha256:f16795f3f9fb577727077ea66679995dba29c953b87d5a2b1982d706972334f5
9d3d7a85c60c47a8cafc7312,30,pilot_family_excluded,explicit_tornado_cash_target_name,https://ofac.treasury.gov/recent-actions/20220808,0x722122df12d4e14e13ac3b6895a86e84145b6967,addition,TORNADO CASH (a.k.a. TORNADO CASH CLASSIC,sources/validation_frame/actions/20220808.html,sha256:f16795f3f9fb577727077ea66679995dba29c953b87d5a2b1982d706972334f5
a9a08962737174eb8cd6a2f5,31,pilot_family_excluded,explicit_tornado_cash_target_name,https://ofac.treasury.gov/recent-actions/20220808,0x8589427373d6d84e98730d7795d8f6f8731fda16,addition,TORNADO CASH (a.k.a. TORNADO CASH CLASSIC,sources/validation_frame/actions/20220808.html,sha256:f16795f3f9fb577727077ea66679995dba29c953b87d5a2b1982d706972334f5
16c8b02ac4d1ed7224cdc3aa,32,pilot_family_excluded,explicit_tornado_cash_target_name,https://ofac.treasury.gov/recent-actions/20220808,0x905b63fff465b9ffbf41dea908ceb12478ec7601,addition,TORNADO CASH (a.k.a. TORNADO CASH CLASSIC,sources/validation_frame/actions/20220808.html,sha256:f16795f3f9fb577727077ea66679995dba29c953b87d5a2b1982d706972334f5
9b94104366fa41c5cb394e15,33,pilot_family_excluded,explicit_tornado_cash_target_name,https://ofac.treasury.gov/recent-actions/20220808,0x910cbd523d972eb0a6f4cae4618ad62622b39dbf,addition,TORNADO CASH (a.k.a. TORNADO CASH CLASSIC,sources/validation_frame/actions/20220808.html,sha256:f16795f3f9fb577727077ea66679995dba29c953b87d5a2b1982d706972334f5
c637a209fecda707179e901a,34,pilot_family_excluded,explicit_tornado_cash_target_name,https://ofac.treasury.gov/recent-actions/20220808,0x94a1b5cdb22c43faab4abeb5c74999895464ddaf,addition,TORNADO CASH (a.k.a. TORNADO CASH CLASSIC,sources/validation_frame/actions/20220808.html,sha256:f16795f3f9fb577727077ea66679995dba29c953b87d5a2b1982d706972334f5
db4cb614e8a3f7f2703881e5,35,pilot_family_excluded,explicit_tornado_cash_target_name,https://ofac.treasury.gov/recent-actions/20220808,0x9ad122c22b14202b4490edaf288fdb3c7cb3ff5e,addition,TORNADO CASH (a.k.a. TORNADO CASH CLASSIC,sources/validation_frame/actions/20220808.html,sha256:f16795f3f9fb577727077ea66679995dba29c953b87d5a2b1982d706972334f5
269d5897d8c63d6c145cc47b,36,pilot_family_excluded,explicit_tornado_cash_target_name,https://ofac.treasury.gov/recent-actions/20220808,0xa160cdab225685da1d56aa342ad8841c3b53f291,addition,TORNADO CASH (a.k.a. TORNADO CASH CLASSIC,sources/validation_frame/actions/20220808.html,sha256:f16795f3f9fb577727077ea66679995dba29c953b87d5a2b1982d706972334f5
df1017cd07b44b3de8e3f4aa,37,pilot_family_excluded,explicit_tornado_cash_target_name,https://ofac.treasury.gov/recent-actions/20220808,0xa60c772958a3ed56c1f15dd055ba37ac8e523a0d,addition,TORNADO CASH (a.k.a. TORNADO CASH CLASSIC,sources/validation_frame/actions/20220808.html,sha256:f16795f3f9fb577727077ea66679995dba29c953b87d5a2b1982d706972334f5
3709c4ed05cafebbae83ef54,38,pilot_family_excluded,explicit_tornado_cash_target_name,https://ofac.treasury.gov/recent-actions/20220808,0xaeaac358560e11f52454d997aaff2c5731b6f8a6,addition,TORNADO CASH (a.k.a. TORNADO CASH CLASSIC,sources/validation_frame/actions/20220808.html,sha256:f16795f3f9fb577727077ea66679995dba29c953b87d5a2b1982d706972334f5
5d1b2039d1ef507eb6d18630,39,pilot_family_excluded,explicit_tornado_cash_target_name,https://ofac.treasury.gov/recent-actions/20220808,0xb1c8094b234dce6e03f10a5b673c1d8c69739a00,addition,TORNADO CASH (a.k.a. TORNADO CASH CLASSIC,sources/validation_frame/actions/20220808.html,sha256:f16795f3f9fb577727077ea66679995dba29c953b87d5a2b1982d706972334f5
233690c409171aa019ca5a36,40,pilot_family_excluded,explicit_tornado_cash_target_name,https://ofac.treasury.gov/recent-actions/20220808,0xb541fc07bc7619fd4062a54d96268525cbc6ffef,addition,TORNADO CASH (a.k.a. TORNADO CASH CLASSIC,sources/validation_frame/actions/20220808.html,sha256:f16795f3f9fb577727077ea66679995dba29c953b87d5a2b1982d706972334f5
d4956527a4d1808a4e566702,41,pilot_family_excluded,explicit_tornado_cash_target_name,https://ofac.treasury.gov/recent-actions/20220808,0xba214c1c1928a32bffe790263e38b4af9bfcd659,addition,TORNADO CASH (a.k.a. TORNADO CASH CLASSIC,sources/validation_frame/actions/20220808.html,sha256:f16795f3f9fb577727077ea66679995dba29c953b87d5a2b1982d706972334f5
69087a25829ec2d198a264c8,42,pilot_family_excluded,explicit_tornado_cash_target_name,https://ofac.treasury.gov/recent-actions/20220808,0xbb93e510bbcd0b7beb5a853875f9ec60275cf498,addition,TORNADO CASH (a.k.a. TORNADO CASH CLASSIC,sources/validation_frame/actions/20220808.html,sha256:f16795f3f9fb577727077ea66679995dba29c953b87d5a2b1982d706972334f5
a35b54a634b47d697722908f,43,pilot_family_excluded,explicit_tornado_cash_target_name,https://ofac.treasury.gov/recent-actions/20220808,0xca0840578f57fe71599d29375e16783424023357,addition,TORNADO CASH (a.k.a. TORNADO CASH CLASSIC,sources/validation_frame/actions/20220808.html,sha256:f16795f3f9fb577727077ea66679995dba29c953b87d5a2b1982d706972334f5
9ea6109a03ae2173b728eb4f,44,pilot_family_excluded,explicit_tornado_cash_target_name,https://ofac.treasury.gov/recent-actions/20220808,0xd21be7248e0197ee08e0c20d4a96debdac3d20af,addition,TORNADO CASH (a.k.a. TORNADO CASH CLASSIC,sources/validation_frame/actions/20220808.html,sha256:f16795f3f9fb577727077ea66679995dba29c953b87d5a2b1982d706972334f5
d685fd11ac35da5c5b815f33,45,pilot_family_excluded,explicit_tornado_cash_target_name,https://ofac.treasury.gov/recent-actions/20220808,0xd4b88df4d29f5cedd6857912842cff3b20c8cfa3,addition,TORNADO CASH (a.k.a. TORNADO CASH CLASSIC,sources/validation_frame/actions/20220808.html,sha256:f16795f3f9fb577727077ea66679995dba29c953b87d5a2b1982d706972334f5
0971b8206b2e36e80de1b0be,46,pilot_family_excluded,explicit_tornado_cash_target_name,https://ofac.treasury.gov/recent-actions/20220808,0xd691f27f38b395864ea86cfc7253969b409c362d,addition,TORNADO CASH (a.k.a. TORNADO CASH CLASSIC,sources/validation_frame/actions/20220808.html,sha256:f16795f3f9fb577727077ea66679995dba29c953b87d5a2b1982d706972334f5
25dae2ec32b0118d01cbd625,47,pilot_family_excluded,explicit_tornado_cash_target_name,https://ofac.treasury.gov/recent-actions/20220808,0xd90e2f925da726b50c4ed8d0fb90ad053324f31b,addition,TORNADO CASH (a.k.a. TORNADO CASH CLASSIC,sources/validation_frame/actions/20220808.html,sha256:f16795f3f9fb577727077ea66679995dba29c953b87d5a2b1982d706972334f5
5c80364789b09a44e0be76c7,48,pilot_family_excluded,explicit_tornado_cash_target_name,https://ofac.treasury.gov/recent-actions/20220808,0xd96f2b1c14db8458374d9aca76e26c3d18364307,addition,TORNADO CASH (a.k.a. TORNADO CASH CLASSIC,sources/validation_frame/actions/20220808.html,sha256:f16795f3f9fb577727077ea66679995dba29c953b87d5a2b1982d706972334f5
572ecefdc1c5df39ac23308d,49,pilot_family_excluded,explicit_tornado_cash_target_name,https://ofac.treasury.gov/recent-actions/20220808,0xdd4c48c0b24039969fc16d1cdf626eab821d3384,addition,TORNADO CASH (a.k.a. TORNADO CASH CLASSIC,sources/validation_frame/actions/20220808.html,sha256:f16795f3f9fb577727077ea66679995dba29c953b87d5a2b1982d706972334f5
e407711f67377bc27f6a4b64,50,pilot_family_excluded,explicit_tornado_cash_target_name,https://ofac.treasury.gov/recent-actions/20220808,0xf60dd140cff0706bae9cd734ac3ae76ad9ebc32a,addition,TORNADO CASH (a.k.a. TORNADO CASH CLASSIC,sources/validation_frame/actions/20220808.html,sha256:f16795f3f9fb577727077ea66679995dba29c953b87d5a2b1982d706972334f5
b6cab0313974eb9bea20395c,51,pilot_family_excluded,explicit_tornado_cash_target_name,https://ofac.treasury.gov/recent-actions/20220808,0xf67721a2d8f736e75a49fdd7fad2e31d8676542a,addition,TORNADO CASH (a.k.a. TORNADO CASH CLASSIC,sources/validation_frame/actions/20220808.html,sha256:f16795f3f9fb577727077ea66679995dba29c953b87d5a2b1982d706972334f5
636c591e122aa600fbc197bb,52,pilot_family_excluded,explicit_tornado_cash_target_name,https://ofac.treasury.gov/recent-actions/20220808,0xfd8610d20aa15b7b2e3be39b396a1bc3516c7144,addition,TORNADO CASH (a.k.a. TORNADO CASH CLASSIC,sources/validation_frame/actions/20220808.html,sha256:f16795f3f9fb577727077ea66679995dba29c953b87d5a2b1982d706972334f5
b94a61d0c668a806921a8ae6,55,pilot_family_excluded,explicit_tornado_cash_target_name,https://ofac.treasury.gov/recent-actions/20221108,0x01e2919679362dfbc9ee1644ba9c6da6d6245bb1,addition,TORNADO CASH,sources/validation_frame/actions/20221108.html,sha256:47c79e6972dd4452f41566288742a19000f00510ba70143802f83345f503f96f
c00c12d9cb4145fbcadf45df,56,pilot_family_excluded,explicit_tornado_cash_target_name,https://ofac.treasury.gov/recent-actions/20221108,0x03893a7c7463ae47d46bc7f091665f1893656003,addition,TORNADO CASH,sources/validation_frame/actions/20221108.html,sha256:47c79e6972dd4452f41566288742a19000f00510ba70143802f83345f503f96f
f8318795e82eec211bc77989,57,pilot_family_excluded,explicit_tornado_cash_target_name,https://ofac.treasury.gov/recent-actions/20221108,0x05e0b5b40b7b66098c2161a5ee11c5740a3a7c45,addition,TORNADO CASH,sources/validation_frame/actions/20221108.html,sha256:47c79e6972dd4452f41566288742a19000f00510ba70143802f83345f503f96f
13ec70b1b8be1d7f5605cdd9,58,pilot_family_excluded,explicit_tornado_cash_target_name,https://ofac.treasury.gov/recent-actions/20221108,0x07687e702b410fa43f4cb4af7fa097918ffd2730,addition,TORNADO CASH,sources/validation_frame/actions/20221108.html,sha256:47c79e6972dd4452f41566288742a19000f00510ba70143802f83345f503f96f
2ec28e97a3139d93b7eb92b6,59,pilot_family_excluded,explicit_tornado_cash_target_name,https://ofac.treasury.gov/recent-actions/20221108,0x0836222f2b2b24a3f36f98668ed8f0b38d1a872f,addition,TORNADO CASH,sources/validation_frame/actions/20221108.html,sha256:47c79e6972dd4452f41566288742a19000f00510ba70143802f83345f503f96f
af4f53c52c7d377ea0c99904,60,pilot_family_excluded,explicit_tornado_cash_target_name,https://ofac.treasury.gov/recent-actions/20221108,0x09193888b3f38c82dedfda55259a82c0e7de875e,addition,TORNADO CASH,sources/validation_frame/actions/20221108.html,sha256:47c79e6972dd4452f41566288742a19000f00510ba70143802f83345f503f96f
b7f4b7db3d94fa4648a613a7,61,pilot_family_excluded,explicit_tornado_cash_target_name,https://ofac.treasury.gov/recent-actions/20221108,0x0e3a09dda6b20afbb34ac7cd4a6881493f3e7bf7,addition,TORNADO CASH,sources/validation_frame/actions/20221108.html,sha256:47c79e6972dd4452f41566288742a19000f00510ba70143802f83345f503f96f
f1bf456cac4e5ec3c54a5364,62,pilot_family_excluded,explicit_tornado_cash_target_name,https://ofac.treasury.gov/recent-actions/20221108,0x12d66f87a04a9e220743712ce6d9bb1b5616b8fc,addition,TORNADO CASH,sources/validation_frame/actions/20221108.html,sha256:47c79e6972dd4452f41566288742a19000f00510ba70143802f83345f503f96f
ef48b0e62d0d0a7381547df0,63,pilot_family_excluded,explicit_tornado_cash_target_name,https://ofac.treasury.gov/recent-actions/20221108,0x1356c899d8c9467c7f71c195612f8a395abf2f0a,addition,TORNADO CASH,sources/validation_frame/actions/20221108.html,sha256:47c79e6972dd4452f41566288742a19000f00510ba70143802f83345f503f96f
9dd04c7ce63c0e577b357a35,64,pilot_family_excluded,explicit_tornado_cash_target_name,https://ofac.treasury.gov/recent-actions/20221108,0x169ad27a470d064dede56a2d3ff727986b15d52b,addition,TORNADO CASH,sources/validation_frame/actions/20221108.html,sha256:47c79e6972dd4452f41566288742a19000f00510ba70143802f83345f503f96f
dde79b2f1401ee1a14237cc5,65,pilot_family_excluded,explicit_tornado_cash_target_name,https://ofac.treasury.gov/recent-actions/20221108,0x178169b423a011fff22b9e3f3abea13414ddd0f1,addition,TORNADO CASH,sources/validation_frame/actions/20221108.html,sha256:47c79e6972dd4452f41566288742a19000f00510ba70143802f83345f503f96f
0d93f2068207e12b0e60b2e1,66,pilot_family_excluded,explicit_tornado_cash_target_name,https://ofac.treasury.gov/recent-actions/20221108,0x179f48c78f57a3a78f0608cc9197b8972921d1d2,addition,TORNADO CASH,sources/validation_frame/actions/20221108.html,sha256:47c79e6972dd4452f41566288742a19000f00510ba70143802f83345f503f96f
a209264a35de34479ceafcb4,67,pilot_family_excluded,explicit_tornado_cash_target_name,https://ofac.treasury.gov/recent-actions/20221108,0x1e34a77868e19a6647b1f2f47b51ed72dede95dd,addition,TORNADO CASH,sources/validation_frame/actions/20221108.html,sha256:47c79e6972dd4452f41566288742a19000f00510ba70143802f83345f503f96f
d6cf8afd0aaaf20450926597,68,pilot_family_excluded,explicit_tornado_cash_target_name,https://ofac.treasury.gov/recent-actions/20221108,0x22aaa7720ddd5388a3c0a3333430953c68f1849b,addition,TORNADO CASH,sources/validation_frame/actions/20221108.html,sha256:47c79e6972dd4452f41566288742a19000f00510ba70143802f83345f503f96f
dc4f163fdbe5aa267654b8f2,69,pilot_family_excluded,explicit_tornado_cash_target_name,https://ofac.treasury.gov/recent-actions/20221108,0x23173fe8b96a4ad8d2e17fb83ea5dcccdca1ae52,addition,TORNADO CASH,sources/validation_frame/actions/20221108.html,sha256:47c79e6972dd4452f41566288742a19000f00510ba70143802f83345f503f96f
17faf2fe90d91ca1d63e4218,70,pilot_family_excluded,explicit_tornado_cash_target_name,https://ofac.treasury.gov/recent-actions/20221108,0x23773e65ed146a459791799d01336db287f25334,addition,TORNADO CASH,sources/validation_frame/actions/20221108.html,sha256:47c79e6972dd4452f41566288742a19000f00510ba70143802f83345f503f96f
756c3f5be82f3175510010a8,71,pilot_family_excluded,explicit_tornado_cash_target_name,https://ofac.treasury.gov/recent-actions/20221108,0x242654336ca2205714071898f67e254eb49acdce,addition,TORNADO CASH,sources/validation_frame/actions/20221108.html,sha256:47c79e6972dd4452f41566288742a19000f00510ba70143802f83345f503f96f
e2284833d395f8a7ed6e500b,72,pilot_family_excluded,explicit_tornado_cash_target_name,https://ofac.treasury.gov/recent-actions/20221108,0x2573bac39ebe2901b4389cd468f2872cf7767faf,addition,TORNADO CASH,sources/validation_frame/actions/20221108.html,sha256:47c79e6972dd4452f41566288742a19000f00510ba70143802f83345f503f96f
7fe0bb29ffc104bba70fade0,73,pilot_family_excluded,explicit_tornado_cash_target_name,https://ofac.treasury.gov/recent-actions/20221108,0x26903a5a198d571422b2b4ea08b56a37cbd68c89,addition,TORNADO CASH,sources/validation_frame/actions/20221108.html,sha256:47c79e6972dd4452f41566288742a19000f00510ba70143802f83345f503f96f
ba31d5e23f3f3d682ae4d2de,74,pilot_family_excluded,explicit_tornado_cash_target_name,https://ofac.treasury.gov/recent-actions/20221108,0x2717c5e28cf931547b621a5dddb772ab6a35b701,addition,TORNADO CASH,sources/validation_frame/actions/20221108.html,sha256:47c79e6972dd4452f41566288742a19000f00510ba70143802f83345f503f96f
870e66107d725c6ec96aa242,75,pilot_family_excluded,explicit_tornado_cash_target_name,https://ofac.treasury.gov/recent-actions/20221108,0x2f50508a8a3d323b91336fa3ea6ae50e55f32185,addition,TORNADO CASH,sources/validation_frame/actions/20221108.html,sha256:47c79e6972dd4452f41566288742a19000f00510ba70143802f83345f503f96f
d916ad88951f29bbe8ec8539,76,pilot_family_excluded,explicit_tornado_cash_target_name,https://ofac.treasury.gov/recent-actions/20221108,0x2fc93484614a34f26f7970cbb94615ba109bb4bf,addition,TORNADO CASH,sources/validation_frame/actions/20221108.html,sha256:47c79e6972dd4452f41566288742a19000f00510ba70143802f83345f503f96f
7797ea30ec319c34d195697a,77,pilot_family_excluded,explicit_tornado_cash_target_name,https://ofac.treasury.gov/recent-actions/20221108,0x330bdfade01ee9bf63c209ee33102dd334618e0a,addition,TORNADO CASH,sources/validation_frame/actions/20221108.html,sha256:47c79e6972dd4452f41566288742a19000f00510ba70143802f83345f503f96f
4423e7084828540d6e075fe2,78,pilot_family_excluded,explicit_tornado_cash_target_name,https://ofac.treasury.gov/recent-actions/20221108,0x3aac1cc67c2ec5db4ea850957b967ba153ad6279,addition,TORNADO CASH,sources/validation_frame/actions/20221108.html,sha256:47c79e6972dd4452f41566288742a19000f00510ba70143802f83345f503f96f
c94e422a96657cf090f36cf9,79,pilot_family_excluded,explicit_tornado_cash_target_name,https://ofac.treasury.gov/recent-actions/20221108,0x3efa30704d2b8bbac821307230376556cf8cc39e,addition,TORNADO CASH,sources/validation_frame/actions/20221108.html,sha256:47c79e6972dd4452f41566288742a19000f00510ba70143802f83345f503f96f
4054cf514ea958b1578be652,80,pilot_family_excluded,explicit_tornado_cash_target_name,https://ofac.treasury.gov/recent-actions/20221108,0x407cceeaa7c95d2fe2250bf9f2c105aa7aafb512,addition,TORNADO CASH,sources/validation_frame/actions/20221108.html,sha256:47c79e6972dd4452f41566288742a19000f00510ba70143802f83345f503f96f
a861add5f966f321984fd9d5,81,pilot_family_excluded,explicit_tornado_cash_target_name,https://ofac.treasury.gov/recent-actions/20221108,0x4736dcf1b7a3d580672cce6e7c65cd5cc9cfba9d,addition,TORNADO CASH,sources/validation_frame/actions/20221108.html,sha256:47c79e6972dd4452f41566288742a19000f00510ba70143802f83345f503f96f
c9c28115bf8418dd0060f57b,82,pilot_family_excluded,explicit_tornado_cash_target_name,https://ofac.treasury.gov/recent-actions/20221108,0x47ce0c6ed5b0ce3d3a51fdb1c52dc66a7c3c2936,addition,TORNADO CASH,sources/validation_frame/actions/20221108.html,sha256:47c79e6972dd4452f41566288742a19000f00510ba70143802f83345f503f96f
95e3e66e62d2293b20e0b1d9,83,pilot_family_excluded,explicit_tornado_cash_target_name,https://ofac.treasury.gov/recent-actions/20221108,0x527653ea119f3e6a1f5bd18fbf4714081d7b31ce,addition,TORNADO CASH,sources/validation_frame/actions/20221108.html,sha256:47c79e6972dd4452f41566288742a19000f00510ba70143802f83345f503f96f
2c85e58c177b6e9c0e47815c,84,pilot_family_excluded,explicit_tornado_cash_target_name,https://ofac.treasury.gov/recent-actions/20221108,0x538ab61e8a9fc1b2f93b3dd9011d662d89be6fe6,addition,TORNADO CASH,sources/validation_frame/actions/20221108.html,sha256:47c79e6972dd4452f41566288742a19000f00510ba70143802f83345f503f96f
bed9636397c23e185c5a2680,85,pilot_family_excluded,explicit_tornado_cash_target_name,https://ofac.treasury.gov/recent-actions/20221108,0x57b2b8c82f065de8ef5573f9730fc1449b403c9f,addition,TORNADO CASH,sources/validation_frame/actions/20221108.html,sha256:47c79e6972dd4452f41566288742a19000f00510ba70143802f83345f503f96f
0af6ffcc0570af7cd006989e,86,pilot_family_excluded,explicit_tornado_cash_target_name,https://ofac.treasury.gov/recent-actions/20221108,0x58e8dcc13be9780fc42e8723d8ead4cf46943df2,addition,TORNADO CASH,sources/validation_frame/actions/20221108.html,sha256:47c79e6972dd4452f41566288742a19000f00510ba70143802f83345f503f96f
3b3cf2bc4d6ff0cedf1f8b5b,87,pilot_family_excluded,explicit_tornado_cash_target_name,https://ofac.treasury.gov/recent-actions/20221108,0x5cab7692d4e94096462119ab7bf57319726eed2a,addition,TORNADO CASH,sources/validation_frame/actions/20221108.html,sha256:47c79e6972dd4452f41566288742a19000f00510ba70143802f83345f503f96f
3c53a039bbd06351fb179c79,88,pilot_family_excluded,explicit_tornado_cash_target_name,https://ofac.treasury.gov/recent-actions/20221108,0x5efda50f22d34f262c29268506c5fa42cb56a1ce,addition,TORNADO CASH,sources/validation_frame/actions/20221108.html,sha256:47c79e6972dd4452f41566288742a19000f00510ba70143802f83345f503f96f
4ecc568f3e7a5fb6e78da42d,89,pilot_family_excluded,explicit_tornado_cash_target_name,https://ofac.treasury.gov/recent-actions/20221108,0x5f6c97c6ad7bdd0ae7e0dd4ca33a4ed3fdabd4d7,addition,TORNADO CASH,sources/validation_frame/actions/20221108.html,sha256:47c79e6972dd4452f41566288742a19000f00510ba70143802f83345f503f96f
8a382b9a17b0011b400cc4e1,90,pilot_family_excluded,explicit_tornado_cash_target_name,https://ofac.treasury.gov/recent-actions/20221108,0x610b717796ad172b316836ac95a2ffad065ceab4,addition,TORNADO CASH,sources/validation_frame/actions/20221108.html,sha256:47c79e6972dd4452f41566288742a19000f00510ba70143802f83345f503f96f
c2fa12272c3da098bce97e5d,91,pilot_family_excluded,explicit_tornado_cash_target_name,https://ofac.treasury.gov/recent-actions/20221108,0x653477c392c16b0765603074f157314cc4f40c32,addition,TORNADO CASH,sources/validation_frame/actions/20221108.html,sha256:47c79e6972dd4452f41566288742a19000f00510ba70143802f83345f503f96f
13ab179e013664d1cfb64c16,92,pilot_family_excluded,explicit_tornado_cash_target_name,https://ofac.treasury.gov/recent-actions/20221108,0x6bf694a291df3fec1f7e69701e3ab6c592435ae7,addition,TORNADO CASH,sources/validation_frame/actions/20221108.html,sha256:47c79e6972dd4452f41566288742a19000f00510ba70143802f83345f503f96f
bfa85bfb1d7505523df981ae,93,pilot_family_excluded,explicit_tornado_cash_target_name,https://ofac.treasury.gov/recent-actions/20221108,0x722122df12d4e14e13ac3b6895a86e84145b6967,addition,TORNADO CASH,sources/validation_frame/actions/20221108.html,sha256:47c79e6972dd4452f41566288742a19000f00510ba70143802f83345f503f96f
8259706122d84907347c4627,94,pilot_family_excluded,explicit_tornado_cash_target_name,https://ofac.treasury.gov/recent-actions/20221108,0x723b78e67497e85279cb204544566f4dc5d2aca0,addition,TORNADO CASH,sources/validation_frame/actions/20221108.html,sha256:47c79e6972dd4452f41566288742a19000f00510ba70143802f83345f503f96f
99654c5d5f74220c2cba29d9,95,pilot_family_excluded,explicit_tornado_cash_target_name,https://ofac.treasury.gov/recent-actions/20221108,0x743494b60097a2230018079c02fe21a7b687eaa5,addition,TORNADO CASH,sources/validation_frame/actions/20221108.html,sha256:47c79e6972dd4452f41566288742a19000f00510ba70143802f83345f503f96f
0c0901dd4557e680b768b7e3,96,pilot_family_excluded,explicit_tornado_cash_target_name,https://ofac.treasury.gov/recent-actions/20221108,0x746aebc06d2ae31b71ac51429a19d54e797878e9,addition,TORNADO CASH,sources/validation_frame/actions/20221108.html,sha256:47c79e6972dd4452f41566288742a19000f00510ba70143802f83345f503f96f
32ce301323872081b0d8f747,97,pilot_family_excluded,explicit_tornado_cash_target_name,https://ofac.treasury.gov/recent-actions/20221108,0x756c4628e57f7e7f8a459ec2752968360cf4d1aa,addition,TORNADO CASH,sources/validation_frame/actions/20221108.html,sha256:47c79e6972dd4452f41566288742a19000f00510ba70143802f83345f503f96f
0625d7b205e051b6adb8421d,98,pilot_family_excluded,explicit_tornado_cash_target_name,https://ofac.treasury.gov/recent-actions/20221108,0x76d85b4c0fc497eecc38902397ac608000a06607,addition,TORNADO CASH,sources/validation_frame/actions/20221108.html,sha256:47c79e6972dd4452f41566288742a19000f00510ba70143802f83345f503f96f
d21598cb275c4366c6041146,99,pilot_family_excluded,explicit_tornado_cash_target_name,https://ofac.treasury.gov/recent-actions/20221108,0x776198ccf446dfa168347089d7338879273172cf,addition,TORNADO CASH,sources/validation_frame/actions/20221108.html,sha256:47c79e6972dd4452f41566288742a19000f00510ba70143802f83345f503f96f
4a6f8cc43a73fd7558d23333,100,pilot_family_excluded,explicit_tornado_cash_target_name,https://ofac.treasury.gov/recent-actions/20221108,0x77777feddddffc19ff86db637967013e6c6a116c,addition,TORNADO CASH,sources/validation_frame/actions/20221108.html,sha256:47c79e6972dd4452f41566288742a19000f00510ba70143802f83345f503f96f
7b4e09c6c645016fddb69ae6,101,pilot_family_excluded,explicit_tornado_cash_target_name,https://ofac.treasury.gov/recent-actions/20221108,0x8281aa6795ade17c8973e1aedca380258bc124f9,addition,TORNADO CASH,sources/validation_frame/actions/20221108.html,sha256:47c79e6972dd4452f41566288742a19000f00510ba70143802f83345f503f96f
5edb4fe996f47a98b51f4d41,102,pilot_family_excluded,explicit_tornado_cash_target_name,https://ofac.treasury.gov/recent-actions/20221108,0x833481186f16cece3f1eeea1a694c42034c3a0db,addition,TORNADO CASH,sources/validation_frame/actions/20221108.html,sha256:47c79e6972dd4452f41566288742a19000f00510ba70143802f83345f503f96f
4b5a055c2bb704f40d0031b8,103,pilot_family_excluded,explicit_tornado_cash_target_name,https://ofac.treasury.gov/recent-actions/20221108,0x84443cfd09a48af6ef360c6976c5392ac5023a1f,addition,TORNADO CASH,sources/validation_frame/actions/20221108.html,sha256:47c79e6972dd4452f41566288742a19000f00510ba70143802f83345f503f96f
004fa6b827473b48ab9259ac,104,pilot_family_excluded,explicit_tornado_cash_target_name,https://ofac.treasury.gov/recent-actions/20221108,0x8589427373d6d84e98730d7795d8f6f8731fda16,addition,TORNADO CASH,sources/validation_frame/actions/20221108.html,sha256:47c79e6972dd4452f41566288742a19000f00510ba70143802f83345f503f96f
a18bbebd27b43d77be43e627,105,pilot_family_excluded,explicit_tornado_cash_target_name,https://ofac.treasury.gov/recent-actions/20221108,0x88fd245fedec4a936e700f9173454d1931b4c307,addition,TORNADO CASH,sources/validation_frame/actions/20221108.html,sha256:47c79e6972dd4452f41566288742a19000f00510ba70143802f83345f503f96f
6bb05c245ed2bb900b8b5234,106,pilot_family_excluded,explicit_tornado_cash_target_name,https://ofac.treasury.gov/recent-actions/20221108,0x910cbd523d972eb0a6f4cae4618ad62622b39dbf,addition,TORNADO CASH,sources/validation_frame/actions/20221108.html,sha256:47c79e6972dd4452f41566288742a19000f00510ba70143802f83345f503f96f
73b389f3ec7fe4b4ad37967e,107,pilot_family_excluded,explicit_tornado_cash_target_name,https://ofac.treasury.gov/recent-actions/20221108,0x94a1b5cdb22c43faab4abeb5c74999895464ddaf,addition,TORNADO CASH,sources/validation_frame/actions/20221108.html,sha256:47c79e6972dd4452f41566288742a19000f00510ba70143802f83345f503f96f
bf62e69521114ff3fa688da5,108,pilot_family_excluded,explicit_tornado_cash_target_name,https://ofac.treasury.gov/recent-actions/20221108,0x94be88213a387e992dd87de56950a9aef34b9448,addition,TORNADO CASH,sources/validation_frame/actions/20221108.html,sha256:47c79e6972dd4452f41566288742a19000f00510ba70143802f83345f503f96f
56a9bfbced3d95f1547bbb4e,109,pilot_family_excluded,explicit_tornado_cash_target_name,https://ofac.treasury.gov/recent-actions/20221108,0x94c92f096437ab9958fc0a37f09348f30389ae79,addition,TORNADO CASH,sources/validation_frame/actions/20221108.html,sha256:47c79e6972dd4452f41566288742a19000f00510ba70143802f83345f503f96f
0027271845bf9a1d3cc78ca2,110,pilot_family_excluded,explicit_tornado_cash_target_name,https://ofac.treasury.gov/recent-actions/20221108,0x9ad122c22b14202b4490edaf288fdb3c7cb3ff5e,addition,TORNADO CASH,sources/validation_frame/actions/20221108.html,sha256:47c79e6972dd4452f41566288742a19000f00510ba70143802f83345f503f96f
977a345c15b07bd6283cd603,111,pilot_family_excluded,explicit_tornado_cash_target_name,https://ofac.treasury.gov/recent-actions/20221108,0xa160cdab225685da1d56aa342ad8841c3b53f291,addition,TORNADO CASH,sources/validation_frame/actions/20221108.html,sha256:47c79e6972dd4452f41566288742a19000f00510ba70143802f83345f503f96f
38c2ff57be19959543dad1b9,112,pilot_family_excluded,explicit_tornado_cash_target_name,https://ofac.treasury.gov/recent-actions/20221108,0xa5c2254e4253490c54cef0a4347fddb8f75a4998,addition,TORNADO CASH,sources/validation_frame/actions/20221108.html,sha256:47c79e6972dd4452f41566288742a19000f00510ba70143802f83345f503f96f
0e19695ab7244947d6295f43,113,pilot_family_excluded,explicit_tornado_cash_target_name,https://ofac.treasury.gov/recent-actions/20221108,0xa60c772958a3ed56c1f15dd055ba37ac8e523a0d,addition,TORNADO CASH,sources/validation_frame/actions/20221108.html,sha256:47c79e6972dd4452f41566288742a19000f00510ba70143802f83345f503f96f
480fb37da1fc866aec8edec5,114,pilot_family_excluded,explicit_tornado_cash_target_name,https://ofac.treasury.gov/recent-actions/20221108,0xaeaac358560e11f52454d997aaff2c5731b6f8a6,addition,TORNADO CASH,sources/validation_frame/actions/20221108.html,sha256:47c79e6972dd4452f41566288742a19000f00510ba70143802f83345f503f96f
084652ebf0e2d4e7126dafc6,115,pilot_family_excluded,explicit_tornado_cash_target_name,https://ofac.treasury.gov/recent-actions/20221108,0xaf4c0b70b2ea9fb7487c7cbb37ada259579fe040,addition,TORNADO CASH,sources/validation_frame/actions/20221108.html,sha256:47c79e6972dd4452f41566288742a19000f00510ba70143802f83345f503f96f
8921d236ded8aca3e6695083,116,pilot_family_excluded,explicit_tornado_cash_target_name,https://ofac.treasury.gov/recent-actions/20221108,0xaf8d1839c3c67cf571aa74b5c12398d4901147b3,addition,TORNADO CASH,sources/validation_frame/actions/20221108.html,sha256:47c79e6972dd4452f41566288742a19000f00510ba70143802f83345f503f96f
052ae607090f13e14d8cdb89,117,pilot_family_excluded,explicit_tornado_cash_target_name,https://ofac.treasury.gov/recent-actions/20221108,0xb04e030140b30c27bcdfaafffa98c57d80eda7b4,addition,TORNADO CASH,sources/validation_frame/actions/20221108.html,sha256:47c79e6972dd4452f41566288742a19000f00510ba70143802f83345f503f96f
0e9d22bf72a5b02288ae98b5,118,pilot_family_excluded,explicit_tornado_cash_target_name,https://ofac.treasury.gov/recent-actions/20221108,0xb1c8094b234dce6e03f10a5b673c1d8c69739a00,addition,TORNADO CASH,sources/validation_frame/actions/20221108.html,sha256:47c79e6972dd4452f41566288742a19000f00510ba70143802f83345f503f96f
7fdb1bdae95ffa9a0e2db78e,119,pilot_family_excluded,explicit_tornado_cash_target_name,https://ofac.treasury.gov/recent-actions/20221108,0xb20c66c4de72433f3ce747b58b86830c459ca911,addition,TORNADO CASH,sources/validation_frame/actions/20221108.html,sha256:47c79e6972dd4452f41566288742a19000f00510ba70143802f83345f503f96f
fbfc32cc754e1e30a37c18d9,120,pilot_family_excluded,explicit_tornado_cash_target_name,https://ofac.treasury.gov/recent-actions/20221108,0xb541fc07bc7619fd4062a54d96268525cbc6ffef,addition,TORNADO CASH,sources/validation_frame/actions/20221108.html,sha256:47c79e6972dd4452f41566288742a19000f00510ba70143802f83345f503f96f
74befa2d4106df7b53502bce,121,pilot_family_excluded,explicit_tornado_cash_target_name,https://ofac.treasury.gov/recent-actions/20221108,0xba214c1c1928a32bffe790263e38b4af9bfcd659,addition,TORNADO CASH,sources/validation_frame/actions/20221108.html,sha256:47c79e6972dd4452f41566288742a19000f00510ba70143802f83345f503f96f
4a1d82ae05000450fb9753e9,122,pilot_family_excluded,explicit_tornado_cash_target_name,https://ofac.treasury.gov/recent-actions/20221108,0xbb93e510bbcd0b7beb5a853875f9ec60275cf498,addition,TORNADO CASH,sources/validation_frame/actions/20221108.html,sha256:47c79e6972dd4452f41566288742a19000f00510ba70143802f83345f503f96f
5d98d6da0c091535a5c9d0fd,123,pilot_family_excluded,explicit_tornado_cash_target_name,https://ofac.treasury.gov/recent-actions/20221108,0xca0840578f57fe71599d29375e16783424023357,addition,TORNADO CASH,sources/validation_frame/actions/20221108.html,sha256:47c79e6972dd4452f41566288742a19000f00510ba70143802f83345f503f96f
805b53a2e59518ef2163a08e,124,pilot_family_excluded,explicit_tornado_cash_target_name,https://ofac.treasury.gov/recent-actions/20221108,0xcc84179ffd19a1627e79f8648d09e095252bc418,addition,TORNADO CASH,sources/validation_frame/actions/20221108.html,sha256:47c79e6972dd4452f41566288742a19000f00510ba70143802f83345f503f96f
3bba485497c91a61b87b9482,125,pilot_family_excluded,explicit_tornado_cash_target_name,https://ofac.treasury.gov/recent-actions/20221108,0xcee71753c9820f063b38fdbe4cfdaf1d3d928a80,addition,TORNADO CASH,sources/validation_frame/actions/20221108.html,sha256:47c79e6972dd4452f41566288742a19000f00510ba70143802f83345f503f96f
9d38d4f8d66e08d3ee65dde0,126,pilot_family_excluded,explicit_tornado_cash_target_name,https://ofac.treasury.gov/recent-actions/20221108,0xd21be7248e0197ee08e0c20d4a96debdac3d20af,addition,TORNADO CASH,sources/validation_frame/actions/20221108.html,sha256:47c79e6972dd4452f41566288742a19000f00510ba70143802f83345f503f96f
3903168f5791c17cccba53a3,127,pilot_family_excluded,explicit_tornado_cash_target_name,https://ofac.treasury.gov/recent-actions/20221108,0xd47438c816c9e7f2e2888e060936a499af9582b3,addition,TORNADO CASH,sources/validation_frame/actions/20221108.html,sha256:47c79e6972dd4452f41566288742a19000f00510ba70143802f83345f503f96f
96b44c5f7e5aae8f33a8d518,128,pilot_family_excluded,explicit_tornado_cash_target_name,https://ofac.treasury.gov/recent-actions/20221108,0xd4b88df4d29f5cedd6857912842cff3b20c8cfa3,addition,TORNADO CASH,sources/validation_frame/actions/20221108.html,sha256:47c79e6972dd4452f41566288742a19000f00510ba70143802f83345f503f96f
632bbce8c4250e85218a68df,129,pilot_family_excluded,explicit_tornado_cash_target_name,https://ofac.treasury.gov/recent-actions/20221108,0xd5d6f8d9e784d0e26222ad3834500801a68d027d,addition,TORNADO CASH,sources/validation_frame/actions/20221108.html,sha256:47c79e6972dd4452f41566288742a19000f00510ba70143802f83345f503f96f
88d4943dbaf0e2d74f9393a7,130,pilot_family_excluded,explicit_tornado_cash_target_name,https://ofac.treasury.gov/recent-actions/20221108,0xd691f27f38b395864ea86cfc7253969b409c362d,addition,TORNADO CASH,sources/validation_frame/actions/20221108.html,sha256:47c79e6972dd4452f41566288742a19000f00510ba70143802f83345f503f96f
1e44d58967f114b99e68d1ab,131,pilot_family_excluded,explicit_tornado_cash_target_name,https://ofac.treasury.gov/recent-actions/20221108,0xd692fd2d0b2fbd2e52cfa5b5b9424bc981c30696,addition,TORNADO CASH,sources/validation_frame/actions/20221108.html,sha256:47c79e6972dd4452f41566288742a19000f00510ba70143802f83345f503f96f
f4c0c489c0c66ed5f8f478d6,132,pilot_family_excluded,explicit_tornado_cash_target_name,https://ofac.treasury.gov/recent-actions/20221108,0xd82ed8786d7c69dc7e052f7a542ab047971e73d2,addition,TORNADO CASH,sources/validation_frame/actions/20221108.html,sha256:47c79e6972dd4452f41566288742a19000f00510ba70143802f83345f503f96f
878f5041e54c0a536d3fe614,133,pilot_family_excluded,explicit_tornado_cash_target_name,https://ofac.treasury.gov/recent-actions/20221108,0xd8d7de3349ccaa0fde6298fe6d7b7d0d34586193,addition,TORNADO CASH,sources/validation_frame/actions/20221108.html,sha256:47c79e6972dd4452f41566288742a19000f00510ba70143802f83345f503f96f
1fbdf51aaaff3816ed2dc7d0,134,pilot_family_excluded,explicit_tornado_cash_target_name,https://ofac.treasury.gov/recent-actions/20221108,0xd90e2f925da726b50c4ed8d0fb90ad053324f31b,addition,TORNADO CASH,sources/validation_frame/actions/20221108.html,sha256:47c79e6972dd4452f41566288742a19000f00510ba70143802f83345f503f96f
12bf1d23ab73c4a33bb815e4,135,pilot_family_excluded,explicit_tornado_cash_target_name,https://ofac.treasury.gov/recent-actions/20221108,0xd96f2b1c14db8458374d9aca76e26c3d18364307,addition,TORNADO CASH,sources/validation_frame/actions/20221108.html,sha256:47c79e6972dd4452f41566288742a19000f00510ba70143802f83345f503f96f
e5cf984fd5e2d703435f5cb0,136,pilot_family_excluded,explicit_tornado_cash_target_name,https://ofac.treasury.gov/recent-actions/20221108,0xdd4c48c0b24039969fc16d1cdf626eab821d3384,addition,TORNADO CASH,sources/validation_frame/actions/20221108.html,sha256:47c79e6972dd4452f41566288742a19000f00510ba70143802f83345f503f96f
95e2283ee0315634faeeadf2,137,pilot_family_excluded,explicit_tornado_cash_target_name,https://ofac.treasury.gov/recent-actions/20221108,0xdf231d99ff8b6c6cbf4e9b9a945cbacef9339178,addition,TORNADO CASH,sources/validation_frame/actions/20221108.html,sha256:47c79e6972dd4452f41566288742a19000f00510ba70143802f83345f503f96f
1c71d1790f8765d470a31ef2,138,pilot_family_excluded,explicit_tornado_cash_target_name,https://ofac.treasury.gov/recent-actions/20221108,0xdf3a408c53e5078af6e8fb2a85088d46ee09a61b,addition,TORNADO CASH,sources/validation_frame/actions/20221108.html,sha256:47c79e6972dd4452f41566288742a19000f00510ba70143802f83345f503f96f
1c537cac046118ea66a96b18,139,pilot_family_excluded,explicit_tornado_cash_target_name,https://ofac.treasury.gov/recent-actions/20221108,0xedc5d01286f99a066559f60a585406f3878a033e,addition,TORNADO CASH,sources/validation_frame/actions/20221108.html,sha256:47c79e6972dd4452f41566288742a19000f00510ba70143802f83345f503f96f
647268ca931ec222480de470,140,pilot_family_excluded,explicit_tornado_cash_target_name,https://ofac.treasury.gov/recent-actions/20221108,0xf4b067dd14e95bab89be928c07cb22e3c94e0daa,addition,TORNADO CASH,sources/validation_frame/actions/20221108.html,sha256:47c79e6972dd4452f41566288742a19000f00510ba70143802f83345f503f96f
9333907f5e81219428c68234,141,pilot_family_excluded,explicit_tornado_cash_target_name,https://ofac.treasury.gov/recent-actions/20221108,0xf60dd140cff0706bae9cd734ac3ae76ad9ebc32a,addition,TORNADO CASH,sources/validation_frame/actions/20221108.html,sha256:47c79e6972dd4452f41566288742a19000f00510ba70143802f83345f503f96f
29eae6a5fabce5b12319505f,142,pilot_family_excluded,explicit_tornado_cash_target_name,https://ofac.treasury.gov/recent-actions/20221108,0xf67721a2d8f736e75a49fdd7fad2e31d8676542a,addition,TORNADO CASH,sources/validation_frame/actions/20221108.html,sha256:47c79e6972dd4452f41566288742a19000f00510ba70143802f83345f503f96f
06785ee04fa5239a3674cc00,143,pilot_family_excluded,explicit_tornado_cash_target_name,https://ofac.treasury.gov/recent-actions/20221108,0xfd8610d20aa15b7b2e3be39b396a1bc3516c7144,addition,TORNADO CASH,sources/validation_frame/actions/20221108.html,sha256:47c79e6972dd4452f41566288742a19000f00510ba70143802f83345f503f96f
9cc3104effb2e86cad226746,144,pilot_family_excluded,explicit_tornado_cash_target_name,https://ofac.treasury.gov/recent-actions/20221108,0xffbac21a641dcfe4552920138d90f3638b3c9fba,addition,TORNADO CASH,sources/validation_frame/actions/20221108.html,sha256:47c79e6972dd4452f41566288742a19000f00510ba70143802f83345f503f96f
5832a965c9e2ce131bce6c62,145,pilot_family_excluded,explicit_tornado_cash_target_name,https://ofac.treasury.gov/recent-actions/20221108,0x03893a7c7463ae47d46bc7f091665f1893656003,removal,TORNADO CASH (a.k.a. TORNADO CASH CLASSIC,sources/validation_frame/actions/20221108.html,sha256:47c79e6972dd4452f41566288742a19000f00510ba70143802f83345f503f96f
63ff0c95fd697b9ac0b7257d,146,pilot_family_excluded,explicit_tornado_cash_target_name,https://ofac.treasury.gov/recent-actions/20221108,0x07687e702b410fa43f4cb4af7fa097918ffd2730,removal,TORNADO CASH (a.k.a. TORNADO CASH CLASSIC,sources/validation_frame/actions/20221108.html,sha256:47c79e6972dd4452f41566288742a19000f00510ba70143802f83345f503f96f
2d85f4ed781d1e2b0dfc4b5e,147,pilot_family_excluded,explicit_tornado_cash_target_name,https://ofac.treasury.gov/recent-actions/20221108,0x0836222f2b2b24a3f36f98668ed8f0b38d1a872f,removal,TORNADO CASH (a.k.a. TORNADO CASH CLASSIC,sources/validation_frame/actions/20221108.html,sha256:47c79e6972dd4452f41566288742a19000f00510ba70143802f83345f503f96f
73dce22f62d0673e5643220f,148,pilot_family_excluded,explicit_tornado_cash_target_name,https://ofac.treasury.gov/recent-actions/20221108,0x12d66f87a04a9e220743712ce6d9bb1b5616b8fc,removal,TORNADO CASH (a.k.a. TORNADO CASH CLASSIC,sources/validation_frame/actions/20221108.html,sha256:47c79e6972dd4452f41566288742a19000f00510ba70143802f83345f503f96f
60a4278dc33121222b8f4672,149,pilot_family_excluded,explicit_tornado_cash_target_name,https://ofac.treasury.gov/recent-actions/20221108,0x1356c899d8c9467c7f71c195612f8a395abf2f0a,removal,TORNADO CASH (a.k.a. TORNADO CASH CLASSIC,sources/validation_frame/actions/20221108.html,sha256:47c79e6972dd4452f41566288742a19000f00510ba70143802f83345f503f96f
b0d43442c02691330b30982c,150,pilot_family_excluded,explicit_tornado_cash_target_name,https://ofac.treasury.gov/recent-actions/20221108,0x169ad27a470d064dede56a2d3ff727986b15d52b,removal,TORNADO CASH (a.k.a. TORNADO CASH CLASSIC,sources/validation_frame/actions/20221108.html,sha256:47c79e6972dd4452f41566288742a19000f00510ba70143802f83345f503f96f
cb5086e8cc79c48c69b54ca5,151,pilot_family_excluded,explicit_tornado_cash_target_name,https://ofac.treasury.gov/recent-actions/20221108,0x178169b423a011fff22b9e3f3abea13414ddd0f1,removal,TORNADO CASH (a.k.a. TORNADO CASH CLASSIC,sources/validation_frame/actions/20221108.html,sha256:47c79e6972dd4452f41566288742a19000f00510ba70143802f83345f503f96f
6f1b8d1ba1e8209b2abd42c6,152,pilot_family_excluded,explicit_tornado_cash_target_name,https://ofac.treasury.gov/recent-actions/20221108,0x22aaa7720ddd5388a3c0a3333430953c68f1849b,removal,TORNADO CASH (a.k.a. TORNADO CASH CLASSIC,sources/validation_frame/actions/20221108.html,sha256:47c79e6972dd4452f41566288742a19000f00510ba70143802f83345f503f96f
e2f05b26e8ce9bcc5e52269a,153,pilot_family_excluded,explicit_tornado_cash_target_name,https://ofac.treasury.gov/recent-actions/20221108,0x23773e65ed146a459791799d01336db287f25334,removal,TORNADO CASH (a.k.a. TORNADO CASH CLASSIC,sources/validation_frame/actions/20221108.html,sha256:47c79e6972dd4452f41566288742a19000f00510ba70143802f83345f503f96f
9aa840e97fb0a36107ca10bb,154,pilot_family_excluded,explicit_tornado_cash_target_name,https://ofac.treasury.gov/recent-actions/20221108,0x2717c5e28cf931547b621a5dddb772ab6a35b701,removal,TORNADO CASH (a.k.a. TORNADO CASH CLASSIC,sources/validation_frame/actions/20221108.html,sha256:47c79e6972dd4452f41566288742a19000f00510ba70143802f83345f503f96f
8c2a443ad9cfeaaa0cf3416b,155,pilot_family_excluded,explicit_tornado_cash_target_name,https://ofac.treasury.gov/recent-actions/20221108,0x4736dcf1b7a3d580672cce6e7c65cd5cc9cfba9d,removal,TORNADO CASH (a.k.a. TORNADO CASH CLASSIC,sources/validation_frame/actions/20221108.html,sha256:47c79e6972dd4452f41566288742a19000f00510ba70143802f83345f503f96f
1e97f68642c17f70c3d043d4,156,pilot_family_excluded,explicit_tornado_cash_target_name,https://ofac.treasury.gov/recent-actions/20221108,0x47ce0c6ed5b0ce3d3a51fdb1c52dc66a7c3c2936,removal,TORNADO CASH (a.k.a. TORNADO CASH CLASSIC,sources/validation_frame/actions/20221108.html,sha256:47c79e6972dd4452f41566288742a19000f00510ba70143802f83345f503f96f
f9d5c913e9fab94b9b7d21cf,157,pilot_family_excluded,explicit_tornado_cash_target_name,https://ofac.treasury.gov/recent-actions/20221108,0x527653ea119f3e6a1f5bd18fbf4714081d7b31ce,removal,TORNADO CASH (a.k.a. TORNADO CASH CLASSIC,sources/validation_frame/actions/20221108.html,sha256:47c79e6972dd4452f41566288742a19000f00510ba70143802f83345f503f96f
a53bfb11e7b5cf40b8e607b8,158,pilot_family_excluded,explicit_tornado_cash_target_name,https://ofac.treasury.gov/recent-actions/20221108,0x58e8dcc13be9780fc42e8723d8ead4cf46943df2,removal,TORNADO CASH (a.k.a. TORNADO CASH CLASSIC,sources/validation_frame/actions/20221108.html,sha256:47c79e6972dd4452f41566288742a19000f00510ba70143802f83345f503f96f
c730b6cd78f2a2efa7788467,159,pilot_family_excluded,explicit_tornado_cash_target_name,https://ofac.treasury.gov/recent-actions/20221108,0x610b717796ad172b316836ac95a2ffad065ceab4,removal,TORNADO CASH (a.k.a. TORNADO CASH CLASSIC,sources/validation_frame/actions/20221108.html,sha256:47c79e6972dd4452f41566288742a19000f00510ba70143802f83345f503f96f
68381de0f91b8913b19bd8d5,160,pilot_family_excluded,explicit_tornado_cash_target_name,https://ofac.treasury.gov/recent-actions/20221108,0x722122df12d4e14e13ac3b6895a86e84145b6967,removal,TORNADO CASH (a.k.a. TORNADO CASH CLASSIC,sources/validation_frame/actions/20221108.html,sha256:47c79e6972dd4452f41566288742a19000f00510ba70143802f83345f503f96f
597981a67322afae71ec951c,161,pilot_family_excluded,explicit_tornado_cash_target_name,https://ofac.treasury.gov/recent-actions/20221108,0x8589427373d6d84e98730d7795d8f6f8731fda16,removal,TORNADO CASH (a.k.a. TORNADO CASH CLASSIC,sources/validation_frame/actions/20221108.html,sha256:47c79e6972dd4452f41566288742a19000f00510ba70143802f83345f503f96f
f9b11c38a63313de7e69aaec,162,pilot_family_excluded,explicit_tornado_cash_target_name,https://ofac.treasury.gov/recent-actions/20221108,0x905b63fff465b9ffbf41dea908ceb12478ec7601,removal,TORNADO CASH (a.k.a. TORNADO CASH CLASSIC,sources/validation_frame/actions/20221108.html,sha256:47c79e6972dd4452f41566288742a19000f00510ba70143802f83345f503f96f
d4277cd5ca6e9789a7d64561,163,pilot_family_excluded,explicit_tornado_cash_target_name,https://ofac.treasury.gov/recent-actions/20221108,0x910cbd523d972eb0a6f4cae4618ad62622b39dbf,removal,TORNADO CASH (a.k.a. TORNADO CASH CLASSIC,sources/validation_frame/actions/20221108.html,sha256:47c79e6972dd4452f41566288742a19000f00510ba70143802f83345f503f96f
6a5b948feb72f476174e2869,164,pilot_family_excluded,explicit_tornado_cash_target_name,https://ofac.treasury.gov/recent-actions/20221108,0x94a1b5cdb22c43faab4abeb5c74999895464ddaf,removal,TORNADO CASH (a.k.a. TORNADO CASH CLASSIC,sources/validation_frame/actions/20221108.html,sha256:47c79e6972dd4452f41566288742a19000f00510ba70143802f83345f503f96f
5dad8b376f6eebbd1eb891aa,165,pilot_family_excluded,explicit_tornado_cash_target_name,https://ofac.treasury.gov/recent-actions/20221108,0x9ad122c22b14202b4490edaf288fdb3c7cb3ff5e,removal,TORNADO CASH (a.k.a. TORNADO CASH CLASSIC,sources/validation_frame/actions/20221108.html,sha256:47c79e6972dd4452f41566288742a19000f00510ba70143802f83345f503f96f
7270e4edb0fa57b09eb28368,166,pilot_family_excluded,explicit_tornado_cash_target_name,https://ofac.treasury.gov/recent-actions/20221108,0xa160cdab225685da1d56aa342ad8841c3b53f291,removal,TORNADO CASH (a.k.a. TORNADO CASH CLASSIC,sources/validation_frame/actions/20221108.html,sha256:47c79e6972dd4452f41566288742a19000f00510ba70143802f83345f503f96f
7744eeb2955781dd74a1b272,167,pilot_family_excluded,explicit_tornado_cash_target_name,https://ofac.treasury.gov/recent-actions/20221108,0xa60c772958a3ed56c1f15dd055ba37ac8e523a0d,removal,TORNADO CASH (a.k.a. TORNADO CASH CLASSIC,sources/validation_frame/actions/20221108.html,sha256:47c79e6972dd4452f41566288742a19000f00510ba70143802f83345f503f96f
6771e0bca4023c80edd8ebb4,168,pilot_family_excluded,explicit_tornado_cash_target_name,https://ofac.treasury.gov/recent-actions/20221108,0xaeaac358560e11f52454d997aaff2c5731b6f8a6,removal,TORNADO CASH (a.k.a. TORNADO CASH CLASSIC,sources/validation_frame/actions/20221108.html,sha256:47c79e6972dd4452f41566288742a19000f00510ba70143802f83345f503f96f
e85cc3856a355e10e9c68ba7,169,pilot_family_excluded,explicit_tornado_cash_target_name,https://ofac.treasury.gov/recent-actions/20221108,0xb1c8094b234dce6e03f10a5b673c1d8c69739a00,removal,TORNADO CASH (a.k.a. TORNADO CASH CLASSIC,sources/validation_frame/actions/20221108.html,sha256:47c79e6972dd4452f41566288742a19000f00510ba70143802f83345f503f96f
063b348bc99e3c2c9a30b595,170,pilot_family_excluded,explicit_tornado_cash_target_name,https://ofac.treasury.gov/recent-actions/20221108,0xb541fc07bc7619fd4062a54d96268525cbc6ffef,removal,TORNADO CASH (a.k.a. TORNADO CASH CLASSIC,sources/validation_frame/actions/20221108.html,sha256:47c79e6972dd4452f41566288742a19000f00510ba70143802f83345f503f96f
a1aba194414196dc30d6aa6e,171,pilot_family_excluded,explicit_tornado_cash_target_name,https://ofac.treasury.gov/recent-actions/20221108,0xba214c1c1928a32bffe790263e38b4af9bfcd659,removal,TORNADO CASH (a.k.a. TORNADO CASH CLASSIC,sources/validation_frame/actions/20221108.html,sha256:47c79e6972dd4452f41566288742a19000f00510ba70143802f83345f503f96f
96c97ed6a398beff2ac7e286,172,pilot_family_excluded,explicit_tornado_cash_target_name,https://ofac.treasury.gov/recent-actions/20221108,0xbb93e510bbcd0b7beb5a853875f9ec60275cf498,removal,TORNADO CASH (a.k.a. TORNADO CASH CLASSIC,sources/validation_frame/actions/20221108.html,sha256:47c79e6972dd4452f41566288742a19000f00510ba70143802f83345f503f96f
b90027e8e2ded1b5833a4883,173,pilot_family_excluded,explicit_tornado_cash_target_name,https://ofac.treasury.gov/recent-actions/20221108,0xca0840578f57fe71599d29375e16783424023357,removal,TORNADO CASH (a.k.a. TORNADO CASH CLASSIC,sources/validation_frame/actions/20221108.html,sha256:47c79e6972dd4452f41566288742a19000f00510ba70143802f83345f503f96f
a2e63eaedb893fb700c1f7eb,174,pilot_family_excluded,explicit_tornado_cash_target_name,https://ofac.treasury.gov/recent-actions/20221108,0xd21be7248e0197ee08e0c20d4a96debdac3d20af,removal,TORNADO CASH (a.k.a. TORNADO CASH CLASSIC,sources/validation_frame/actions/20221108.html,sha256:47c79e6972dd4452f41566288742a19000f00510ba70143802f83345f503f96f
cae3bf4ee65aefbfd90cd2c0,175,pilot_family_excluded,explicit_tornado_cash_target_name,https://ofac.treasury.gov/recent-actions/20221108,0xd4b88df4d29f5cedd6857912842cff3b20c8cfa3,removal,TORNADO CASH (a.k.a. TORNADO CASH CLASSIC,sources/validation_frame/actions/20221108.html,sha256:47c79e6972dd4452f41566288742a19000f00510ba70143802f83345f503f96f
d4de1671e4efa9db4b3799a0,176,pilot_family_excluded,explicit_tornado_cash_target_name,https://ofac.treasury.gov/recent-actions/20221108,0xd691f27f38b395864ea86cfc7253969b409c362d,removal,TORNADO CASH (a.k.a. TORNADO CASH CLASSIC,sources/validation_frame/actions/20221108.html,sha256:47c79e6972dd4452f41566288742a19000f00510ba70143802f83345f503f96f
a5ee3e465a58cbfa8169b32f,177,pilot_family_excluded,explicit_tornado_cash_target_name,https://ofac.treasury.gov/recent-actions/20221108,0xd90e2f925da726b50c4ed8d0fb90ad053324f31b,removal,TORNADO CASH (a.k.a. TORNADO CASH CLASSIC,sources/validation_frame/actions/20221108.html,sha256:47c79e6972dd4452f41566288742a19000f00510ba70143802f83345f503f96f
a829436f5069a0b98a96c90d,178,pilot_family_excluded,explicit_tornado_cash_target_name,https://ofac.treasury.gov/recent-actions/20221108,0xd96f2b1c14db8458374d9aca76e26c3d18364307,removal,TORNADO CASH (a.k.a. TORNADO CASH CLASSIC,sources/validation_frame/actions/20221108.html,sha256:47c79e6972dd4452f41566288742a19000f00510ba70143802f83345f503f96f
f70c67b9c864b8480a75bc3f,179,pilot_family_excluded,explicit_tornado_cash_target_name,https://ofac.treasury.gov/recent-actions/20221108,0xdd4c48c0b24039969fc16d1cdf626eab821d3384,removal,TORNADO CASH (a.k.a. TORNADO CASH CLASSIC,sources/validation_frame/actions/20221108.html,sha256:47c79e6972dd4452f41566288742a19000f00510ba70143802f83345f503f96f
3ae2904711a0a756fd00f9d4,180,pilot_family_excluded,explicit_tornado_cash_target_name,https://ofac.treasury.gov/recent-actions/20221108,0xf60dd140cff0706bae9cd734ac3ae76ad9ebc32a,removal,TORNADO CASH (a.k.a. TORNADO CASH CLASSIC,sources/validation_frame/actions/20221108.html,sha256:47c79e6972dd4452f41566288742a19000f00510ba70143802f83345f503f96f
5662ee8d1298b0e399981968,181,pilot_family_excluded,explicit_tornado_cash_target_name,https://ofac.treasury.gov/recent-actions/20221108,0xf67721a2d8f736e75a49fdd7fad2e31d8676542a,removal,TORNADO CASH (a.k.a. TORNADO CASH CLASSIC,sources/validation_frame/actions/20221108.html,sha256:47c79e6972dd4452f41566288742a19000f00510ba70143802f83345f503f96f
234024812ee0914c7a8a7d22,182,pilot_family_excluded,explicit_tornado_cash_target_name,https://ofac.treasury.gov/recent-actions/20221108,0xfd8610d20aa15b7b2e3be39b396a1bc3516c7144,removal,TORNADO CASH (a.k.a. TORNADO CASH CLASSIC,sources/validation_frame/actions/20221108.html,sha256:47c79e6972dd4452f41566288742a19000f00510ba70143802f83345f503f96f
953c75d18e189fcbde264d27,183,pilot_family_excluded,explicit_tornado_cash_target_name,https://ofac.treasury.gov/recent-actions/20221108,0x03893a7c7463ae47d46bc7f091665f1893656003,removal,TORNADO CASH CLASSIC (a.k.a. TORNADO CASH,sources/validation_frame/actions/20221108.html,sha256:47c79e6972dd4452f41566288742a19000f00510ba70143802f83345f503f96f
b725fc95f89b1c435333af2f,184,pilot_family_excluded,explicit_tornado_cash_target_name,https://ofac.treasury.gov/recent-actions/20221108,0x07687e702b410fa43f4cb4af7fa097918ffd2730,removal,TORNADO CASH CLASSIC (a.k.a. TORNADO CASH,sources/validation_frame/actions/20221108.html,sha256:47c79e6972dd4452f41566288742a19000f00510ba70143802f83345f503f96f
54d9b2f863718fbc35c8272d,185,pilot_family_excluded,explicit_tornado_cash_target_name,https://ofac.treasury.gov/recent-actions/20221108,0x0836222f2b2b24a3f36f98668ed8f0b38d1a872f,removal,TORNADO CASH CLASSIC (a.k.a. TORNADO CASH,sources/validation_frame/actions/20221108.html,sha256:47c79e6972dd4452f41566288742a19000f00510ba70143802f83345f503f96f
2d732bf5785b33022d01e457,186,pilot_family_excluded,explicit_tornado_cash_target_name,https://ofac.treasury.gov/recent-actions/20221108,0x12d66f87a04a9e220743712ce6d9bb1b5616b8fc,removal,TORNADO CASH CLASSIC (a.k.a. TORNADO CASH,sources/validation_frame/actions/20221108.html,sha256:47c79e6972dd4452f41566288742a19000f00510ba70143802f83345f503f96f
57b1dc43b5e6c8506a1f1ec1,187,pilot_family_excluded,explicit_tornado_cash_target_name,https://ofac.treasury.gov/recent-actions/20221108,0x1356c899d8c9467c7f71c195612f8a395abf2f0a,removal,TORNADO CASH CLASSIC (a.k.a. TORNADO CASH,sources/validation_frame/actions/20221108.html,sha256:47c79e6972dd4452f41566288742a19000f00510ba70143802f83345f503f96f
9722dd00d7942f3bd029de8b,188,pilot_family_excluded,explicit_tornado_cash_target_name,https://ofac.treasury.gov/recent-actions/20221108,0x169ad27a470d064dede56a2d3ff727986b15d52b,removal,TORNADO CASH CLASSIC (a.k.a. TORNADO CASH,sources/validation_frame/actions/20221108.html,sha256:47c79e6972dd4452f41566288742a19000f00510ba70143802f83345f503f96f
095c47f04df6d6bbf37436f3,189,pilot_family_excluded,explicit_tornado_cash_target_name,https://ofac.treasury.gov/recent-actions/20221108,0x178169b423a011fff22b9e3f3abea13414ddd0f1,removal,TORNADO CASH CLASSIC (a.k.a. TORNADO CASH,sources/validation_frame/actions/20221108.html,sha256:47c79e6972dd4452f41566288742a19000f00510ba70143802f83345f503f96f
107ab92f92fb529630067df4,190,pilot_family_excluded,explicit_tornado_cash_target_name,https://ofac.treasury.gov/recent-actions/20221108,0x22aaa7720ddd5388a3c0a3333430953c68f1849b,removal,TORNADO CASH CLASSIC (a.k.a. TORNADO CASH,sources/validation_frame/actions/20221108.html,sha256:47c79e6972dd4452f41566288742a19000f00510ba70143802f83345f503f96f
6174035586d912fc28a944cc,191,pilot_family_excluded,explicit_tornado_cash_target_name,https://ofac.treasury.gov/recent-actions/20221108,0x23773e65ed146a459791799d01336db287f25334,removal,TORNADO CASH CLASSIC (a.k.a. TORNADO CASH,sources/validation_frame/actions/20221108.html,sha256:47c79e6972dd4452f41566288742a19000f00510ba70143802f83345f503f96f
8693911974ede50d54682ad2,192,pilot_family_excluded,explicit_tornado_cash_target_name,https://ofac.treasury.gov/recent-actions/20221108,0x2717c5e28cf931547b621a5dddb772ab6a35b701,removal,TORNADO CASH CLASSIC (a.k.a. TORNADO CASH,sources/validation_frame/actions/20221108.html,sha256:47c79e6972dd4452f41566288742a19000f00510ba70143802f83345f503f96f
4f98ad9368cd39c704acbe21,193,pilot_family_excluded,explicit_tornado_cash_target_name,https://ofac.treasury.gov/recent-actions/20221108,0x4736dcf1b7a3d580672cce6e7c65cd5cc9cfba9d,removal,TORNADO CASH CLASSIC (a.k.a. TORNADO CASH,sources/validation_frame/actions/20221108.html,sha256:47c79e6972dd4452f41566288742a19000f00510ba70143802f83345f503f96f
0fc3482fbdb833dbe58e66e9,194,pilot_family_excluded,explicit_tornado_cash_target_name,https://ofac.treasury.gov/recent-actions/20221108,0x47ce0c6ed5b0ce3d3a51fdb1c52dc66a7c3c2936,removal,TORNADO CASH CLASSIC (a.k.a. TORNADO CASH,sources/validation_frame/actions/20221108.html,sha256:47c79e6972dd4452f41566288742a19000f00510ba70143802f83345f503f96f
12affa710cc5c3219bed2e06,195,pilot_family_excluded,explicit_tornado_cash_target_name,https://ofac.treasury.gov/recent-actions/20221108,0x527653ea119f3e6a1f5bd18fbf4714081d7b31ce,removal,TORNADO CASH CLASSIC (a.k.a. TORNADO CASH,sources/validation_frame/actions/20221108.html,sha256:47c79e6972dd4452f41566288742a19000f00510ba70143802f83345f503f96f
820bc336afcb7557f8c1998d,196,pilot_family_excluded,explicit_tornado_cash_target_name,https://ofac.treasury.gov/recent-actions/20221108,0x58e8dcc13be9780fc42e8723d8ead4cf46943df2,removal,TORNADO CASH CLASSIC (a.k.a. TORNADO CASH,sources/validation_frame/actions/20221108.html,sha256:47c79e6972dd4452f41566288742a19000f00510ba70143802f83345f503f96f
574ad49c7a0e1baae7f45202,197,pilot_family_excluded,explicit_tornado_cash_target_name,https://ofac.treasury.gov/recent-actions/20221108,0x610b717796ad172b316836ac95a2ffad065ceab4,removal,TORNADO CASH CLASSIC (a.k.a. TORNADO CASH,sources/validation_frame/actions/20221108.html,sha256:47c79e6972dd4452f41566288742a19000f00510ba70143802f83345f503f96f
80b38acd7f8ad9e985d0b680,198,pilot_family_excluded,explicit_tornado_cash_target_name,https://ofac.treasury.gov/recent-actions/20221108,0x722122df12d4e14e13ac3b6895a86e84145b6967,removal,TORNADO CASH CLASSIC (a.k.a. TORNADO CASH,sources/validation_frame/actions/20221108.html,sha256:47c79e6972dd4452f41566288742a19000f00510ba70143802f83345f503f96f
7412e5226798d01af5ccd1d1,199,pilot_family_excluded,explicit_tornado_cash_target_name,https://ofac.treasury.gov/recent-actions/20221108,0x8589427373d6d84e98730d7795d8f6f8731fda16,removal,TORNADO CASH CLASSIC (a.k.a. TORNADO CASH,sources/validation_frame/actions/20221108.html,sha256:47c79e6972dd4452f41566288742a19000f00510ba70143802f83345f503f96f
e5617fdb94ef9b33cb046dd6,200,pilot_family_excluded,explicit_tornado_cash_target_name,https://ofac.treasury.gov/recent-actions/20221108,0x905b63fff465b9ffbf41dea908ceb12478ec7601,removal,TORNADO CASH CLASSIC (a.k.a. TORNADO CASH,sources/validation_frame/actions/20221108.html,sha256:47c79e6972dd4452f41566288742a19000f00510ba70143802f83345f503f96f
f819433995da62f2975ce462,201,pilot_family_excluded,explicit_tornado_cash_target_name,https://ofac.treasury.gov/recent-actions/20221108,0x910cbd523d972eb0a6f4cae4618ad62622b39dbf,removal,TORNADO CASH CLASSIC (a.k.a. TORNADO CASH,sources/validation_frame/actions/20221108.html,sha256:47c79e6972dd4452f41566288742a19000f00510ba70143802f83345f503f96f
0339495a4bd207c3313486dd,202,pilot_family_excluded,explicit_tornado_cash_target_name,https://ofac.treasury.gov/recent-actions/20221108,0x94a1b5cdb22c43faab4abeb5c74999895464ddaf,removal,TORNADO CASH CLASSIC (a.k.a. TORNADO CASH,sources/validation_frame/actions/20221108.html,sha256:47c79e6972dd4452f41566288742a19000f00510ba70143802f83345f503f96f
672c36fd5ec864aad0f5f10b,203,pilot_family_excluded,explicit_tornado_cash_target_name,https://ofac.treasury.gov/recent-actions/20221108,0x9ad122c22b14202b4490edaf288fdb3c7cb3ff5e,removal,TORNADO CASH CLASSIC (a.k.a. TORNADO CASH,sources/validation_frame/actions/20221108.html,sha256:47c79e6972dd4452f41566288742a19000f00510ba70143802f83345f503f96f
2cbfe35cf4192259f4e2f538,204,pilot_family_excluded,explicit_tornado_cash_target_name,https://ofac.treasury.gov/recent-actions/20221108,0xa160cdab225685da1d56aa342ad8841c3b53f291,removal,TORNADO CASH CLASSIC (a.k.a. TORNADO CASH,sources/validation_frame/actions/20221108.html,sha256:47c79e6972dd4452f41566288742a19000f00510ba70143802f83345f503f96f
94ce91a68794fef8d3fa7196,205,pilot_family_excluded,explicit_tornado_cash_target_name,https://ofac.treasury.gov/recent-actions/20221108,0xa60c772958a3ed56c1f15dd055ba37ac8e523a0d,removal,TORNADO CASH CLASSIC (a.k.a. TORNADO CASH,sources/validation_frame/actions/20221108.html,sha256:47c79e6972dd4452f41566288742a19000f00510ba70143802f83345f503f96f
b9327fbbcb1a2b964e87cb3c,206,pilot_family_excluded,explicit_tornado_cash_target_name,https://ofac.treasury.gov/recent-actions/20221108,0xaeaac358560e11f52454d997aaff2c5731b6f8a6,removal,TORNADO CASH CLASSIC (a.k.a. TORNADO CASH,sources/validation_frame/actions/20221108.html,sha256:47c79e6972dd4452f41566288742a19000f00510ba70143802f83345f503f96f
6c241a9fa937e09ec47e9fb9,207,pilot_family_excluded,explicit_tornado_cash_target_name,https://ofac.treasury.gov/recent-actions/20221108,0xb1c8094b234dce6e03f10a5b673c1d8c69739a00,removal,TORNADO CASH CLASSIC (a.k.a. TORNADO CASH,sources/validation_frame/actions/20221108.html,sha256:47c79e6972dd4452f41566288742a19000f00510ba70143802f83345f503f96f
fe4f8b2325ab10e86c5d5517,208,pilot_family_excluded,explicit_tornado_cash_target_name,https://ofac.treasury.gov/recent-actions/20221108,0xb541fc07bc7619fd4062a54d96268525cbc6ffef,removal,TORNADO CASH CLASSIC (a.k.a. TORNADO CASH,sources/validation_frame/actions/20221108.html,sha256:47c79e6972dd4452f41566288742a19000f00510ba70143802f83345f503f96f
006e756276257e0322974ca5,209,pilot_family_excluded,explicit_tornado_cash_target_name,https://ofac.treasury.gov/recent-actions/20221108,0xba214c1c1928a32bffe790263e38b4af9bfcd659,removal,TORNADO CASH CLASSIC (a.k.a. TORNADO CASH,sources/validation_frame/actions/20221108.html,sha256:47c79e6972dd4452f41566288742a19000f00510ba70143802f83345f503f96f
86de2802223a9bd78043ba7a,210,pilot_family_excluded,explicit_tornado_cash_target_name,https://ofac.treasury.gov/recent-actions/20221108,0xbb93e510bbcd0b7beb5a853875f9ec60275cf498,removal,TORNADO CASH CLASSIC (a.k.a. TORNADO CASH,sources/validation_frame/actions/20221108.html,sha256:47c79e6972dd4452f41566288742a19000f00510ba70143802f83345f503f96f
fbbd564386a06ece310080e0,211,pilot_family_excluded,explicit_tornado_cash_target_name,https://ofac.treasury.gov/recent-actions/20221108,0xca0840578f57fe71599d29375e16783424023357,removal,TORNADO CASH CLASSIC (a.k.a. TORNADO CASH,sources/validation_frame/actions/20221108.html,sha256:47c79e6972dd4452f41566288742a19000f00510ba70143802f83345f503f96f
d961bb03b8e112ebb4ba31a8,212,pilot_family_excluded,explicit_tornado_cash_target_name,https://ofac.treasury.gov/recent-actions/20221108,0xd21be7248e0197ee08e0c20d4a96debdac3d20af,removal,TORNADO CASH CLASSIC (a.k.a. TORNADO CASH,sources/validation_frame/actions/20221108.html,sha256:47c79e6972dd4452f41566288742a19000f00510ba70143802f83345f503f96f
a7ad3c3c4983e37975fab1e7,213,pilot_family_excluded,explicit_tornado_cash_target_name,https://ofac.treasury.gov/recent-actions/20221108,0xd4b88df4d29f5cedd6857912842cff3b20c8cfa3,removal,TORNADO CASH CLASSIC (a.k.a. TORNADO CASH,sources/validation_frame/actions/20221108.html,sha256:47c79e6972dd4452f41566288742a19000f00510ba70143802f83345f503f96f
71deaf2c21b666d023a901ed,214,pilot_family_excluded,explicit_tornado_cash_target_name,https://ofac.treasury.gov/recent-actions/20221108,0xd691f27f38b395864ea86cfc7253969b409c362d,removal,TORNADO CASH CLASSIC (a.k.a. TORNADO CASH,sources/validation_frame/actions/20221108.html,sha256:47c79e6972dd4452f41566288742a19000f00510ba70143802f83345f503f96f
7e4a1ce8f888ff00c1ef4dbe,215,pilot_family_excluded,explicit_tornado_cash_target_name,https://ofac.treasury.gov/recent-actions/20221108,0xd90e2f925da726b50c4ed8d0fb90ad053324f31b,removal,TORNADO CASH CLASSIC (a.k.a. TORNADO CASH,sources/validation_frame/actions/20221108.html,sha256:47c79e6972dd4452f41566288742a19000f00510ba70143802f83345f503f96f
8fb757f9142577a5aef3307c,216,pilot_family_excluded,explicit_tornado_cash_target_name,https://ofac.treasury.gov/recent-actions/20221108,0xd96f2b1c14db8458374d9aca76e26c3d18364307,removal,TORNADO CASH CLASSIC (a.k.a. TORNADO CASH,sources/validation_frame/actions/20221108.html,sha256:47c79e6972dd4452f41566288742a19000f00510ba70143802f83345f503f96f
385fc71fd788e183d84ef751,217,pilot_family_excluded,explicit_tornado_cash_target_name,https://ofac.treasury.gov/recent-actions/20221108,0xdd4c48c0b24039969fc16d1cdf626eab821d3384,removal,TORNADO CASH CLASSIC (a.k.a. TORNADO CASH,sources/validation_frame/actions/20221108.html,sha256:47c79e6972dd4452f41566288742a19000f00510ba70143802f83345f503f96f
d334fa8e03f7e5e75f3bb165,218,pilot_family_excluded,explicit_tornado_cash_target_name,https://ofac.treasury.gov/recent-actions/20221108,0xf60dd140cff0706bae9cd734ac3ae76ad9ebc32a,removal,TORNADO CASH CLASSIC (a.k.a. TORNADO CASH,sources/validation_frame/actions/20221108.html,sha256:47c79e6972dd4452f41566288742a19000f00510ba70143802f83345f503f96f
0d595db3477bb6d1a5dcf068,219,pilot_family_excluded,explicit_tornado_cash_target_name,https://ofac.treasury.gov/recent-actions/20221108,0xf67721a2d8f736e75a49fdd7fad2e31d8676542a,removal,TORNADO CASH CLASSIC (a.k.a. TORNADO CASH,sources/validation_frame/actions/20221108.html,sha256:47c79e6972dd4452f41566288742a19000f00510ba70143802f83345f503f96f
24ffe0d1413ffc8ec6cce6ff,220,pilot_family_excluded,explicit_tornado_cash_target_name,https://ofac.treasury.gov/recent-actions/20221108,0xfd8610d20aa15b7b2e3be39b396a1bc3516c7144,removal,TORNADO CASH CLASSIC (a.k.a. TORNADO CASH,sources/validation_frame/actions/20221108.html,sha256:47c79e6972dd4452f41566288742a19000f00510ba70143802f83345f503f96f
e853cc562b76c4dd0a688ab8,221,pilot_family_excluded,explicit_tornado_cash_target_name,https://ofac.treasury.gov/recent-actions/20221108,0x03893a7c7463ae47d46bc7f091665f1893656003,removal,TORNADO CASH NOVA (a.k.a. TORNADO CASH,sources/validation_frame/actions/20221108.html,sha256:47c79e6972dd4452f41566288742a19000f00510ba70143802f83345f503f96f
28bdb5dfbd17b0da86d31fe8,222,pilot_family_excluded,explicit_tornado_cash_target_name,https://ofac.treasury.gov/recent-actions/20221108,0x07687e702b410fa43f4cb4af7fa097918ffd2730,removal,TORNADO CASH NOVA (a.k.a. TORNADO CASH,sources/validation_frame/actions/20221108.html,sha256:47c79e6972dd4452f41566288742a19000f00510ba70143802f83345f503f96f
624cba888c537c37821fdd0d,223,pilot_family_excluded,explicit_tornado_cash_target_name,https://ofac.treasury.gov/recent-actions/20221108,0x0836222f2b2b24a3f36f98668ed8f0b38d1a872f,removal,TORNADO CASH NOVA (a.k.a. TORNADO CASH,sources/validation_frame/actions/20221108.html,sha256:47c79e6972dd4452f41566288742a19000f00510ba70143802f83345f503f96f
53870669d0342958f7203805,224,pilot_family_excluded,explicit_tornado_cash_target_name,https://ofac.treasury.gov/recent-actions/20221108,0x12d66f87a04a9e220743712ce6d9bb1b5616b8fc,removal,TORNADO CASH NOVA (a.k.a. TORNADO CASH,sources/validation_frame/actions/20221108.html,sha256:47c79e6972dd4452f41566288742a19000f00510ba70143802f83345f503f96f
9bc384ad1f19bb867bdfd4a3,225,pilot_family_excluded,explicit_tornado_cash_target_name,https://ofac.treasury.gov/recent-actions/20221108,0x1356c899d8c9467c7f71c195612f8a395abf2f0a,removal,TORNADO CASH NOVA (a.k.a. TORNADO CASH,sources/validation_frame/actions/20221108.html,sha256:47c79e6972dd4452f41566288742a19000f00510ba70143802f83345f503f96f
b7c7e6f61bca9aa7382cb854,226,pilot_family_excluded,explicit_tornado_cash_target_name,https://ofac.treasury.gov/recent-actions/20221108,0x169ad27a470d064dede56a2d3ff727986b15d52b,removal,TORNADO CASH NOVA (a.k.a. TORNADO CASH,sources/validation_frame/actions/20221108.html,sha256:47c79e6972dd4452f41566288742a19000f00510ba70143802f83345f503f96f
e39a8feb00939c5670058c3d,227,pilot_family_excluded,explicit_tornado_cash_target_name,https://ofac.treasury.gov/recent-actions/20221108,0x178169b423a011fff22b9e3f3abea13414ddd0f1,removal,TORNADO CASH NOVA (a.k.a. TORNADO CASH,sources/validation_frame/actions/20221108.html,sha256:47c79e6972dd4452f41566288742a19000f00510ba70143802f83345f503f96f
c9dd1f4dba74ab8ac117f8b5,228,pilot_family_excluded,explicit_tornado_cash_target_name,https://ofac.treasury.gov/recent-actions/20221108,0x22aaa7720ddd5388a3c0a3333430953c68f1849b,removal,TORNADO CASH NOVA (a.k.a. TORNADO CASH,sources/validation_frame/actions/20221108.html,sha256:47c79e6972dd4452f41566288742a19000f00510ba70143802f83345f503f96f
f4e018f2bf6a1a788b9e92d2,229,pilot_family_excluded,explicit_tornado_cash_target_name,https://ofac.treasury.gov/recent-actions/20221108,0x23773e65ed146a459791799d01336db287f25334,removal,TORNADO CASH NOVA (a.k.a. TORNADO CASH,sources/validation_frame/actions/20221108.html,sha256:47c79e6972dd4452f41566288742a19000f00510ba70143802f83345f503f96f
60996c5e4154f66e93cb33c3,230,pilot_family_excluded,explicit_tornado_cash_target_name,https://ofac.treasury.gov/recent-actions/20221108,0x2717c5e28cf931547b621a5dddb772ab6a35b701,removal,TORNADO CASH NOVA (a.k.a. TORNADO CASH,sources/validation_frame/actions/20221108.html,sha256:47c79e6972dd4452f41566288742a19000f00510ba70143802f83345f503f96f
46621e2fb3b929904ca4a86e,231,pilot_family_excluded,explicit_tornado_cash_target_name,https://ofac.treasury.gov/recent-actions/20221108,0x4736dcf1b7a3d580672cce6e7c65cd5cc9cfba9d,removal,TORNADO CASH NOVA (a.k.a. TORNADO CASH,sources/validation_frame/actions/20221108.html,sha256:47c79e6972dd4452f41566288742a19000f00510ba70143802f83345f503f96f
613a10aeeeaa8fd72a7c1a12,232,pilot_family_excluded,explicit_tornado_cash_target_name,https://ofac.treasury.gov/recent-actions/20221108,0x47ce0c6ed5b0ce3d3a51fdb1c52dc66a7c3c2936,removal,TORNADO CASH NOVA (a.k.a. TORNADO CASH,sources/validation_frame/actions/20221108.html,sha256:47c79e6972dd4452f41566288742a19000f00510ba70143802f83345f503f96f
ffd830708325e6c396ded0c6,233,pilot_family_excluded,explicit_tornado_cash_target_name,https://ofac.treasury.gov/recent-actions/20221108,0x527653ea119f3e6a1f5bd18fbf4714081d7b31ce,removal,TORNADO CASH NOVA (a.k.a. TORNADO CASH,sources/validation_frame/actions/20221108.html,sha256:47c79e6972dd4452f41566288742a19000f00510ba70143802f83345f503f96f
6dc8f50341069bb5a51ab84d,234,pilot_family_excluded,explicit_tornado_cash_target_name,https://ofac.treasury.gov/recent-actions/20221108,0x58e8dcc13be9780fc42e8723d8ead4cf46943df2,removal,TORNADO CASH NOVA (a.k.a. TORNADO CASH,sources/validation_frame/actions/20221108.html,sha256:47c79e6972dd4452f41566288742a19000f00510ba70143802f83345f503f96f
89b63038487f2805bb573f14,235,pilot_family_excluded,explicit_tornado_cash_target_name,https://ofac.treasury.gov/recent-actions/20221108,0x610b717796ad172b316836ac95a2ffad065ceab4,removal,TORNADO CASH NOVA (a.k.a. TORNADO CASH,sources/validation_frame/actions/20221108.html,sha256:47c79e6972dd4452f41566288742a19000f00510ba70143802f83345f503f96f
0ea589b2a9c11293a60b134a,236,pilot_family_excluded,explicit_tornado_cash_target_name,https://ofac.treasury.gov/recent-actions/20221108,0x722122df12d4e14e13ac3b6895a86e84145b6967,removal,TORNADO CASH NOVA (a.k.a. TORNADO CASH,sources/validation_frame/actions/20221108.html,sha256:47c79e6972dd4452f41566288742a19000f00510ba70143802f83345f503f96f
508d1c0b12a4406bacd5ed79,237,pilot_family_excluded,explicit_tornado_cash_target_name,https://ofac.treasury.gov/recent-actions/20221108,0x8589427373d6d84e98730d7795d8f6f8731fda16,removal,TORNADO CASH NOVA (a.k.a. TORNADO CASH,sources/validation_frame/actions/20221108.html,sha256:47c79e6972dd4452f41566288742a19000f00510ba70143802f83345f503f96f
bf6c413fcccea8f6d80b87d5,238,pilot_family_excluded,explicit_tornado_cash_target_name,https://ofac.treasury.gov/recent-actions/20221108,0x905b63fff465b9ffbf41dea908ceb12478ec7601,removal,TORNADO CASH NOVA (a.k.a. TORNADO CASH,sources/validation_frame/actions/20221108.html,sha256:47c79e6972dd4452f41566288742a19000f00510ba70143802f83345f503f96f
6b6ac6022e47a99927080f05,239,pilot_family_excluded,explicit_tornado_cash_target_name,https://ofac.treasury.gov/recent-actions/20221108,0x910cbd523d972eb0a6f4cae4618ad62622b39dbf,removal,TORNADO CASH NOVA (a.k.a. TORNADO CASH,sources/validation_frame/actions/20221108.html,sha256:47c79e6972dd4452f41566288742a19000f00510ba70143802f83345f503f96f
5cefde030f780bcbab9cecd4,240,pilot_family_excluded,explicit_tornado_cash_target_name,https://ofac.treasury.gov/recent-actions/20221108,0x94a1b5cdb22c43faab4abeb5c74999895464ddaf,removal,TORNADO CASH NOVA (a.k.a. TORNADO CASH,sources/validation_frame/actions/20221108.html,sha256:47c79e6972dd4452f41566288742a19000f00510ba70143802f83345f503f96f
4197e5373ce763a9c518fe91,241,pilot_family_excluded,explicit_tornado_cash_target_name,https://ofac.treasury.gov/recent-actions/20221108,0x9ad122c22b14202b4490edaf288fdb3c7cb3ff5e,removal,TORNADO CASH NOVA (a.k.a. TORNADO CASH,sources/validation_frame/actions/20221108.html,sha256:47c79e6972dd4452f41566288742a19000f00510ba70143802f83345f503f96f
51e64ac0e8f8fcae83e3e76c,242,pilot_family_excluded,explicit_tornado_cash_target_name,https://ofac.treasury.gov/recent-actions/20221108,0xa160cdab225685da1d56aa342ad8841c3b53f291,removal,TORNADO CASH NOVA (a.k.a. TORNADO CASH,sources/validation_frame/actions/20221108.html,sha256:47c79e6972dd4452f41566288742a19000f00510ba70143802f83345f503f96f
9e0f0b64825d911e362d6ecf,243,pilot_family_excluded,explicit_tornado_cash_target_name,https://ofac.treasury.gov/recent-actions/20221108,0xa60c772958a3ed56c1f15dd055ba37ac8e523a0d,removal,TORNADO CASH NOVA (a.k.a. TORNADO CASH,sources/validation_frame/actions/20221108.html,sha256:47c79e6972dd4452f41566288742a19000f00510ba70143802f83345f503f96f
83070b3922d7780dba27c510,244,pilot_family_excluded,explicit_tornado_cash_target_name,https://ofac.treasury.gov/recent-actions/20221108,0xaeaac358560e11f52454d997aaff2c5731b6f8a6,removal,TORNADO CASH NOVA (a.k.a. TORNADO CASH,sources/validation_frame/actions/20221108.html,sha256:47c79e6972dd4452f41566288742a19000f00510ba70143802f83345f503f96f
f6fbe9c85c7a6668805b9fe9,245,pilot_family_excluded,explicit_tornado_cash_target_name,https://ofac.treasury.gov/recent-actions/20221108,0xb1c8094b234dce6e03f10a5b673c1d8c69739a00,removal,TORNADO CASH NOVA (a.k.a. TORNADO CASH,sources/validation_frame/actions/20221108.html,sha256:47c79e6972dd4452f41566288742a19000f00510ba70143802f83345f503f96f
09ce3f8d4f3a0f2b146cdad2,246,pilot_family_excluded,explicit_tornado_cash_target_name,https://ofac.treasury.gov/recent-actions/20221108,0xb541fc07bc7619fd4062a54d96268525cbc6ffef,removal,TORNADO CASH NOVA (a.k.a. TORNADO CASH,sources/validation_frame/actions/20221108.html,sha256:47c79e6972dd4452f41566288742a19000f00510ba70143802f83345f503f96f
17f5a196145297409a5c8377,247,pilot_family_excluded,explicit_tornado_cash_target_name,https://ofac.treasury.gov/recent-actions/20221108,0xba214c1c1928a32bffe790263e38b4af9bfcd659,removal,TORNADO CASH NOVA (a.k.a. TORNADO CASH,sources/validation_frame/actions/20221108.html,sha256:47c79e6972dd4452f41566288742a19000f00510ba70143802f83345f503f96f
7e4c9776c89e9e661b601be4,248,pilot_family_excluded,explicit_tornado_cash_target_name,https://ofac.treasury.gov/recent-actions/20221108,0xbb93e510bbcd0b7beb5a853875f9ec60275cf498,removal,TORNADO CASH NOVA (a.k.a. TORNADO CASH,sources/validation_frame/actions/20221108.html,sha256:47c79e6972dd4452f41566288742a19000f00510ba70143802f83345f503f96f
437fe68d3df71cb36b09d9a1,249,pilot_family_excluded,explicit_tornado_cash_target_name,https://ofac.treasury.gov/recent-actions/20221108,0xca0840578f57fe71599d29375e16783424023357,removal,TORNADO CASH NOVA (a.k.a. TORNADO CASH,sources/validation_frame/actions/20221108.html,sha256:47c79e6972dd4452f41566288742a19000f00510ba70143802f83345f503f96f
92a5392b44097559e86b49d7,250,pilot_family_excluded,explicit_tornado_cash_target_name,https://ofac.treasury.gov/recent-actions/20221108,0xd21be7248e0197ee08e0c20d4a96debdac3d20af,removal,TORNADO CASH NOVA (a.k.a. TORNADO CASH,sources/validation_frame/actions/20221108.html,sha256:47c79e6972dd4452f41566288742a19000f00510ba70143802f83345f503f96f
c578d3719b696965f7db4dfb,251,pilot_family_excluded,explicit_tornado_cash_target_name,https://ofac.treasury.gov/recent-actions/20221108,0xd4b88df4d29f5cedd6857912842cff3b20c8cfa3,removal,TORNADO CASH NOVA (a.k.a. TORNADO CASH,sources/validation_frame/actions/20221108.html,sha256:47c79e6972dd4452f41566288742a19000f00510ba70143802f83345f503f96f
b6757d3eb4d7cf83a7b24f4d,252,pilot_family_excluded,explicit_tornado_cash_target_name,https://ofac.treasury.gov/recent-actions/20221108,0xd691f27f38b395864ea86cfc7253969b409c362d,removal,TORNADO CASH NOVA (a.k.a. TORNADO CASH,sources/validation_frame/actions/20221108.html,sha256:47c79e6972dd4452f41566288742a19000f00510ba70143802f83345f503f96f
97c108caa3e73d5083f54088,253,pilot_family_excluded,explicit_tornado_cash_target_name,https://ofac.treasury.gov/recent-actions/20221108,0xd90e2f925da726b50c4ed8d0fb90ad053324f31b,removal,TORNADO CASH NOVA (a.k.a. TORNADO CASH,sources/validation_frame/actions/20221108.html,sha256:47c79e6972dd4452f41566288742a19000f00510ba70143802f83345f503f96f
5d390ee8f38d78b49d6ad60c,254,pilot_family_excluded,explicit_tornado_cash_target_name,https://ofac.treasury.gov/recent-actions/20221108,0xd96f2b1c14db8458374d9aca76e26c3d18364307,removal,TORNADO CASH NOVA (a.k.a. TORNADO CASH,sources/validation_frame/actions/20221108.html,sha256:47c79e6972dd4452f41566288742a19000f00510ba70143802f83345f503f96f
cc6b33b5bbcb2eb51d2aaba4,255,pilot_family_excluded,explicit_tornado_cash_target_name,https://ofac.treasury.gov/recent-actions/20221108,0xdd4c48c0b24039969fc16d1cdf626eab821d3384,removal,TORNADO CASH NOVA (a.k.a. TORNADO CASH,sources/validation_frame/actions/20221108.html,sha256:47c79e6972dd4452f41566288742a19000f00510ba70143802f83345f503f96f
1f2414d7a2431b6783c71d10,256,pilot_family_excluded,explicit_tornado_cash_target_name,https://ofac.treasury.gov/recent-actions/20221108,0xf60dd140cff0706bae9cd734ac3ae76ad9ebc32a,removal,TORNADO CASH NOVA (a.k.a. TORNADO CASH,sources/validation_frame/actions/20221108.html,sha256:47c79e6972dd4452f41566288742a19000f00510ba70143802f83345f503f96f
4058f90d7a4fe432d2daa231,257,pilot_family_excluded,explicit_tornado_cash_target_name,https://ofac.treasury.gov/recent-actions/20221108,0xf67721a2d8f736e75a49fdd7fad2e31d8676542a,removal,TORNADO CASH NOVA (a.k.a. TORNADO CASH,sources/validation_frame/actions/20221108.html,sha256:47c79e6972dd4452f41566288742a19000f00510ba70143802f83345f503f96f
24998473968cca7f3ab3102b,258,pilot_family_excluded,explicit_tornado_cash_target_name,https://ofac.treasury.gov/recent-actions/20221108,0xfd8610d20aa15b7b2e3be39b396a1bc3516c7144,removal,TORNADO CASH NOVA (a.k.a. TORNADO CASH,sources/validation_frame/actions/20221108.html,sha256:47c79e6972dd4452f41566288742a19000f00510ba70143802f83345f503f96f
8867a8cb33fdf6339f018e42,301,pilot_family_excluded,explicit_tornado_cash_target_name,https://ofac.treasury.gov/recent-actions/20250321,0x01e2919679362dfbc9ee1644ba9c6da6d6245bb1,removal,TORNADO CASH,sources/validation_frame/actions/20250321.html,sha256:8f1a784af830e16a68b7c201f8b4b2dc7fc53d0facede4b1db8a6163752c3a8f
1d3653ce2274af6ade0ea265,302,pilot_family_excluded,explicit_tornado_cash_target_name,https://ofac.treasury.gov/recent-actions/20250321,0x03893a7c7463ae47d46bc7f091665f1893656003,removal,TORNADO CASH,sources/validation_frame/actions/20250321.html,sha256:8f1a784af830e16a68b7c201f8b4b2dc7fc53d0facede4b1db8a6163752c3a8f
15d7376da33761275e6ad5b6,303,pilot_family_excluded,explicit_tornado_cash_target_name,https://ofac.treasury.gov/recent-actions/20250321,0x05e0b5b40b7b66098c2161a5ee11c5740a3a7c45,removal,TORNADO CASH,sources/validation_frame/actions/20250321.html,sha256:8f1a784af830e16a68b7c201f8b4b2dc7fc53d0facede4b1db8a6163752c3a8f
0656cd954d9e040b65a610ea,304,pilot_family_excluded,explicit_tornado_cash_target_name,https://ofac.treasury.gov/recent-actions/20250321,0x07687e702b410fa43f4cb4af7fa097918ffd2730,removal,TORNADO CASH,sources/validation_frame/actions/20250321.html,sha256:8f1a784af830e16a68b7c201f8b4b2dc7fc53d0facede4b1db8a6163752c3a8f
1bfc381948518eb6ca83cade,305,pilot_family_excluded,explicit_tornado_cash_target_name,https://ofac.treasury.gov/recent-actions/20250321,0x0836222f2b2b24a3f36f98668ed8f0b38d1a872f,removal,TORNADO CASH,sources/validation_frame/actions/20250321.html,sha256:8f1a784af830e16a68b7c201f8b4b2dc7fc53d0facede4b1db8a6163752c3a8f
1066decb0f211a4ab4c03ee8,306,pilot_family_excluded,explicit_tornado_cash_target_name,https://ofac.treasury.gov/recent-actions/20250321,0x09193888b3f38c82dedfda55259a82c0e7de875e,removal,TORNADO CASH,sources/validation_frame/actions/20250321.html,sha256:8f1a784af830e16a68b7c201f8b4b2dc7fc53d0facede4b1db8a6163752c3a8f
8d98902531cbb26e756d750a,307,pilot_family_excluded,explicit_tornado_cash_target_name,https://ofac.treasury.gov/recent-actions/20250321,0x0e3a09dda6b20afbb34ac7cd4a6881493f3e7bf7,removal,TORNADO CASH,sources/validation_frame/actions/20250321.html,sha256:8f1a784af830e16a68b7c201f8b4b2dc7fc53d0facede4b1db8a6163752c3a8f
6f3433edcd2b459ae067e12e,308,pilot_family_excluded,explicit_tornado_cash_target_name,https://ofac.treasury.gov/recent-actions/20250321,0x12d66f87a04a9e220743712ce6d9bb1b5616b8fc,removal,TORNADO CASH,sources/validation_frame/actions/20250321.html,sha256:8f1a784af830e16a68b7c201f8b4b2dc7fc53d0facede4b1db8a6163752c3a8f
5cfd2242a769484dd21c1903,309,pilot_family_excluded,explicit_tornado_cash_target_name,https://ofac.treasury.gov/recent-actions/20250321,0x1356c899d8c9467c7f71c195612f8a395abf2f0a,removal,TORNADO CASH,sources/validation_frame/actions/20250321.html,sha256:8f1a784af830e16a68b7c201f8b4b2dc7fc53d0facede4b1db8a6163752c3a8f
95cdf1574b6d0e3116b79bc0,310,pilot_family_excluded,explicit_tornado_cash_target_name,https://ofac.treasury.gov/recent-actions/20250321,0x169ad27a470d064dede56a2d3ff727986b15d52b,removal,TORNADO CASH,sources/validation_frame/actions/20250321.html,sha256:8f1a784af830e16a68b7c201f8b4b2dc7fc53d0facede4b1db8a6163752c3a8f
719d9c992ce4ce550db1cf46,311,pilot_family_excluded,explicit_tornado_cash_target_name,https://ofac.treasury.gov/recent-actions/20250321,0x178169b423a011fff22b9e3f3abea13414ddd0f1,removal,TORNADO CASH,sources/validation_frame/actions/20250321.html,sha256:8f1a784af830e16a68b7c201f8b4b2dc7fc53d0facede4b1db8a6163752c3a8f
3e830185fc812084f7e4d297,312,pilot_family_excluded,explicit_tornado_cash_target_name,https://ofac.treasury.gov/recent-actions/20250321,0x179f48c78f57a3a78f0608cc9197b8972921d1d2,removal,TORNADO CASH,sources/validation_frame/actions/20250321.html,sha256:8f1a784af830e16a68b7c201f8b4b2dc7fc53d0facede4b1db8a6163752c3a8f
b60e47015422e69b35fd6ef3,313,pilot_family_excluded,explicit_tornado_cash_target_name,https://ofac.treasury.gov/recent-actions/20250321,0x1e34a77868e19a6647b1f2f47b51ed72dede95dd,removal,TORNADO CASH,sources/validation_frame/actions/20250321.html,sha256:8f1a784af830e16a68b7c201f8b4b2dc7fc53d0facede4b1db8a6163752c3a8f
036bbf004b22e8cdffab7067,314,pilot_family_excluded,explicit_tornado_cash_target_name,https://ofac.treasury.gov/recent-actions/20250321,0x22aaa7720ddd5388a3c0a3333430953c68f1849b,removal,TORNADO CASH,sources/validation_frame/actions/20250321.html,sha256:8f1a784af830e16a68b7c201f8b4b2dc7fc53d0facede4b1db8a6163752c3a8f
47d1bd80d631dc7d01589246,315,pilot_family_excluded,explicit_tornado_cash_target_name,https://ofac.treasury.gov/recent-actions/20250321,0x23173fe8b96a4ad8d2e17fb83ea5dcccdca1ae52,removal,TORNADO CASH,sources/validation_frame/actions/20250321.html,sha256:8f1a784af830e16a68b7c201f8b4b2dc7fc53d0facede4b1db8a6163752c3a8f
fb004b8b80888a862fddc712,316,pilot_family_excluded,explicit_tornado_cash_target_name,https://ofac.treasury.gov/recent-actions/20250321,0x23773e65ed146a459791799d01336db287f25334,removal,TORNADO CASH,sources/validation_frame/actions/20250321.html,sha256:8f1a784af830e16a68b7c201f8b4b2dc7fc53d0facede4b1db8a6163752c3a8f
e7b42bfec8cf4e43926c2cf7,317,pilot_family_excluded,explicit_tornado_cash_target_name,https://ofac.treasury.gov/recent-actions/20250321,0x242654336ca2205714071898f67e254eb49acdce,removal,TORNADO CASH,sources/validation_frame/actions/20250321.html,sha256:8f1a784af830e16a68b7c201f8b4b2dc7fc53d0facede4b1db8a6163752c3a8f
c4291f8f6d49f853f2a22e7b,318,pilot_family_excluded,explicit_tornado_cash_target_name,https://ofac.treasury.gov/recent-actions/20250321,0x2573bac39ebe2901b4389cd468f2872cf7767faf,removal,TORNADO CASH,sources/validation_frame/actions/20250321.html,sha256:8f1a784af830e16a68b7c201f8b4b2dc7fc53d0facede4b1db8a6163752c3a8f
4acdbdbd32481208c44d6dd9,319,pilot_family_excluded,explicit_tornado_cash_target_name,https://ofac.treasury.gov/recent-actions/20250321,0x26903a5a198d571422b2b4ea08b56a37cbd68c89,removal,TORNADO CASH,sources/validation_frame/actions/20250321.html,sha256:8f1a784af830e16a68b7c201f8b4b2dc7fc53d0facede4b1db8a6163752c3a8f
33497455a806e04b484def5a,320,pilot_family_excluded,explicit_tornado_cash_target_name,https://ofac.treasury.gov/recent-actions/20250321,0x2717c5e28cf931547b621a5dddb772ab6a35b701,removal,TORNADO CASH,sources/validation_frame/actions/20250321.html,sha256:8f1a784af830e16a68b7c201f8b4b2dc7fc53d0facede4b1db8a6163752c3a8f
29e92ce364ae8cb80f76d890,321,pilot_family_excluded,explicit_tornado_cash_target_name,https://ofac.treasury.gov/recent-actions/20250321,0x2f50508a8a3d323b91336fa3ea6ae50e55f32185,removal,TORNADO CASH,sources/validation_frame/actions/20250321.html,sha256:8f1a784af830e16a68b7c201f8b4b2dc7fc53d0facede4b1db8a6163752c3a8f
c47f4912c1333a7b833a17f2,322,pilot_family_excluded,explicit_tornado_cash_target_name,https://ofac.treasury.gov/recent-actions/20250321,0x2fc93484614a34f26f7970cbb94615ba109bb4bf,removal,TORNADO CASH,sources/validation_frame/actions/20250321.html,sha256:8f1a784af830e16a68b7c201f8b4b2dc7fc53d0facede4b1db8a6163752c3a8f
d393d6aeb319207ad54b3879,323,pilot_family_excluded,explicit_tornado_cash_target_name,https://ofac.treasury.gov/recent-actions/20250321,0x330bdfade01ee9bf63c209ee33102dd334618e0a,removal,TORNADO CASH,sources/validation_frame/actions/20250321.html,sha256:8f1a784af830e16a68b7c201f8b4b2dc7fc53d0facede4b1db8a6163752c3a8f
94d25340780105eca0b79797,324,pilot_family_excluded,explicit_tornado_cash_target_name,https://ofac.treasury.gov/recent-actions/20250321,0x3aac1cc67c2ec5db4ea850957b967ba153ad6279,removal,TORNADO CASH,sources/validation_frame/actions/20250321.html,sha256:8f1a784af830e16a68b7c201f8b4b2dc7fc53d0facede4b1db8a6163752c3a8f
6e1172453195f3ba73d448da,325,pilot_family_excluded,explicit_tornado_cash_target_name,https://ofac.treasury.gov/recent-actions/20250321,0x3efa30704d2b8bbac821307230376556cf8cc39e,removal,TORNADO CASH,sources/validation_frame/actions/20250321.html,sha256:8f1a784af830e16a68b7c201f8b4b2dc7fc53d0facede4b1db8a6163752c3a8f
4e0a478211bde7925362370d,326,pilot_family_excluded,explicit_tornado_cash_target_name,https://ofac.treasury.gov/recent-actions/20250321,0x407cceeaa7c95d2fe2250bf9f2c105aa7aafb512,removal,TORNADO CASH,sources/validation_frame/actions/20250321.html,sha256:8f1a784af830e16a68b7c201f8b4b2dc7fc53d0facede4b1db8a6163752c3a8f
710c3c472e1b90b8d7371ae1,327,pilot_family_excluded,explicit_tornado_cash_target_name,https://ofac.treasury.gov/recent-actions/20250321,0x4736dcf1b7a3d580672cce6e7c65cd5cc9cfba9d,removal,TORNADO CASH,sources/validation_frame/actions/20250321.html,sha256:8f1a784af830e16a68b7c201f8b4b2dc7fc53d0facede4b1db8a6163752c3a8f
d3a813968d760e6c3d5892de,328,pilot_family_excluded,explicit_tornado_cash_target_name,https://ofac.treasury.gov/recent-actions/20250321,0x47ce0c6ed5b0ce3d3a51fdb1c52dc66a7c3c2936,removal,TORNADO CASH,sources/validation_frame/actions/20250321.html,sha256:8f1a784af830e16a68b7c201f8b4b2dc7fc53d0facede4b1db8a6163752c3a8f
7488c686c5d78302cd01f2c6,329,pilot_family_excluded,explicit_tornado_cash_target_name,https://ofac.treasury.gov/recent-actions/20250321,0x527653ea119f3e6a1f5bd18fbf4714081d7b31ce,removal,TORNADO CASH,sources/validation_frame/actions/20250321.html,sha256:8f1a784af830e16a68b7c201f8b4b2dc7fc53d0facede4b1db8a6163752c3a8f
9a74b9689428f386fc958de0,330,pilot_family_excluded,explicit_tornado_cash_target_name,https://ofac.treasury.gov/recent-actions/20250321,0x538ab61e8a9fc1b2f93b3dd9011d662d89be6fe6,removal,TORNADO CASH,sources/validation_frame/actions/20250321.html,sha256:8f1a784af830e16a68b7c201f8b4b2dc7fc53d0facede4b1db8a6163752c3a8f
beb5370d7ba96988a7461744,331,pilot_family_excluded,explicit_tornado_cash_target_name,https://ofac.treasury.gov/recent-actions/20250321,0x57b2b8c82f065de8ef5573f9730fc1449b403c9f,removal,TORNADO CASH,sources/validation_frame/actions/20250321.html,sha256:8f1a784af830e16a68b7c201f8b4b2dc7fc53d0facede4b1db8a6163752c3a8f
53f0007c3d3cf34195acc2d4,332,pilot_family_excluded,explicit_tornado_cash_target_name,https://ofac.treasury.gov/recent-actions/20250321,0x58e8dcc13be9780fc42e8723d8ead4cf46943df2,removal,TORNADO CASH,sources/validation_frame/actions/20250321.html,sha256:8f1a784af830e16a68b7c201f8b4b2dc7fc53d0facede4b1db8a6163752c3a8f
8a2421d6c8dcb88c71b1deff,333,pilot_family_excluded,explicit_tornado_cash_target_name,https://ofac.treasury.gov/recent-actions/20250321,0x5cab7692d4e94096462119ab7bf57319726eed2a,removal,TORNADO CASH,sources/validation_frame/actions/20250321.html,sha256:8f1a784af830e16a68b7c201f8b4b2dc7fc53d0facede4b1db8a6163752c3a8f
eafb9ca7bbe451c0f7bc8a61,334,pilot_family_excluded,explicit_tornado_cash_target_name,https://ofac.treasury.gov/recent-actions/20250321,0x5efda50f22d34f262c29268506c5fa42cb56a1ce,removal,TORNADO CASH,sources/validation_frame/actions/20250321.html,sha256:8f1a784af830e16a68b7c201f8b4b2dc7fc53d0facede4b1db8a6163752c3a8f
32605013cc5c71c6d231b25e,335,pilot_family_excluded,explicit_tornado_cash_target_name,https://ofac.treasury.gov/recent-actions/20250321,0x5f6c97c6ad7bdd0ae7e0dd4ca33a4ed3fdabd4d7,removal,TORNADO CASH,sources/validation_frame/actions/20250321.html,sha256:8f1a784af830e16a68b7c201f8b4b2dc7fc53d0facede4b1db8a6163752c3a8f
3dfb2d20f99191ea09f46232,336,pilot_family_excluded,explicit_tornado_cash_target_name,https://ofac.treasury.gov/recent-actions/20250321,0x610b717796ad172b316836ac95a2ffad065ceab4,removal,TORNADO CASH,sources/validation_frame/actions/20250321.html,sha256:8f1a784af830e16a68b7c201f8b4b2dc7fc53d0facede4b1db8a6163752c3a8f
ff89e42cd21bbc3f03942806,337,pilot_family_excluded,explicit_tornado_cash_target_name,https://ofac.treasury.gov/recent-actions/20250321,0x653477c392c16b0765603074f157314cc4f40c32,removal,TORNADO CASH,sources/validation_frame/actions/20250321.html,sha256:8f1a784af830e16a68b7c201f8b4b2dc7fc53d0facede4b1db8a6163752c3a8f
924ea3d8c4647d73228e2ec4,338,pilot_family_excluded,explicit_tornado_cash_target_name,https://ofac.treasury.gov/recent-actions/20250321,0x6bf694a291df3fec1f7e69701e3ab6c592435ae7,removal,TORNADO CASH,sources/validation_frame/actions/20250321.html,sha256:8f1a784af830e16a68b7c201f8b4b2dc7fc53d0facede4b1db8a6163752c3a8f
f459259baba6231ae0001206,339,pilot_family_excluded,explicit_tornado_cash_target_name,https://ofac.treasury.gov/recent-actions/20250321,0x722122df12d4e14e13ac3b6895a86e84145b6967,removal,TORNADO CASH,sources/validation_frame/actions/20250321.html,sha256:8f1a784af830e16a68b7c201f8b4b2dc7fc53d0facede4b1db8a6163752c3a8f
8a27ae050e9f7ac030d05264,340,pilot_family_excluded,explicit_tornado_cash_target_name,https://ofac.treasury.gov/recent-actions/20250321,0x723b78e67497e85279cb204544566f4dc5d2aca0,removal,TORNADO CASH,sources/validation_frame/actions/20250321.html,sha256:8f1a784af830e16a68b7c201f8b4b2dc7fc53d0facede4b1db8a6163752c3a8f
553d1dd1cc433678406d5d42,341,pilot_family_excluded,explicit_tornado_cash_target_name,https://ofac.treasury.gov/recent-actions/20250321,0x743494b60097a2230018079c02fe21a7b687eaa5,removal,TORNADO CASH,sources/validation_frame/actions/20250321.html,sha256:8f1a784af830e16a68b7c201f8b4b2dc7fc53d0facede4b1db8a6163752c3a8f
07fd8a1ed3f6cbdcf8af8852,342,pilot_family_excluded,explicit_tornado_cash_target_name,https://ofac.treasury.gov/recent-actions/20250321,0x746aebc06d2ae31b71ac51429a19d54e797878e9,removal,TORNADO CASH,sources/validation_frame/actions/20250321.html,sha256:8f1a784af830e16a68b7c201f8b4b2dc7fc53d0facede4b1db8a6163752c3a8f
606d84fa82336eddb20b6cc2,343,pilot_family_excluded,explicit_tornado_cash_target_name,https://ofac.treasury.gov/recent-actions/20250321,0x756c4628e57f7e7f8a459ec2752968360cf4d1aa,removal,TORNADO CASH,sources/validation_frame/actions/20250321.html,sha256:8f1a784af830e16a68b7c201f8b4b2dc7fc53d0facede4b1db8a6163752c3a8f
c2874db115eefbfd9aad4635,344,pilot_family_excluded,explicit_tornado_cash_target_name,https://ofac.treasury.gov/recent-actions/20250321,0x76d85b4c0fc497eecc38902397ac608000a06607,removal,TORNADO CASH,sources/validation_frame/actions/20250321.html,sha256:8f1a784af830e16a68b7c201f8b4b2dc7fc53d0facede4b1db8a6163752c3a8f
a0d267518bfb7993081ff3d9,345,pilot_family_excluded,explicit_tornado_cash_target_name,https://ofac.treasury.gov/recent-actions/20250321,0x776198ccf446dfa168347089d7338879273172cf,removal,TORNADO CASH,sources/validation_frame/actions/20250321.html,sha256:8f1a784af830e16a68b7c201f8b4b2dc7fc53d0facede4b1db8a6163752c3a8f
84457a6214c0dd208e4e267b,346,pilot_family_excluded,explicit_tornado_cash_target_name,https://ofac.treasury.gov/recent-actions/20250321,0x77777feddddffc19ff86db637967013e6c6a116c,removal,TORNADO CASH,sources/validation_frame/actions/20250321.html,sha256:8f1a784af830e16a68b7c201f8b4b2dc7fc53d0facede4b1db8a6163752c3a8f
373a221db1828b11322c1b00,347,pilot_family_excluded,explicit_tornado_cash_target_name,https://ofac.treasury.gov/recent-actions/20250321,0x8281aa6795ade17c8973e1aedca380258bc124f9,removal,TORNADO CASH,sources/validation_frame/actions/20250321.html,sha256:8f1a784af830e16a68b7c201f8b4b2dc7fc53d0facede4b1db8a6163752c3a8f
c79c609662b01504cd2b31e8,348,pilot_family_excluded,explicit_tornado_cash_target_name,https://ofac.treasury.gov/recent-actions/20250321,0x833481186f16cece3f1eeea1a694c42034c3a0db,removal,TORNADO CASH,sources/validation_frame/actions/20250321.html,sha256:8f1a784af830e16a68b7c201f8b4b2dc7fc53d0facede4b1db8a6163752c3a8f
107a257bb693535dc4736b5e,349,pilot_family_excluded,explicit_tornado_cash_target_name,https://ofac.treasury.gov/recent-actions/20250321,0x84443cfd09a48af6ef360c6976c5392ac5023a1f,removal,TORNADO CASH,sources/validation_frame/actions/20250321.html,sha256:8f1a784af830e16a68b7c201f8b4b2dc7fc53d0facede4b1db8a6163752c3a8f
c3f7a345b5d879cfe91dde58,350,pilot_family_excluded,explicit_tornado_cash_target_name,https://ofac.treasury.gov/recent-actions/20250321,0x8589427373d6d84e98730d7795d8f6f8731fda16,removal,TORNADO CASH,sources/validation_frame/actions/20250321.html,sha256:8f1a784af830e16a68b7c201f8b4b2dc7fc53d0facede4b1db8a6163752c3a8f
a0c2900020646cea3ac95686,351,pilot_family_excluded,explicit_tornado_cash_target_name,https://ofac.treasury.gov/recent-actions/20250321,0x88fd245fedec4a936e700f9173454d1931b4c307,removal,TORNADO CASH,sources/validation_frame/actions/20250321.html,sha256:8f1a784af830e16a68b7c201f8b4b2dc7fc53d0facede4b1db8a6163752c3a8f
1586bf18bbc70e6ddb6515c8,352,pilot_family_excluded,explicit_tornado_cash_target_name,https://ofac.treasury.gov/recent-actions/20250321,0x910cbd523d972eb0a6f4cae4618ad62622b39dbf,removal,TORNADO CASH,sources/validation_frame/actions/20250321.html,sha256:8f1a784af830e16a68b7c201f8b4b2dc7fc53d0facede4b1db8a6163752c3a8f
5bf7d8c4d36b3b63163e4dcd,353,pilot_family_excluded,explicit_tornado_cash_target_name,https://ofac.treasury.gov/recent-actions/20250321,0x94a1b5cdb22c43faab4abeb5c74999895464ddaf,removal,TORNADO CASH,sources/validation_frame/actions/20250321.html,sha256:8f1a784af830e16a68b7c201f8b4b2dc7fc53d0facede4b1db8a6163752c3a8f
82491cc96bdf93e68ab3044f,354,pilot_family_excluded,explicit_tornado_cash_target_name,https://ofac.treasury.gov/recent-actions/20250321,0x94be88213a387e992dd87de56950a9aef34b9448,removal,TORNADO CASH,sources/validation_frame/actions/20250321.html,sha256:8f1a784af830e16a68b7c201f8b4b2dc7fc53d0facede4b1db8a6163752c3a8f
1dc2513a9c72850b05e886e2,355,pilot_family_excluded,explicit_tornado_cash_target_name,https://ofac.treasury.gov/recent-actions/20250321,0x94c92f096437ab9958fc0a37f09348f30389ae79,removal,TORNADO CASH,sources/validation_frame/actions/20250321.html,sha256:8f1a784af830e16a68b7c201f8b4b2dc7fc53d0facede4b1db8a6163752c3a8f
f8e28bd4e7730e5c3756ebc7,356,pilot_family_excluded,explicit_tornado_cash_target_name,https://ofac.treasury.gov/recent-actions/20250321,0x9ad122c22b14202b4490edaf288fdb3c7cb3ff5e,removal,TORNADO CASH,sources/validation_frame/actions/20250321.html,sha256:8f1a784af830e16a68b7c201f8b4b2dc7fc53d0facede4b1db8a6163752c3a8f
b52598a4cd0afc40090cbd7d,357,pilot_family_excluded,explicit_tornado_cash_target_name,https://ofac.treasury.gov/recent-actions/20250321,0xa160cdab225685da1d56aa342ad8841c3b53f291,removal,TORNADO CASH,sources/validation_frame/actions/20250321.html,sha256:8f1a784af830e16a68b7c201f8b4b2dc7fc53d0facede4b1db8a6163752c3a8f
bf843a6fd52a70b962fd32d5,358,pilot_family_excluded,explicit_tornado_cash_target_name,https://ofac.treasury.gov/recent-actions/20250321,0xa5c2254e4253490c54cef0a4347fddb8f75a4998,removal,TORNADO CASH,sources/validation_frame/actions/20250321.html,sha256:8f1a784af830e16a68b7c201f8b4b2dc7fc53d0facede4b1db8a6163752c3a8f
d75fa7f77f460490cb68e6f3,359,pilot_family_excluded,explicit_tornado_cash_target_name,https://ofac.treasury.gov/recent-actions/20250321,0xa60c772958a3ed56c1f15dd055ba37ac8e523a0d,removal,TORNADO CASH,sources/validation_frame/actions/20250321.html,sha256:8f1a784af830e16a68b7c201f8b4b2dc7fc53d0facede4b1db8a6163752c3a8f
c2253253553ef89ba89cc2a9,360,pilot_family_excluded,explicit_tornado_cash_target_name,https://ofac.treasury.gov/recent-actions/20250321,0xaeaac358560e11f52454d997aaff2c5731b6f8a6,removal,TORNADO CASH,sources/validation_frame/actions/20250321.html,sha256:8f1a784af830e16a68b7c201f8b4b2dc7fc53d0facede4b1db8a6163752c3a8f
00e947c64304f1177cb2176e,361,pilot_family_excluded,explicit_tornado_cash_target_name,https://ofac.treasury.gov/recent-actions/20250321,0xaf4c0b70b2ea9fb7487c7cbb37ada259579fe040,removal,TORNADO CASH,sources/validation_frame/actions/20250321.html,sha256:8f1a784af830e16a68b7c201f8b4b2dc7fc53d0facede4b1db8a6163752c3a8f
6f4e0072a5fe1cbe27a5c417,362,pilot_family_excluded,explicit_tornado_cash_target_name,https://ofac.treasury.gov/recent-actions/20250321,0xaf8d1839c3c67cf571aa74b5c12398d4901147b3,removal,TORNADO CASH,sources/validation_frame/actions/20250321.html,sha256:8f1a784af830e16a68b7c201f8b4b2dc7fc53d0facede4b1db8a6163752c3a8f
b12cb8eae2397c91b7f164dc,363,pilot_family_excluded,explicit_tornado_cash_target_name,https://ofac.treasury.gov/recent-actions/20250321,0xb04e030140b30c27bcdfaafffa98c57d80eda7b4,removal,TORNADO CASH,sources/validation_frame/actions/20250321.html,sha256:8f1a784af830e16a68b7c201f8b4b2dc7fc53d0facede4b1db8a6163752c3a8f
89cb486215b235b85aeb249d,364,pilot_family_excluded,explicit_tornado_cash_target_name,https://ofac.treasury.gov/recent-actions/20250321,0xb1c8094b234dce6e03f10a5b673c1d8c69739a00,removal,TORNADO CASH,sources/validation_frame/actions/20250321.html,sha256:8f1a784af830e16a68b7c201f8b4b2dc7fc53d0facede4b1db8a6163752c3a8f
635dd51c31bbe2edbcd99730,365,pilot_family_excluded,explicit_tornado_cash_target_name,https://ofac.treasury.gov/recent-actions/20250321,0xb20c66c4de72433f3ce747b58b86830c459ca911,removal,TORNADO CASH,sources/validation_frame/actions/20250321.html,sha256:8f1a784af830e16a68b7c201f8b4b2dc7fc53d0facede4b1db8a6163752c3a8f
bd27a7cf7d75203f53e48935,366,pilot_family_excluded,explicit_tornado_cash_target_name,https://ofac.treasury.gov/recent-actions/20250321,0xb541fc07bc7619fd4062a54d96268525cbc6ffef,removal,TORNADO CASH,sources/validation_frame/actions/20250321.html,sha256:8f1a784af830e16a68b7c201f8b4b2dc7fc53d0facede4b1db8a6163752c3a8f
527b545d5655af86f56f04ef,367,pilot_family_excluded,explicit_tornado_cash_target_name,https://ofac.treasury.gov/recent-actions/20250321,0xba214c1c1928a32bffe790263e38b4af9bfcd659,removal,TORNADO CASH,sources/validation_frame/actions/20250321.html,sha256:8f1a784af830e16a68b7c201f8b4b2dc7fc53d0facede4b1db8a6163752c3a8f
c75d9647c5717c8d448b154e,368,pilot_family_excluded,explicit_tornado_cash_target_name,https://ofac.treasury.gov/recent-actions/20250321,0xbb93e510bbcd0b7beb5a853875f9ec60275cf498,removal,TORNADO CASH,sources/validation_frame/actions/20250321.html,sha256:8f1a784af830e16a68b7c201f8b4b2dc7fc53d0facede4b1db8a6163752c3a8f
0d6f5fc600efd1ff7b62f6c8,369,pilot_family_excluded,explicit_tornado_cash_target_name,https://ofac.treasury.gov/recent-actions/20250321,0xca0840578f57fe71599d29375e16783424023357,removal,TORNADO CASH,sources/validation_frame/actions/20250321.html,sha256:8f1a784af830e16a68b7c201f8b4b2dc7fc53d0facede4b1db8a6163752c3a8f
530dc158648bd9f428c4fac2,370,pilot_family_excluded,explicit_tornado_cash_target_name,https://ofac.treasury.gov/recent-actions/20250321,0xcc84179ffd19a1627e79f8648d09e095252bc418,removal,TORNADO CASH,sources/validation_frame/actions/20250321.html,sha256:8f1a784af830e16a68b7c201f8b4b2dc7fc53d0facede4b1db8a6163752c3a8f
81fef1f3a3711ccd8bb79823,371,pilot_family_excluded,explicit_tornado_cash_target_name,https://ofac.treasury.gov/recent-actions/20250321,0xcee71753c9820f063b38fdbe4cfdaf1d3d928a80,removal,TORNADO CASH,sources/validation_frame/actions/20250321.html,sha256:8f1a784af830e16a68b7c201f8b4b2dc7fc53d0facede4b1db8a6163752c3a8f
c808dd29dca945ea8b67387c,372,pilot_family_excluded,explicit_tornado_cash_target_name,https://ofac.treasury.gov/recent-actions/20250321,0xd21be7248e0197ee08e0c20d4a96debdac3d20af,removal,TORNADO CASH,sources/validation_frame/actions/20250321.html,sha256:8f1a784af830e16a68b7c201f8b4b2dc7fc53d0facede4b1db8a6163752c3a8f
ef94fe6702e2f174e41d7e8c,373,pilot_family_excluded,explicit_tornado_cash_target_name,https://ofac.treasury.gov/recent-actions/20250321,0xd47438c816c9e7f2e2888e060936a499af9582b3,removal,TORNADO CASH,sources/validation_frame/actions/20250321.html,sha256:8f1a784af830e16a68b7c201f8b4b2dc7fc53d0facede4b1db8a6163752c3a8f
9e53973a0c664784a91e3867,374,pilot_family_excluded,explicit_tornado_cash_target_name,https://ofac.treasury.gov/recent-actions/20250321,0xd4b88df4d29f5cedd6857912842cff3b20c8cfa3,removal,TORNADO CASH,sources/validation_frame/actions/20250321.html,sha256:8f1a784af830e16a68b7c201f8b4b2dc7fc53d0facede4b1db8a6163752c3a8f
401532c0ef724fa3ff19dc32,375,pilot_family_excluded,explicit_tornado_cash_target_name,https://ofac.treasury.gov/recent-actions/20250321,0xd5d6f8d9e784d0e26222ad3834500801a68d027d,removal,TORNADO CASH,sources/validation_frame/actions/20250321.html,sha256:8f1a784af830e16a68b7c201f8b4b2dc7fc53d0facede4b1db8a6163752c3a8f
2bf6db3bb3530022729ea600,376,pilot_family_excluded,explicit_tornado_cash_target_name,https://ofac.treasury.gov/recent-actions/20250321,0xd691f27f38b395864ea86cfc7253969b409c362d,removal,TORNADO CASH,sources/validation_frame/actions/20250321.html,sha256:8f1a784af830e16a68b7c201f8b4b2dc7fc53d0facede4b1db8a6163752c3a8f
d2f7c84e5a13f5e875803a8b,377,pilot_family_excluded,explicit_tornado_cash_target_name,https://ofac.treasury.gov/recent-actions/20250321,0xd692fd2d0b2fbd2e52cfa5b5b9424bc981c30696,removal,TORNADO CASH,sources/validation_frame/actions/20250321.html,sha256:8f1a784af830e16a68b7c201f8b4b2dc7fc53d0facede4b1db8a6163752c3a8f
ebd7448558c05b9a7d1d6959,378,pilot_family_excluded,explicit_tornado_cash_target_name,https://ofac.treasury.gov/recent-actions/20250321,0xd82ed8786d7c69dc7e052f7a542ab047971e73d2,removal,TORNADO CASH,sources/validation_frame/actions/20250321.html,sha256:8f1a784af830e16a68b7c201f8b4b2dc7fc53d0facede4b1db8a6163752c3a8f
97b34cf68729e7136df6232a,379,pilot_family_excluded,explicit_tornado_cash_target_name,https://ofac.treasury.gov/recent-actions/20250321,0xd8d7de3349ccaa0fde6298fe6d7b7d0d34586193,removal,TORNADO CASH,sources/validation_frame/actions/20250321.html,sha256:8f1a784af830e16a68b7c201f8b4b2dc7fc53d0facede4b1db8a6163752c3a8f
5d9308692553914ac9c078eb,380,pilot_family_excluded,explicit_tornado_cash_target_name,https://ofac.treasury.gov/recent-actions/20250321,0xd90e2f925da726b50c4ed8d0fb90ad053324f31b,removal,TORNADO CASH,sources/validation_frame/actions/20250321.html,sha256:8f1a784af830e16a68b7c201f8b4b2dc7fc53d0facede4b1db8a6163752c3a8f
c4027867bb49ffa9a6f33577,381,pilot_family_excluded,explicit_tornado_cash_target_name,https://ofac.treasury.gov/recent-actions/20250321,0xd96f2b1c14db8458374d9aca76e26c3d18364307,removal,TORNADO CASH,sources/validation_frame/actions/20250321.html,sha256:8f1a784af830e16a68b7c201f8b4b2dc7fc53d0facede4b1db8a6163752c3a8f
c59b3ac363a2eb67c54ec978,382,pilot_family_excluded,explicit_tornado_cash_target_name,https://ofac.treasury.gov/recent-actions/20250321,0xdd4c48c0b24039969fc16d1cdf626eab821d3384,removal,TORNADO CASH,sources/validation_frame/actions/20250321.html,sha256:8f1a784af830e16a68b7c201f8b4b2dc7fc53d0facede4b1db8a6163752c3a8f
256c88d85ad6f7d78b6fff0c,383,pilot_family_excluded,explicit_tornado_cash_target_name,https://ofac.treasury.gov/recent-actions/20250321,0xdf231d99ff8b6c6cbf4e9b9a945cbacef9339178,removal,TORNADO CASH,sources/validation_frame/actions/20250321.html,sha256:8f1a784af830e16a68b7c201f8b4b2dc7fc53d0facede4b1db8a6163752c3a8f
bb58db0214daa390ec5588df,384,pilot_family_excluded,explicit_tornado_cash_target_name,https://ofac.treasury.gov/recent-actions/20250321,0xdf3a408c53e5078af6e8fb2a85088d46ee09a61b,removal,TORNADO CASH,sources/validation_frame/actions/20250321.html,sha256:8f1a784af830e16a68b7c201f8b4b2dc7fc53d0facede4b1db8a6163752c3a8f
45316dae7f2b951dfa2f9dcb,385,pilot_family_excluded,explicit_tornado_cash_target_name,https://ofac.treasury.gov/recent-actions/20250321,0xedc5d01286f99a066559f60a585406f3878a033e,removal,TORNADO CASH,sources/validation_frame/actions/20250321.html,sha256:8f1a784af830e16a68b7c201f8b4b2dc7fc53d0facede4b1db8a6163752c3a8f
79a132edbcc7d0d7cee4a822,386,pilot_family_excluded,explicit_tornado_cash_target_name,https://ofac.treasury.gov/recent-actions/20250321,0xf4b067dd14e95bab89be928c07cb22e3c94e0daa,removal,TORNADO CASH,sources/validation_frame/actions/20250321.html,sha256:8f1a784af830e16a68b7c201f8b4b2dc7fc53d0facede4b1db8a6163752c3a8f
81f2298f8052fae59f7fee6f,387,pilot_family_excluded,explicit_tornado_cash_target_name,https://ofac.treasury.gov/recent-actions/20250321,0xf60dd140cff0706bae9cd734ac3ae76ad9ebc32a,removal,TORNADO CASH,sources/validation_frame/actions/20250321.html,sha256:8f1a784af830e16a68b7c201f8b4b2dc7fc53d0facede4b1db8a6163752c3a8f
60524010688dd14c7dae0ce9,388,pilot_family_excluded,explicit_tornado_cash_target_name,https://ofac.treasury.gov/recent-actions/20250321,0xf67721a2d8f736e75a49fdd7fad2e31d8676542a,removal,TORNADO CASH,sources/validation_frame/actions/20250321.html,sha256:8f1a784af830e16a68b7c201f8b4b2dc7fc53d0facede4b1db8a6163752c3a8f
32b017e30b7bb6d4db508863,389,pilot_family_excluded,explicit_tornado_cash_target_name,https://ofac.treasury.gov/recent-actions/20250321,0xfd8610d20aa15b7b2e3be39b396a1bc3516c7144,removal,TORNADO CASH,sources/validation_frame/actions/20250321.html,sha256:8f1a784af830e16a68b7c201f8b4b2dc7fc53d0facede4b1db8a6163752c3a8f
eaeea91f907bedb2e089af65,390,pilot_family_excluded,explicit_tornado_cash_target_name,https://ofac.treasury.gov/recent-actions/20250321,0xffbac21a641dcfe4552920138d90f3638b3c9fba,removal,TORNADO CASH,sources/validation_frame/actions/20250321.html,sha256:8f1a784af830e16a68b7c201f8b4b2dc7fc53d0facede4b1db8a6163752c3a8f
